ISO-10303-21;
HEADER;
FILE_DESCRIPTION((''),'2;1');
FILE_NAME('010897362','2016-10-25T',('gsharma'),(''),
'PRO/ENGINEER BY PARAMETRIC TECHNOLOGY CORPORATION, 2012310',
'PRO/ENGINEER BY PARAMETRIC TECHNOLOGY CORPORATION, 2012310','');
FILE_SCHEMA(('CONFIG_CONTROL_DESIGN'));
ENDSEC;
DATA;
#1=DIRECTION('',(0.E0,0.E0,-1.E0));
#2=VECTOR('',#1,2.E-2);
#3=CARTESIAN_POINT('',(8.4E-1,-4.5E-2,6.E-2));
#4=LINE('',#3,#2);
#5=DIRECTION('',(1.E0,0.E0,0.E0));
#6=VECTOR('',#5,2.E-2);
#7=CARTESIAN_POINT('',(8.4E-1,-4.5E-2,4.E-2));
#8=LINE('',#7,#6);
#9=DIRECTION('',(0.E0,0.E0,-1.E0));
#10=VECTOR('',#9,2.E-2);
#11=CARTESIAN_POINT('',(8.6E-1,-4.5E-2,6.E-2));
#12=LINE('',#11,#10);
#13=DIRECTION('',(1.E0,0.E0,0.E0));
#14=VECTOR('',#13,2.E-2);
#15=CARTESIAN_POINT('',(8.4E-1,-4.5E-2,6.E-2));
#16=LINE('',#15,#14);
#17=DIRECTION('',(0.E0,0.E0,-1.E0));
#18=VECTOR('',#17,2.E-2);
#19=CARTESIAN_POINT('',(8.4E-1,-4.5E-2,-4.E-2));
#20=LINE('',#19,#18);
#21=DIRECTION('',(1.E0,0.E0,0.E0));
#22=VECTOR('',#21,2.E-2);
#23=CARTESIAN_POINT('',(8.4E-1,-4.5E-2,-6.E-2));
#24=LINE('',#23,#22);
#25=DIRECTION('',(0.E0,0.E0,-1.E0));
#26=VECTOR('',#25,2.E-2);
#27=CARTESIAN_POINT('',(8.6E-1,-4.5E-2,-4.E-2));
#28=LINE('',#27,#26);
#29=DIRECTION('',(1.E0,0.E0,0.E0));
#30=VECTOR('',#29,2.E-2);
#31=CARTESIAN_POINT('',(8.4E-1,-4.5E-2,-4.E-2));
#32=LINE('',#31,#30);
#33=DIRECTION('',(0.E0,0.E0,-1.E0));
#34=VECTOR('',#33,2.E-2);
#35=CARTESIAN_POINT('',(7.4E-1,-4.5E-2,6.E-2));
#36=LINE('',#35,#34);
#37=DIRECTION('',(1.E0,0.E0,0.E0));
#38=VECTOR('',#37,2.E-2);
#39=CARTESIAN_POINT('',(7.4E-1,-4.5E-2,4.E-2));
#40=LINE('',#39,#38);
#41=DIRECTION('',(0.E0,0.E0,-1.E0));
#42=VECTOR('',#41,2.E-2);
#43=CARTESIAN_POINT('',(7.6E-1,-4.5E-2,6.E-2));
#44=LINE('',#43,#42);
#45=DIRECTION('',(1.E0,0.E0,0.E0));
#46=VECTOR('',#45,2.E-2);
#47=CARTESIAN_POINT('',(7.4E-1,-4.5E-2,6.E-2));
#48=LINE('',#47,#46);
#49=DIRECTION('',(0.E0,0.E0,-1.E0));
#50=VECTOR('',#49,2.E-2);
#51=CARTESIAN_POINT('',(7.4E-1,-4.5E-2,-4.E-2));
#52=LINE('',#51,#50);
#53=DIRECTION('',(1.E0,0.E0,0.E0));
#54=VECTOR('',#53,2.E-2);
#55=CARTESIAN_POINT('',(7.4E-1,-4.5E-2,-6.E-2));
#56=LINE('',#55,#54);
#57=DIRECTION('',(0.E0,0.E0,-1.E0));
#58=VECTOR('',#57,2.E-2);
#59=CARTESIAN_POINT('',(7.6E-1,-4.5E-2,-4.E-2));
#60=LINE('',#59,#58);
#61=DIRECTION('',(1.E0,0.E0,0.E0));
#62=VECTOR('',#61,2.E-2);
#63=CARTESIAN_POINT('',(7.4E-1,-4.5E-2,-4.E-2));
#64=LINE('',#63,#62);
#65=DIRECTION('',(0.E0,0.E0,-1.E0));
#66=VECTOR('',#65,2.E-2);
#67=CARTESIAN_POINT('',(6.4E-1,-4.5E-2,6.E-2));
#68=LINE('',#67,#66);
#69=DIRECTION('',(1.E0,0.E0,0.E0));
#70=VECTOR('',#69,2.E-2);
#71=CARTESIAN_POINT('',(6.4E-1,-4.5E-2,4.E-2));
#72=LINE('',#71,#70);
#73=DIRECTION('',(0.E0,0.E0,-1.E0));
#74=VECTOR('',#73,2.E-2);
#75=CARTESIAN_POINT('',(6.6E-1,-4.5E-2,6.E-2));
#76=LINE('',#75,#74);
#77=DIRECTION('',(1.E0,0.E0,0.E0));
#78=VECTOR('',#77,2.E-2);
#79=CARTESIAN_POINT('',(6.4E-1,-4.5E-2,6.E-2));
#80=LINE('',#79,#78);
#81=DIRECTION('',(0.E0,0.E0,-1.E0));
#82=VECTOR('',#81,2.E-2);
#83=CARTESIAN_POINT('',(6.4E-1,-4.5E-2,-4.E-2));
#84=LINE('',#83,#82);
#85=DIRECTION('',(1.E0,0.E0,0.E0));
#86=VECTOR('',#85,2.E-2);
#87=CARTESIAN_POINT('',(6.4E-1,-4.5E-2,-6.E-2));
#88=LINE('',#87,#86);
#89=DIRECTION('',(0.E0,0.E0,-1.E0));
#90=VECTOR('',#89,2.E-2);
#91=CARTESIAN_POINT('',(6.6E-1,-4.5E-2,-4.E-2));
#92=LINE('',#91,#90);
#93=DIRECTION('',(1.E0,0.E0,0.E0));
#94=VECTOR('',#93,2.E-2);
#95=CARTESIAN_POINT('',(6.4E-1,-4.5E-2,-4.E-2));
#96=LINE('',#95,#94);
#97=DIRECTION('',(0.E0,0.E0,-1.E0));
#98=VECTOR('',#97,2.E-2);
#99=CARTESIAN_POINT('',(5.4E-1,-4.5E-2,6.E-2));
#100=LINE('',#99,#98);
#101=DIRECTION('',(1.E0,0.E0,0.E0));
#102=VECTOR('',#101,2.E-2);
#103=CARTESIAN_POINT('',(5.4E-1,-4.5E-2,4.E-2));
#104=LINE('',#103,#102);
#105=DIRECTION('',(0.E0,0.E0,-1.E0));
#106=VECTOR('',#105,2.E-2);
#107=CARTESIAN_POINT('',(5.6E-1,-4.5E-2,6.E-2));
#108=LINE('',#107,#106);
#109=DIRECTION('',(1.E0,0.E0,0.E0));
#110=VECTOR('',#109,2.E-2);
#111=CARTESIAN_POINT('',(5.4E-1,-4.5E-2,6.E-2));
#112=LINE('',#111,#110);
#113=DIRECTION('',(0.E0,0.E0,-1.E0));
#114=VECTOR('',#113,2.E-2);
#115=CARTESIAN_POINT('',(5.4E-1,-4.5E-2,-4.E-2));
#116=LINE('',#115,#114);
#117=DIRECTION('',(1.E0,0.E0,0.E0));
#118=VECTOR('',#117,2.E-2);
#119=CARTESIAN_POINT('',(5.4E-1,-4.5E-2,-6.E-2));
#120=LINE('',#119,#118);
#121=DIRECTION('',(0.E0,0.E0,-1.E0));
#122=VECTOR('',#121,2.E-2);
#123=CARTESIAN_POINT('',(5.6E-1,-4.5E-2,-4.E-2));
#124=LINE('',#123,#122);
#125=DIRECTION('',(1.E0,0.E0,0.E0));
#126=VECTOR('',#125,2.E-2);
#127=CARTESIAN_POINT('',(5.4E-1,-4.5E-2,-4.E-2));
#128=LINE('',#127,#126);
#129=DIRECTION('',(0.E0,0.E0,-1.E0));
#130=VECTOR('',#129,2.E-2);
#131=CARTESIAN_POINT('',(4.4E-1,-4.5E-2,6.E-2));
#132=LINE('',#131,#130);
#133=DIRECTION('',(1.E0,0.E0,0.E0));
#134=VECTOR('',#133,2.E-2);
#135=CARTESIAN_POINT('',(4.4E-1,-4.5E-2,4.E-2));
#136=LINE('',#135,#134);
#137=DIRECTION('',(0.E0,0.E0,-1.E0));
#138=VECTOR('',#137,2.E-2);
#139=CARTESIAN_POINT('',(4.6E-1,-4.5E-2,6.E-2));
#140=LINE('',#139,#138);
#141=DIRECTION('',(1.E0,0.E0,0.E0));
#142=VECTOR('',#141,2.E-2);
#143=CARTESIAN_POINT('',(4.4E-1,-4.5E-2,6.E-2));
#144=LINE('',#143,#142);
#145=DIRECTION('',(0.E0,0.E0,-1.E0));
#146=VECTOR('',#145,2.E-2);
#147=CARTESIAN_POINT('',(4.4E-1,-4.5E-2,-4.E-2));
#148=LINE('',#147,#146);
#149=DIRECTION('',(1.E0,0.E0,0.E0));
#150=VECTOR('',#149,2.E-2);
#151=CARTESIAN_POINT('',(4.4E-1,-4.5E-2,-6.E-2));
#152=LINE('',#151,#150);
#153=DIRECTION('',(0.E0,0.E0,-1.E0));
#154=VECTOR('',#153,2.E-2);
#155=CARTESIAN_POINT('',(4.6E-1,-4.5E-2,-4.E-2));
#156=LINE('',#155,#154);
#157=DIRECTION('',(1.E0,0.E0,0.E0));
#158=VECTOR('',#157,2.E-2);
#159=CARTESIAN_POINT('',(4.4E-1,-4.5E-2,-4.E-2));
#160=LINE('',#159,#158);
#161=DIRECTION('',(0.E0,0.E0,-1.E0));
#162=VECTOR('',#161,2.E-2);
#163=CARTESIAN_POINT('',(3.4E-1,-4.5E-2,6.E-2));
#164=LINE('',#163,#162);
#165=DIRECTION('',(1.E0,0.E0,0.E0));
#166=VECTOR('',#165,2.E-2);
#167=CARTESIAN_POINT('',(3.4E-1,-4.5E-2,4.E-2));
#168=LINE('',#167,#166);
#169=DIRECTION('',(0.E0,0.E0,-1.E0));
#170=VECTOR('',#169,2.E-2);
#171=CARTESIAN_POINT('',(3.6E-1,-4.5E-2,6.E-2));
#172=LINE('',#171,#170);
#173=DIRECTION('',(1.E0,0.E0,0.E0));
#174=VECTOR('',#173,2.E-2);
#175=CARTESIAN_POINT('',(3.4E-1,-4.5E-2,6.E-2));
#176=LINE('',#175,#174);
#177=DIRECTION('',(0.E0,0.E0,-1.E0));
#178=VECTOR('',#177,2.E-2);
#179=CARTESIAN_POINT('',(3.4E-1,-4.5E-2,-4.E-2));
#180=LINE('',#179,#178);
#181=DIRECTION('',(1.E0,0.E0,0.E0));
#182=VECTOR('',#181,2.E-2);
#183=CARTESIAN_POINT('',(3.4E-1,-4.5E-2,-6.E-2));
#184=LINE('',#183,#182);
#185=DIRECTION('',(0.E0,0.E0,-1.E0));
#186=VECTOR('',#185,2.E-2);
#187=CARTESIAN_POINT('',(3.6E-1,-4.5E-2,-4.E-2));
#188=LINE('',#187,#186);
#189=DIRECTION('',(1.E0,0.E0,0.E0));
#190=VECTOR('',#189,2.E-2);
#191=CARTESIAN_POINT('',(3.4E-1,-4.5E-2,-4.E-2));
#192=LINE('',#191,#190);
#193=DIRECTION('',(0.E0,0.E0,-1.E0));
#194=VECTOR('',#193,2.E-2);
#195=CARTESIAN_POINT('',(2.4E-1,-4.5E-2,6.E-2));
#196=LINE('',#195,#194);
#197=DIRECTION('',(1.E0,0.E0,0.E0));
#198=VECTOR('',#197,2.E-2);
#199=CARTESIAN_POINT('',(2.4E-1,-4.5E-2,4.E-2));
#200=LINE('',#199,#198);
#201=DIRECTION('',(0.E0,0.E0,-1.E0));
#202=VECTOR('',#201,2.E-2);
#203=CARTESIAN_POINT('',(2.6E-1,-4.5E-2,6.E-2));
#204=LINE('',#203,#202);
#205=DIRECTION('',(1.E0,0.E0,0.E0));
#206=VECTOR('',#205,2.E-2);
#207=CARTESIAN_POINT('',(2.4E-1,-4.5E-2,6.E-2));
#208=LINE('',#207,#206);
#209=DIRECTION('',(0.E0,0.E0,-1.E0));
#210=VECTOR('',#209,2.E-2);
#211=CARTESIAN_POINT('',(2.4E-1,-4.5E-2,-4.E-2));
#212=LINE('',#211,#210);
#213=DIRECTION('',(1.E0,0.E0,0.E0));
#214=VECTOR('',#213,2.E-2);
#215=CARTESIAN_POINT('',(2.4E-1,-4.5E-2,-6.E-2));
#216=LINE('',#215,#214);
#217=DIRECTION('',(0.E0,0.E0,-1.E0));
#218=VECTOR('',#217,2.E-2);
#219=CARTESIAN_POINT('',(2.6E-1,-4.5E-2,-4.E-2));
#220=LINE('',#219,#218);
#221=DIRECTION('',(1.E0,0.E0,0.E0));
#222=VECTOR('',#221,2.E-2);
#223=CARTESIAN_POINT('',(2.4E-1,-4.5E-2,-4.E-2));
#224=LINE('',#223,#222);
#225=DIRECTION('',(0.E0,0.E0,-1.E0));
#226=VECTOR('',#225,2.E-2);
#227=CARTESIAN_POINT('',(1.4E-1,-4.5E-2,6.E-2));
#228=LINE('',#227,#226);
#229=DIRECTION('',(1.E0,0.E0,0.E0));
#230=VECTOR('',#229,2.E-2);
#231=CARTESIAN_POINT('',(1.4E-1,-4.5E-2,4.E-2));
#232=LINE('',#231,#230);
#233=DIRECTION('',(0.E0,0.E0,-1.E0));
#234=VECTOR('',#233,2.E-2);
#235=CARTESIAN_POINT('',(1.6E-1,-4.5E-2,6.E-2));
#236=LINE('',#235,#234);
#237=DIRECTION('',(1.E0,0.E0,0.E0));
#238=VECTOR('',#237,2.E-2);
#239=CARTESIAN_POINT('',(1.4E-1,-4.5E-2,6.E-2));
#240=LINE('',#239,#238);
#241=DIRECTION('',(0.E0,0.E0,-1.E0));
#242=VECTOR('',#241,2.E-2);
#243=CARTESIAN_POINT('',(1.4E-1,-4.5E-2,-4.E-2));
#244=LINE('',#243,#242);
#245=DIRECTION('',(1.E0,0.E0,0.E0));
#246=VECTOR('',#245,2.E-2);
#247=CARTESIAN_POINT('',(1.4E-1,-4.5E-2,-6.E-2));
#248=LINE('',#247,#246);
#249=DIRECTION('',(0.E0,0.E0,-1.E0));
#250=VECTOR('',#249,2.E-2);
#251=CARTESIAN_POINT('',(1.6E-1,-4.5E-2,-4.E-2));
#252=LINE('',#251,#250);
#253=DIRECTION('',(1.E0,0.E0,0.E0));
#254=VECTOR('',#253,2.E-2);
#255=CARTESIAN_POINT('',(1.4E-1,-4.5E-2,-4.E-2));
#256=LINE('',#255,#254);
#257=DIRECTION('',(0.E0,0.E0,-1.E0));
#258=VECTOR('',#257,2.E-2);
#259=CARTESIAN_POINT('',(4.E-2,-4.5E-2,6.E-2));
#260=LINE('',#259,#258);
#261=DIRECTION('',(1.E0,0.E0,0.E0));
#262=VECTOR('',#261,2.E-2);
#263=CARTESIAN_POINT('',(4.E-2,-4.5E-2,4.E-2));
#264=LINE('',#263,#262);
#265=DIRECTION('',(0.E0,0.E0,-1.E0));
#266=VECTOR('',#265,2.E-2);
#267=CARTESIAN_POINT('',(6.E-2,-4.5E-2,6.E-2));
#268=LINE('',#267,#266);
#269=DIRECTION('',(1.E0,0.E0,0.E0));
#270=VECTOR('',#269,2.E-2);
#271=CARTESIAN_POINT('',(4.E-2,-4.5E-2,6.E-2));
#272=LINE('',#271,#270);
#273=DIRECTION('',(0.E0,0.E0,-1.E0));
#274=VECTOR('',#273,2.E-2);
#275=CARTESIAN_POINT('',(4.E-2,-4.5E-2,-4.E-2));
#276=LINE('',#275,#274);
#277=DIRECTION('',(1.E0,0.E0,0.E0));
#278=VECTOR('',#277,2.E-2);
#279=CARTESIAN_POINT('',(4.E-2,-4.5E-2,-6.E-2));
#280=LINE('',#279,#278);
#281=DIRECTION('',(0.E0,0.E0,-1.E0));
#282=VECTOR('',#281,2.E-2);
#283=CARTESIAN_POINT('',(6.E-2,-4.5E-2,-4.E-2));
#284=LINE('',#283,#282);
#285=DIRECTION('',(1.E0,0.E0,0.E0));
#286=VECTOR('',#285,2.E-2);
#287=CARTESIAN_POINT('',(4.E-2,-4.5E-2,-4.E-2));
#288=LINE('',#287,#286);
#289=DIRECTION('',(0.E0,0.E0,-1.E0));
#290=VECTOR('',#289,2.E-2);
#291=CARTESIAN_POINT('',(-6.E-2,-4.5E-2,6.E-2));
#292=LINE('',#291,#290);
#293=DIRECTION('',(1.E0,0.E0,0.E0));
#294=VECTOR('',#293,2.E-2);
#295=CARTESIAN_POINT('',(-6.E-2,-4.5E-2,4.E-2));
#296=LINE('',#295,#294);
#297=DIRECTION('',(0.E0,0.E0,-1.E0));
#298=VECTOR('',#297,2.E-2);
#299=CARTESIAN_POINT('',(-4.E-2,-4.5E-2,6.E-2));
#300=LINE('',#299,#298);
#301=DIRECTION('',(1.E0,0.E0,0.E0));
#302=VECTOR('',#301,2.E-2);
#303=CARTESIAN_POINT('',(-6.E-2,-4.5E-2,6.E-2));
#304=LINE('',#303,#302);
#305=DIRECTION('',(0.E0,0.E0,-1.E0));
#306=VECTOR('',#305,2.E-2);
#307=CARTESIAN_POINT('',(-6.E-2,-4.5E-2,-4.E-2));
#308=LINE('',#307,#306);
#309=DIRECTION('',(1.E0,0.E0,0.E0));
#310=VECTOR('',#309,2.E-2);
#311=CARTESIAN_POINT('',(-6.E-2,-4.5E-2,-6.E-2));
#312=LINE('',#311,#310);
#313=DIRECTION('',(0.E0,0.E0,-1.E0));
#314=VECTOR('',#313,2.E-2);
#315=CARTESIAN_POINT('',(-4.E-2,-4.5E-2,-4.E-2));
#316=LINE('',#315,#314);
#317=DIRECTION('',(1.E0,0.E0,0.E0));
#318=VECTOR('',#317,2.E-2);
#319=CARTESIAN_POINT('',(-6.E-2,-4.5E-2,-4.E-2));
#320=LINE('',#319,#318);
#321=DIRECTION('',(0.E0,0.E0,-1.E0));
#322=VECTOR('',#321,2.E-2);
#323=CARTESIAN_POINT('',(-1.6E-1,-4.5E-2,6.E-2));
#324=LINE('',#323,#322);
#325=DIRECTION('',(1.E0,0.E0,0.E0));
#326=VECTOR('',#325,2.E-2);
#327=CARTESIAN_POINT('',(-1.6E-1,-4.5E-2,4.E-2));
#328=LINE('',#327,#326);
#329=DIRECTION('',(0.E0,0.E0,-1.E0));
#330=VECTOR('',#329,2.E-2);
#331=CARTESIAN_POINT('',(-1.4E-1,-4.5E-2,6.E-2));
#332=LINE('',#331,#330);
#333=DIRECTION('',(1.E0,0.E0,0.E0));
#334=VECTOR('',#333,2.E-2);
#335=CARTESIAN_POINT('',(-1.6E-1,-4.5E-2,6.E-2));
#336=LINE('',#335,#334);
#337=DIRECTION('',(0.E0,0.E0,-1.E0));
#338=VECTOR('',#337,2.E-2);
#339=CARTESIAN_POINT('',(-1.6E-1,-4.5E-2,-4.E-2));
#340=LINE('',#339,#338);
#341=DIRECTION('',(1.E0,0.E0,0.E0));
#342=VECTOR('',#341,2.E-2);
#343=CARTESIAN_POINT('',(-1.6E-1,-4.5E-2,-6.E-2));
#344=LINE('',#343,#342);
#345=DIRECTION('',(0.E0,0.E0,-1.E0));
#346=VECTOR('',#345,2.E-2);
#347=CARTESIAN_POINT('',(-1.4E-1,-4.5E-2,-4.E-2));
#348=LINE('',#347,#346);
#349=DIRECTION('',(1.E0,0.E0,0.E0));
#350=VECTOR('',#349,2.E-2);
#351=CARTESIAN_POINT('',(-1.6E-1,-4.5E-2,-4.E-2));
#352=LINE('',#351,#350);
#353=DIRECTION('',(0.E0,0.E0,-1.E0));
#354=VECTOR('',#353,2.E-2);
#355=CARTESIAN_POINT('',(-2.6E-1,-4.5E-2,6.E-2));
#356=LINE('',#355,#354);
#357=DIRECTION('',(1.E0,0.E0,0.E0));
#358=VECTOR('',#357,2.E-2);
#359=CARTESIAN_POINT('',(-2.6E-1,-4.5E-2,4.E-2));
#360=LINE('',#359,#358);
#361=DIRECTION('',(0.E0,0.E0,-1.E0));
#362=VECTOR('',#361,2.E-2);
#363=CARTESIAN_POINT('',(-2.4E-1,-4.5E-2,6.E-2));
#364=LINE('',#363,#362);
#365=DIRECTION('',(1.E0,0.E0,0.E0));
#366=VECTOR('',#365,2.E-2);
#367=CARTESIAN_POINT('',(-2.6E-1,-4.5E-2,6.E-2));
#368=LINE('',#367,#366);
#369=DIRECTION('',(0.E0,0.E0,-1.E0));
#370=VECTOR('',#369,2.E-2);
#371=CARTESIAN_POINT('',(-2.6E-1,-4.5E-2,-4.E-2));
#372=LINE('',#371,#370);
#373=DIRECTION('',(1.E0,0.E0,0.E0));
#374=VECTOR('',#373,2.E-2);
#375=CARTESIAN_POINT('',(-2.6E-1,-4.5E-2,-6.E-2));
#376=LINE('',#375,#374);
#377=DIRECTION('',(0.E0,0.E0,-1.E0));
#378=VECTOR('',#377,2.E-2);
#379=CARTESIAN_POINT('',(-2.4E-1,-4.5E-2,-4.E-2));
#380=LINE('',#379,#378);
#381=DIRECTION('',(1.E0,0.E0,0.E0));
#382=VECTOR('',#381,2.E-2);
#383=CARTESIAN_POINT('',(-2.6E-1,-4.5E-2,-4.E-2));
#384=LINE('',#383,#382);
#385=DIRECTION('',(0.E0,0.E0,-1.E0));
#386=VECTOR('',#385,2.E-2);
#387=CARTESIAN_POINT('',(-3.6E-1,-4.5E-2,6.E-2));
#388=LINE('',#387,#386);
#389=DIRECTION('',(1.E0,0.E0,0.E0));
#390=VECTOR('',#389,2.E-2);
#391=CARTESIAN_POINT('',(-3.6E-1,-4.5E-2,4.E-2));
#392=LINE('',#391,#390);
#393=DIRECTION('',(0.E0,0.E0,-1.E0));
#394=VECTOR('',#393,2.E-2);
#395=CARTESIAN_POINT('',(-3.4E-1,-4.5E-2,6.E-2));
#396=LINE('',#395,#394);
#397=DIRECTION('',(1.E0,0.E0,0.E0));
#398=VECTOR('',#397,2.E-2);
#399=CARTESIAN_POINT('',(-3.6E-1,-4.5E-2,6.E-2));
#400=LINE('',#399,#398);
#401=DIRECTION('',(0.E0,0.E0,-1.E0));
#402=VECTOR('',#401,2.E-2);
#403=CARTESIAN_POINT('',(-3.6E-1,-4.5E-2,-4.E-2));
#404=LINE('',#403,#402);
#405=DIRECTION('',(1.E0,0.E0,0.E0));
#406=VECTOR('',#405,2.E-2);
#407=CARTESIAN_POINT('',(-3.6E-1,-4.5E-2,-6.E-2));
#408=LINE('',#407,#406);
#409=DIRECTION('',(0.E0,0.E0,-1.E0));
#410=VECTOR('',#409,2.E-2);
#411=CARTESIAN_POINT('',(-3.4E-1,-4.5E-2,-4.E-2));
#412=LINE('',#411,#410);
#413=DIRECTION('',(1.E0,0.E0,0.E0));
#414=VECTOR('',#413,2.E-2);
#415=CARTESIAN_POINT('',(-3.6E-1,-4.5E-2,-4.E-2));
#416=LINE('',#415,#414);
#417=DIRECTION('',(0.E0,0.E0,-1.E0));
#418=VECTOR('',#417,2.E-2);
#419=CARTESIAN_POINT('',(-4.6E-1,-4.5E-2,6.E-2));
#420=LINE('',#419,#418);
#421=DIRECTION('',(1.E0,0.E0,0.E0));
#422=VECTOR('',#421,2.E-2);
#423=CARTESIAN_POINT('',(-4.6E-1,-4.5E-2,4.E-2));
#424=LINE('',#423,#422);
#425=DIRECTION('',(0.E0,0.E0,-1.E0));
#426=VECTOR('',#425,2.E-2);
#427=CARTESIAN_POINT('',(-4.4E-1,-4.5E-2,6.E-2));
#428=LINE('',#427,#426);
#429=DIRECTION('',(1.E0,0.E0,0.E0));
#430=VECTOR('',#429,2.E-2);
#431=CARTESIAN_POINT('',(-4.6E-1,-4.5E-2,6.E-2));
#432=LINE('',#431,#430);
#433=DIRECTION('',(0.E0,0.E0,-1.E0));
#434=VECTOR('',#433,2.E-2);
#435=CARTESIAN_POINT('',(-4.6E-1,-4.5E-2,-4.E-2));
#436=LINE('',#435,#434);
#437=DIRECTION('',(1.E0,0.E0,0.E0));
#438=VECTOR('',#437,2.E-2);
#439=CARTESIAN_POINT('',(-4.6E-1,-4.5E-2,-6.E-2));
#440=LINE('',#439,#438);
#441=DIRECTION('',(0.E0,0.E0,-1.E0));
#442=VECTOR('',#441,2.E-2);
#443=CARTESIAN_POINT('',(-4.4E-1,-4.5E-2,-4.E-2));
#444=LINE('',#443,#442);
#445=DIRECTION('',(1.E0,0.E0,0.E0));
#446=VECTOR('',#445,2.E-2);
#447=CARTESIAN_POINT('',(-4.6E-1,-4.5E-2,-4.E-2));
#448=LINE('',#447,#446);
#449=DIRECTION('',(0.E0,0.E0,-1.E0));
#450=VECTOR('',#449,2.E-2);
#451=CARTESIAN_POINT('',(-5.6E-1,-4.5E-2,6.E-2));
#452=LINE('',#451,#450);
#453=DIRECTION('',(1.E0,0.E0,0.E0));
#454=VECTOR('',#453,2.E-2);
#455=CARTESIAN_POINT('',(-5.6E-1,-4.5E-2,4.E-2));
#456=LINE('',#455,#454);
#457=DIRECTION('',(0.E0,0.E0,-1.E0));
#458=VECTOR('',#457,2.E-2);
#459=CARTESIAN_POINT('',(-5.4E-1,-4.5E-2,6.E-2));
#460=LINE('',#459,#458);
#461=DIRECTION('',(1.E0,0.E0,0.E0));
#462=VECTOR('',#461,2.E-2);
#463=CARTESIAN_POINT('',(-5.6E-1,-4.5E-2,6.E-2));
#464=LINE('',#463,#462);
#465=DIRECTION('',(0.E0,0.E0,-1.E0));
#466=VECTOR('',#465,2.E-2);
#467=CARTESIAN_POINT('',(-5.6E-1,-4.5E-2,-4.E-2));
#468=LINE('',#467,#466);
#469=DIRECTION('',(1.E0,0.E0,0.E0));
#470=VECTOR('',#469,2.E-2);
#471=CARTESIAN_POINT('',(-5.6E-1,-4.5E-2,-6.E-2));
#472=LINE('',#471,#470);
#473=DIRECTION('',(0.E0,0.E0,-1.E0));
#474=VECTOR('',#473,2.E-2);
#475=CARTESIAN_POINT('',(-5.4E-1,-4.5E-2,-4.E-2));
#476=LINE('',#475,#474);
#477=DIRECTION('',(1.E0,0.E0,0.E0));
#478=VECTOR('',#477,2.E-2);
#479=CARTESIAN_POINT('',(-5.6E-1,-4.5E-2,-4.E-2));
#480=LINE('',#479,#478);
#481=DIRECTION('',(0.E0,0.E0,-1.E0));
#482=VECTOR('',#481,2.E-2);
#483=CARTESIAN_POINT('',(-6.6E-1,-4.5E-2,6.E-2));
#484=LINE('',#483,#482);
#485=DIRECTION('',(1.E0,0.E0,0.E0));
#486=VECTOR('',#485,2.E-2);
#487=CARTESIAN_POINT('',(-6.6E-1,-4.5E-2,4.E-2));
#488=LINE('',#487,#486);
#489=DIRECTION('',(0.E0,0.E0,-1.E0));
#490=VECTOR('',#489,2.E-2);
#491=CARTESIAN_POINT('',(-6.4E-1,-4.5E-2,6.E-2));
#492=LINE('',#491,#490);
#493=DIRECTION('',(1.E0,0.E0,0.E0));
#494=VECTOR('',#493,2.E-2);
#495=CARTESIAN_POINT('',(-6.6E-1,-4.5E-2,6.E-2));
#496=LINE('',#495,#494);
#497=DIRECTION('',(0.E0,0.E0,-1.E0));
#498=VECTOR('',#497,2.E-2);
#499=CARTESIAN_POINT('',(-6.6E-1,-4.5E-2,-4.E-2));
#500=LINE('',#499,#498);
#501=DIRECTION('',(1.E0,0.E0,0.E0));
#502=VECTOR('',#501,2.E-2);
#503=CARTESIAN_POINT('',(-6.6E-1,-4.5E-2,-6.E-2));
#504=LINE('',#503,#502);
#505=DIRECTION('',(0.E0,0.E0,-1.E0));
#506=VECTOR('',#505,2.E-2);
#507=CARTESIAN_POINT('',(-6.4E-1,-4.5E-2,-4.E-2));
#508=LINE('',#507,#506);
#509=DIRECTION('',(1.E0,0.E0,0.E0));
#510=VECTOR('',#509,2.E-2);
#511=CARTESIAN_POINT('',(-6.6E-1,-4.5E-2,-4.E-2));
#512=LINE('',#511,#510);
#513=DIRECTION('',(0.E0,0.E0,-1.E0));
#514=VECTOR('',#513,2.E-2);
#515=CARTESIAN_POINT('',(-7.6E-1,-4.5E-2,6.E-2));
#516=LINE('',#515,#514);
#517=DIRECTION('',(1.E0,0.E0,0.E0));
#518=VECTOR('',#517,2.E-2);
#519=CARTESIAN_POINT('',(-7.6E-1,-4.5E-2,4.E-2));
#520=LINE('',#519,#518);
#521=DIRECTION('',(0.E0,0.E0,-1.E0));
#522=VECTOR('',#521,2.E-2);
#523=CARTESIAN_POINT('',(-7.4E-1,-4.5E-2,6.E-2));
#524=LINE('',#523,#522);
#525=DIRECTION('',(1.E0,0.E0,0.E0));
#526=VECTOR('',#525,2.E-2);
#527=CARTESIAN_POINT('',(-7.6E-1,-4.5E-2,6.E-2));
#528=LINE('',#527,#526);
#529=DIRECTION('',(0.E0,0.E0,-1.E0));
#530=VECTOR('',#529,2.E-2);
#531=CARTESIAN_POINT('',(-7.6E-1,-4.5E-2,-4.E-2));
#532=LINE('',#531,#530);
#533=DIRECTION('',(1.E0,0.E0,0.E0));
#534=VECTOR('',#533,2.E-2);
#535=CARTESIAN_POINT('',(-7.6E-1,-4.5E-2,-6.E-2));
#536=LINE('',#535,#534);
#537=DIRECTION('',(0.E0,0.E0,-1.E0));
#538=VECTOR('',#537,2.E-2);
#539=CARTESIAN_POINT('',(-7.4E-1,-4.5E-2,-4.E-2));
#540=LINE('',#539,#538);
#541=DIRECTION('',(1.E0,0.E0,0.E0));
#542=VECTOR('',#541,2.E-2);
#543=CARTESIAN_POINT('',(-7.6E-1,-4.5E-2,-4.E-2));
#544=LINE('',#543,#542);
#545=DIRECTION('',(0.E0,0.E0,-1.E0));
#546=VECTOR('',#545,2.E-2);
#547=CARTESIAN_POINT('',(-8.6E-1,-4.5E-2,6.E-2));
#548=LINE('',#547,#546);
#549=DIRECTION('',(1.E0,0.E0,0.E0));
#550=VECTOR('',#549,2.E-2);
#551=CARTESIAN_POINT('',(-8.6E-1,-4.5E-2,4.E-2));
#552=LINE('',#551,#550);
#553=DIRECTION('',(0.E0,0.E0,-1.E0));
#554=VECTOR('',#553,2.E-2);
#555=CARTESIAN_POINT('',(-8.4E-1,-4.5E-2,6.E-2));
#556=LINE('',#555,#554);
#557=DIRECTION('',(1.E0,0.E0,0.E0));
#558=VECTOR('',#557,2.E-2);
#559=CARTESIAN_POINT('',(-8.6E-1,-4.5E-2,6.E-2));
#560=LINE('',#559,#558);
#561=DIRECTION('',(0.E0,0.E0,-1.E0));
#562=VECTOR('',#561,2.E-2);
#563=CARTESIAN_POINT('',(-8.6E-1,-4.5E-2,-4.E-2));
#564=LINE('',#563,#562);
#565=DIRECTION('',(1.E0,0.E0,0.E0));
#566=VECTOR('',#565,2.E-2);
#567=CARTESIAN_POINT('',(-8.6E-1,-4.5E-2,-6.E-2));
#568=LINE('',#567,#566);
#569=DIRECTION('',(0.E0,0.E0,-1.E0));
#570=VECTOR('',#569,2.E-2);
#571=CARTESIAN_POINT('',(-8.4E-1,-4.5E-2,-4.E-2));
#572=LINE('',#571,#570);
#573=DIRECTION('',(1.E0,0.E0,0.E0));
#574=VECTOR('',#573,2.E-2);
#575=CARTESIAN_POINT('',(-8.6E-1,-4.5E-2,-4.E-2));
#576=LINE('',#575,#574);
#577=DIRECTION('',(0.E0,0.E0,1.E0));
#578=VECTOR('',#577,2.E-1);
#579=CARTESIAN_POINT('',(-7.175E-1,-4.5E-2,-1.E-1));
#580=LINE('',#579,#578);
#581=DIRECTION('',(-1.E0,0.E0,0.E0));
#582=VECTOR('',#581,7.5E-2);
#583=CARTESIAN_POINT('',(-7.175E-1,-4.5E-2,-1.E-1));
#584=LINE('',#583,#582);
#585=DIRECTION('',(0.E0,0.E0,1.E0));
#586=VECTOR('',#585,2.E-1);
#587=CARTESIAN_POINT('',(-7.925E-1,-4.5E-2,-1.E-1));
#588=LINE('',#587,#586);
#589=DIRECTION('',(1.E0,0.E0,0.E0));
#590=VECTOR('',#589,7.5E-2);
#591=CARTESIAN_POINT('',(-7.925E-1,-4.5E-2,1.E-1));
#592=LINE('',#591,#590);
#593=DIRECTION('',(0.E0,0.E0,1.E0));
#594=VECTOR('',#593,2.E-1);
#595=CARTESIAN_POINT('',(-6.175E-1,-4.5E-2,-1.E-1));
#596=LINE('',#595,#594);
#597=DIRECTION('',(-1.E0,0.E0,0.E0));
#598=VECTOR('',#597,7.5E-2);
#599=CARTESIAN_POINT('',(-6.175E-1,-4.5E-2,-1.E-1));
#600=LINE('',#599,#598);
#601=DIRECTION('',(0.E0,0.E0,1.E0));
#602=VECTOR('',#601,2.E-1);
#603=CARTESIAN_POINT('',(-6.925E-1,-4.5E-2,-1.E-1));
#604=LINE('',#603,#602);
#605=DIRECTION('',(1.E0,0.E0,0.E0));
#606=VECTOR('',#605,7.5E-2);
#607=CARTESIAN_POINT('',(-6.925E-1,-4.5E-2,1.E-1));
#608=LINE('',#607,#606);
#609=DIRECTION('',(0.E0,0.E0,1.E0));
#610=VECTOR('',#609,2.E-1);
#611=CARTESIAN_POINT('',(-5.175E-1,-4.5E-2,-1.E-1));
#612=LINE('',#611,#610);
#613=DIRECTION('',(-1.E0,0.E0,0.E0));
#614=VECTOR('',#613,7.5E-2);
#615=CARTESIAN_POINT('',(-5.175E-1,-4.5E-2,-1.E-1));
#616=LINE('',#615,#614);
#617=DIRECTION('',(0.E0,0.E0,1.E0));
#618=VECTOR('',#617,2.E-1);
#619=CARTESIAN_POINT('',(-5.925E-1,-4.5E-2,-1.E-1));
#620=LINE('',#619,#618);
#621=DIRECTION('',(1.E0,0.E0,0.E0));
#622=VECTOR('',#621,7.5E-2);
#623=CARTESIAN_POINT('',(-5.925E-1,-4.5E-2,1.E-1));
#624=LINE('',#623,#622);
#625=DIRECTION('',(0.E0,0.E0,1.E0));
#626=VECTOR('',#625,2.E-1);
#627=CARTESIAN_POINT('',(-4.175E-1,-4.5E-2,-1.E-1));
#628=LINE('',#627,#626);
#629=DIRECTION('',(-1.E0,0.E0,0.E0));
#630=VECTOR('',#629,7.5E-2);
#631=CARTESIAN_POINT('',(-4.175E-1,-4.5E-2,-1.E-1));
#632=LINE('',#631,#630);
#633=DIRECTION('',(0.E0,0.E0,1.E0));
#634=VECTOR('',#633,2.E-1);
#635=CARTESIAN_POINT('',(-4.925E-1,-4.5E-2,-1.E-1));
#636=LINE('',#635,#634);
#637=DIRECTION('',(1.E0,0.E0,0.E0));
#638=VECTOR('',#637,7.5E-2);
#639=CARTESIAN_POINT('',(-4.925E-1,-4.5E-2,1.E-1));
#640=LINE('',#639,#638);
#641=DIRECTION('',(0.E0,0.E0,1.E0));
#642=VECTOR('',#641,2.E-1);
#643=CARTESIAN_POINT('',(-3.175E-1,-4.5E-2,-1.E-1));
#644=LINE('',#643,#642);
#645=DIRECTION('',(-1.E0,0.E0,0.E0));
#646=VECTOR('',#645,7.5E-2);
#647=CARTESIAN_POINT('',(-3.175E-1,-4.5E-2,-1.E-1));
#648=LINE('',#647,#646);
#649=DIRECTION('',(0.E0,0.E0,1.E0));
#650=VECTOR('',#649,2.E-1);
#651=CARTESIAN_POINT('',(-3.925E-1,-4.5E-2,-1.E-1));
#652=LINE('',#651,#650);
#653=DIRECTION('',(1.E0,0.E0,0.E0));
#654=VECTOR('',#653,7.5E-2);
#655=CARTESIAN_POINT('',(-3.925E-1,-4.5E-2,1.E-1));
#656=LINE('',#655,#654);
#657=DIRECTION('',(0.E0,0.E0,1.E0));
#658=VECTOR('',#657,2.E-1);
#659=CARTESIAN_POINT('',(-2.175E-1,-4.5E-2,-1.E-1));
#660=LINE('',#659,#658);
#661=DIRECTION('',(-1.E0,0.E0,0.E0));
#662=VECTOR('',#661,7.5E-2);
#663=CARTESIAN_POINT('',(-2.175E-1,-4.5E-2,-1.E-1));
#664=LINE('',#663,#662);
#665=DIRECTION('',(0.E0,0.E0,1.E0));
#666=VECTOR('',#665,2.E-1);
#667=CARTESIAN_POINT('',(-2.925E-1,-4.5E-2,-1.E-1));
#668=LINE('',#667,#666);
#669=DIRECTION('',(1.E0,0.E0,0.E0));
#670=VECTOR('',#669,7.5E-2);
#671=CARTESIAN_POINT('',(-2.925E-1,-4.5E-2,1.E-1));
#672=LINE('',#671,#670);
#673=DIRECTION('',(0.E0,0.E0,1.E0));
#674=VECTOR('',#673,2.E-1);
#675=CARTESIAN_POINT('',(-1.175E-1,-4.5E-2,-1.E-1));
#676=LINE('',#675,#674);
#677=DIRECTION('',(-1.E0,0.E0,0.E0));
#678=VECTOR('',#677,7.5E-2);
#679=CARTESIAN_POINT('',(-1.175E-1,-4.5E-2,-1.E-1));
#680=LINE('',#679,#678);
#681=DIRECTION('',(0.E0,0.E0,1.E0));
#682=VECTOR('',#681,2.E-1);
#683=CARTESIAN_POINT('',(-1.925E-1,-4.5E-2,-1.E-1));
#684=LINE('',#683,#682);
#685=DIRECTION('',(1.E0,0.E0,0.E0));
#686=VECTOR('',#685,7.5E-2);
#687=CARTESIAN_POINT('',(-1.925E-1,-4.5E-2,1.E-1));
#688=LINE('',#687,#686);
#689=DIRECTION('',(0.E0,0.E0,1.E0));
#690=VECTOR('',#689,2.E-1);
#691=CARTESIAN_POINT('',(-1.75E-2,-4.5E-2,-1.E-1));
#692=LINE('',#691,#690);
#693=DIRECTION('',(-1.E0,0.E0,0.E0));
#694=VECTOR('',#693,7.5E-2);
#695=CARTESIAN_POINT('',(-1.75E-2,-4.5E-2,-1.E-1));
#696=LINE('',#695,#694);
#697=DIRECTION('',(0.E0,0.E0,1.E0));
#698=VECTOR('',#697,2.E-1);
#699=CARTESIAN_POINT('',(-9.25E-2,-4.5E-2,-1.E-1));
#700=LINE('',#699,#698);
#701=DIRECTION('',(1.E0,0.E0,0.E0));
#702=VECTOR('',#701,7.5E-2);
#703=CARTESIAN_POINT('',(-9.25E-2,-4.5E-2,1.E-1));
#704=LINE('',#703,#702);
#705=DIRECTION('',(0.E0,0.E0,1.E0));
#706=VECTOR('',#705,2.E-1);
#707=CARTESIAN_POINT('',(8.25E-2,-4.5E-2,-1.E-1));
#708=LINE('',#707,#706);
#709=DIRECTION('',(-1.E0,0.E0,0.E0));
#710=VECTOR('',#709,7.5E-2);
#711=CARTESIAN_POINT('',(8.25E-2,-4.5E-2,-1.E-1));
#712=LINE('',#711,#710);
#713=DIRECTION('',(0.E0,0.E0,1.E0));
#714=VECTOR('',#713,2.E-1);
#715=CARTESIAN_POINT('',(7.5E-3,-4.5E-2,-1.E-1));
#716=LINE('',#715,#714);
#717=DIRECTION('',(1.E0,0.E0,0.E0));
#718=VECTOR('',#717,7.5E-2);
#719=CARTESIAN_POINT('',(7.5E-3,-4.5E-2,1.E-1));
#720=LINE('',#719,#718);
#721=DIRECTION('',(0.E0,0.E0,1.E0));
#722=VECTOR('',#721,2.E-1);
#723=CARTESIAN_POINT('',(1.825E-1,-4.5E-2,-1.E-1));
#724=LINE('',#723,#722);
#725=DIRECTION('',(-1.E0,0.E0,0.E0));
#726=VECTOR('',#725,7.5E-2);
#727=CARTESIAN_POINT('',(1.825E-1,-4.5E-2,-1.E-1));
#728=LINE('',#727,#726);
#729=DIRECTION('',(0.E0,0.E0,1.E0));
#730=VECTOR('',#729,2.E-1);
#731=CARTESIAN_POINT('',(1.075E-1,-4.5E-2,-1.E-1));
#732=LINE('',#731,#730);
#733=DIRECTION('',(1.E0,0.E0,0.E0));
#734=VECTOR('',#733,7.5E-2);
#735=CARTESIAN_POINT('',(1.075E-1,-4.5E-2,1.E-1));
#736=LINE('',#735,#734);
#737=DIRECTION('',(0.E0,0.E0,1.E0));
#738=VECTOR('',#737,2.E-1);
#739=CARTESIAN_POINT('',(2.825E-1,-4.5E-2,-1.E-1));
#740=LINE('',#739,#738);
#741=DIRECTION('',(-1.E0,0.E0,0.E0));
#742=VECTOR('',#741,7.5E-2);
#743=CARTESIAN_POINT('',(2.825E-1,-4.5E-2,-1.E-1));
#744=LINE('',#743,#742);
#745=DIRECTION('',(0.E0,0.E0,1.E0));
#746=VECTOR('',#745,2.E-1);
#747=CARTESIAN_POINT('',(2.075E-1,-4.5E-2,-1.E-1));
#748=LINE('',#747,#746);
#749=DIRECTION('',(1.E0,0.E0,0.E0));
#750=VECTOR('',#749,7.5E-2);
#751=CARTESIAN_POINT('',(2.075E-1,-4.5E-2,1.E-1));
#752=LINE('',#751,#750);
#753=DIRECTION('',(0.E0,0.E0,1.E0));
#754=VECTOR('',#753,2.E-1);
#755=CARTESIAN_POINT('',(3.825E-1,-4.5E-2,-1.E-1));
#756=LINE('',#755,#754);
#757=DIRECTION('',(-1.E0,0.E0,0.E0));
#758=VECTOR('',#757,7.5E-2);
#759=CARTESIAN_POINT('',(3.825E-1,-4.5E-2,-1.E-1));
#760=LINE('',#759,#758);
#761=DIRECTION('',(0.E0,0.E0,1.E0));
#762=VECTOR('',#761,2.E-1);
#763=CARTESIAN_POINT('',(3.075E-1,-4.5E-2,-1.E-1));
#764=LINE('',#763,#762);
#765=DIRECTION('',(1.E0,0.E0,0.E0));
#766=VECTOR('',#765,7.5E-2);
#767=CARTESIAN_POINT('',(3.075E-1,-4.5E-2,1.E-1));
#768=LINE('',#767,#766);
#769=DIRECTION('',(0.E0,0.E0,1.E0));
#770=VECTOR('',#769,2.E-1);
#771=CARTESIAN_POINT('',(4.825E-1,-4.5E-2,-1.E-1));
#772=LINE('',#771,#770);
#773=DIRECTION('',(-1.E0,0.E0,0.E0));
#774=VECTOR('',#773,7.5E-2);
#775=CARTESIAN_POINT('',(4.825E-1,-4.5E-2,-1.E-1));
#776=LINE('',#775,#774);
#777=DIRECTION('',(0.E0,0.E0,1.E0));
#778=VECTOR('',#777,2.E-1);
#779=CARTESIAN_POINT('',(4.075E-1,-4.5E-2,-1.E-1));
#780=LINE('',#779,#778);
#781=DIRECTION('',(1.E0,0.E0,0.E0));
#782=VECTOR('',#781,7.5E-2);
#783=CARTESIAN_POINT('',(4.075E-1,-4.5E-2,1.E-1));
#784=LINE('',#783,#782);
#785=DIRECTION('',(0.E0,0.E0,1.E0));
#786=VECTOR('',#785,2.E-1);
#787=CARTESIAN_POINT('',(5.825E-1,-4.5E-2,-1.E-1));
#788=LINE('',#787,#786);
#789=DIRECTION('',(-1.E0,0.E0,0.E0));
#790=VECTOR('',#789,7.5E-2);
#791=CARTESIAN_POINT('',(5.825E-1,-4.5E-2,-1.E-1));
#792=LINE('',#791,#790);
#793=DIRECTION('',(0.E0,0.E0,1.E0));
#794=VECTOR('',#793,2.E-1);
#795=CARTESIAN_POINT('',(5.075E-1,-4.5E-2,-1.E-1));
#796=LINE('',#795,#794);
#797=DIRECTION('',(1.E0,0.E0,0.E0));
#798=VECTOR('',#797,7.5E-2);
#799=CARTESIAN_POINT('',(5.075E-1,-4.5E-2,1.E-1));
#800=LINE('',#799,#798);
#801=DIRECTION('',(0.E0,0.E0,1.E0));
#802=VECTOR('',#801,2.E-1);
#803=CARTESIAN_POINT('',(6.825E-1,-4.5E-2,-1.E-1));
#804=LINE('',#803,#802);
#805=DIRECTION('',(-1.E0,0.E0,0.E0));
#806=VECTOR('',#805,7.5E-2);
#807=CARTESIAN_POINT('',(6.825E-1,-4.5E-2,-1.E-1));
#808=LINE('',#807,#806);
#809=DIRECTION('',(0.E0,0.E0,1.E0));
#810=VECTOR('',#809,2.E-1);
#811=CARTESIAN_POINT('',(6.075E-1,-4.5E-2,-1.E-1));
#812=LINE('',#811,#810);
#813=DIRECTION('',(1.E0,0.E0,0.E0));
#814=VECTOR('',#813,7.5E-2);
#815=CARTESIAN_POINT('',(6.075E-1,-4.5E-2,1.E-1));
#816=LINE('',#815,#814);
#817=DIRECTION('',(0.E0,0.E0,1.E0));
#818=VECTOR('',#817,2.E-1);
#819=CARTESIAN_POINT('',(7.825E-1,-4.5E-2,-1.E-1));
#820=LINE('',#819,#818);
#821=DIRECTION('',(-1.E0,0.E0,0.E0));
#822=VECTOR('',#821,7.5E-2);
#823=CARTESIAN_POINT('',(7.825E-1,-4.5E-2,-1.E-1));
#824=LINE('',#823,#822);
#825=DIRECTION('',(0.E0,0.E0,1.E0));
#826=VECTOR('',#825,2.E-1);
#827=CARTESIAN_POINT('',(7.075E-1,-4.5E-2,-1.E-1));
#828=LINE('',#827,#826);
#829=DIRECTION('',(1.E0,0.E0,0.E0));
#830=VECTOR('',#829,7.5E-2);
#831=CARTESIAN_POINT('',(7.075E-1,-4.5E-2,1.E-1));
#832=LINE('',#831,#830);
#833=DIRECTION('',(0.E0,0.E0,1.E0));
#834=VECTOR('',#833,2.E-1);
#835=CARTESIAN_POINT('',(8.875E-1,-4.5E-2,-1.E-1));
#836=LINE('',#835,#834);
#837=DIRECTION('',(-1.E0,0.E0,0.E0));
#838=VECTOR('',#837,8.E-2);
#839=CARTESIAN_POINT('',(8.875E-1,-4.5E-2,-1.E-1));
#840=LINE('',#839,#838);
#841=DIRECTION('',(0.E0,0.E0,1.E0));
#842=VECTOR('',#841,2.E-1);
#843=CARTESIAN_POINT('',(8.075E-1,-4.5E-2,-1.E-1));
#844=LINE('',#843,#842);
#845=DIRECTION('',(1.E0,0.E0,0.E0));
#846=VECTOR('',#845,8.E-2);
#847=CARTESIAN_POINT('',(8.075E-1,-4.5E-2,1.E-1));
#848=LINE('',#847,#846);
#849=DIRECTION('',(0.E0,0.E0,-1.E0));
#850=VECTOR('',#849,2.E-1);
#851=CARTESIAN_POINT('',(-8.875E-1,-4.5E-2,1.E-1));
#852=LINE('',#851,#850);
#853=DIRECTION('',(1.E0,0.E0,0.E0));
#854=VECTOR('',#853,7.E-2);
#855=CARTESIAN_POINT('',(-8.875E-1,-4.5E-2,1.E-1));
#856=LINE('',#855,#854);
#857=DIRECTION('',(0.E0,0.E0,1.E0));
#858=VECTOR('',#857,2.E-1);
#859=CARTESIAN_POINT('',(-8.175E-1,-4.5E-2,-1.E-1));
#860=LINE('',#859,#858);
#861=DIRECTION('',(-1.E0,0.E0,0.E0));
#862=VECTOR('',#861,7.E-2);
#863=CARTESIAN_POINT('',(-8.175E-1,-4.5E-2,-1.E-1));
#864=LINE('',#863,#862);
#865=DIRECTION('',(0.E0,-1.E0,0.E0));
#866=VECTOR('',#865,1.07E-1);
#867=CARTESIAN_POINT('',(8.4E-1,-4.5E-2,6.E-2));
#868=LINE('',#867,#866);
#869=DIRECTION('',(0.E0,0.E0,-1.E0));
#870=VECTOR('',#869,2.E-2);
#871=CARTESIAN_POINT('',(8.4E-1,-1.52E-1,6.E-2));
#872=LINE('',#871,#870);
#873=DIRECTION('',(0.E0,1.E0,0.E0));
#874=VECTOR('',#873,1.07E-1);
#875=CARTESIAN_POINT('',(8.4E-1,-1.52E-1,4.E-2));
#876=LINE('',#875,#874);
#877=DIRECTION('',(0.E0,-1.E0,0.E0));
#878=VECTOR('',#877,1.07E-1);
#879=CARTESIAN_POINT('',(8.4E-1,-4.5E-2,-4.E-2));
#880=LINE('',#879,#878);
#881=DIRECTION('',(0.E0,0.E0,-1.E0));
#882=VECTOR('',#881,2.E-2);
#883=CARTESIAN_POINT('',(8.4E-1,-1.52E-1,-4.E-2));
#884=LINE('',#883,#882);
#885=DIRECTION('',(0.E0,1.E0,0.E0));
#886=VECTOR('',#885,1.07E-1);
#887=CARTESIAN_POINT('',(8.4E-1,-1.52E-1,-6.E-2));
#888=LINE('',#887,#886);
#889=DIRECTION('',(0.E0,1.E0,0.E0));
#890=VECTOR('',#889,2.4E-1);
#891=CARTESIAN_POINT('',(8.4E-1,4.5E-2,4.E-2));
#892=LINE('',#891,#890);
#893=DIRECTION('',(0.E0,0.E0,1.E0));
#894=VECTOR('',#893,2.E-2);
#895=CARTESIAN_POINT('',(8.4E-1,2.85E-1,4.E-2));
#896=LINE('',#895,#894);
#897=DIRECTION('',(0.E0,-1.E0,0.E0));
#898=VECTOR('',#897,2.4E-1);
#899=CARTESIAN_POINT('',(8.4E-1,2.85E-1,6.E-2));
#900=LINE('',#899,#898);
#901=DIRECTION('',(0.E0,1.E0,0.E0));
#902=VECTOR('',#901,2.4E-1);
#903=CARTESIAN_POINT('',(8.4E-1,4.5E-2,-6.E-2));
#904=LINE('',#903,#902);
#905=DIRECTION('',(0.E0,0.E0,1.E0));
#906=VECTOR('',#905,2.E-2);
#907=CARTESIAN_POINT('',(8.4E-1,2.85E-1,-6.E-2));
#908=LINE('',#907,#906);
#909=DIRECTION('',(0.E0,-1.E0,0.E0));
#910=VECTOR('',#909,2.4E-1);
#911=CARTESIAN_POINT('',(8.4E-1,2.85E-1,-4.E-2));
#912=LINE('',#911,#910);
#913=DIRECTION('',(0.E0,1.E0,0.E0));
#914=VECTOR('',#913,1.07E-1);
#915=CARTESIAN_POINT('',(8.6E-1,-1.52E-1,4.E-2));
#916=LINE('',#915,#914);
#917=DIRECTION('',(0.E0,0.E0,-1.E0));
#918=VECTOR('',#917,2.E-2);
#919=CARTESIAN_POINT('',(8.6E-1,-1.52E-1,6.E-2));
#920=LINE('',#919,#918);
#921=DIRECTION('',(0.E0,-1.E0,0.E0));
#922=VECTOR('',#921,1.07E-1);
#923=CARTESIAN_POINT('',(8.6E-1,-4.5E-2,6.E-2));
#924=LINE('',#923,#922);
#925=DIRECTION('',(0.E0,1.E0,0.E0));
#926=VECTOR('',#925,1.07E-1);
#927=CARTESIAN_POINT('',(8.6E-1,-1.52E-1,-6.E-2));
#928=LINE('',#927,#926);
#929=DIRECTION('',(0.E0,0.E0,-1.E0));
#930=VECTOR('',#929,2.E-2);
#931=CARTESIAN_POINT('',(8.6E-1,-1.52E-1,-4.E-2));
#932=LINE('',#931,#930);
#933=DIRECTION('',(0.E0,-1.E0,0.E0));
#934=VECTOR('',#933,1.07E-1);
#935=CARTESIAN_POINT('',(8.6E-1,-4.5E-2,-4.E-2));
#936=LINE('',#935,#934);
#937=DIRECTION('',(0.E0,-1.E0,0.E0));
#938=VECTOR('',#937,2.4E-1);
#939=CARTESIAN_POINT('',(8.6E-1,2.85E-1,6.E-2));
#940=LINE('',#939,#938);
#941=DIRECTION('',(0.E0,0.E0,1.E0));
#942=VECTOR('',#941,2.E-2);
#943=CARTESIAN_POINT('',(8.6E-1,2.85E-1,4.E-2));
#944=LINE('',#943,#942);
#945=DIRECTION('',(0.E0,1.E0,0.E0));
#946=VECTOR('',#945,2.4E-1);
#947=CARTESIAN_POINT('',(8.6E-1,4.5E-2,4.E-2));
#948=LINE('',#947,#946);
#949=DIRECTION('',(0.E0,-1.E0,0.E0));
#950=VECTOR('',#949,2.4E-1);
#951=CARTESIAN_POINT('',(8.6E-1,2.85E-1,-4.E-2));
#952=LINE('',#951,#950);
#953=DIRECTION('',(0.E0,0.E0,1.E0));
#954=VECTOR('',#953,2.E-2);
#955=CARTESIAN_POINT('',(8.6E-1,2.85E-1,-6.E-2));
#956=LINE('',#955,#954);
#957=DIRECTION('',(0.E0,1.E0,0.E0));
#958=VECTOR('',#957,2.4E-1);
#959=CARTESIAN_POINT('',(8.6E-1,4.5E-2,-6.E-2));
#960=LINE('',#959,#958);
#961=DIRECTION('',(1.E0,0.E0,0.E0));
#962=VECTOR('',#961,2.E-2);
#963=CARTESIAN_POINT('',(8.4E-1,-1.52E-1,4.E-2));
#964=LINE('',#963,#962);
#965=DIRECTION('',(1.E0,0.E0,0.E0));
#966=VECTOR('',#965,2.E-2);
#967=CARTESIAN_POINT('',(8.4E-1,-1.52E-1,6.E-2));
#968=LINE('',#967,#966);
#969=DIRECTION('',(1.E0,0.E0,0.E0));
#970=VECTOR('',#969,2.E-2);
#971=CARTESIAN_POINT('',(8.4E-1,-1.52E-1,-6.E-2));
#972=LINE('',#971,#970);
#973=DIRECTION('',(1.E0,0.E0,0.E0));
#974=VECTOR('',#973,2.E-2);
#975=CARTESIAN_POINT('',(8.4E-1,-1.52E-1,-4.E-2));
#976=LINE('',#975,#974);
#977=DIRECTION('',(0.E0,0.E0,-1.E0));
#978=VECTOR('',#977,2.E-2);
#979=CARTESIAN_POINT('',(8.4E-1,4.5E-2,6.E-2));
#980=LINE('',#979,#978);
#981=DIRECTION('',(1.E0,0.E0,0.E0));
#982=VECTOR('',#981,2.E-2);
#983=CARTESIAN_POINT('',(8.4E-1,4.5E-2,6.E-2));
#984=LINE('',#983,#982);
#985=DIRECTION('',(0.E0,0.E0,-1.E0));
#986=VECTOR('',#985,2.E-2);
#987=CARTESIAN_POINT('',(8.6E-1,4.5E-2,6.E-2));
#988=LINE('',#987,#986);
#989=DIRECTION('',(1.E0,0.E0,0.E0));
#990=VECTOR('',#989,2.E-2);
#991=CARTESIAN_POINT('',(8.4E-1,4.5E-2,4.E-2));
#992=LINE('',#991,#990);
#993=DIRECTION('',(0.E0,0.E0,-1.E0));
#994=VECTOR('',#993,2.E-2);
#995=CARTESIAN_POINT('',(8.4E-1,4.5E-2,-4.E-2));
#996=LINE('',#995,#994);
#997=DIRECTION('',(1.E0,0.E0,0.E0));
#998=VECTOR('',#997,2.E-2);
#999=CARTESIAN_POINT('',(8.4E-1,4.5E-2,-4.E-2));
#1000=LINE('',#999,#998);
#1001=DIRECTION('',(0.E0,0.E0,-1.E0));
#1002=VECTOR('',#1001,2.E-2);
#1003=CARTESIAN_POINT('',(8.6E-1,4.5E-2,-4.E-2));
#1004=LINE('',#1003,#1002);
#1005=DIRECTION('',(1.E0,0.E0,0.E0));
#1006=VECTOR('',#1005,2.E-2);
#1007=CARTESIAN_POINT('',(8.4E-1,4.5E-2,-6.E-2));
#1008=LINE('',#1007,#1006);
#1009=DIRECTION('',(0.E0,0.E0,-1.E0));
#1010=VECTOR('',#1009,2.E-2);
#1011=CARTESIAN_POINT('',(7.4E-1,4.5E-2,6.E-2));
#1012=LINE('',#1011,#1010);
#1013=DIRECTION('',(1.E0,0.E0,0.E0));
#1014=VECTOR('',#1013,2.E-2);
#1015=CARTESIAN_POINT('',(7.4E-1,4.5E-2,6.E-2));
#1016=LINE('',#1015,#1014);
#1017=DIRECTION('',(0.E0,0.E0,-1.E0));
#1018=VECTOR('',#1017,2.E-2);
#1019=CARTESIAN_POINT('',(7.6E-1,4.5E-2,6.E-2));
#1020=LINE('',#1019,#1018);
#1021=DIRECTION('',(1.E0,0.E0,0.E0));
#1022=VECTOR('',#1021,2.E-2);
#1023=CARTESIAN_POINT('',(7.4E-1,4.5E-2,4.E-2));
#1024=LINE('',#1023,#1022);
#1025=DIRECTION('',(0.E0,0.E0,-1.E0));
#1026=VECTOR('',#1025,2.E-2);
#1027=CARTESIAN_POINT('',(7.4E-1,4.5E-2,-4.E-2));
#1028=LINE('',#1027,#1026);
#1029=DIRECTION('',(1.E0,0.E0,0.E0));
#1030=VECTOR('',#1029,2.E-2);
#1031=CARTESIAN_POINT('',(7.4E-1,4.5E-2,-4.E-2));
#1032=LINE('',#1031,#1030);
#1033=DIRECTION('',(0.E0,0.E0,-1.E0));
#1034=VECTOR('',#1033,2.E-2);
#1035=CARTESIAN_POINT('',(7.6E-1,4.5E-2,-4.E-2));
#1036=LINE('',#1035,#1034);
#1037=DIRECTION('',(1.E0,0.E0,0.E0));
#1038=VECTOR('',#1037,2.E-2);
#1039=CARTESIAN_POINT('',(7.4E-1,4.5E-2,-6.E-2));
#1040=LINE('',#1039,#1038);
#1041=DIRECTION('',(0.E0,0.E0,-1.E0));
#1042=VECTOR('',#1041,2.E-2);
#1043=CARTESIAN_POINT('',(6.4E-1,4.5E-2,6.E-2));
#1044=LINE('',#1043,#1042);
#1045=DIRECTION('',(1.E0,0.E0,0.E0));
#1046=VECTOR('',#1045,2.E-2);
#1047=CARTESIAN_POINT('',(6.4E-1,4.5E-2,6.E-2));
#1048=LINE('',#1047,#1046);
#1049=DIRECTION('',(0.E0,0.E0,-1.E0));
#1050=VECTOR('',#1049,2.E-2);
#1051=CARTESIAN_POINT('',(6.6E-1,4.5E-2,6.E-2));
#1052=LINE('',#1051,#1050);
#1053=DIRECTION('',(1.E0,0.E0,0.E0));
#1054=VECTOR('',#1053,2.E-2);
#1055=CARTESIAN_POINT('',(6.4E-1,4.5E-2,4.E-2));
#1056=LINE('',#1055,#1054);
#1057=DIRECTION('',(0.E0,0.E0,-1.E0));
#1058=VECTOR('',#1057,2.E-2);
#1059=CARTESIAN_POINT('',(6.4E-1,4.5E-2,-4.E-2));
#1060=LINE('',#1059,#1058);
#1061=DIRECTION('',(1.E0,0.E0,0.E0));
#1062=VECTOR('',#1061,2.E-2);
#1063=CARTESIAN_POINT('',(6.4E-1,4.5E-2,-4.E-2));
#1064=LINE('',#1063,#1062);
#1065=DIRECTION('',(0.E0,0.E0,-1.E0));
#1066=VECTOR('',#1065,2.E-2);
#1067=CARTESIAN_POINT('',(6.6E-1,4.5E-2,-4.E-2));
#1068=LINE('',#1067,#1066);
#1069=DIRECTION('',(1.E0,0.E0,0.E0));
#1070=VECTOR('',#1069,2.E-2);
#1071=CARTESIAN_POINT('',(6.4E-1,4.5E-2,-6.E-2));
#1072=LINE('',#1071,#1070);
#1073=DIRECTION('',(0.E0,0.E0,-1.E0));
#1074=VECTOR('',#1073,2.E-2);
#1075=CARTESIAN_POINT('',(5.4E-1,4.5E-2,6.E-2));
#1076=LINE('',#1075,#1074);
#1077=DIRECTION('',(1.E0,0.E0,0.E0));
#1078=VECTOR('',#1077,2.E-2);
#1079=CARTESIAN_POINT('',(5.4E-1,4.5E-2,6.E-2));
#1080=LINE('',#1079,#1078);
#1081=DIRECTION('',(0.E0,0.E0,-1.E0));
#1082=VECTOR('',#1081,2.E-2);
#1083=CARTESIAN_POINT('',(5.6E-1,4.5E-2,6.E-2));
#1084=LINE('',#1083,#1082);
#1085=DIRECTION('',(1.E0,0.E0,0.E0));
#1086=VECTOR('',#1085,2.E-2);
#1087=CARTESIAN_POINT('',(5.4E-1,4.5E-2,4.E-2));
#1088=LINE('',#1087,#1086);
#1089=DIRECTION('',(0.E0,0.E0,-1.E0));
#1090=VECTOR('',#1089,2.E-2);
#1091=CARTESIAN_POINT('',(5.4E-1,4.5E-2,-4.E-2));
#1092=LINE('',#1091,#1090);
#1093=DIRECTION('',(1.E0,0.E0,0.E0));
#1094=VECTOR('',#1093,2.E-2);
#1095=CARTESIAN_POINT('',(5.4E-1,4.5E-2,-4.E-2));
#1096=LINE('',#1095,#1094);
#1097=DIRECTION('',(0.E0,0.E0,-1.E0));
#1098=VECTOR('',#1097,2.E-2);
#1099=CARTESIAN_POINT('',(5.6E-1,4.5E-2,-4.E-2));
#1100=LINE('',#1099,#1098);
#1101=DIRECTION('',(1.E0,0.E0,0.E0));
#1102=VECTOR('',#1101,2.E-2);
#1103=CARTESIAN_POINT('',(5.4E-1,4.5E-2,-6.E-2));
#1104=LINE('',#1103,#1102);
#1105=DIRECTION('',(0.E0,0.E0,-1.E0));
#1106=VECTOR('',#1105,2.E-2);
#1107=CARTESIAN_POINT('',(4.4E-1,4.5E-2,6.E-2));
#1108=LINE('',#1107,#1106);
#1109=DIRECTION('',(1.E0,0.E0,0.E0));
#1110=VECTOR('',#1109,2.E-2);
#1111=CARTESIAN_POINT('',(4.4E-1,4.5E-2,6.E-2));
#1112=LINE('',#1111,#1110);
#1113=DIRECTION('',(0.E0,0.E0,-1.E0));
#1114=VECTOR('',#1113,2.E-2);
#1115=CARTESIAN_POINT('',(4.6E-1,4.5E-2,6.E-2));
#1116=LINE('',#1115,#1114);
#1117=DIRECTION('',(1.E0,0.E0,0.E0));
#1118=VECTOR('',#1117,2.E-2);
#1119=CARTESIAN_POINT('',(4.4E-1,4.5E-2,4.E-2));
#1120=LINE('',#1119,#1118);
#1121=DIRECTION('',(0.E0,0.E0,-1.E0));
#1122=VECTOR('',#1121,2.E-2);
#1123=CARTESIAN_POINT('',(4.4E-1,4.5E-2,-4.E-2));
#1124=LINE('',#1123,#1122);
#1125=DIRECTION('',(1.E0,0.E0,0.E0));
#1126=VECTOR('',#1125,2.E-2);
#1127=CARTESIAN_POINT('',(4.4E-1,4.5E-2,-4.E-2));
#1128=LINE('',#1127,#1126);
#1129=DIRECTION('',(0.E0,0.E0,-1.E0));
#1130=VECTOR('',#1129,2.E-2);
#1131=CARTESIAN_POINT('',(4.6E-1,4.5E-2,-4.E-2));
#1132=LINE('',#1131,#1130);
#1133=DIRECTION('',(1.E0,0.E0,0.E0));
#1134=VECTOR('',#1133,2.E-2);
#1135=CARTESIAN_POINT('',(4.4E-1,4.5E-2,-6.E-2));
#1136=LINE('',#1135,#1134);
#1137=DIRECTION('',(0.E0,0.E0,-1.E0));
#1138=VECTOR('',#1137,2.E-2);
#1139=CARTESIAN_POINT('',(3.4E-1,4.5E-2,6.E-2));
#1140=LINE('',#1139,#1138);
#1141=DIRECTION('',(1.E0,0.E0,0.E0));
#1142=VECTOR('',#1141,2.E-2);
#1143=CARTESIAN_POINT('',(3.4E-1,4.5E-2,6.E-2));
#1144=LINE('',#1143,#1142);
#1145=DIRECTION('',(0.E0,0.E0,-1.E0));
#1146=VECTOR('',#1145,2.E-2);
#1147=CARTESIAN_POINT('',(3.6E-1,4.5E-2,6.E-2));
#1148=LINE('',#1147,#1146);
#1149=DIRECTION('',(1.E0,0.E0,0.E0));
#1150=VECTOR('',#1149,2.E-2);
#1151=CARTESIAN_POINT('',(3.4E-1,4.5E-2,4.E-2));
#1152=LINE('',#1151,#1150);
#1153=DIRECTION('',(0.E0,0.E0,-1.E0));
#1154=VECTOR('',#1153,2.E-2);
#1155=CARTESIAN_POINT('',(3.4E-1,4.5E-2,-4.E-2));
#1156=LINE('',#1155,#1154);
#1157=DIRECTION('',(1.E0,0.E0,0.E0));
#1158=VECTOR('',#1157,2.E-2);
#1159=CARTESIAN_POINT('',(3.4E-1,4.5E-2,-4.E-2));
#1160=LINE('',#1159,#1158);
#1161=DIRECTION('',(0.E0,0.E0,-1.E0));
#1162=VECTOR('',#1161,2.E-2);
#1163=CARTESIAN_POINT('',(3.6E-1,4.5E-2,-4.E-2));
#1164=LINE('',#1163,#1162);
#1165=DIRECTION('',(1.E0,0.E0,0.E0));
#1166=VECTOR('',#1165,2.E-2);
#1167=CARTESIAN_POINT('',(3.4E-1,4.5E-2,-6.E-2));
#1168=LINE('',#1167,#1166);
#1169=DIRECTION('',(0.E0,0.E0,-1.E0));
#1170=VECTOR('',#1169,2.E-2);
#1171=CARTESIAN_POINT('',(2.4E-1,4.5E-2,6.E-2));
#1172=LINE('',#1171,#1170);
#1173=DIRECTION('',(1.E0,0.E0,0.E0));
#1174=VECTOR('',#1173,2.E-2);
#1175=CARTESIAN_POINT('',(2.4E-1,4.5E-2,6.E-2));
#1176=LINE('',#1175,#1174);
#1177=DIRECTION('',(0.E0,0.E0,-1.E0));
#1178=VECTOR('',#1177,2.E-2);
#1179=CARTESIAN_POINT('',(2.6E-1,4.5E-2,6.E-2));
#1180=LINE('',#1179,#1178);
#1181=DIRECTION('',(1.E0,0.E0,0.E0));
#1182=VECTOR('',#1181,2.E-2);
#1183=CARTESIAN_POINT('',(2.4E-1,4.5E-2,4.E-2));
#1184=LINE('',#1183,#1182);
#1185=DIRECTION('',(0.E0,0.E0,-1.E0));
#1186=VECTOR('',#1185,2.E-2);
#1187=CARTESIAN_POINT('',(2.4E-1,4.5E-2,-4.E-2));
#1188=LINE('',#1187,#1186);
#1189=DIRECTION('',(1.E0,0.E0,0.E0));
#1190=VECTOR('',#1189,2.E-2);
#1191=CARTESIAN_POINT('',(2.4E-1,4.5E-2,-4.E-2));
#1192=LINE('',#1191,#1190);
#1193=DIRECTION('',(0.E0,0.E0,-1.E0));
#1194=VECTOR('',#1193,2.E-2);
#1195=CARTESIAN_POINT('',(2.6E-1,4.5E-2,-4.E-2));
#1196=LINE('',#1195,#1194);
#1197=DIRECTION('',(1.E0,0.E0,0.E0));
#1198=VECTOR('',#1197,2.E-2);
#1199=CARTESIAN_POINT('',(2.4E-1,4.5E-2,-6.E-2));
#1200=LINE('',#1199,#1198);
#1201=DIRECTION('',(0.E0,0.E0,-1.E0));
#1202=VECTOR('',#1201,2.E-2);
#1203=CARTESIAN_POINT('',(1.4E-1,4.5E-2,6.E-2));
#1204=LINE('',#1203,#1202);
#1205=DIRECTION('',(1.E0,0.E0,0.E0));
#1206=VECTOR('',#1205,2.E-2);
#1207=CARTESIAN_POINT('',(1.4E-1,4.5E-2,6.E-2));
#1208=LINE('',#1207,#1206);
#1209=DIRECTION('',(0.E0,0.E0,-1.E0));
#1210=VECTOR('',#1209,2.E-2);
#1211=CARTESIAN_POINT('',(1.6E-1,4.5E-2,6.E-2));
#1212=LINE('',#1211,#1210);
#1213=DIRECTION('',(1.E0,0.E0,0.E0));
#1214=VECTOR('',#1213,2.E-2);
#1215=CARTESIAN_POINT('',(1.4E-1,4.5E-2,4.E-2));
#1216=LINE('',#1215,#1214);
#1217=DIRECTION('',(0.E0,0.E0,-1.E0));
#1218=VECTOR('',#1217,2.E-2);
#1219=CARTESIAN_POINT('',(1.4E-1,4.5E-2,-4.E-2));
#1220=LINE('',#1219,#1218);
#1221=DIRECTION('',(1.E0,0.E0,0.E0));
#1222=VECTOR('',#1221,2.E-2);
#1223=CARTESIAN_POINT('',(1.4E-1,4.5E-2,-4.E-2));
#1224=LINE('',#1223,#1222);
#1225=DIRECTION('',(0.E0,0.E0,-1.E0));
#1226=VECTOR('',#1225,2.E-2);
#1227=CARTESIAN_POINT('',(1.6E-1,4.5E-2,-4.E-2));
#1228=LINE('',#1227,#1226);
#1229=DIRECTION('',(1.E0,0.E0,0.E0));
#1230=VECTOR('',#1229,2.E-2);
#1231=CARTESIAN_POINT('',(1.4E-1,4.5E-2,-6.E-2));
#1232=LINE('',#1231,#1230);
#1233=DIRECTION('',(0.E0,0.E0,-1.E0));
#1234=VECTOR('',#1233,2.E-2);
#1235=CARTESIAN_POINT('',(4.E-2,4.5E-2,6.E-2));
#1236=LINE('',#1235,#1234);
#1237=DIRECTION('',(1.E0,0.E0,0.E0));
#1238=VECTOR('',#1237,2.E-2);
#1239=CARTESIAN_POINT('',(4.E-2,4.5E-2,6.E-2));
#1240=LINE('',#1239,#1238);
#1241=DIRECTION('',(0.E0,0.E0,-1.E0));
#1242=VECTOR('',#1241,2.E-2);
#1243=CARTESIAN_POINT('',(6.E-2,4.5E-2,6.E-2));
#1244=LINE('',#1243,#1242);
#1245=DIRECTION('',(1.E0,0.E0,0.E0));
#1246=VECTOR('',#1245,2.E-2);
#1247=CARTESIAN_POINT('',(4.E-2,4.5E-2,4.E-2));
#1248=LINE('',#1247,#1246);
#1249=DIRECTION('',(0.E0,0.E0,-1.E0));
#1250=VECTOR('',#1249,2.E-2);
#1251=CARTESIAN_POINT('',(4.E-2,4.5E-2,-4.E-2));
#1252=LINE('',#1251,#1250);
#1253=DIRECTION('',(1.E0,0.E0,0.E0));
#1254=VECTOR('',#1253,2.E-2);
#1255=CARTESIAN_POINT('',(4.E-2,4.5E-2,-4.E-2));
#1256=LINE('',#1255,#1254);
#1257=DIRECTION('',(0.E0,0.E0,-1.E0));
#1258=VECTOR('',#1257,2.E-2);
#1259=CARTESIAN_POINT('',(6.E-2,4.5E-2,-4.E-2));
#1260=LINE('',#1259,#1258);
#1261=DIRECTION('',(1.E0,0.E0,0.E0));
#1262=VECTOR('',#1261,2.E-2);
#1263=CARTESIAN_POINT('',(4.E-2,4.5E-2,-6.E-2));
#1264=LINE('',#1263,#1262);
#1265=DIRECTION('',(0.E0,0.E0,-1.E0));
#1266=VECTOR('',#1265,2.E-2);
#1267=CARTESIAN_POINT('',(-6.E-2,4.5E-2,6.E-2));
#1268=LINE('',#1267,#1266);
#1269=DIRECTION('',(1.E0,0.E0,0.E0));
#1270=VECTOR('',#1269,2.E-2);
#1271=CARTESIAN_POINT('',(-6.E-2,4.5E-2,6.E-2));
#1272=LINE('',#1271,#1270);
#1273=DIRECTION('',(0.E0,0.E0,-1.E0));
#1274=VECTOR('',#1273,2.E-2);
#1275=CARTESIAN_POINT('',(-4.E-2,4.5E-2,6.E-2));
#1276=LINE('',#1275,#1274);
#1277=DIRECTION('',(1.E0,0.E0,0.E0));
#1278=VECTOR('',#1277,2.E-2);
#1279=CARTESIAN_POINT('',(-6.E-2,4.5E-2,4.E-2));
#1280=LINE('',#1279,#1278);
#1281=DIRECTION('',(0.E0,0.E0,-1.E0));
#1282=VECTOR('',#1281,2.E-2);
#1283=CARTESIAN_POINT('',(-6.E-2,4.5E-2,-4.E-2));
#1284=LINE('',#1283,#1282);
#1285=DIRECTION('',(1.E0,0.E0,0.E0));
#1286=VECTOR('',#1285,2.E-2);
#1287=CARTESIAN_POINT('',(-6.E-2,4.5E-2,-4.E-2));
#1288=LINE('',#1287,#1286);
#1289=DIRECTION('',(0.E0,0.E0,-1.E0));
#1290=VECTOR('',#1289,2.E-2);
#1291=CARTESIAN_POINT('',(-4.E-2,4.5E-2,-4.E-2));
#1292=LINE('',#1291,#1290);
#1293=DIRECTION('',(1.E0,0.E0,0.E0));
#1294=VECTOR('',#1293,2.E-2);
#1295=CARTESIAN_POINT('',(-6.E-2,4.5E-2,-6.E-2));
#1296=LINE('',#1295,#1294);
#1297=DIRECTION('',(0.E0,0.E0,-1.E0));
#1298=VECTOR('',#1297,2.E-2);
#1299=CARTESIAN_POINT('',(-1.6E-1,4.5E-2,6.E-2));
#1300=LINE('',#1299,#1298);
#1301=DIRECTION('',(1.E0,0.E0,0.E0));
#1302=VECTOR('',#1301,2.E-2);
#1303=CARTESIAN_POINT('',(-1.6E-1,4.5E-2,6.E-2));
#1304=LINE('',#1303,#1302);
#1305=DIRECTION('',(0.E0,0.E0,-1.E0));
#1306=VECTOR('',#1305,2.E-2);
#1307=CARTESIAN_POINT('',(-1.4E-1,4.5E-2,6.E-2));
#1308=LINE('',#1307,#1306);
#1309=DIRECTION('',(1.E0,0.E0,0.E0));
#1310=VECTOR('',#1309,2.E-2);
#1311=CARTESIAN_POINT('',(-1.6E-1,4.5E-2,4.E-2));
#1312=LINE('',#1311,#1310);
#1313=DIRECTION('',(0.E0,0.E0,-1.E0));
#1314=VECTOR('',#1313,2.E-2);
#1315=CARTESIAN_POINT('',(-1.6E-1,4.5E-2,-4.E-2));
#1316=LINE('',#1315,#1314);
#1317=DIRECTION('',(1.E0,0.E0,0.E0));
#1318=VECTOR('',#1317,2.E-2);
#1319=CARTESIAN_POINT('',(-1.6E-1,4.5E-2,-4.E-2));
#1320=LINE('',#1319,#1318);
#1321=DIRECTION('',(0.E0,0.E0,-1.E0));
#1322=VECTOR('',#1321,2.E-2);
#1323=CARTESIAN_POINT('',(-1.4E-1,4.5E-2,-4.E-2));
#1324=LINE('',#1323,#1322);
#1325=DIRECTION('',(1.E0,0.E0,0.E0));
#1326=VECTOR('',#1325,2.E-2);
#1327=CARTESIAN_POINT('',(-1.6E-1,4.5E-2,-6.E-2));
#1328=LINE('',#1327,#1326);
#1329=DIRECTION('',(0.E0,0.E0,-1.E0));
#1330=VECTOR('',#1329,2.E-2);
#1331=CARTESIAN_POINT('',(-2.6E-1,4.5E-2,6.E-2));
#1332=LINE('',#1331,#1330);
#1333=DIRECTION('',(1.E0,0.E0,0.E0));
#1334=VECTOR('',#1333,2.E-2);
#1335=CARTESIAN_POINT('',(-2.6E-1,4.5E-2,6.E-2));
#1336=LINE('',#1335,#1334);
#1337=DIRECTION('',(0.E0,0.E0,-1.E0));
#1338=VECTOR('',#1337,2.E-2);
#1339=CARTESIAN_POINT('',(-2.4E-1,4.5E-2,6.E-2));
#1340=LINE('',#1339,#1338);
#1341=DIRECTION('',(1.E0,0.E0,0.E0));
#1342=VECTOR('',#1341,2.E-2);
#1343=CARTESIAN_POINT('',(-2.6E-1,4.5E-2,4.E-2));
#1344=LINE('',#1343,#1342);
#1345=DIRECTION('',(0.E0,0.E0,-1.E0));
#1346=VECTOR('',#1345,2.E-2);
#1347=CARTESIAN_POINT('',(-2.6E-1,4.5E-2,-4.E-2));
#1348=LINE('',#1347,#1346);
#1349=DIRECTION('',(1.E0,0.E0,0.E0));
#1350=VECTOR('',#1349,2.E-2);
#1351=CARTESIAN_POINT('',(-2.6E-1,4.5E-2,-4.E-2));
#1352=LINE('',#1351,#1350);
#1353=DIRECTION('',(0.E0,0.E0,-1.E0));
#1354=VECTOR('',#1353,2.E-2);
#1355=CARTESIAN_POINT('',(-2.4E-1,4.5E-2,-4.E-2));
#1356=LINE('',#1355,#1354);
#1357=DIRECTION('',(1.E0,0.E0,0.E0));
#1358=VECTOR('',#1357,2.E-2);
#1359=CARTESIAN_POINT('',(-2.6E-1,4.5E-2,-6.E-2));
#1360=LINE('',#1359,#1358);
#1361=DIRECTION('',(0.E0,0.E0,-1.E0));
#1362=VECTOR('',#1361,2.E-2);
#1363=CARTESIAN_POINT('',(-3.6E-1,4.5E-2,6.E-2));
#1364=LINE('',#1363,#1362);
#1365=DIRECTION('',(1.E0,0.E0,0.E0));
#1366=VECTOR('',#1365,2.E-2);
#1367=CARTESIAN_POINT('',(-3.6E-1,4.5E-2,6.E-2));
#1368=LINE('',#1367,#1366);
#1369=DIRECTION('',(0.E0,0.E0,-1.E0));
#1370=VECTOR('',#1369,2.E-2);
#1371=CARTESIAN_POINT('',(-3.4E-1,4.5E-2,6.E-2));
#1372=LINE('',#1371,#1370);
#1373=DIRECTION('',(1.E0,0.E0,0.E0));
#1374=VECTOR('',#1373,2.E-2);
#1375=CARTESIAN_POINT('',(-3.6E-1,4.5E-2,4.E-2));
#1376=LINE('',#1375,#1374);
#1377=DIRECTION('',(0.E0,0.E0,-1.E0));
#1378=VECTOR('',#1377,2.E-2);
#1379=CARTESIAN_POINT('',(-3.6E-1,4.5E-2,-4.E-2));
#1380=LINE('',#1379,#1378);
#1381=DIRECTION('',(1.E0,0.E0,0.E0));
#1382=VECTOR('',#1381,2.E-2);
#1383=CARTESIAN_POINT('',(-3.6E-1,4.5E-2,-4.E-2));
#1384=LINE('',#1383,#1382);
#1385=DIRECTION('',(0.E0,0.E0,-1.E0));
#1386=VECTOR('',#1385,2.E-2);
#1387=CARTESIAN_POINT('',(-3.4E-1,4.5E-2,-4.E-2));
#1388=LINE('',#1387,#1386);
#1389=DIRECTION('',(1.E0,0.E0,0.E0));
#1390=VECTOR('',#1389,2.E-2);
#1391=CARTESIAN_POINT('',(-3.6E-1,4.5E-2,-6.E-2));
#1392=LINE('',#1391,#1390);
#1393=DIRECTION('',(0.E0,0.E0,-1.E0));
#1394=VECTOR('',#1393,2.E-2);
#1395=CARTESIAN_POINT('',(-4.6E-1,4.5E-2,6.E-2));
#1396=LINE('',#1395,#1394);
#1397=DIRECTION('',(1.E0,0.E0,0.E0));
#1398=VECTOR('',#1397,2.E-2);
#1399=CARTESIAN_POINT('',(-4.6E-1,4.5E-2,6.E-2));
#1400=LINE('',#1399,#1398);
#1401=DIRECTION('',(0.E0,0.E0,-1.E0));
#1402=VECTOR('',#1401,2.E-2);
#1403=CARTESIAN_POINT('',(-4.4E-1,4.5E-2,6.E-2));
#1404=LINE('',#1403,#1402);
#1405=DIRECTION('',(1.E0,0.E0,0.E0));
#1406=VECTOR('',#1405,2.E-2);
#1407=CARTESIAN_POINT('',(-4.6E-1,4.5E-2,4.E-2));
#1408=LINE('',#1407,#1406);
#1409=DIRECTION('',(0.E0,0.E0,-1.E0));
#1410=VECTOR('',#1409,2.E-2);
#1411=CARTESIAN_POINT('',(-4.6E-1,4.5E-2,-4.E-2));
#1412=LINE('',#1411,#1410);
#1413=DIRECTION('',(1.E0,0.E0,0.E0));
#1414=VECTOR('',#1413,2.E-2);
#1415=CARTESIAN_POINT('',(-4.6E-1,4.5E-2,-4.E-2));
#1416=LINE('',#1415,#1414);
#1417=DIRECTION('',(0.E0,0.E0,-1.E0));
#1418=VECTOR('',#1417,2.E-2);
#1419=CARTESIAN_POINT('',(-4.4E-1,4.5E-2,-4.E-2));
#1420=LINE('',#1419,#1418);
#1421=DIRECTION('',(1.E0,0.E0,0.E0));
#1422=VECTOR('',#1421,2.E-2);
#1423=CARTESIAN_POINT('',(-4.6E-1,4.5E-2,-6.E-2));
#1424=LINE('',#1423,#1422);
#1425=DIRECTION('',(0.E0,0.E0,-1.E0));
#1426=VECTOR('',#1425,2.E-2);
#1427=CARTESIAN_POINT('',(-5.6E-1,4.5E-2,6.E-2));
#1428=LINE('',#1427,#1426);
#1429=DIRECTION('',(1.E0,0.E0,0.E0));
#1430=VECTOR('',#1429,2.E-2);
#1431=CARTESIAN_POINT('',(-5.6E-1,4.5E-2,6.E-2));
#1432=LINE('',#1431,#1430);
#1433=DIRECTION('',(0.E0,0.E0,-1.E0));
#1434=VECTOR('',#1433,2.E-2);
#1435=CARTESIAN_POINT('',(-5.4E-1,4.5E-2,6.E-2));
#1436=LINE('',#1435,#1434);
#1437=DIRECTION('',(1.E0,0.E0,0.E0));
#1438=VECTOR('',#1437,2.E-2);
#1439=CARTESIAN_POINT('',(-5.6E-1,4.5E-2,4.E-2));
#1440=LINE('',#1439,#1438);
#1441=DIRECTION('',(0.E0,0.E0,-1.E0));
#1442=VECTOR('',#1441,2.E-2);
#1443=CARTESIAN_POINT('',(-5.6E-1,4.5E-2,-4.E-2));
#1444=LINE('',#1443,#1442);
#1445=DIRECTION('',(1.E0,0.E0,0.E0));
#1446=VECTOR('',#1445,2.E-2);
#1447=CARTESIAN_POINT('',(-5.6E-1,4.5E-2,-4.E-2));
#1448=LINE('',#1447,#1446);
#1449=DIRECTION('',(0.E0,0.E0,-1.E0));
#1450=VECTOR('',#1449,2.E-2);
#1451=CARTESIAN_POINT('',(-5.4E-1,4.5E-2,-4.E-2));
#1452=LINE('',#1451,#1450);
#1453=DIRECTION('',(1.E0,0.E0,0.E0));
#1454=VECTOR('',#1453,2.E-2);
#1455=CARTESIAN_POINT('',(-5.6E-1,4.5E-2,-6.E-2));
#1456=LINE('',#1455,#1454);
#1457=DIRECTION('',(0.E0,0.E0,-1.E0));
#1458=VECTOR('',#1457,2.E-2);
#1459=CARTESIAN_POINT('',(-6.6E-1,4.5E-2,6.E-2));
#1460=LINE('',#1459,#1458);
#1461=DIRECTION('',(1.E0,0.E0,0.E0));
#1462=VECTOR('',#1461,2.E-2);
#1463=CARTESIAN_POINT('',(-6.6E-1,4.5E-2,6.E-2));
#1464=LINE('',#1463,#1462);
#1465=DIRECTION('',(0.E0,0.E0,-1.E0));
#1466=VECTOR('',#1465,2.E-2);
#1467=CARTESIAN_POINT('',(-6.4E-1,4.5E-2,6.E-2));
#1468=LINE('',#1467,#1466);
#1469=DIRECTION('',(1.E0,0.E0,0.E0));
#1470=VECTOR('',#1469,2.E-2);
#1471=CARTESIAN_POINT('',(-6.6E-1,4.5E-2,4.E-2));
#1472=LINE('',#1471,#1470);
#1473=DIRECTION('',(0.E0,0.E0,-1.E0));
#1474=VECTOR('',#1473,2.E-2);
#1475=CARTESIAN_POINT('',(-6.6E-1,4.5E-2,-4.E-2));
#1476=LINE('',#1475,#1474);
#1477=DIRECTION('',(1.E0,0.E0,0.E0));
#1478=VECTOR('',#1477,2.E-2);
#1479=CARTESIAN_POINT('',(-6.6E-1,4.5E-2,-4.E-2));
#1480=LINE('',#1479,#1478);
#1481=DIRECTION('',(0.E0,0.E0,-1.E0));
#1482=VECTOR('',#1481,2.E-2);
#1483=CARTESIAN_POINT('',(-6.4E-1,4.5E-2,-4.E-2));
#1484=LINE('',#1483,#1482);
#1485=DIRECTION('',(1.E0,0.E0,0.E0));
#1486=VECTOR('',#1485,2.E-2);
#1487=CARTESIAN_POINT('',(-6.6E-1,4.5E-2,-6.E-2));
#1488=LINE('',#1487,#1486);
#1489=DIRECTION('',(0.E0,0.E0,-1.E0));
#1490=VECTOR('',#1489,2.E-2);
#1491=CARTESIAN_POINT('',(-7.6E-1,4.5E-2,6.E-2));
#1492=LINE('',#1491,#1490);
#1493=DIRECTION('',(1.E0,0.E0,0.E0));
#1494=VECTOR('',#1493,2.E-2);
#1495=CARTESIAN_POINT('',(-7.6E-1,4.5E-2,6.E-2));
#1496=LINE('',#1495,#1494);
#1497=DIRECTION('',(0.E0,0.E0,-1.E0));
#1498=VECTOR('',#1497,2.E-2);
#1499=CARTESIAN_POINT('',(-7.4E-1,4.5E-2,6.E-2));
#1500=LINE('',#1499,#1498);
#1501=DIRECTION('',(1.E0,0.E0,0.E0));
#1502=VECTOR('',#1501,2.E-2);
#1503=CARTESIAN_POINT('',(-7.6E-1,4.5E-2,4.E-2));
#1504=LINE('',#1503,#1502);
#1505=DIRECTION('',(0.E0,0.E0,-1.E0));
#1506=VECTOR('',#1505,2.E-2);
#1507=CARTESIAN_POINT('',(-7.6E-1,4.5E-2,-4.E-2));
#1508=LINE('',#1507,#1506);
#1509=DIRECTION('',(1.E0,0.E0,0.E0));
#1510=VECTOR('',#1509,2.E-2);
#1511=CARTESIAN_POINT('',(-7.6E-1,4.5E-2,-4.E-2));
#1512=LINE('',#1511,#1510);
#1513=DIRECTION('',(0.E0,0.E0,-1.E0));
#1514=VECTOR('',#1513,2.E-2);
#1515=CARTESIAN_POINT('',(-7.4E-1,4.5E-2,-4.E-2));
#1516=LINE('',#1515,#1514);
#1517=DIRECTION('',(1.E0,0.E0,0.E0));
#1518=VECTOR('',#1517,2.E-2);
#1519=CARTESIAN_POINT('',(-7.6E-1,4.5E-2,-6.E-2));
#1520=LINE('',#1519,#1518);
#1521=DIRECTION('',(0.E0,0.E0,-1.E0));
#1522=VECTOR('',#1521,2.E-2);
#1523=CARTESIAN_POINT('',(-8.6E-1,4.5E-2,6.E-2));
#1524=LINE('',#1523,#1522);
#1525=DIRECTION('',(1.E0,0.E0,0.E0));
#1526=VECTOR('',#1525,2.E-2);
#1527=CARTESIAN_POINT('',(-8.6E-1,4.5E-2,6.E-2));
#1528=LINE('',#1527,#1526);
#1529=DIRECTION('',(0.E0,0.E0,-1.E0));
#1530=VECTOR('',#1529,2.E-2);
#1531=CARTESIAN_POINT('',(-8.4E-1,4.5E-2,6.E-2));
#1532=LINE('',#1531,#1530);
#1533=DIRECTION('',(1.E0,0.E0,0.E0));
#1534=VECTOR('',#1533,2.E-2);
#1535=CARTESIAN_POINT('',(-8.6E-1,4.5E-2,4.E-2));
#1536=LINE('',#1535,#1534);
#1537=DIRECTION('',(0.E0,0.E0,-1.E0));
#1538=VECTOR('',#1537,2.E-2);
#1539=CARTESIAN_POINT('',(-8.6E-1,4.5E-2,-4.E-2));
#1540=LINE('',#1539,#1538);
#1541=DIRECTION('',(1.E0,0.E0,0.E0));
#1542=VECTOR('',#1541,2.E-2);
#1543=CARTESIAN_POINT('',(-8.6E-1,4.5E-2,-4.E-2));
#1544=LINE('',#1543,#1542);
#1545=DIRECTION('',(0.E0,0.E0,-1.E0));
#1546=VECTOR('',#1545,2.E-2);
#1547=CARTESIAN_POINT('',(-8.4E-1,4.5E-2,-4.E-2));
#1548=LINE('',#1547,#1546);
#1549=DIRECTION('',(1.E0,0.E0,0.E0));
#1550=VECTOR('',#1549,2.E-2);
#1551=CARTESIAN_POINT('',(-8.6E-1,4.5E-2,-6.E-2));
#1552=LINE('',#1551,#1550);
#1553=DIRECTION('',(0.E0,0.E0,1.E0));
#1554=VECTOR('',#1553,2.E-1);
#1555=CARTESIAN_POINT('',(-7.175E-1,4.5E-2,-1.E-1));
#1556=LINE('',#1555,#1554);
#1557=DIRECTION('',(1.E0,0.E0,0.E0));
#1558=VECTOR('',#1557,7.5E-2);
#1559=CARTESIAN_POINT('',(-7.925E-1,4.5E-2,1.E-1));
#1560=LINE('',#1559,#1558);
#1561=DIRECTION('',(0.E0,0.E0,1.E0));
#1562=VECTOR('',#1561,2.E-1);
#1563=CARTESIAN_POINT('',(-7.925E-1,4.5E-2,-1.E-1));
#1564=LINE('',#1563,#1562);
#1565=DIRECTION('',(-1.E0,0.E0,0.E0));
#1566=VECTOR('',#1565,7.5E-2);
#1567=CARTESIAN_POINT('',(-7.175E-1,4.5E-2,-1.E-1));
#1568=LINE('',#1567,#1566);
#1569=DIRECTION('',(0.E0,0.E0,1.E0));
#1570=VECTOR('',#1569,2.E-1);
#1571=CARTESIAN_POINT('',(-6.175E-1,4.5E-2,-1.E-1));
#1572=LINE('',#1571,#1570);
#1573=DIRECTION('',(1.E0,0.E0,0.E0));
#1574=VECTOR('',#1573,7.5E-2);
#1575=CARTESIAN_POINT('',(-6.925E-1,4.5E-2,1.E-1));
#1576=LINE('',#1575,#1574);
#1577=DIRECTION('',(0.E0,0.E0,1.E0));
#1578=VECTOR('',#1577,2.E-1);
#1579=CARTESIAN_POINT('',(-6.925E-1,4.5E-2,-1.E-1));
#1580=LINE('',#1579,#1578);
#1581=DIRECTION('',(-1.E0,0.E0,0.E0));
#1582=VECTOR('',#1581,7.5E-2);
#1583=CARTESIAN_POINT('',(-6.175E-1,4.5E-2,-1.E-1));
#1584=LINE('',#1583,#1582);
#1585=DIRECTION('',(0.E0,0.E0,1.E0));
#1586=VECTOR('',#1585,2.E-1);
#1587=CARTESIAN_POINT('',(-5.175E-1,4.5E-2,-1.E-1));
#1588=LINE('',#1587,#1586);
#1589=DIRECTION('',(1.E0,0.E0,0.E0));
#1590=VECTOR('',#1589,7.5E-2);
#1591=CARTESIAN_POINT('',(-5.925E-1,4.5E-2,1.E-1));
#1592=LINE('',#1591,#1590);
#1593=DIRECTION('',(0.E0,0.E0,1.E0));
#1594=VECTOR('',#1593,2.E-1);
#1595=CARTESIAN_POINT('',(-5.925E-1,4.5E-2,-1.E-1));
#1596=LINE('',#1595,#1594);
#1597=DIRECTION('',(-1.E0,0.E0,0.E0));
#1598=VECTOR('',#1597,7.5E-2);
#1599=CARTESIAN_POINT('',(-5.175E-1,4.5E-2,-1.E-1));
#1600=LINE('',#1599,#1598);
#1601=DIRECTION('',(0.E0,0.E0,1.E0));
#1602=VECTOR('',#1601,2.E-1);
#1603=CARTESIAN_POINT('',(-4.175E-1,4.5E-2,-1.E-1));
#1604=LINE('',#1603,#1602);
#1605=DIRECTION('',(1.E0,0.E0,0.E0));
#1606=VECTOR('',#1605,7.5E-2);
#1607=CARTESIAN_POINT('',(-4.925E-1,4.5E-2,1.E-1));
#1608=LINE('',#1607,#1606);
#1609=DIRECTION('',(0.E0,0.E0,1.E0));
#1610=VECTOR('',#1609,2.E-1);
#1611=CARTESIAN_POINT('',(-4.925E-1,4.5E-2,-1.E-1));
#1612=LINE('',#1611,#1610);
#1613=DIRECTION('',(-1.E0,0.E0,0.E0));
#1614=VECTOR('',#1613,7.5E-2);
#1615=CARTESIAN_POINT('',(-4.175E-1,4.5E-2,-1.E-1));
#1616=LINE('',#1615,#1614);
#1617=DIRECTION('',(0.E0,0.E0,1.E0));
#1618=VECTOR('',#1617,2.E-1);
#1619=CARTESIAN_POINT('',(-3.175E-1,4.5E-2,-1.E-1));
#1620=LINE('',#1619,#1618);
#1621=DIRECTION('',(1.E0,0.E0,0.E0));
#1622=VECTOR('',#1621,7.5E-2);
#1623=CARTESIAN_POINT('',(-3.925E-1,4.5E-2,1.E-1));
#1624=LINE('',#1623,#1622);
#1625=DIRECTION('',(0.E0,0.E0,1.E0));
#1626=VECTOR('',#1625,2.E-1);
#1627=CARTESIAN_POINT('',(-3.925E-1,4.5E-2,-1.E-1));
#1628=LINE('',#1627,#1626);
#1629=DIRECTION('',(-1.E0,0.E0,0.E0));
#1630=VECTOR('',#1629,7.5E-2);
#1631=CARTESIAN_POINT('',(-3.175E-1,4.5E-2,-1.E-1));
#1632=LINE('',#1631,#1630);
#1633=DIRECTION('',(0.E0,0.E0,1.E0));
#1634=VECTOR('',#1633,2.E-1);
#1635=CARTESIAN_POINT('',(-2.175E-1,4.5E-2,-1.E-1));
#1636=LINE('',#1635,#1634);
#1637=DIRECTION('',(1.E0,0.E0,0.E0));
#1638=VECTOR('',#1637,7.5E-2);
#1639=CARTESIAN_POINT('',(-2.925E-1,4.5E-2,1.E-1));
#1640=LINE('',#1639,#1638);
#1641=DIRECTION('',(0.E0,0.E0,1.E0));
#1642=VECTOR('',#1641,2.E-1);
#1643=CARTESIAN_POINT('',(-2.925E-1,4.5E-2,-1.E-1));
#1644=LINE('',#1643,#1642);
#1645=DIRECTION('',(-1.E0,0.E0,0.E0));
#1646=VECTOR('',#1645,7.5E-2);
#1647=CARTESIAN_POINT('',(-2.175E-1,4.5E-2,-1.E-1));
#1648=LINE('',#1647,#1646);
#1649=DIRECTION('',(0.E0,0.E0,1.E0));
#1650=VECTOR('',#1649,2.E-1);
#1651=CARTESIAN_POINT('',(-1.175E-1,4.5E-2,-1.E-1));
#1652=LINE('',#1651,#1650);
#1653=DIRECTION('',(1.E0,0.E0,0.E0));
#1654=VECTOR('',#1653,7.5E-2);
#1655=CARTESIAN_POINT('',(-1.925E-1,4.5E-2,1.E-1));
#1656=LINE('',#1655,#1654);
#1657=DIRECTION('',(0.E0,0.E0,1.E0));
#1658=VECTOR('',#1657,2.E-1);
#1659=CARTESIAN_POINT('',(-1.925E-1,4.5E-2,-1.E-1));
#1660=LINE('',#1659,#1658);
#1661=DIRECTION('',(-1.E0,0.E0,0.E0));
#1662=VECTOR('',#1661,7.5E-2);
#1663=CARTESIAN_POINT('',(-1.175E-1,4.5E-2,-1.E-1));
#1664=LINE('',#1663,#1662);
#1665=DIRECTION('',(0.E0,0.E0,1.E0));
#1666=VECTOR('',#1665,2.E-1);
#1667=CARTESIAN_POINT('',(-1.75E-2,4.5E-2,-1.E-1));
#1668=LINE('',#1667,#1666);
#1669=DIRECTION('',(1.E0,0.E0,0.E0));
#1670=VECTOR('',#1669,7.5E-2);
#1671=CARTESIAN_POINT('',(-9.25E-2,4.5E-2,1.E-1));
#1672=LINE('',#1671,#1670);
#1673=DIRECTION('',(0.E0,0.E0,1.E0));
#1674=VECTOR('',#1673,2.E-1);
#1675=CARTESIAN_POINT('',(-9.25E-2,4.5E-2,-1.E-1));
#1676=LINE('',#1675,#1674);
#1677=DIRECTION('',(-1.E0,0.E0,0.E0));
#1678=VECTOR('',#1677,7.5E-2);
#1679=CARTESIAN_POINT('',(-1.75E-2,4.5E-2,-1.E-1));
#1680=LINE('',#1679,#1678);
#1681=DIRECTION('',(0.E0,0.E0,1.E0));
#1682=VECTOR('',#1681,2.E-1);
#1683=CARTESIAN_POINT('',(8.25E-2,4.5E-2,-1.E-1));
#1684=LINE('',#1683,#1682);
#1685=DIRECTION('',(1.E0,0.E0,0.E0));
#1686=VECTOR('',#1685,7.5E-2);
#1687=CARTESIAN_POINT('',(7.5E-3,4.5E-2,1.E-1));
#1688=LINE('',#1687,#1686);
#1689=DIRECTION('',(0.E0,0.E0,1.E0));
#1690=VECTOR('',#1689,2.E-1);
#1691=CARTESIAN_POINT('',(7.5E-3,4.5E-2,-1.E-1));
#1692=LINE('',#1691,#1690);
#1693=DIRECTION('',(-1.E0,0.E0,0.E0));
#1694=VECTOR('',#1693,7.5E-2);
#1695=CARTESIAN_POINT('',(8.25E-2,4.5E-2,-1.E-1));
#1696=LINE('',#1695,#1694);
#1697=DIRECTION('',(0.E0,0.E0,1.E0));
#1698=VECTOR('',#1697,2.E-1);
#1699=CARTESIAN_POINT('',(1.825E-1,4.5E-2,-1.E-1));
#1700=LINE('',#1699,#1698);
#1701=DIRECTION('',(1.E0,0.E0,0.E0));
#1702=VECTOR('',#1701,7.5E-2);
#1703=CARTESIAN_POINT('',(1.075E-1,4.5E-2,1.E-1));
#1704=LINE('',#1703,#1702);
#1705=DIRECTION('',(0.E0,0.E0,1.E0));
#1706=VECTOR('',#1705,2.E-1);
#1707=CARTESIAN_POINT('',(1.075E-1,4.5E-2,-1.E-1));
#1708=LINE('',#1707,#1706);
#1709=DIRECTION('',(-1.E0,0.E0,0.E0));
#1710=VECTOR('',#1709,7.5E-2);
#1711=CARTESIAN_POINT('',(1.825E-1,4.5E-2,-1.E-1));
#1712=LINE('',#1711,#1710);
#1713=DIRECTION('',(0.E0,0.E0,1.E0));
#1714=VECTOR('',#1713,2.E-1);
#1715=CARTESIAN_POINT('',(2.825E-1,4.5E-2,-1.E-1));
#1716=LINE('',#1715,#1714);
#1717=DIRECTION('',(1.E0,0.E0,0.E0));
#1718=VECTOR('',#1717,7.5E-2);
#1719=CARTESIAN_POINT('',(2.075E-1,4.5E-2,1.E-1));
#1720=LINE('',#1719,#1718);
#1721=DIRECTION('',(0.E0,0.E0,1.E0));
#1722=VECTOR('',#1721,2.E-1);
#1723=CARTESIAN_POINT('',(2.075E-1,4.5E-2,-1.E-1));
#1724=LINE('',#1723,#1722);
#1725=DIRECTION('',(-1.E0,0.E0,0.E0));
#1726=VECTOR('',#1725,7.5E-2);
#1727=CARTESIAN_POINT('',(2.825E-1,4.5E-2,-1.E-1));
#1728=LINE('',#1727,#1726);
#1729=DIRECTION('',(0.E0,0.E0,1.E0));
#1730=VECTOR('',#1729,2.E-1);
#1731=CARTESIAN_POINT('',(3.825E-1,4.5E-2,-1.E-1));
#1732=LINE('',#1731,#1730);
#1733=DIRECTION('',(1.E0,0.E0,0.E0));
#1734=VECTOR('',#1733,7.5E-2);
#1735=CARTESIAN_POINT('',(3.075E-1,4.5E-2,1.E-1));
#1736=LINE('',#1735,#1734);
#1737=DIRECTION('',(0.E0,0.E0,1.E0));
#1738=VECTOR('',#1737,2.E-1);
#1739=CARTESIAN_POINT('',(3.075E-1,4.5E-2,-1.E-1));
#1740=LINE('',#1739,#1738);
#1741=DIRECTION('',(-1.E0,0.E0,0.E0));
#1742=VECTOR('',#1741,7.5E-2);
#1743=CARTESIAN_POINT('',(3.825E-1,4.5E-2,-1.E-1));
#1744=LINE('',#1743,#1742);
#1745=DIRECTION('',(0.E0,0.E0,1.E0));
#1746=VECTOR('',#1745,2.E-1);
#1747=CARTESIAN_POINT('',(4.825E-1,4.5E-2,-1.E-1));
#1748=LINE('',#1747,#1746);
#1749=DIRECTION('',(1.E0,0.E0,0.E0));
#1750=VECTOR('',#1749,7.5E-2);
#1751=CARTESIAN_POINT('',(4.075E-1,4.5E-2,1.E-1));
#1752=LINE('',#1751,#1750);
#1753=DIRECTION('',(0.E0,0.E0,1.E0));
#1754=VECTOR('',#1753,2.E-1);
#1755=CARTESIAN_POINT('',(4.075E-1,4.5E-2,-1.E-1));
#1756=LINE('',#1755,#1754);
#1757=DIRECTION('',(-1.E0,0.E0,0.E0));
#1758=VECTOR('',#1757,7.5E-2);
#1759=CARTESIAN_POINT('',(4.825E-1,4.5E-2,-1.E-1));
#1760=LINE('',#1759,#1758);
#1761=DIRECTION('',(0.E0,0.E0,1.E0));
#1762=VECTOR('',#1761,2.E-1);
#1763=CARTESIAN_POINT('',(5.825E-1,4.5E-2,-1.E-1));
#1764=LINE('',#1763,#1762);
#1765=DIRECTION('',(1.E0,0.E0,0.E0));
#1766=VECTOR('',#1765,7.5E-2);
#1767=CARTESIAN_POINT('',(5.075E-1,4.5E-2,1.E-1));
#1768=LINE('',#1767,#1766);
#1769=DIRECTION('',(0.E0,0.E0,1.E0));
#1770=VECTOR('',#1769,2.E-1);
#1771=CARTESIAN_POINT('',(5.075E-1,4.5E-2,-1.E-1));
#1772=LINE('',#1771,#1770);
#1773=DIRECTION('',(-1.E0,0.E0,0.E0));
#1774=VECTOR('',#1773,7.5E-2);
#1775=CARTESIAN_POINT('',(5.825E-1,4.5E-2,-1.E-1));
#1776=LINE('',#1775,#1774);
#1777=DIRECTION('',(0.E0,0.E0,1.E0));
#1778=VECTOR('',#1777,2.E-1);
#1779=CARTESIAN_POINT('',(6.825E-1,4.5E-2,-1.E-1));
#1780=LINE('',#1779,#1778);
#1781=DIRECTION('',(1.E0,0.E0,0.E0));
#1782=VECTOR('',#1781,7.5E-2);
#1783=CARTESIAN_POINT('',(6.075E-1,4.5E-2,1.E-1));
#1784=LINE('',#1783,#1782);
#1785=DIRECTION('',(0.E0,0.E0,1.E0));
#1786=VECTOR('',#1785,2.E-1);
#1787=CARTESIAN_POINT('',(6.075E-1,4.5E-2,-1.E-1));
#1788=LINE('',#1787,#1786);
#1789=DIRECTION('',(-1.E0,0.E0,0.E0));
#1790=VECTOR('',#1789,7.5E-2);
#1791=CARTESIAN_POINT('',(6.825E-1,4.5E-2,-1.E-1));
#1792=LINE('',#1791,#1790);
#1793=DIRECTION('',(0.E0,0.E0,1.E0));
#1794=VECTOR('',#1793,2.E-1);
#1795=CARTESIAN_POINT('',(7.825E-1,4.5E-2,-1.E-1));
#1796=LINE('',#1795,#1794);
#1797=DIRECTION('',(1.E0,0.E0,0.E0));
#1798=VECTOR('',#1797,7.5E-2);
#1799=CARTESIAN_POINT('',(7.075E-1,4.5E-2,1.E-1));
#1800=LINE('',#1799,#1798);
#1801=DIRECTION('',(0.E0,0.E0,1.E0));
#1802=VECTOR('',#1801,2.E-1);
#1803=CARTESIAN_POINT('',(7.075E-1,4.5E-2,-1.E-1));
#1804=LINE('',#1803,#1802);
#1805=DIRECTION('',(-1.E0,0.E0,0.E0));
#1806=VECTOR('',#1805,7.5E-2);
#1807=CARTESIAN_POINT('',(7.825E-1,4.5E-2,-1.E-1));
#1808=LINE('',#1807,#1806);
#1809=DIRECTION('',(0.E0,0.E0,-1.E0));
#1810=VECTOR('',#1809,2.E-1);
#1811=CARTESIAN_POINT('',(8.875E-1,4.5E-2,1.E-1));
#1812=LINE('',#1811,#1810);
#1813=DIRECTION('',(1.E0,0.E0,0.E0));
#1814=VECTOR('',#1813,8.E-2);
#1815=CARTESIAN_POINT('',(8.075E-1,4.5E-2,1.E-1));
#1816=LINE('',#1815,#1814);
#1817=DIRECTION('',(0.E0,0.E0,1.E0));
#1818=VECTOR('',#1817,2.E-1);
#1819=CARTESIAN_POINT('',(8.075E-1,4.5E-2,-1.E-1));
#1820=LINE('',#1819,#1818);
#1821=DIRECTION('',(-1.E0,0.E0,0.E0));
#1822=VECTOR('',#1821,8.E-2);
#1823=CARTESIAN_POINT('',(8.875E-1,4.5E-2,-1.E-1));
#1824=LINE('',#1823,#1822);
#1825=DIRECTION('',(0.E0,0.E0,1.E0));
#1826=VECTOR('',#1825,2.E-1);
#1827=CARTESIAN_POINT('',(-8.875E-1,4.5E-2,-1.E-1));
#1828=LINE('',#1827,#1826);
#1829=DIRECTION('',(-1.E0,0.E0,0.E0));
#1830=VECTOR('',#1829,7.E-2);
#1831=CARTESIAN_POINT('',(-8.175E-1,4.5E-2,-1.E-1));
#1832=LINE('',#1831,#1830);
#1833=DIRECTION('',(0.E0,0.E0,1.E0));
#1834=VECTOR('',#1833,2.E-1);
#1835=CARTESIAN_POINT('',(-8.175E-1,4.5E-2,-1.E-1));
#1836=LINE('',#1835,#1834);
#1837=DIRECTION('',(1.E0,0.E0,0.E0));
#1838=VECTOR('',#1837,7.E-2);
#1839=CARTESIAN_POINT('',(-8.875E-1,4.5E-2,1.E-1));
#1840=LINE('',#1839,#1838);
#1841=DIRECTION('',(1.E0,0.E0,0.E0));
#1842=VECTOR('',#1841,2.E-2);
#1843=CARTESIAN_POINT('',(8.4E-1,2.85E-1,6.E-2));
#1844=LINE('',#1843,#1842);
#1845=DIRECTION('',(1.E0,0.E0,0.E0));
#1846=VECTOR('',#1845,2.E-2);
#1847=CARTESIAN_POINT('',(8.4E-1,2.85E-1,4.E-2));
#1848=LINE('',#1847,#1846);
#1849=DIRECTION('',(1.E0,0.E0,0.E0));
#1850=VECTOR('',#1849,2.E-2);
#1851=CARTESIAN_POINT('',(8.4E-1,2.85E-1,-4.E-2));
#1852=LINE('',#1851,#1850);
#1853=DIRECTION('',(1.E0,0.E0,0.E0));
#1854=VECTOR('',#1853,2.E-2);
#1855=CARTESIAN_POINT('',(8.4E-1,2.85E-1,-6.E-2));
#1856=LINE('',#1855,#1854);
#1857=DIRECTION('',(0.E0,-1.E0,0.E0));
#1858=VECTOR('',#1857,1.07E-1);
#1859=CARTESIAN_POINT('',(7.4E-1,-4.5E-2,6.E-2));
#1860=LINE('',#1859,#1858);
#1861=DIRECTION('',(0.E0,0.E0,-1.E0));
#1862=VECTOR('',#1861,2.E-2);
#1863=CARTESIAN_POINT('',(7.4E-1,-1.52E-1,6.E-2));
#1864=LINE('',#1863,#1862);
#1865=DIRECTION('',(0.E0,1.E0,0.E0));
#1866=VECTOR('',#1865,1.07E-1);
#1867=CARTESIAN_POINT('',(7.4E-1,-1.52E-1,4.E-2));
#1868=LINE('',#1867,#1866);
#1869=DIRECTION('',(0.E0,-1.E0,0.E0));
#1870=VECTOR('',#1869,1.07E-1);
#1871=CARTESIAN_POINT('',(7.4E-1,-4.5E-2,-4.E-2));
#1872=LINE('',#1871,#1870);
#1873=DIRECTION('',(0.E0,0.E0,-1.E0));
#1874=VECTOR('',#1873,2.E-2);
#1875=CARTESIAN_POINT('',(7.4E-1,-1.52E-1,-4.E-2));
#1876=LINE('',#1875,#1874);
#1877=DIRECTION('',(0.E0,1.E0,0.E0));
#1878=VECTOR('',#1877,1.07E-1);
#1879=CARTESIAN_POINT('',(7.4E-1,-1.52E-1,-6.E-2));
#1880=LINE('',#1879,#1878);
#1881=DIRECTION('',(0.E0,1.E0,0.E0));
#1882=VECTOR('',#1881,2.4E-1);
#1883=CARTESIAN_POINT('',(7.4E-1,4.5E-2,4.E-2));
#1884=LINE('',#1883,#1882);
#1885=DIRECTION('',(0.E0,0.E0,1.E0));
#1886=VECTOR('',#1885,2.E-2);
#1887=CARTESIAN_POINT('',(7.4E-1,2.85E-1,4.E-2));
#1888=LINE('',#1887,#1886);
#1889=DIRECTION('',(0.E0,-1.E0,0.E0));
#1890=VECTOR('',#1889,2.4E-1);
#1891=CARTESIAN_POINT('',(7.4E-1,2.85E-1,6.E-2));
#1892=LINE('',#1891,#1890);
#1893=DIRECTION('',(0.E0,1.E0,0.E0));
#1894=VECTOR('',#1893,2.4E-1);
#1895=CARTESIAN_POINT('',(7.4E-1,4.5E-2,-6.E-2));
#1896=LINE('',#1895,#1894);
#1897=DIRECTION('',(0.E0,0.E0,1.E0));
#1898=VECTOR('',#1897,2.E-2);
#1899=CARTESIAN_POINT('',(7.4E-1,2.85E-1,-6.E-2));
#1900=LINE('',#1899,#1898);
#1901=DIRECTION('',(0.E0,-1.E0,0.E0));
#1902=VECTOR('',#1901,2.4E-1);
#1903=CARTESIAN_POINT('',(7.4E-1,2.85E-1,-4.E-2));
#1904=LINE('',#1903,#1902);
#1905=DIRECTION('',(0.E0,1.E0,0.E0));
#1906=VECTOR('',#1905,1.07E-1);
#1907=CARTESIAN_POINT('',(7.6E-1,-1.52E-1,4.E-2));
#1908=LINE('',#1907,#1906);
#1909=DIRECTION('',(0.E0,0.E0,-1.E0));
#1910=VECTOR('',#1909,2.E-2);
#1911=CARTESIAN_POINT('',(7.6E-1,-1.52E-1,6.E-2));
#1912=LINE('',#1911,#1910);
#1913=DIRECTION('',(0.E0,-1.E0,0.E0));
#1914=VECTOR('',#1913,1.07E-1);
#1915=CARTESIAN_POINT('',(7.6E-1,-4.5E-2,6.E-2));
#1916=LINE('',#1915,#1914);
#1917=DIRECTION('',(0.E0,1.E0,0.E0));
#1918=VECTOR('',#1917,1.07E-1);
#1919=CARTESIAN_POINT('',(7.6E-1,-1.52E-1,-6.E-2));
#1920=LINE('',#1919,#1918);
#1921=DIRECTION('',(0.E0,0.E0,-1.E0));
#1922=VECTOR('',#1921,2.E-2);
#1923=CARTESIAN_POINT('',(7.6E-1,-1.52E-1,-4.E-2));
#1924=LINE('',#1923,#1922);
#1925=DIRECTION('',(0.E0,-1.E0,0.E0));
#1926=VECTOR('',#1925,1.07E-1);
#1927=CARTESIAN_POINT('',(7.6E-1,-4.5E-2,-4.E-2));
#1928=LINE('',#1927,#1926);
#1929=DIRECTION('',(0.E0,-1.E0,0.E0));
#1930=VECTOR('',#1929,2.4E-1);
#1931=CARTESIAN_POINT('',(7.6E-1,2.85E-1,6.E-2));
#1932=LINE('',#1931,#1930);
#1933=DIRECTION('',(0.E0,0.E0,1.E0));
#1934=VECTOR('',#1933,2.E-2);
#1935=CARTESIAN_POINT('',(7.6E-1,2.85E-1,4.E-2));
#1936=LINE('',#1935,#1934);
#1937=DIRECTION('',(0.E0,1.E0,0.E0));
#1938=VECTOR('',#1937,2.4E-1);
#1939=CARTESIAN_POINT('',(7.6E-1,4.5E-2,4.E-2));
#1940=LINE('',#1939,#1938);
#1941=DIRECTION('',(0.E0,-1.E0,0.E0));
#1942=VECTOR('',#1941,2.4E-1);
#1943=CARTESIAN_POINT('',(7.6E-1,2.85E-1,-4.E-2));
#1944=LINE('',#1943,#1942);
#1945=DIRECTION('',(0.E0,0.E0,1.E0));
#1946=VECTOR('',#1945,2.E-2);
#1947=CARTESIAN_POINT('',(7.6E-1,2.85E-1,-6.E-2));
#1948=LINE('',#1947,#1946);
#1949=DIRECTION('',(0.E0,1.E0,0.E0));
#1950=VECTOR('',#1949,2.4E-1);
#1951=CARTESIAN_POINT('',(7.6E-1,4.5E-2,-6.E-2));
#1952=LINE('',#1951,#1950);
#1953=DIRECTION('',(1.E0,0.E0,0.E0));
#1954=VECTOR('',#1953,2.E-2);
#1955=CARTESIAN_POINT('',(7.4E-1,-1.52E-1,4.E-2));
#1956=LINE('',#1955,#1954);
#1957=DIRECTION('',(1.E0,0.E0,0.E0));
#1958=VECTOR('',#1957,2.E-2);
#1959=CARTESIAN_POINT('',(7.4E-1,-1.52E-1,6.E-2));
#1960=LINE('',#1959,#1958);
#1961=DIRECTION('',(1.E0,0.E0,0.E0));
#1962=VECTOR('',#1961,2.E-2);
#1963=CARTESIAN_POINT('',(7.4E-1,-1.52E-1,-6.E-2));
#1964=LINE('',#1963,#1962);
#1965=DIRECTION('',(1.E0,0.E0,0.E0));
#1966=VECTOR('',#1965,2.E-2);
#1967=CARTESIAN_POINT('',(7.4E-1,-1.52E-1,-4.E-2));
#1968=LINE('',#1967,#1966);
#1969=DIRECTION('',(1.E0,0.E0,0.E0));
#1970=VECTOR('',#1969,2.E-2);
#1971=CARTESIAN_POINT('',(7.4E-1,2.85E-1,6.E-2));
#1972=LINE('',#1971,#1970);
#1973=DIRECTION('',(1.E0,0.E0,0.E0));
#1974=VECTOR('',#1973,2.E-2);
#1975=CARTESIAN_POINT('',(7.4E-1,2.85E-1,4.E-2));
#1976=LINE('',#1975,#1974);
#1977=DIRECTION('',(1.E0,0.E0,0.E0));
#1978=VECTOR('',#1977,2.E-2);
#1979=CARTESIAN_POINT('',(7.4E-1,2.85E-1,-4.E-2));
#1980=LINE('',#1979,#1978);
#1981=DIRECTION('',(1.E0,0.E0,0.E0));
#1982=VECTOR('',#1981,2.E-2);
#1983=CARTESIAN_POINT('',(7.4E-1,2.85E-1,-6.E-2));
#1984=LINE('',#1983,#1982);
#1985=DIRECTION('',(0.E0,-1.E0,0.E0));
#1986=VECTOR('',#1985,1.07E-1);
#1987=CARTESIAN_POINT('',(6.4E-1,-4.5E-2,6.E-2));
#1988=LINE('',#1987,#1986);
#1989=DIRECTION('',(0.E0,0.E0,-1.E0));
#1990=VECTOR('',#1989,2.E-2);
#1991=CARTESIAN_POINT('',(6.4E-1,-1.52E-1,6.E-2));
#1992=LINE('',#1991,#1990);
#1993=DIRECTION('',(0.E0,1.E0,0.E0));
#1994=VECTOR('',#1993,1.07E-1);
#1995=CARTESIAN_POINT('',(6.4E-1,-1.52E-1,4.E-2));
#1996=LINE('',#1995,#1994);
#1997=DIRECTION('',(0.E0,-1.E0,0.E0));
#1998=VECTOR('',#1997,1.07E-1);
#1999=CARTESIAN_POINT('',(6.4E-1,-4.5E-2,-4.E-2));
#2000=LINE('',#1999,#1998);
#2001=DIRECTION('',(0.E0,0.E0,-1.E0));
#2002=VECTOR('',#2001,2.E-2);
#2003=CARTESIAN_POINT('',(6.4E-1,-1.52E-1,-4.E-2));
#2004=LINE('',#2003,#2002);
#2005=DIRECTION('',(0.E0,1.E0,0.E0));
#2006=VECTOR('',#2005,1.07E-1);
#2007=CARTESIAN_POINT('',(6.4E-1,-1.52E-1,-6.E-2));
#2008=LINE('',#2007,#2006);
#2009=DIRECTION('',(0.E0,1.E0,0.E0));
#2010=VECTOR('',#2009,2.4E-1);
#2011=CARTESIAN_POINT('',(6.4E-1,4.5E-2,4.E-2));
#2012=LINE('',#2011,#2010);
#2013=DIRECTION('',(0.E0,0.E0,1.E0));
#2014=VECTOR('',#2013,2.E-2);
#2015=CARTESIAN_POINT('',(6.4E-1,2.85E-1,4.E-2));
#2016=LINE('',#2015,#2014);
#2017=DIRECTION('',(0.E0,-1.E0,0.E0));
#2018=VECTOR('',#2017,2.4E-1);
#2019=CARTESIAN_POINT('',(6.4E-1,2.85E-1,6.E-2));
#2020=LINE('',#2019,#2018);
#2021=DIRECTION('',(0.E0,1.E0,0.E0));
#2022=VECTOR('',#2021,2.4E-1);
#2023=CARTESIAN_POINT('',(6.4E-1,4.5E-2,-6.E-2));
#2024=LINE('',#2023,#2022);
#2025=DIRECTION('',(0.E0,0.E0,1.E0));
#2026=VECTOR('',#2025,2.E-2);
#2027=CARTESIAN_POINT('',(6.4E-1,2.85E-1,-6.E-2));
#2028=LINE('',#2027,#2026);
#2029=DIRECTION('',(0.E0,-1.E0,0.E0));
#2030=VECTOR('',#2029,2.4E-1);
#2031=CARTESIAN_POINT('',(6.4E-1,2.85E-1,-4.E-2));
#2032=LINE('',#2031,#2030);
#2033=DIRECTION('',(0.E0,1.E0,0.E0));
#2034=VECTOR('',#2033,1.07E-1);
#2035=CARTESIAN_POINT('',(6.6E-1,-1.52E-1,4.E-2));
#2036=LINE('',#2035,#2034);
#2037=DIRECTION('',(0.E0,0.E0,-1.E0));
#2038=VECTOR('',#2037,2.E-2);
#2039=CARTESIAN_POINT('',(6.6E-1,-1.52E-1,6.E-2));
#2040=LINE('',#2039,#2038);
#2041=DIRECTION('',(0.E0,-1.E0,0.E0));
#2042=VECTOR('',#2041,1.07E-1);
#2043=CARTESIAN_POINT('',(6.6E-1,-4.5E-2,6.E-2));
#2044=LINE('',#2043,#2042);
#2045=DIRECTION('',(0.E0,1.E0,0.E0));
#2046=VECTOR('',#2045,1.07E-1);
#2047=CARTESIAN_POINT('',(6.6E-1,-1.52E-1,-6.E-2));
#2048=LINE('',#2047,#2046);
#2049=DIRECTION('',(0.E0,0.E0,-1.E0));
#2050=VECTOR('',#2049,2.E-2);
#2051=CARTESIAN_POINT('',(6.6E-1,-1.52E-1,-4.E-2));
#2052=LINE('',#2051,#2050);
#2053=DIRECTION('',(0.E0,-1.E0,0.E0));
#2054=VECTOR('',#2053,1.07E-1);
#2055=CARTESIAN_POINT('',(6.6E-1,-4.5E-2,-4.E-2));
#2056=LINE('',#2055,#2054);
#2057=DIRECTION('',(0.E0,-1.E0,0.E0));
#2058=VECTOR('',#2057,2.4E-1);
#2059=CARTESIAN_POINT('',(6.6E-1,2.85E-1,6.E-2));
#2060=LINE('',#2059,#2058);
#2061=DIRECTION('',(0.E0,0.E0,1.E0));
#2062=VECTOR('',#2061,2.E-2);
#2063=CARTESIAN_POINT('',(6.6E-1,2.85E-1,4.E-2));
#2064=LINE('',#2063,#2062);
#2065=DIRECTION('',(0.E0,1.E0,0.E0));
#2066=VECTOR('',#2065,2.4E-1);
#2067=CARTESIAN_POINT('',(6.6E-1,4.5E-2,4.E-2));
#2068=LINE('',#2067,#2066);
#2069=DIRECTION('',(0.E0,-1.E0,0.E0));
#2070=VECTOR('',#2069,2.4E-1);
#2071=CARTESIAN_POINT('',(6.6E-1,2.85E-1,-4.E-2));
#2072=LINE('',#2071,#2070);
#2073=DIRECTION('',(0.E0,0.E0,1.E0));
#2074=VECTOR('',#2073,2.E-2);
#2075=CARTESIAN_POINT('',(6.6E-1,2.85E-1,-6.E-2));
#2076=LINE('',#2075,#2074);
#2077=DIRECTION('',(0.E0,1.E0,0.E0));
#2078=VECTOR('',#2077,2.4E-1);
#2079=CARTESIAN_POINT('',(6.6E-1,4.5E-2,-6.E-2));
#2080=LINE('',#2079,#2078);
#2081=DIRECTION('',(1.E0,0.E0,0.E0));
#2082=VECTOR('',#2081,2.E-2);
#2083=CARTESIAN_POINT('',(6.4E-1,-1.52E-1,4.E-2));
#2084=LINE('',#2083,#2082);
#2085=DIRECTION('',(1.E0,0.E0,0.E0));
#2086=VECTOR('',#2085,2.E-2);
#2087=CARTESIAN_POINT('',(6.4E-1,-1.52E-1,6.E-2));
#2088=LINE('',#2087,#2086);
#2089=DIRECTION('',(1.E0,0.E0,0.E0));
#2090=VECTOR('',#2089,2.E-2);
#2091=CARTESIAN_POINT('',(6.4E-1,-1.52E-1,-6.E-2));
#2092=LINE('',#2091,#2090);
#2093=DIRECTION('',(1.E0,0.E0,0.E0));
#2094=VECTOR('',#2093,2.E-2);
#2095=CARTESIAN_POINT('',(6.4E-1,-1.52E-1,-4.E-2));
#2096=LINE('',#2095,#2094);
#2097=DIRECTION('',(1.E0,0.E0,0.E0));
#2098=VECTOR('',#2097,2.E-2);
#2099=CARTESIAN_POINT('',(6.4E-1,2.85E-1,6.E-2));
#2100=LINE('',#2099,#2098);
#2101=DIRECTION('',(1.E0,0.E0,0.E0));
#2102=VECTOR('',#2101,2.E-2);
#2103=CARTESIAN_POINT('',(6.4E-1,2.85E-1,4.E-2));
#2104=LINE('',#2103,#2102);
#2105=DIRECTION('',(1.E0,0.E0,0.E0));
#2106=VECTOR('',#2105,2.E-2);
#2107=CARTESIAN_POINT('',(6.4E-1,2.85E-1,-4.E-2));
#2108=LINE('',#2107,#2106);
#2109=DIRECTION('',(1.E0,0.E0,0.E0));
#2110=VECTOR('',#2109,2.E-2);
#2111=CARTESIAN_POINT('',(6.4E-1,2.85E-1,-6.E-2));
#2112=LINE('',#2111,#2110);
#2113=DIRECTION('',(0.E0,-1.E0,0.E0));
#2114=VECTOR('',#2113,1.07E-1);
#2115=CARTESIAN_POINT('',(5.4E-1,-4.5E-2,6.E-2));
#2116=LINE('',#2115,#2114);
#2117=DIRECTION('',(0.E0,0.E0,-1.E0));
#2118=VECTOR('',#2117,2.E-2);
#2119=CARTESIAN_POINT('',(5.4E-1,-1.52E-1,6.E-2));
#2120=LINE('',#2119,#2118);
#2121=DIRECTION('',(0.E0,1.E0,0.E0));
#2122=VECTOR('',#2121,1.07E-1);
#2123=CARTESIAN_POINT('',(5.4E-1,-1.52E-1,4.E-2));
#2124=LINE('',#2123,#2122);
#2125=DIRECTION('',(0.E0,-1.E0,0.E0));
#2126=VECTOR('',#2125,1.07E-1);
#2127=CARTESIAN_POINT('',(5.4E-1,-4.5E-2,-4.E-2));
#2128=LINE('',#2127,#2126);
#2129=DIRECTION('',(0.E0,0.E0,-1.E0));
#2130=VECTOR('',#2129,2.E-2);
#2131=CARTESIAN_POINT('',(5.4E-1,-1.52E-1,-4.E-2));
#2132=LINE('',#2131,#2130);
#2133=DIRECTION('',(0.E0,1.E0,0.E0));
#2134=VECTOR('',#2133,1.07E-1);
#2135=CARTESIAN_POINT('',(5.4E-1,-1.52E-1,-6.E-2));
#2136=LINE('',#2135,#2134);
#2137=DIRECTION('',(0.E0,1.E0,0.E0));
#2138=VECTOR('',#2137,2.4E-1);
#2139=CARTESIAN_POINT('',(5.4E-1,4.5E-2,4.E-2));
#2140=LINE('',#2139,#2138);
#2141=DIRECTION('',(0.E0,0.E0,1.E0));
#2142=VECTOR('',#2141,2.E-2);
#2143=CARTESIAN_POINT('',(5.4E-1,2.85E-1,4.E-2));
#2144=LINE('',#2143,#2142);
#2145=DIRECTION('',(0.E0,-1.E0,0.E0));
#2146=VECTOR('',#2145,2.4E-1);
#2147=CARTESIAN_POINT('',(5.4E-1,2.85E-1,6.E-2));
#2148=LINE('',#2147,#2146);
#2149=DIRECTION('',(0.E0,1.E0,0.E0));
#2150=VECTOR('',#2149,2.4E-1);
#2151=CARTESIAN_POINT('',(5.4E-1,4.5E-2,-6.E-2));
#2152=LINE('',#2151,#2150);
#2153=DIRECTION('',(0.E0,0.E0,1.E0));
#2154=VECTOR('',#2153,2.E-2);
#2155=CARTESIAN_POINT('',(5.4E-1,2.85E-1,-6.E-2));
#2156=LINE('',#2155,#2154);
#2157=DIRECTION('',(0.E0,-1.E0,0.E0));
#2158=VECTOR('',#2157,2.4E-1);
#2159=CARTESIAN_POINT('',(5.4E-1,2.85E-1,-4.E-2));
#2160=LINE('',#2159,#2158);
#2161=DIRECTION('',(0.E0,1.E0,0.E0));
#2162=VECTOR('',#2161,1.07E-1);
#2163=CARTESIAN_POINT('',(5.6E-1,-1.52E-1,4.E-2));
#2164=LINE('',#2163,#2162);
#2165=DIRECTION('',(0.E0,0.E0,-1.E0));
#2166=VECTOR('',#2165,2.E-2);
#2167=CARTESIAN_POINT('',(5.6E-1,-1.52E-1,6.E-2));
#2168=LINE('',#2167,#2166);
#2169=DIRECTION('',(0.E0,-1.E0,0.E0));
#2170=VECTOR('',#2169,1.07E-1);
#2171=CARTESIAN_POINT('',(5.6E-1,-4.5E-2,6.E-2));
#2172=LINE('',#2171,#2170);
#2173=DIRECTION('',(0.E0,1.E0,0.E0));
#2174=VECTOR('',#2173,1.07E-1);
#2175=CARTESIAN_POINT('',(5.6E-1,-1.52E-1,-6.E-2));
#2176=LINE('',#2175,#2174);
#2177=DIRECTION('',(0.E0,0.E0,-1.E0));
#2178=VECTOR('',#2177,2.E-2);
#2179=CARTESIAN_POINT('',(5.6E-1,-1.52E-1,-4.E-2));
#2180=LINE('',#2179,#2178);
#2181=DIRECTION('',(0.E0,-1.E0,0.E0));
#2182=VECTOR('',#2181,1.07E-1);
#2183=CARTESIAN_POINT('',(5.6E-1,-4.5E-2,-4.E-2));
#2184=LINE('',#2183,#2182);
#2185=DIRECTION('',(0.E0,-1.E0,0.E0));
#2186=VECTOR('',#2185,2.4E-1);
#2187=CARTESIAN_POINT('',(5.6E-1,2.85E-1,6.E-2));
#2188=LINE('',#2187,#2186);
#2189=DIRECTION('',(0.E0,0.E0,1.E0));
#2190=VECTOR('',#2189,2.E-2);
#2191=CARTESIAN_POINT('',(5.6E-1,2.85E-1,4.E-2));
#2192=LINE('',#2191,#2190);
#2193=DIRECTION('',(0.E0,1.E0,0.E0));
#2194=VECTOR('',#2193,2.4E-1);
#2195=CARTESIAN_POINT('',(5.6E-1,4.5E-2,4.E-2));
#2196=LINE('',#2195,#2194);
#2197=DIRECTION('',(0.E0,-1.E0,0.E0));
#2198=VECTOR('',#2197,2.4E-1);
#2199=CARTESIAN_POINT('',(5.6E-1,2.85E-1,-4.E-2));
#2200=LINE('',#2199,#2198);
#2201=DIRECTION('',(0.E0,0.E0,1.E0));
#2202=VECTOR('',#2201,2.E-2);
#2203=CARTESIAN_POINT('',(5.6E-1,2.85E-1,-6.E-2));
#2204=LINE('',#2203,#2202);
#2205=DIRECTION('',(0.E0,1.E0,0.E0));
#2206=VECTOR('',#2205,2.4E-1);
#2207=CARTESIAN_POINT('',(5.6E-1,4.5E-2,-6.E-2));
#2208=LINE('',#2207,#2206);
#2209=DIRECTION('',(1.E0,0.E0,0.E0));
#2210=VECTOR('',#2209,2.E-2);
#2211=CARTESIAN_POINT('',(5.4E-1,-1.52E-1,4.E-2));
#2212=LINE('',#2211,#2210);
#2213=DIRECTION('',(1.E0,0.E0,0.E0));
#2214=VECTOR('',#2213,2.E-2);
#2215=CARTESIAN_POINT('',(5.4E-1,-1.52E-1,6.E-2));
#2216=LINE('',#2215,#2214);
#2217=DIRECTION('',(1.E0,0.E0,0.E0));
#2218=VECTOR('',#2217,2.E-2);
#2219=CARTESIAN_POINT('',(5.4E-1,-1.52E-1,-6.E-2));
#2220=LINE('',#2219,#2218);
#2221=DIRECTION('',(1.E0,0.E0,0.E0));
#2222=VECTOR('',#2221,2.E-2);
#2223=CARTESIAN_POINT('',(5.4E-1,-1.52E-1,-4.E-2));
#2224=LINE('',#2223,#2222);
#2225=DIRECTION('',(1.E0,0.E0,0.E0));
#2226=VECTOR('',#2225,2.E-2);
#2227=CARTESIAN_POINT('',(5.4E-1,2.85E-1,6.E-2));
#2228=LINE('',#2227,#2226);
#2229=DIRECTION('',(1.E0,0.E0,0.E0));
#2230=VECTOR('',#2229,2.E-2);
#2231=CARTESIAN_POINT('',(5.4E-1,2.85E-1,4.E-2));
#2232=LINE('',#2231,#2230);
#2233=DIRECTION('',(1.E0,0.E0,0.E0));
#2234=VECTOR('',#2233,2.E-2);
#2235=CARTESIAN_POINT('',(5.4E-1,2.85E-1,-4.E-2));
#2236=LINE('',#2235,#2234);
#2237=DIRECTION('',(1.E0,0.E0,0.E0));
#2238=VECTOR('',#2237,2.E-2);
#2239=CARTESIAN_POINT('',(5.4E-1,2.85E-1,-6.E-2));
#2240=LINE('',#2239,#2238);
#2241=DIRECTION('',(0.E0,-1.E0,0.E0));
#2242=VECTOR('',#2241,1.07E-1);
#2243=CARTESIAN_POINT('',(4.4E-1,-4.5E-2,6.E-2));
#2244=LINE('',#2243,#2242);
#2245=DIRECTION('',(0.E0,0.E0,-1.E0));
#2246=VECTOR('',#2245,2.E-2);
#2247=CARTESIAN_POINT('',(4.4E-1,-1.52E-1,6.E-2));
#2248=LINE('',#2247,#2246);
#2249=DIRECTION('',(0.E0,1.E0,0.E0));
#2250=VECTOR('',#2249,1.07E-1);
#2251=CARTESIAN_POINT('',(4.4E-1,-1.52E-1,4.E-2));
#2252=LINE('',#2251,#2250);
#2253=DIRECTION('',(0.E0,-1.E0,0.E0));
#2254=VECTOR('',#2253,1.07E-1);
#2255=CARTESIAN_POINT('',(4.4E-1,-4.5E-2,-4.E-2));
#2256=LINE('',#2255,#2254);
#2257=DIRECTION('',(0.E0,0.E0,-1.E0));
#2258=VECTOR('',#2257,2.E-2);
#2259=CARTESIAN_POINT('',(4.4E-1,-1.52E-1,-4.E-2));
#2260=LINE('',#2259,#2258);
#2261=DIRECTION('',(0.E0,1.E0,0.E0));
#2262=VECTOR('',#2261,1.07E-1);
#2263=CARTESIAN_POINT('',(4.4E-1,-1.52E-1,-6.E-2));
#2264=LINE('',#2263,#2262);
#2265=DIRECTION('',(0.E0,1.E0,0.E0));
#2266=VECTOR('',#2265,2.4E-1);
#2267=CARTESIAN_POINT('',(4.4E-1,4.5E-2,4.E-2));
#2268=LINE('',#2267,#2266);
#2269=DIRECTION('',(0.E0,0.E0,1.E0));
#2270=VECTOR('',#2269,2.E-2);
#2271=CARTESIAN_POINT('',(4.4E-1,2.85E-1,4.E-2));
#2272=LINE('',#2271,#2270);
#2273=DIRECTION('',(0.E0,-1.E0,0.E0));
#2274=VECTOR('',#2273,2.4E-1);
#2275=CARTESIAN_POINT('',(4.4E-1,2.85E-1,6.E-2));
#2276=LINE('',#2275,#2274);
#2277=DIRECTION('',(0.E0,1.E0,0.E0));
#2278=VECTOR('',#2277,2.4E-1);
#2279=CARTESIAN_POINT('',(4.4E-1,4.5E-2,-6.E-2));
#2280=LINE('',#2279,#2278);
#2281=DIRECTION('',(0.E0,0.E0,1.E0));
#2282=VECTOR('',#2281,2.E-2);
#2283=CARTESIAN_POINT('',(4.4E-1,2.85E-1,-6.E-2));
#2284=LINE('',#2283,#2282);
#2285=DIRECTION('',(0.E0,-1.E0,0.E0));
#2286=VECTOR('',#2285,2.4E-1);
#2287=CARTESIAN_POINT('',(4.4E-1,2.85E-1,-4.E-2));
#2288=LINE('',#2287,#2286);
#2289=DIRECTION('',(0.E0,1.E0,0.E0));
#2290=VECTOR('',#2289,1.07E-1);
#2291=CARTESIAN_POINT('',(4.6E-1,-1.52E-1,4.E-2));
#2292=LINE('',#2291,#2290);
#2293=DIRECTION('',(0.E0,0.E0,-1.E0));
#2294=VECTOR('',#2293,2.E-2);
#2295=CARTESIAN_POINT('',(4.6E-1,-1.52E-1,6.E-2));
#2296=LINE('',#2295,#2294);
#2297=DIRECTION('',(0.E0,-1.E0,0.E0));
#2298=VECTOR('',#2297,1.07E-1);
#2299=CARTESIAN_POINT('',(4.6E-1,-4.5E-2,6.E-2));
#2300=LINE('',#2299,#2298);
#2301=DIRECTION('',(0.E0,1.E0,0.E0));
#2302=VECTOR('',#2301,1.07E-1);
#2303=CARTESIAN_POINT('',(4.6E-1,-1.52E-1,-6.E-2));
#2304=LINE('',#2303,#2302);
#2305=DIRECTION('',(0.E0,0.E0,-1.E0));
#2306=VECTOR('',#2305,2.E-2);
#2307=CARTESIAN_POINT('',(4.6E-1,-1.52E-1,-4.E-2));
#2308=LINE('',#2307,#2306);
#2309=DIRECTION('',(0.E0,-1.E0,0.E0));
#2310=VECTOR('',#2309,1.07E-1);
#2311=CARTESIAN_POINT('',(4.6E-1,-4.5E-2,-4.E-2));
#2312=LINE('',#2311,#2310);
#2313=DIRECTION('',(0.E0,-1.E0,0.E0));
#2314=VECTOR('',#2313,2.4E-1);
#2315=CARTESIAN_POINT('',(4.6E-1,2.85E-1,6.E-2));
#2316=LINE('',#2315,#2314);
#2317=DIRECTION('',(0.E0,0.E0,1.E0));
#2318=VECTOR('',#2317,2.E-2);
#2319=CARTESIAN_POINT('',(4.6E-1,2.85E-1,4.E-2));
#2320=LINE('',#2319,#2318);
#2321=DIRECTION('',(0.E0,1.E0,0.E0));
#2322=VECTOR('',#2321,2.4E-1);
#2323=CARTESIAN_POINT('',(4.6E-1,4.5E-2,4.E-2));
#2324=LINE('',#2323,#2322);
#2325=DIRECTION('',(0.E0,-1.E0,0.E0));
#2326=VECTOR('',#2325,2.4E-1);
#2327=CARTESIAN_POINT('',(4.6E-1,2.85E-1,-4.E-2));
#2328=LINE('',#2327,#2326);
#2329=DIRECTION('',(0.E0,0.E0,1.E0));
#2330=VECTOR('',#2329,2.E-2);
#2331=CARTESIAN_POINT('',(4.6E-1,2.85E-1,-6.E-2));
#2332=LINE('',#2331,#2330);
#2333=DIRECTION('',(0.E0,1.E0,0.E0));
#2334=VECTOR('',#2333,2.4E-1);
#2335=CARTESIAN_POINT('',(4.6E-1,4.5E-2,-6.E-2));
#2336=LINE('',#2335,#2334);
#2337=DIRECTION('',(1.E0,0.E0,0.E0));
#2338=VECTOR('',#2337,2.E-2);
#2339=CARTESIAN_POINT('',(4.4E-1,-1.52E-1,4.E-2));
#2340=LINE('',#2339,#2338);
#2341=DIRECTION('',(1.E0,0.E0,0.E0));
#2342=VECTOR('',#2341,2.E-2);
#2343=CARTESIAN_POINT('',(4.4E-1,-1.52E-1,6.E-2));
#2344=LINE('',#2343,#2342);
#2345=DIRECTION('',(1.E0,0.E0,0.E0));
#2346=VECTOR('',#2345,2.E-2);
#2347=CARTESIAN_POINT('',(4.4E-1,-1.52E-1,-6.E-2));
#2348=LINE('',#2347,#2346);
#2349=DIRECTION('',(1.E0,0.E0,0.E0));
#2350=VECTOR('',#2349,2.E-2);
#2351=CARTESIAN_POINT('',(4.4E-1,-1.52E-1,-4.E-2));
#2352=LINE('',#2351,#2350);
#2353=DIRECTION('',(1.E0,0.E0,0.E0));
#2354=VECTOR('',#2353,2.E-2);
#2355=CARTESIAN_POINT('',(4.4E-1,2.85E-1,6.E-2));
#2356=LINE('',#2355,#2354);
#2357=DIRECTION('',(1.E0,0.E0,0.E0));
#2358=VECTOR('',#2357,2.E-2);
#2359=CARTESIAN_POINT('',(4.4E-1,2.85E-1,4.E-2));
#2360=LINE('',#2359,#2358);
#2361=DIRECTION('',(1.E0,0.E0,0.E0));
#2362=VECTOR('',#2361,2.E-2);
#2363=CARTESIAN_POINT('',(4.4E-1,2.85E-1,-4.E-2));
#2364=LINE('',#2363,#2362);
#2365=DIRECTION('',(1.E0,0.E0,0.E0));
#2366=VECTOR('',#2365,2.E-2);
#2367=CARTESIAN_POINT('',(4.4E-1,2.85E-1,-6.E-2));
#2368=LINE('',#2367,#2366);
#2369=DIRECTION('',(0.E0,-1.E0,0.E0));
#2370=VECTOR('',#2369,1.07E-1);
#2371=CARTESIAN_POINT('',(3.4E-1,-4.5E-2,6.E-2));
#2372=LINE('',#2371,#2370);
#2373=DIRECTION('',(0.E0,0.E0,-1.E0));
#2374=VECTOR('',#2373,2.E-2);
#2375=CARTESIAN_POINT('',(3.4E-1,-1.52E-1,6.E-2));
#2376=LINE('',#2375,#2374);
#2377=DIRECTION('',(0.E0,1.E0,0.E0));
#2378=VECTOR('',#2377,1.07E-1);
#2379=CARTESIAN_POINT('',(3.4E-1,-1.52E-1,4.E-2));
#2380=LINE('',#2379,#2378);
#2381=DIRECTION('',(0.E0,-1.E0,0.E0));
#2382=VECTOR('',#2381,1.07E-1);
#2383=CARTESIAN_POINT('',(3.4E-1,-4.5E-2,-4.E-2));
#2384=LINE('',#2383,#2382);
#2385=DIRECTION('',(0.E0,0.E0,-1.E0));
#2386=VECTOR('',#2385,2.E-2);
#2387=CARTESIAN_POINT('',(3.4E-1,-1.52E-1,-4.E-2));
#2388=LINE('',#2387,#2386);
#2389=DIRECTION('',(0.E0,1.E0,0.E0));
#2390=VECTOR('',#2389,1.07E-1);
#2391=CARTESIAN_POINT('',(3.4E-1,-1.52E-1,-6.E-2));
#2392=LINE('',#2391,#2390);
#2393=DIRECTION('',(0.E0,1.E0,0.E0));
#2394=VECTOR('',#2393,2.4E-1);
#2395=CARTESIAN_POINT('',(3.4E-1,4.5E-2,4.E-2));
#2396=LINE('',#2395,#2394);
#2397=DIRECTION('',(0.E0,0.E0,1.E0));
#2398=VECTOR('',#2397,2.E-2);
#2399=CARTESIAN_POINT('',(3.4E-1,2.85E-1,4.E-2));
#2400=LINE('',#2399,#2398);
#2401=DIRECTION('',(0.E0,-1.E0,0.E0));
#2402=VECTOR('',#2401,2.4E-1);
#2403=CARTESIAN_POINT('',(3.4E-1,2.85E-1,6.E-2));
#2404=LINE('',#2403,#2402);
#2405=DIRECTION('',(0.E0,1.E0,0.E0));
#2406=VECTOR('',#2405,2.4E-1);
#2407=CARTESIAN_POINT('',(3.4E-1,4.5E-2,-6.E-2));
#2408=LINE('',#2407,#2406);
#2409=DIRECTION('',(0.E0,0.E0,1.E0));
#2410=VECTOR('',#2409,2.E-2);
#2411=CARTESIAN_POINT('',(3.4E-1,2.85E-1,-6.E-2));
#2412=LINE('',#2411,#2410);
#2413=DIRECTION('',(0.E0,-1.E0,0.E0));
#2414=VECTOR('',#2413,2.4E-1);
#2415=CARTESIAN_POINT('',(3.4E-1,2.85E-1,-4.E-2));
#2416=LINE('',#2415,#2414);
#2417=DIRECTION('',(0.E0,1.E0,0.E0));
#2418=VECTOR('',#2417,1.07E-1);
#2419=CARTESIAN_POINT('',(3.6E-1,-1.52E-1,4.E-2));
#2420=LINE('',#2419,#2418);
#2421=DIRECTION('',(0.E0,0.E0,-1.E0));
#2422=VECTOR('',#2421,2.E-2);
#2423=CARTESIAN_POINT('',(3.6E-1,-1.52E-1,6.E-2));
#2424=LINE('',#2423,#2422);
#2425=DIRECTION('',(0.E0,-1.E0,0.E0));
#2426=VECTOR('',#2425,1.07E-1);
#2427=CARTESIAN_POINT('',(3.6E-1,-4.5E-2,6.E-2));
#2428=LINE('',#2427,#2426);
#2429=DIRECTION('',(0.E0,1.E0,0.E0));
#2430=VECTOR('',#2429,1.07E-1);
#2431=CARTESIAN_POINT('',(3.6E-1,-1.52E-1,-6.E-2));
#2432=LINE('',#2431,#2430);
#2433=DIRECTION('',(0.E0,0.E0,-1.E0));
#2434=VECTOR('',#2433,2.E-2);
#2435=CARTESIAN_POINT('',(3.6E-1,-1.52E-1,-4.E-2));
#2436=LINE('',#2435,#2434);
#2437=DIRECTION('',(0.E0,-1.E0,0.E0));
#2438=VECTOR('',#2437,1.07E-1);
#2439=CARTESIAN_POINT('',(3.6E-1,-4.5E-2,-4.E-2));
#2440=LINE('',#2439,#2438);
#2441=DIRECTION('',(0.E0,-1.E0,0.E0));
#2442=VECTOR('',#2441,2.4E-1);
#2443=CARTESIAN_POINT('',(3.6E-1,2.85E-1,6.E-2));
#2444=LINE('',#2443,#2442);
#2445=DIRECTION('',(0.E0,0.E0,1.E0));
#2446=VECTOR('',#2445,2.E-2);
#2447=CARTESIAN_POINT('',(3.6E-1,2.85E-1,4.E-2));
#2448=LINE('',#2447,#2446);
#2449=DIRECTION('',(0.E0,1.E0,0.E0));
#2450=VECTOR('',#2449,2.4E-1);
#2451=CARTESIAN_POINT('',(3.6E-1,4.5E-2,4.E-2));
#2452=LINE('',#2451,#2450);
#2453=DIRECTION('',(0.E0,-1.E0,0.E0));
#2454=VECTOR('',#2453,2.4E-1);
#2455=CARTESIAN_POINT('',(3.6E-1,2.85E-1,-4.E-2));
#2456=LINE('',#2455,#2454);
#2457=DIRECTION('',(0.E0,0.E0,1.E0));
#2458=VECTOR('',#2457,2.E-2);
#2459=CARTESIAN_POINT('',(3.6E-1,2.85E-1,-6.E-2));
#2460=LINE('',#2459,#2458);
#2461=DIRECTION('',(0.E0,1.E0,0.E0));
#2462=VECTOR('',#2461,2.4E-1);
#2463=CARTESIAN_POINT('',(3.6E-1,4.5E-2,-6.E-2));
#2464=LINE('',#2463,#2462);
#2465=DIRECTION('',(1.E0,0.E0,0.E0));
#2466=VECTOR('',#2465,2.E-2);
#2467=CARTESIAN_POINT('',(3.4E-1,-1.52E-1,4.E-2));
#2468=LINE('',#2467,#2466);
#2469=DIRECTION('',(1.E0,0.E0,0.E0));
#2470=VECTOR('',#2469,2.E-2);
#2471=CARTESIAN_POINT('',(3.4E-1,-1.52E-1,6.E-2));
#2472=LINE('',#2471,#2470);
#2473=DIRECTION('',(1.E0,0.E0,0.E0));
#2474=VECTOR('',#2473,2.E-2);
#2475=CARTESIAN_POINT('',(3.4E-1,-1.52E-1,-6.E-2));
#2476=LINE('',#2475,#2474);
#2477=DIRECTION('',(1.E0,0.E0,0.E0));
#2478=VECTOR('',#2477,2.E-2);
#2479=CARTESIAN_POINT('',(3.4E-1,-1.52E-1,-4.E-2));
#2480=LINE('',#2479,#2478);
#2481=DIRECTION('',(1.E0,0.E0,0.E0));
#2482=VECTOR('',#2481,2.E-2);
#2483=CARTESIAN_POINT('',(3.4E-1,2.85E-1,6.E-2));
#2484=LINE('',#2483,#2482);
#2485=DIRECTION('',(1.E0,0.E0,0.E0));
#2486=VECTOR('',#2485,2.E-2);
#2487=CARTESIAN_POINT('',(3.4E-1,2.85E-1,4.E-2));
#2488=LINE('',#2487,#2486);
#2489=DIRECTION('',(1.E0,0.E0,0.E0));
#2490=VECTOR('',#2489,2.E-2);
#2491=CARTESIAN_POINT('',(3.4E-1,2.85E-1,-4.E-2));
#2492=LINE('',#2491,#2490);
#2493=DIRECTION('',(1.E0,0.E0,0.E0));
#2494=VECTOR('',#2493,2.E-2);
#2495=CARTESIAN_POINT('',(3.4E-1,2.85E-1,-6.E-2));
#2496=LINE('',#2495,#2494);
#2497=DIRECTION('',(0.E0,-1.E0,0.E0));
#2498=VECTOR('',#2497,1.07E-1);
#2499=CARTESIAN_POINT('',(2.4E-1,-4.5E-2,6.E-2));
#2500=LINE('',#2499,#2498);
#2501=DIRECTION('',(0.E0,0.E0,-1.E0));
#2502=VECTOR('',#2501,2.E-2);
#2503=CARTESIAN_POINT('',(2.4E-1,-1.52E-1,6.E-2));
#2504=LINE('',#2503,#2502);
#2505=DIRECTION('',(0.E0,1.E0,0.E0));
#2506=VECTOR('',#2505,1.07E-1);
#2507=CARTESIAN_POINT('',(2.4E-1,-1.52E-1,4.E-2));
#2508=LINE('',#2507,#2506);
#2509=DIRECTION('',(0.E0,-1.E0,0.E0));
#2510=VECTOR('',#2509,1.07E-1);
#2511=CARTESIAN_POINT('',(2.4E-1,-4.5E-2,-4.E-2));
#2512=LINE('',#2511,#2510);
#2513=DIRECTION('',(0.E0,0.E0,-1.E0));
#2514=VECTOR('',#2513,2.E-2);
#2515=CARTESIAN_POINT('',(2.4E-1,-1.52E-1,-4.E-2));
#2516=LINE('',#2515,#2514);
#2517=DIRECTION('',(0.E0,1.E0,0.E0));
#2518=VECTOR('',#2517,1.07E-1);
#2519=CARTESIAN_POINT('',(2.4E-1,-1.52E-1,-6.E-2));
#2520=LINE('',#2519,#2518);
#2521=DIRECTION('',(0.E0,1.E0,0.E0));
#2522=VECTOR('',#2521,2.4E-1);
#2523=CARTESIAN_POINT('',(2.4E-1,4.5E-2,4.E-2));
#2524=LINE('',#2523,#2522);
#2525=DIRECTION('',(0.E0,0.E0,1.E0));
#2526=VECTOR('',#2525,2.E-2);
#2527=CARTESIAN_POINT('',(2.4E-1,2.85E-1,4.E-2));
#2528=LINE('',#2527,#2526);
#2529=DIRECTION('',(0.E0,-1.E0,0.E0));
#2530=VECTOR('',#2529,2.4E-1);
#2531=CARTESIAN_POINT('',(2.4E-1,2.85E-1,6.E-2));
#2532=LINE('',#2531,#2530);
#2533=DIRECTION('',(0.E0,1.E0,0.E0));
#2534=VECTOR('',#2533,2.4E-1);
#2535=CARTESIAN_POINT('',(2.4E-1,4.5E-2,-6.E-2));
#2536=LINE('',#2535,#2534);
#2537=DIRECTION('',(0.E0,0.E0,1.E0));
#2538=VECTOR('',#2537,2.E-2);
#2539=CARTESIAN_POINT('',(2.4E-1,2.85E-1,-6.E-2));
#2540=LINE('',#2539,#2538);
#2541=DIRECTION('',(0.E0,-1.E0,0.E0));
#2542=VECTOR('',#2541,2.4E-1);
#2543=CARTESIAN_POINT('',(2.4E-1,2.85E-1,-4.E-2));
#2544=LINE('',#2543,#2542);
#2545=DIRECTION('',(0.E0,1.E0,0.E0));
#2546=VECTOR('',#2545,1.07E-1);
#2547=CARTESIAN_POINT('',(2.6E-1,-1.52E-1,4.E-2));
#2548=LINE('',#2547,#2546);
#2549=DIRECTION('',(0.E0,0.E0,-1.E0));
#2550=VECTOR('',#2549,2.E-2);
#2551=CARTESIAN_POINT('',(2.6E-1,-1.52E-1,6.E-2));
#2552=LINE('',#2551,#2550);
#2553=DIRECTION('',(0.E0,-1.E0,0.E0));
#2554=VECTOR('',#2553,1.07E-1);
#2555=CARTESIAN_POINT('',(2.6E-1,-4.5E-2,6.E-2));
#2556=LINE('',#2555,#2554);
#2557=DIRECTION('',(0.E0,1.E0,0.E0));
#2558=VECTOR('',#2557,1.07E-1);
#2559=CARTESIAN_POINT('',(2.6E-1,-1.52E-1,-6.E-2));
#2560=LINE('',#2559,#2558);
#2561=DIRECTION('',(0.E0,0.E0,-1.E0));
#2562=VECTOR('',#2561,2.E-2);
#2563=CARTESIAN_POINT('',(2.6E-1,-1.52E-1,-4.E-2));
#2564=LINE('',#2563,#2562);
#2565=DIRECTION('',(0.E0,-1.E0,0.E0));
#2566=VECTOR('',#2565,1.07E-1);
#2567=CARTESIAN_POINT('',(2.6E-1,-4.5E-2,-4.E-2));
#2568=LINE('',#2567,#2566);
#2569=DIRECTION('',(0.E0,-1.E0,0.E0));
#2570=VECTOR('',#2569,2.4E-1);
#2571=CARTESIAN_POINT('',(2.6E-1,2.85E-1,6.E-2));
#2572=LINE('',#2571,#2570);
#2573=DIRECTION('',(0.E0,0.E0,1.E0));
#2574=VECTOR('',#2573,2.E-2);
#2575=CARTESIAN_POINT('',(2.6E-1,2.85E-1,4.E-2));
#2576=LINE('',#2575,#2574);
#2577=DIRECTION('',(0.E0,1.E0,0.E0));
#2578=VECTOR('',#2577,2.4E-1);
#2579=CARTESIAN_POINT('',(2.6E-1,4.5E-2,4.E-2));
#2580=LINE('',#2579,#2578);
#2581=DIRECTION('',(0.E0,-1.E0,0.E0));
#2582=VECTOR('',#2581,2.4E-1);
#2583=CARTESIAN_POINT('',(2.6E-1,2.85E-1,-4.E-2));
#2584=LINE('',#2583,#2582);
#2585=DIRECTION('',(0.E0,0.E0,1.E0));
#2586=VECTOR('',#2585,2.E-2);
#2587=CARTESIAN_POINT('',(2.6E-1,2.85E-1,-6.E-2));
#2588=LINE('',#2587,#2586);
#2589=DIRECTION('',(0.E0,1.E0,0.E0));
#2590=VECTOR('',#2589,2.4E-1);
#2591=CARTESIAN_POINT('',(2.6E-1,4.5E-2,-6.E-2));
#2592=LINE('',#2591,#2590);
#2593=DIRECTION('',(1.E0,0.E0,0.E0));
#2594=VECTOR('',#2593,2.E-2);
#2595=CARTESIAN_POINT('',(2.4E-1,-1.52E-1,4.E-2));
#2596=LINE('',#2595,#2594);
#2597=DIRECTION('',(1.E0,0.E0,0.E0));
#2598=VECTOR('',#2597,2.E-2);
#2599=CARTESIAN_POINT('',(2.4E-1,-1.52E-1,6.E-2));
#2600=LINE('',#2599,#2598);
#2601=DIRECTION('',(1.E0,0.E0,0.E0));
#2602=VECTOR('',#2601,2.E-2);
#2603=CARTESIAN_POINT('',(2.4E-1,-1.52E-1,-6.E-2));
#2604=LINE('',#2603,#2602);
#2605=DIRECTION('',(1.E0,0.E0,0.E0));
#2606=VECTOR('',#2605,2.E-2);
#2607=CARTESIAN_POINT('',(2.4E-1,-1.52E-1,-4.E-2));
#2608=LINE('',#2607,#2606);
#2609=DIRECTION('',(1.E0,0.E0,0.E0));
#2610=VECTOR('',#2609,2.E-2);
#2611=CARTESIAN_POINT('',(2.4E-1,2.85E-1,6.E-2));
#2612=LINE('',#2611,#2610);
#2613=DIRECTION('',(1.E0,0.E0,0.E0));
#2614=VECTOR('',#2613,2.E-2);
#2615=CARTESIAN_POINT('',(2.4E-1,2.85E-1,4.E-2));
#2616=LINE('',#2615,#2614);
#2617=DIRECTION('',(1.E0,0.E0,0.E0));
#2618=VECTOR('',#2617,2.E-2);
#2619=CARTESIAN_POINT('',(2.4E-1,2.85E-1,-4.E-2));
#2620=LINE('',#2619,#2618);
#2621=DIRECTION('',(1.E0,0.E0,0.E0));
#2622=VECTOR('',#2621,2.E-2);
#2623=CARTESIAN_POINT('',(2.4E-1,2.85E-1,-6.E-2));
#2624=LINE('',#2623,#2622);
#2625=DIRECTION('',(0.E0,-1.E0,0.E0));
#2626=VECTOR('',#2625,1.07E-1);
#2627=CARTESIAN_POINT('',(1.4E-1,-4.5E-2,6.E-2));
#2628=LINE('',#2627,#2626);
#2629=DIRECTION('',(0.E0,0.E0,-1.E0));
#2630=VECTOR('',#2629,2.E-2);
#2631=CARTESIAN_POINT('',(1.4E-1,-1.52E-1,6.E-2));
#2632=LINE('',#2631,#2630);
#2633=DIRECTION('',(0.E0,1.E0,0.E0));
#2634=VECTOR('',#2633,1.07E-1);
#2635=CARTESIAN_POINT('',(1.4E-1,-1.52E-1,4.E-2));
#2636=LINE('',#2635,#2634);
#2637=DIRECTION('',(0.E0,-1.E0,0.E0));
#2638=VECTOR('',#2637,1.07E-1);
#2639=CARTESIAN_POINT('',(1.4E-1,-4.5E-2,-4.E-2));
#2640=LINE('',#2639,#2638);
#2641=DIRECTION('',(0.E0,0.E0,-1.E0));
#2642=VECTOR('',#2641,2.E-2);
#2643=CARTESIAN_POINT('',(1.4E-1,-1.52E-1,-4.E-2));
#2644=LINE('',#2643,#2642);
#2645=DIRECTION('',(0.E0,1.E0,0.E0));
#2646=VECTOR('',#2645,1.07E-1);
#2647=CARTESIAN_POINT('',(1.4E-1,-1.52E-1,-6.E-2));
#2648=LINE('',#2647,#2646);
#2649=DIRECTION('',(0.E0,1.E0,0.E0));
#2650=VECTOR('',#2649,2.4E-1);
#2651=CARTESIAN_POINT('',(1.4E-1,4.5E-2,4.E-2));
#2652=LINE('',#2651,#2650);
#2653=DIRECTION('',(0.E0,0.E0,1.E0));
#2654=VECTOR('',#2653,2.E-2);
#2655=CARTESIAN_POINT('',(1.4E-1,2.85E-1,4.E-2));
#2656=LINE('',#2655,#2654);
#2657=DIRECTION('',(0.E0,-1.E0,0.E0));
#2658=VECTOR('',#2657,2.4E-1);
#2659=CARTESIAN_POINT('',(1.4E-1,2.85E-1,6.E-2));
#2660=LINE('',#2659,#2658);
#2661=DIRECTION('',(0.E0,1.E0,0.E0));
#2662=VECTOR('',#2661,2.4E-1);
#2663=CARTESIAN_POINT('',(1.4E-1,4.5E-2,-6.E-2));
#2664=LINE('',#2663,#2662);
#2665=DIRECTION('',(0.E0,0.E0,1.E0));
#2666=VECTOR('',#2665,2.E-2);
#2667=CARTESIAN_POINT('',(1.4E-1,2.85E-1,-6.E-2));
#2668=LINE('',#2667,#2666);
#2669=DIRECTION('',(0.E0,-1.E0,0.E0));
#2670=VECTOR('',#2669,2.4E-1);
#2671=CARTESIAN_POINT('',(1.4E-1,2.85E-1,-4.E-2));
#2672=LINE('',#2671,#2670);
#2673=DIRECTION('',(0.E0,1.E0,0.E0));
#2674=VECTOR('',#2673,1.07E-1);
#2675=CARTESIAN_POINT('',(1.6E-1,-1.52E-1,4.E-2));
#2676=LINE('',#2675,#2674);
#2677=DIRECTION('',(0.E0,0.E0,-1.E0));
#2678=VECTOR('',#2677,2.E-2);
#2679=CARTESIAN_POINT('',(1.6E-1,-1.52E-1,6.E-2));
#2680=LINE('',#2679,#2678);
#2681=DIRECTION('',(0.E0,-1.E0,0.E0));
#2682=VECTOR('',#2681,1.07E-1);
#2683=CARTESIAN_POINT('',(1.6E-1,-4.5E-2,6.E-2));
#2684=LINE('',#2683,#2682);
#2685=DIRECTION('',(0.E0,1.E0,0.E0));
#2686=VECTOR('',#2685,1.07E-1);
#2687=CARTESIAN_POINT('',(1.6E-1,-1.52E-1,-6.E-2));
#2688=LINE('',#2687,#2686);
#2689=DIRECTION('',(0.E0,0.E0,-1.E0));
#2690=VECTOR('',#2689,2.E-2);
#2691=CARTESIAN_POINT('',(1.6E-1,-1.52E-1,-4.E-2));
#2692=LINE('',#2691,#2690);
#2693=DIRECTION('',(0.E0,-1.E0,0.E0));
#2694=VECTOR('',#2693,1.07E-1);
#2695=CARTESIAN_POINT('',(1.6E-1,-4.5E-2,-4.E-2));
#2696=LINE('',#2695,#2694);
#2697=DIRECTION('',(0.E0,-1.E0,0.E0));
#2698=VECTOR('',#2697,2.4E-1);
#2699=CARTESIAN_POINT('',(1.6E-1,2.85E-1,6.E-2));
#2700=LINE('',#2699,#2698);
#2701=DIRECTION('',(0.E0,0.E0,1.E0));
#2702=VECTOR('',#2701,2.E-2);
#2703=CARTESIAN_POINT('',(1.6E-1,2.85E-1,4.E-2));
#2704=LINE('',#2703,#2702);
#2705=DIRECTION('',(0.E0,1.E0,0.E0));
#2706=VECTOR('',#2705,2.4E-1);
#2707=CARTESIAN_POINT('',(1.6E-1,4.5E-2,4.E-2));
#2708=LINE('',#2707,#2706);
#2709=DIRECTION('',(0.E0,-1.E0,0.E0));
#2710=VECTOR('',#2709,2.4E-1);
#2711=CARTESIAN_POINT('',(1.6E-1,2.85E-1,-4.E-2));
#2712=LINE('',#2711,#2710);
#2713=DIRECTION('',(0.E0,0.E0,1.E0));
#2714=VECTOR('',#2713,2.E-2);
#2715=CARTESIAN_POINT('',(1.6E-1,2.85E-1,-6.E-2));
#2716=LINE('',#2715,#2714);
#2717=DIRECTION('',(0.E0,1.E0,0.E0));
#2718=VECTOR('',#2717,2.4E-1);
#2719=CARTESIAN_POINT('',(1.6E-1,4.5E-2,-6.E-2));
#2720=LINE('',#2719,#2718);
#2721=DIRECTION('',(1.E0,0.E0,0.E0));
#2722=VECTOR('',#2721,2.E-2);
#2723=CARTESIAN_POINT('',(1.4E-1,-1.52E-1,4.E-2));
#2724=LINE('',#2723,#2722);
#2725=DIRECTION('',(1.E0,0.E0,0.E0));
#2726=VECTOR('',#2725,2.E-2);
#2727=CARTESIAN_POINT('',(1.4E-1,-1.52E-1,6.E-2));
#2728=LINE('',#2727,#2726);
#2729=DIRECTION('',(1.E0,0.E0,0.E0));
#2730=VECTOR('',#2729,2.E-2);
#2731=CARTESIAN_POINT('',(1.4E-1,-1.52E-1,-6.E-2));
#2732=LINE('',#2731,#2730);
#2733=DIRECTION('',(1.E0,0.E0,0.E0));
#2734=VECTOR('',#2733,2.E-2);
#2735=CARTESIAN_POINT('',(1.4E-1,-1.52E-1,-4.E-2));
#2736=LINE('',#2735,#2734);
#2737=DIRECTION('',(1.E0,0.E0,0.E0));
#2738=VECTOR('',#2737,2.E-2);
#2739=CARTESIAN_POINT('',(1.4E-1,2.85E-1,6.E-2));
#2740=LINE('',#2739,#2738);
#2741=DIRECTION('',(1.E0,0.E0,0.E0));
#2742=VECTOR('',#2741,2.E-2);
#2743=CARTESIAN_POINT('',(1.4E-1,2.85E-1,4.E-2));
#2744=LINE('',#2743,#2742);
#2745=DIRECTION('',(1.E0,0.E0,0.E0));
#2746=VECTOR('',#2745,2.E-2);
#2747=CARTESIAN_POINT('',(1.4E-1,2.85E-1,-4.E-2));
#2748=LINE('',#2747,#2746);
#2749=DIRECTION('',(1.E0,0.E0,0.E0));
#2750=VECTOR('',#2749,2.E-2);
#2751=CARTESIAN_POINT('',(1.4E-1,2.85E-1,-6.E-2));
#2752=LINE('',#2751,#2750);
#2753=DIRECTION('',(0.E0,-1.E0,0.E0));
#2754=VECTOR('',#2753,1.07E-1);
#2755=CARTESIAN_POINT('',(4.E-2,-4.5E-2,6.E-2));
#2756=LINE('',#2755,#2754);
#2757=DIRECTION('',(0.E0,0.E0,-1.E0));
#2758=VECTOR('',#2757,2.E-2);
#2759=CARTESIAN_POINT('',(4.E-2,-1.52E-1,6.E-2));
#2760=LINE('',#2759,#2758);
#2761=DIRECTION('',(0.E0,1.E0,0.E0));
#2762=VECTOR('',#2761,1.07E-1);
#2763=CARTESIAN_POINT('',(4.E-2,-1.52E-1,4.E-2));
#2764=LINE('',#2763,#2762);
#2765=DIRECTION('',(0.E0,-1.E0,0.E0));
#2766=VECTOR('',#2765,1.07E-1);
#2767=CARTESIAN_POINT('',(4.E-2,-4.5E-2,-4.E-2));
#2768=LINE('',#2767,#2766);
#2769=DIRECTION('',(0.E0,0.E0,-1.E0));
#2770=VECTOR('',#2769,2.E-2);
#2771=CARTESIAN_POINT('',(4.E-2,-1.52E-1,-4.E-2));
#2772=LINE('',#2771,#2770);
#2773=DIRECTION('',(0.E0,1.E0,0.E0));
#2774=VECTOR('',#2773,1.07E-1);
#2775=CARTESIAN_POINT('',(4.E-2,-1.52E-1,-6.E-2));
#2776=LINE('',#2775,#2774);
#2777=DIRECTION('',(0.E0,1.E0,0.E0));
#2778=VECTOR('',#2777,2.4E-1);
#2779=CARTESIAN_POINT('',(4.E-2,4.5E-2,4.E-2));
#2780=LINE('',#2779,#2778);
#2781=DIRECTION('',(0.E0,0.E0,1.E0));
#2782=VECTOR('',#2781,2.E-2);
#2783=CARTESIAN_POINT('',(4.E-2,2.85E-1,4.E-2));
#2784=LINE('',#2783,#2782);
#2785=DIRECTION('',(0.E0,-1.E0,0.E0));
#2786=VECTOR('',#2785,2.4E-1);
#2787=CARTESIAN_POINT('',(4.E-2,2.85E-1,6.E-2));
#2788=LINE('',#2787,#2786);
#2789=DIRECTION('',(0.E0,1.E0,0.E0));
#2790=VECTOR('',#2789,2.4E-1);
#2791=CARTESIAN_POINT('',(4.E-2,4.5E-2,-6.E-2));
#2792=LINE('',#2791,#2790);
#2793=DIRECTION('',(0.E0,0.E0,1.E0));
#2794=VECTOR('',#2793,2.E-2);
#2795=CARTESIAN_POINT('',(4.E-2,2.85E-1,-6.E-2));
#2796=LINE('',#2795,#2794);
#2797=DIRECTION('',(0.E0,-1.E0,0.E0));
#2798=VECTOR('',#2797,2.4E-1);
#2799=CARTESIAN_POINT('',(4.E-2,2.85E-1,-4.E-2));
#2800=LINE('',#2799,#2798);
#2801=DIRECTION('',(0.E0,1.E0,0.E0));
#2802=VECTOR('',#2801,1.07E-1);
#2803=CARTESIAN_POINT('',(6.E-2,-1.52E-1,4.E-2));
#2804=LINE('',#2803,#2802);
#2805=DIRECTION('',(0.E0,0.E0,-1.E0));
#2806=VECTOR('',#2805,2.E-2);
#2807=CARTESIAN_POINT('',(6.E-2,-1.52E-1,6.E-2));
#2808=LINE('',#2807,#2806);
#2809=DIRECTION('',(0.E0,-1.E0,0.E0));
#2810=VECTOR('',#2809,1.07E-1);
#2811=CARTESIAN_POINT('',(6.E-2,-4.5E-2,6.E-2));
#2812=LINE('',#2811,#2810);
#2813=DIRECTION('',(0.E0,1.E0,0.E0));
#2814=VECTOR('',#2813,1.07E-1);
#2815=CARTESIAN_POINT('',(6.E-2,-1.52E-1,-6.E-2));
#2816=LINE('',#2815,#2814);
#2817=DIRECTION('',(0.E0,0.E0,-1.E0));
#2818=VECTOR('',#2817,2.E-2);
#2819=CARTESIAN_POINT('',(6.E-2,-1.52E-1,-4.E-2));
#2820=LINE('',#2819,#2818);
#2821=DIRECTION('',(0.E0,-1.E0,0.E0));
#2822=VECTOR('',#2821,1.07E-1);
#2823=CARTESIAN_POINT('',(6.E-2,-4.5E-2,-4.E-2));
#2824=LINE('',#2823,#2822);
#2825=DIRECTION('',(0.E0,-1.E0,0.E0));
#2826=VECTOR('',#2825,2.4E-1);
#2827=CARTESIAN_POINT('',(6.E-2,2.85E-1,6.E-2));
#2828=LINE('',#2827,#2826);
#2829=DIRECTION('',(0.E0,0.E0,1.E0));
#2830=VECTOR('',#2829,2.E-2);
#2831=CARTESIAN_POINT('',(6.E-2,2.85E-1,4.E-2));
#2832=LINE('',#2831,#2830);
#2833=DIRECTION('',(0.E0,1.E0,0.E0));
#2834=VECTOR('',#2833,2.4E-1);
#2835=CARTESIAN_POINT('',(6.E-2,4.5E-2,4.E-2));
#2836=LINE('',#2835,#2834);
#2837=DIRECTION('',(0.E0,-1.E0,0.E0));
#2838=VECTOR('',#2837,2.4E-1);
#2839=CARTESIAN_POINT('',(6.E-2,2.85E-1,-4.E-2));
#2840=LINE('',#2839,#2838);
#2841=DIRECTION('',(0.E0,0.E0,1.E0));
#2842=VECTOR('',#2841,2.E-2);
#2843=CARTESIAN_POINT('',(6.E-2,2.85E-1,-6.E-2));
#2844=LINE('',#2843,#2842);
#2845=DIRECTION('',(0.E0,1.E0,0.E0));
#2846=VECTOR('',#2845,2.4E-1);
#2847=CARTESIAN_POINT('',(6.E-2,4.5E-2,-6.E-2));
#2848=LINE('',#2847,#2846);
#2849=DIRECTION('',(1.E0,0.E0,0.E0));
#2850=VECTOR('',#2849,2.E-2);
#2851=CARTESIAN_POINT('',(4.E-2,-1.52E-1,4.E-2));
#2852=LINE('',#2851,#2850);
#2853=DIRECTION('',(1.E0,0.E0,0.E0));
#2854=VECTOR('',#2853,2.E-2);
#2855=CARTESIAN_POINT('',(4.E-2,-1.52E-1,6.E-2));
#2856=LINE('',#2855,#2854);
#2857=DIRECTION('',(1.E0,0.E0,0.E0));
#2858=VECTOR('',#2857,2.E-2);
#2859=CARTESIAN_POINT('',(4.E-2,-1.52E-1,-6.E-2));
#2860=LINE('',#2859,#2858);
#2861=DIRECTION('',(1.E0,0.E0,0.E0));
#2862=VECTOR('',#2861,2.E-2);
#2863=CARTESIAN_POINT('',(4.E-2,-1.52E-1,-4.E-2));
#2864=LINE('',#2863,#2862);
#2865=DIRECTION('',(1.E0,0.E0,0.E0));
#2866=VECTOR('',#2865,2.E-2);
#2867=CARTESIAN_POINT('',(4.E-2,2.85E-1,6.E-2));
#2868=LINE('',#2867,#2866);
#2869=DIRECTION('',(1.E0,0.E0,0.E0));
#2870=VECTOR('',#2869,2.E-2);
#2871=CARTESIAN_POINT('',(4.E-2,2.85E-1,4.E-2));
#2872=LINE('',#2871,#2870);
#2873=DIRECTION('',(1.E0,0.E0,0.E0));
#2874=VECTOR('',#2873,2.E-2);
#2875=CARTESIAN_POINT('',(4.E-2,2.85E-1,-4.E-2));
#2876=LINE('',#2875,#2874);
#2877=DIRECTION('',(1.E0,0.E0,0.E0));
#2878=VECTOR('',#2877,2.E-2);
#2879=CARTESIAN_POINT('',(4.E-2,2.85E-1,-6.E-2));
#2880=LINE('',#2879,#2878);
#2881=DIRECTION('',(0.E0,-1.E0,0.E0));
#2882=VECTOR('',#2881,1.07E-1);
#2883=CARTESIAN_POINT('',(-6.E-2,-4.5E-2,6.E-2));
#2884=LINE('',#2883,#2882);
#2885=DIRECTION('',(0.E0,0.E0,-1.E0));
#2886=VECTOR('',#2885,2.E-2);
#2887=CARTESIAN_POINT('',(-6.E-2,-1.52E-1,6.E-2));
#2888=LINE('',#2887,#2886);
#2889=DIRECTION('',(0.E0,1.E0,0.E0));
#2890=VECTOR('',#2889,1.07E-1);
#2891=CARTESIAN_POINT('',(-6.E-2,-1.52E-1,4.E-2));
#2892=LINE('',#2891,#2890);
#2893=DIRECTION('',(0.E0,-1.E0,0.E0));
#2894=VECTOR('',#2893,1.07E-1);
#2895=CARTESIAN_POINT('',(-6.E-2,-4.5E-2,-4.E-2));
#2896=LINE('',#2895,#2894);
#2897=DIRECTION('',(0.E0,0.E0,-1.E0));
#2898=VECTOR('',#2897,2.E-2);
#2899=CARTESIAN_POINT('',(-6.E-2,-1.52E-1,-4.E-2));
#2900=LINE('',#2899,#2898);
#2901=DIRECTION('',(0.E0,1.E0,0.E0));
#2902=VECTOR('',#2901,1.07E-1);
#2903=CARTESIAN_POINT('',(-6.E-2,-1.52E-1,-6.E-2));
#2904=LINE('',#2903,#2902);
#2905=DIRECTION('',(0.E0,1.E0,0.E0));
#2906=VECTOR('',#2905,2.4E-1);
#2907=CARTESIAN_POINT('',(-6.E-2,4.5E-2,4.E-2));
#2908=LINE('',#2907,#2906);
#2909=DIRECTION('',(0.E0,0.E0,1.E0));
#2910=VECTOR('',#2909,2.E-2);
#2911=CARTESIAN_POINT('',(-6.E-2,2.85E-1,4.E-2));
#2912=LINE('',#2911,#2910);
#2913=DIRECTION('',(0.E0,-1.E0,0.E0));
#2914=VECTOR('',#2913,2.4E-1);
#2915=CARTESIAN_POINT('',(-6.E-2,2.85E-1,6.E-2));
#2916=LINE('',#2915,#2914);
#2917=DIRECTION('',(0.E0,1.E0,0.E0));
#2918=VECTOR('',#2917,2.4E-1);
#2919=CARTESIAN_POINT('',(-6.E-2,4.5E-2,-6.E-2));
#2920=LINE('',#2919,#2918);
#2921=DIRECTION('',(0.E0,0.E0,1.E0));
#2922=VECTOR('',#2921,2.E-2);
#2923=CARTESIAN_POINT('',(-6.E-2,2.85E-1,-6.E-2));
#2924=LINE('',#2923,#2922);
#2925=DIRECTION('',(0.E0,-1.E0,0.E0));
#2926=VECTOR('',#2925,2.4E-1);
#2927=CARTESIAN_POINT('',(-6.E-2,2.85E-1,-4.E-2));
#2928=LINE('',#2927,#2926);
#2929=DIRECTION('',(0.E0,1.E0,0.E0));
#2930=VECTOR('',#2929,1.07E-1);
#2931=CARTESIAN_POINT('',(-4.E-2,-1.52E-1,4.E-2));
#2932=LINE('',#2931,#2930);
#2933=DIRECTION('',(0.E0,0.E0,-1.E0));
#2934=VECTOR('',#2933,2.E-2);
#2935=CARTESIAN_POINT('',(-4.E-2,-1.52E-1,6.E-2));
#2936=LINE('',#2935,#2934);
#2937=DIRECTION('',(0.E0,-1.E0,0.E0));
#2938=VECTOR('',#2937,1.07E-1);
#2939=CARTESIAN_POINT('',(-4.E-2,-4.5E-2,6.E-2));
#2940=LINE('',#2939,#2938);
#2941=DIRECTION('',(0.E0,1.E0,0.E0));
#2942=VECTOR('',#2941,1.07E-1);
#2943=CARTESIAN_POINT('',(-4.E-2,-1.52E-1,-6.E-2));
#2944=LINE('',#2943,#2942);
#2945=DIRECTION('',(0.E0,0.E0,-1.E0));
#2946=VECTOR('',#2945,2.E-2);
#2947=CARTESIAN_POINT('',(-4.E-2,-1.52E-1,-4.E-2));
#2948=LINE('',#2947,#2946);
#2949=DIRECTION('',(0.E0,-1.E0,0.E0));
#2950=VECTOR('',#2949,1.07E-1);
#2951=CARTESIAN_POINT('',(-4.E-2,-4.5E-2,-4.E-2));
#2952=LINE('',#2951,#2950);
#2953=DIRECTION('',(0.E0,-1.E0,0.E0));
#2954=VECTOR('',#2953,2.4E-1);
#2955=CARTESIAN_POINT('',(-4.E-2,2.85E-1,6.E-2));
#2956=LINE('',#2955,#2954);
#2957=DIRECTION('',(0.E0,0.E0,1.E0));
#2958=VECTOR('',#2957,2.E-2);
#2959=CARTESIAN_POINT('',(-4.E-2,2.85E-1,4.E-2));
#2960=LINE('',#2959,#2958);
#2961=DIRECTION('',(0.E0,1.E0,0.E0));
#2962=VECTOR('',#2961,2.4E-1);
#2963=CARTESIAN_POINT('',(-4.E-2,4.5E-2,4.E-2));
#2964=LINE('',#2963,#2962);
#2965=DIRECTION('',(0.E0,-1.E0,0.E0));
#2966=VECTOR('',#2965,2.4E-1);
#2967=CARTESIAN_POINT('',(-4.E-2,2.85E-1,-4.E-2));
#2968=LINE('',#2967,#2966);
#2969=DIRECTION('',(0.E0,0.E0,1.E0));
#2970=VECTOR('',#2969,2.E-2);
#2971=CARTESIAN_POINT('',(-4.E-2,2.85E-1,-6.E-2));
#2972=LINE('',#2971,#2970);
#2973=DIRECTION('',(0.E0,1.E0,0.E0));
#2974=VECTOR('',#2973,2.4E-1);
#2975=CARTESIAN_POINT('',(-4.E-2,4.5E-2,-6.E-2));
#2976=LINE('',#2975,#2974);
#2977=DIRECTION('',(1.E0,0.E0,0.E0));
#2978=VECTOR('',#2977,2.E-2);
#2979=CARTESIAN_POINT('',(-6.E-2,-1.52E-1,4.E-2));
#2980=LINE('',#2979,#2978);
#2981=DIRECTION('',(1.E0,0.E0,0.E0));
#2982=VECTOR('',#2981,2.E-2);
#2983=CARTESIAN_POINT('',(-6.E-2,-1.52E-1,6.E-2));
#2984=LINE('',#2983,#2982);
#2985=DIRECTION('',(1.E0,0.E0,0.E0));
#2986=VECTOR('',#2985,2.E-2);
#2987=CARTESIAN_POINT('',(-6.E-2,-1.52E-1,-6.E-2));
#2988=LINE('',#2987,#2986);
#2989=DIRECTION('',(1.E0,0.E0,0.E0));
#2990=VECTOR('',#2989,2.E-2);
#2991=CARTESIAN_POINT('',(-6.E-2,-1.52E-1,-4.E-2));
#2992=LINE('',#2991,#2990);
#2993=DIRECTION('',(1.E0,0.E0,0.E0));
#2994=VECTOR('',#2993,2.E-2);
#2995=CARTESIAN_POINT('',(-6.E-2,2.85E-1,6.E-2));
#2996=LINE('',#2995,#2994);
#2997=DIRECTION('',(1.E0,0.E0,0.E0));
#2998=VECTOR('',#2997,2.E-2);
#2999=CARTESIAN_POINT('',(-6.E-2,2.85E-1,4.E-2));
#3000=LINE('',#2999,#2998);
#3001=DIRECTION('',(1.E0,0.E0,0.E0));
#3002=VECTOR('',#3001,2.E-2);
#3003=CARTESIAN_POINT('',(-6.E-2,2.85E-1,-4.E-2));
#3004=LINE('',#3003,#3002);
#3005=DIRECTION('',(1.E0,0.E0,0.E0));
#3006=VECTOR('',#3005,2.E-2);
#3007=CARTESIAN_POINT('',(-6.E-2,2.85E-1,-6.E-2));
#3008=LINE('',#3007,#3006);
#3009=DIRECTION('',(0.E0,-1.E0,0.E0));
#3010=VECTOR('',#3009,1.07E-1);
#3011=CARTESIAN_POINT('',(-1.6E-1,-4.5E-2,6.E-2));
#3012=LINE('',#3011,#3010);
#3013=DIRECTION('',(0.E0,0.E0,-1.E0));
#3014=VECTOR('',#3013,2.E-2);
#3015=CARTESIAN_POINT('',(-1.6E-1,-1.52E-1,6.E-2));
#3016=LINE('',#3015,#3014);
#3017=DIRECTION('',(0.E0,1.E0,0.E0));
#3018=VECTOR('',#3017,1.07E-1);
#3019=CARTESIAN_POINT('',(-1.6E-1,-1.52E-1,4.E-2));
#3020=LINE('',#3019,#3018);
#3021=DIRECTION('',(0.E0,-1.E0,0.E0));
#3022=VECTOR('',#3021,1.07E-1);
#3023=CARTESIAN_POINT('',(-1.6E-1,-4.5E-2,-4.E-2));
#3024=LINE('',#3023,#3022);
#3025=DIRECTION('',(0.E0,0.E0,-1.E0));
#3026=VECTOR('',#3025,2.E-2);
#3027=CARTESIAN_POINT('',(-1.6E-1,-1.52E-1,-4.E-2));
#3028=LINE('',#3027,#3026);
#3029=DIRECTION('',(0.E0,1.E0,0.E0));
#3030=VECTOR('',#3029,1.07E-1);
#3031=CARTESIAN_POINT('',(-1.6E-1,-1.52E-1,-6.E-2));
#3032=LINE('',#3031,#3030);
#3033=DIRECTION('',(0.E0,1.E0,0.E0));
#3034=VECTOR('',#3033,2.4E-1);
#3035=CARTESIAN_POINT('',(-1.6E-1,4.5E-2,4.E-2));
#3036=LINE('',#3035,#3034);
#3037=DIRECTION('',(0.E0,0.E0,1.E0));
#3038=VECTOR('',#3037,2.E-2);
#3039=CARTESIAN_POINT('',(-1.6E-1,2.85E-1,4.E-2));
#3040=LINE('',#3039,#3038);
#3041=DIRECTION('',(0.E0,-1.E0,0.E0));
#3042=VECTOR('',#3041,2.4E-1);
#3043=CARTESIAN_POINT('',(-1.6E-1,2.85E-1,6.E-2));
#3044=LINE('',#3043,#3042);
#3045=DIRECTION('',(0.E0,1.E0,0.E0));
#3046=VECTOR('',#3045,2.4E-1);
#3047=CARTESIAN_POINT('',(-1.6E-1,4.5E-2,-6.E-2));
#3048=LINE('',#3047,#3046);
#3049=DIRECTION('',(0.E0,0.E0,1.E0));
#3050=VECTOR('',#3049,2.E-2);
#3051=CARTESIAN_POINT('',(-1.6E-1,2.85E-1,-6.E-2));
#3052=LINE('',#3051,#3050);
#3053=DIRECTION('',(0.E0,-1.E0,0.E0));
#3054=VECTOR('',#3053,2.4E-1);
#3055=CARTESIAN_POINT('',(-1.6E-1,2.85E-1,-4.E-2));
#3056=LINE('',#3055,#3054);
#3057=DIRECTION('',(0.E0,1.E0,0.E0));
#3058=VECTOR('',#3057,1.07E-1);
#3059=CARTESIAN_POINT('',(-1.4E-1,-1.52E-1,4.E-2));
#3060=LINE('',#3059,#3058);
#3061=DIRECTION('',(0.E0,0.E0,-1.E0));
#3062=VECTOR('',#3061,2.E-2);
#3063=CARTESIAN_POINT('',(-1.4E-1,-1.52E-1,6.E-2));
#3064=LINE('',#3063,#3062);
#3065=DIRECTION('',(0.E0,-1.E0,0.E0));
#3066=VECTOR('',#3065,1.07E-1);
#3067=CARTESIAN_POINT('',(-1.4E-1,-4.5E-2,6.E-2));
#3068=LINE('',#3067,#3066);
#3069=DIRECTION('',(0.E0,1.E0,0.E0));
#3070=VECTOR('',#3069,1.07E-1);
#3071=CARTESIAN_POINT('',(-1.4E-1,-1.52E-1,-6.E-2));
#3072=LINE('',#3071,#3070);
#3073=DIRECTION('',(0.E0,0.E0,-1.E0));
#3074=VECTOR('',#3073,2.E-2);
#3075=CARTESIAN_POINT('',(-1.4E-1,-1.52E-1,-4.E-2));
#3076=LINE('',#3075,#3074);
#3077=DIRECTION('',(0.E0,-1.E0,0.E0));
#3078=VECTOR('',#3077,1.07E-1);
#3079=CARTESIAN_POINT('',(-1.4E-1,-4.5E-2,-4.E-2));
#3080=LINE('',#3079,#3078);
#3081=DIRECTION('',(0.E0,-1.E0,0.E0));
#3082=VECTOR('',#3081,2.4E-1);
#3083=CARTESIAN_POINT('',(-1.4E-1,2.85E-1,6.E-2));
#3084=LINE('',#3083,#3082);
#3085=DIRECTION('',(0.E0,0.E0,1.E0));
#3086=VECTOR('',#3085,2.E-2);
#3087=CARTESIAN_POINT('',(-1.4E-1,2.85E-1,4.E-2));
#3088=LINE('',#3087,#3086);
#3089=DIRECTION('',(0.E0,1.E0,0.E0));
#3090=VECTOR('',#3089,2.4E-1);
#3091=CARTESIAN_POINT('',(-1.4E-1,4.5E-2,4.E-2));
#3092=LINE('',#3091,#3090);
#3093=DIRECTION('',(0.E0,-1.E0,0.E0));
#3094=VECTOR('',#3093,2.4E-1);
#3095=CARTESIAN_POINT('',(-1.4E-1,2.85E-1,-4.E-2));
#3096=LINE('',#3095,#3094);
#3097=DIRECTION('',(0.E0,0.E0,1.E0));
#3098=VECTOR('',#3097,2.E-2);
#3099=CARTESIAN_POINT('',(-1.4E-1,2.85E-1,-6.E-2));
#3100=LINE('',#3099,#3098);
#3101=DIRECTION('',(0.E0,1.E0,0.E0));
#3102=VECTOR('',#3101,2.4E-1);
#3103=CARTESIAN_POINT('',(-1.4E-1,4.5E-2,-6.E-2));
#3104=LINE('',#3103,#3102);
#3105=DIRECTION('',(1.E0,0.E0,0.E0));
#3106=VECTOR('',#3105,2.E-2);
#3107=CARTESIAN_POINT('',(-1.6E-1,-1.52E-1,4.E-2));
#3108=LINE('',#3107,#3106);
#3109=DIRECTION('',(1.E0,0.E0,0.E0));
#3110=VECTOR('',#3109,2.E-2);
#3111=CARTESIAN_POINT('',(-1.6E-1,-1.52E-1,6.E-2));
#3112=LINE('',#3111,#3110);
#3113=DIRECTION('',(1.E0,0.E0,0.E0));
#3114=VECTOR('',#3113,2.E-2);
#3115=CARTESIAN_POINT('',(-1.6E-1,-1.52E-1,-6.E-2));
#3116=LINE('',#3115,#3114);
#3117=DIRECTION('',(1.E0,0.E0,0.E0));
#3118=VECTOR('',#3117,2.E-2);
#3119=CARTESIAN_POINT('',(-1.6E-1,-1.52E-1,-4.E-2));
#3120=LINE('',#3119,#3118);
#3121=DIRECTION('',(1.E0,0.E0,0.E0));
#3122=VECTOR('',#3121,2.E-2);
#3123=CARTESIAN_POINT('',(-1.6E-1,2.85E-1,6.E-2));
#3124=LINE('',#3123,#3122);
#3125=DIRECTION('',(1.E0,0.E0,0.E0));
#3126=VECTOR('',#3125,2.E-2);
#3127=CARTESIAN_POINT('',(-1.6E-1,2.85E-1,4.E-2));
#3128=LINE('',#3127,#3126);
#3129=DIRECTION('',(1.E0,0.E0,0.E0));
#3130=VECTOR('',#3129,2.E-2);
#3131=CARTESIAN_POINT('',(-1.6E-1,2.85E-1,-4.E-2));
#3132=LINE('',#3131,#3130);
#3133=DIRECTION('',(1.E0,0.E0,0.E0));
#3134=VECTOR('',#3133,2.E-2);
#3135=CARTESIAN_POINT('',(-1.6E-1,2.85E-1,-6.E-2));
#3136=LINE('',#3135,#3134);
#3137=DIRECTION('',(0.E0,-1.E0,0.E0));
#3138=VECTOR('',#3137,1.07E-1);
#3139=CARTESIAN_POINT('',(-2.6E-1,-4.5E-2,6.E-2));
#3140=LINE('',#3139,#3138);
#3141=DIRECTION('',(0.E0,0.E0,-1.E0));
#3142=VECTOR('',#3141,2.E-2);
#3143=CARTESIAN_POINT('',(-2.6E-1,-1.52E-1,6.E-2));
#3144=LINE('',#3143,#3142);
#3145=DIRECTION('',(0.E0,1.E0,0.E0));
#3146=VECTOR('',#3145,1.07E-1);
#3147=CARTESIAN_POINT('',(-2.6E-1,-1.52E-1,4.E-2));
#3148=LINE('',#3147,#3146);
#3149=DIRECTION('',(0.E0,-1.E0,0.E0));
#3150=VECTOR('',#3149,1.07E-1);
#3151=CARTESIAN_POINT('',(-2.6E-1,-4.5E-2,-4.E-2));
#3152=LINE('',#3151,#3150);
#3153=DIRECTION('',(0.E0,0.E0,-1.E0));
#3154=VECTOR('',#3153,2.E-2);
#3155=CARTESIAN_POINT('',(-2.6E-1,-1.52E-1,-4.E-2));
#3156=LINE('',#3155,#3154);
#3157=DIRECTION('',(0.E0,1.E0,0.E0));
#3158=VECTOR('',#3157,1.07E-1);
#3159=CARTESIAN_POINT('',(-2.6E-1,-1.52E-1,-6.E-2));
#3160=LINE('',#3159,#3158);
#3161=DIRECTION('',(0.E0,1.E0,0.E0));
#3162=VECTOR('',#3161,2.4E-1);
#3163=CARTESIAN_POINT('',(-2.6E-1,4.5E-2,4.E-2));
#3164=LINE('',#3163,#3162);
#3165=DIRECTION('',(0.E0,0.E0,1.E0));
#3166=VECTOR('',#3165,2.E-2);
#3167=CARTESIAN_POINT('',(-2.6E-1,2.85E-1,4.E-2));
#3168=LINE('',#3167,#3166);
#3169=DIRECTION('',(0.E0,-1.E0,0.E0));
#3170=VECTOR('',#3169,2.4E-1);
#3171=CARTESIAN_POINT('',(-2.6E-1,2.85E-1,6.E-2));
#3172=LINE('',#3171,#3170);
#3173=DIRECTION('',(0.E0,1.E0,0.E0));
#3174=VECTOR('',#3173,2.4E-1);
#3175=CARTESIAN_POINT('',(-2.6E-1,4.5E-2,-6.E-2));
#3176=LINE('',#3175,#3174);
#3177=DIRECTION('',(0.E0,0.E0,1.E0));
#3178=VECTOR('',#3177,2.E-2);
#3179=CARTESIAN_POINT('',(-2.6E-1,2.85E-1,-6.E-2));
#3180=LINE('',#3179,#3178);
#3181=DIRECTION('',(0.E0,-1.E0,0.E0));
#3182=VECTOR('',#3181,2.4E-1);
#3183=CARTESIAN_POINT('',(-2.6E-1,2.85E-1,-4.E-2));
#3184=LINE('',#3183,#3182);
#3185=DIRECTION('',(0.E0,1.E0,0.E0));
#3186=VECTOR('',#3185,1.07E-1);
#3187=CARTESIAN_POINT('',(-2.4E-1,-1.52E-1,4.E-2));
#3188=LINE('',#3187,#3186);
#3189=DIRECTION('',(0.E0,0.E0,-1.E0));
#3190=VECTOR('',#3189,2.E-2);
#3191=CARTESIAN_POINT('',(-2.4E-1,-1.52E-1,6.E-2));
#3192=LINE('',#3191,#3190);
#3193=DIRECTION('',(0.E0,-1.E0,0.E0));
#3194=VECTOR('',#3193,1.07E-1);
#3195=CARTESIAN_POINT('',(-2.4E-1,-4.5E-2,6.E-2));
#3196=LINE('',#3195,#3194);
#3197=DIRECTION('',(0.E0,1.E0,0.E0));
#3198=VECTOR('',#3197,1.07E-1);
#3199=CARTESIAN_POINT('',(-2.4E-1,-1.52E-1,-6.E-2));
#3200=LINE('',#3199,#3198);
#3201=DIRECTION('',(0.E0,0.E0,-1.E0));
#3202=VECTOR('',#3201,2.E-2);
#3203=CARTESIAN_POINT('',(-2.4E-1,-1.52E-1,-4.E-2));
#3204=LINE('',#3203,#3202);
#3205=DIRECTION('',(0.E0,-1.E0,0.E0));
#3206=VECTOR('',#3205,1.07E-1);
#3207=CARTESIAN_POINT('',(-2.4E-1,-4.5E-2,-4.E-2));
#3208=LINE('',#3207,#3206);
#3209=DIRECTION('',(0.E0,-1.E0,0.E0));
#3210=VECTOR('',#3209,2.4E-1);
#3211=CARTESIAN_POINT('',(-2.4E-1,2.85E-1,6.E-2));
#3212=LINE('',#3211,#3210);
#3213=DIRECTION('',(0.E0,0.E0,1.E0));
#3214=VECTOR('',#3213,2.E-2);
#3215=CARTESIAN_POINT('',(-2.4E-1,2.85E-1,4.E-2));
#3216=LINE('',#3215,#3214);
#3217=DIRECTION('',(0.E0,1.E0,0.E0));
#3218=VECTOR('',#3217,2.4E-1);
#3219=CARTESIAN_POINT('',(-2.4E-1,4.5E-2,4.E-2));
#3220=LINE('',#3219,#3218);
#3221=DIRECTION('',(0.E0,-1.E0,0.E0));
#3222=VECTOR('',#3221,2.4E-1);
#3223=CARTESIAN_POINT('',(-2.4E-1,2.85E-1,-4.E-2));
#3224=LINE('',#3223,#3222);
#3225=DIRECTION('',(0.E0,0.E0,1.E0));
#3226=VECTOR('',#3225,2.E-2);
#3227=CARTESIAN_POINT('',(-2.4E-1,2.85E-1,-6.E-2));
#3228=LINE('',#3227,#3226);
#3229=DIRECTION('',(0.E0,1.E0,0.E0));
#3230=VECTOR('',#3229,2.4E-1);
#3231=CARTESIAN_POINT('',(-2.4E-1,4.5E-2,-6.E-2));
#3232=LINE('',#3231,#3230);
#3233=DIRECTION('',(1.E0,0.E0,0.E0));
#3234=VECTOR('',#3233,2.E-2);
#3235=CARTESIAN_POINT('',(-2.6E-1,-1.52E-1,4.E-2));
#3236=LINE('',#3235,#3234);
#3237=DIRECTION('',(1.E0,0.E0,0.E0));
#3238=VECTOR('',#3237,2.E-2);
#3239=CARTESIAN_POINT('',(-2.6E-1,-1.52E-1,6.E-2));
#3240=LINE('',#3239,#3238);
#3241=DIRECTION('',(1.E0,0.E0,0.E0));
#3242=VECTOR('',#3241,2.E-2);
#3243=CARTESIAN_POINT('',(-2.6E-1,-1.52E-1,-6.E-2));
#3244=LINE('',#3243,#3242);
#3245=DIRECTION('',(1.E0,0.E0,0.E0));
#3246=VECTOR('',#3245,2.E-2);
#3247=CARTESIAN_POINT('',(-2.6E-1,-1.52E-1,-4.E-2));
#3248=LINE('',#3247,#3246);
#3249=DIRECTION('',(1.E0,0.E0,0.E0));
#3250=VECTOR('',#3249,2.E-2);
#3251=CARTESIAN_POINT('',(-2.6E-1,2.85E-1,6.E-2));
#3252=LINE('',#3251,#3250);
#3253=DIRECTION('',(1.E0,0.E0,0.E0));
#3254=VECTOR('',#3253,2.E-2);
#3255=CARTESIAN_POINT('',(-2.6E-1,2.85E-1,4.E-2));
#3256=LINE('',#3255,#3254);
#3257=DIRECTION('',(1.E0,0.E0,0.E0));
#3258=VECTOR('',#3257,2.E-2);
#3259=CARTESIAN_POINT('',(-2.6E-1,2.85E-1,-4.E-2));
#3260=LINE('',#3259,#3258);
#3261=DIRECTION('',(1.E0,0.E0,0.E0));
#3262=VECTOR('',#3261,2.E-2);
#3263=CARTESIAN_POINT('',(-2.6E-1,2.85E-1,-6.E-2));
#3264=LINE('',#3263,#3262);
#3265=DIRECTION('',(0.E0,-1.E0,0.E0));
#3266=VECTOR('',#3265,1.07E-1);
#3267=CARTESIAN_POINT('',(-3.6E-1,-4.5E-2,6.E-2));
#3268=LINE('',#3267,#3266);
#3269=DIRECTION('',(0.E0,0.E0,-1.E0));
#3270=VECTOR('',#3269,2.E-2);
#3271=CARTESIAN_POINT('',(-3.6E-1,-1.52E-1,6.E-2));
#3272=LINE('',#3271,#3270);
#3273=DIRECTION('',(0.E0,1.E0,0.E0));
#3274=VECTOR('',#3273,1.07E-1);
#3275=CARTESIAN_POINT('',(-3.6E-1,-1.52E-1,4.E-2));
#3276=LINE('',#3275,#3274);
#3277=DIRECTION('',(0.E0,-1.E0,0.E0));
#3278=VECTOR('',#3277,1.07E-1);
#3279=CARTESIAN_POINT('',(-3.6E-1,-4.5E-2,-4.E-2));
#3280=LINE('',#3279,#3278);
#3281=DIRECTION('',(0.E0,0.E0,-1.E0));
#3282=VECTOR('',#3281,2.E-2);
#3283=CARTESIAN_POINT('',(-3.6E-1,-1.52E-1,-4.E-2));
#3284=LINE('',#3283,#3282);
#3285=DIRECTION('',(0.E0,1.E0,0.E0));
#3286=VECTOR('',#3285,1.07E-1);
#3287=CARTESIAN_POINT('',(-3.6E-1,-1.52E-1,-6.E-2));
#3288=LINE('',#3287,#3286);
#3289=DIRECTION('',(0.E0,1.E0,0.E0));
#3290=VECTOR('',#3289,2.4E-1);
#3291=CARTESIAN_POINT('',(-3.6E-1,4.5E-2,4.E-2));
#3292=LINE('',#3291,#3290);
#3293=DIRECTION('',(0.E0,0.E0,1.E0));
#3294=VECTOR('',#3293,2.E-2);
#3295=CARTESIAN_POINT('',(-3.6E-1,2.85E-1,4.E-2));
#3296=LINE('',#3295,#3294);
#3297=DIRECTION('',(0.E0,-1.E0,0.E0));
#3298=VECTOR('',#3297,2.4E-1);
#3299=CARTESIAN_POINT('',(-3.6E-1,2.85E-1,6.E-2));
#3300=LINE('',#3299,#3298);
#3301=DIRECTION('',(0.E0,1.E0,0.E0));
#3302=VECTOR('',#3301,2.4E-1);
#3303=CARTESIAN_POINT('',(-3.6E-1,4.5E-2,-6.E-2));
#3304=LINE('',#3303,#3302);
#3305=DIRECTION('',(0.E0,0.E0,1.E0));
#3306=VECTOR('',#3305,2.E-2);
#3307=CARTESIAN_POINT('',(-3.6E-1,2.85E-1,-6.E-2));
#3308=LINE('',#3307,#3306);
#3309=DIRECTION('',(0.E0,-1.E0,0.E0));
#3310=VECTOR('',#3309,2.4E-1);
#3311=CARTESIAN_POINT('',(-3.6E-1,2.85E-1,-4.E-2));
#3312=LINE('',#3311,#3310);
#3313=DIRECTION('',(0.E0,1.E0,0.E0));
#3314=VECTOR('',#3313,1.07E-1);
#3315=CARTESIAN_POINT('',(-3.4E-1,-1.52E-1,4.E-2));
#3316=LINE('',#3315,#3314);
#3317=DIRECTION('',(0.E0,0.E0,-1.E0));
#3318=VECTOR('',#3317,2.E-2);
#3319=CARTESIAN_POINT('',(-3.4E-1,-1.52E-1,6.E-2));
#3320=LINE('',#3319,#3318);
#3321=DIRECTION('',(0.E0,-1.E0,0.E0));
#3322=VECTOR('',#3321,1.07E-1);
#3323=CARTESIAN_POINT('',(-3.4E-1,-4.5E-2,6.E-2));
#3324=LINE('',#3323,#3322);
#3325=DIRECTION('',(0.E0,1.E0,0.E0));
#3326=VECTOR('',#3325,1.07E-1);
#3327=CARTESIAN_POINT('',(-3.4E-1,-1.52E-1,-6.E-2));
#3328=LINE('',#3327,#3326);
#3329=DIRECTION('',(0.E0,0.E0,-1.E0));
#3330=VECTOR('',#3329,2.E-2);
#3331=CARTESIAN_POINT('',(-3.4E-1,-1.52E-1,-4.E-2));
#3332=LINE('',#3331,#3330);
#3333=DIRECTION('',(0.E0,-1.E0,0.E0));
#3334=VECTOR('',#3333,1.07E-1);
#3335=CARTESIAN_POINT('',(-3.4E-1,-4.5E-2,-4.E-2));
#3336=LINE('',#3335,#3334);
#3337=DIRECTION('',(0.E0,-1.E0,0.E0));
#3338=VECTOR('',#3337,2.4E-1);
#3339=CARTESIAN_POINT('',(-3.4E-1,2.85E-1,6.E-2));
#3340=LINE('',#3339,#3338);
#3341=DIRECTION('',(0.E0,0.E0,1.E0));
#3342=VECTOR('',#3341,2.E-2);
#3343=CARTESIAN_POINT('',(-3.4E-1,2.85E-1,4.E-2));
#3344=LINE('',#3343,#3342);
#3345=DIRECTION('',(0.E0,1.E0,0.E0));
#3346=VECTOR('',#3345,2.4E-1);
#3347=CARTESIAN_POINT('',(-3.4E-1,4.5E-2,4.E-2));
#3348=LINE('',#3347,#3346);
#3349=DIRECTION('',(0.E0,-1.E0,0.E0));
#3350=VECTOR('',#3349,2.4E-1);
#3351=CARTESIAN_POINT('',(-3.4E-1,2.85E-1,-4.E-2));
#3352=LINE('',#3351,#3350);
#3353=DIRECTION('',(0.E0,0.E0,1.E0));
#3354=VECTOR('',#3353,2.E-2);
#3355=CARTESIAN_POINT('',(-3.4E-1,2.85E-1,-6.E-2));
#3356=LINE('',#3355,#3354);
#3357=DIRECTION('',(0.E0,1.E0,0.E0));
#3358=VECTOR('',#3357,2.4E-1);
#3359=CARTESIAN_POINT('',(-3.4E-1,4.5E-2,-6.E-2));
#3360=LINE('',#3359,#3358);
#3361=DIRECTION('',(1.E0,0.E0,0.E0));
#3362=VECTOR('',#3361,2.E-2);
#3363=CARTESIAN_POINT('',(-3.6E-1,-1.52E-1,4.E-2));
#3364=LINE('',#3363,#3362);
#3365=DIRECTION('',(1.E0,0.E0,0.E0));
#3366=VECTOR('',#3365,2.E-2);
#3367=CARTESIAN_POINT('',(-3.6E-1,-1.52E-1,6.E-2));
#3368=LINE('',#3367,#3366);
#3369=DIRECTION('',(1.E0,0.E0,0.E0));
#3370=VECTOR('',#3369,2.E-2);
#3371=CARTESIAN_POINT('',(-3.6E-1,-1.52E-1,-6.E-2));
#3372=LINE('',#3371,#3370);
#3373=DIRECTION('',(1.E0,0.E0,0.E0));
#3374=VECTOR('',#3373,2.E-2);
#3375=CARTESIAN_POINT('',(-3.6E-1,-1.52E-1,-4.E-2));
#3376=LINE('',#3375,#3374);
#3377=DIRECTION('',(1.E0,0.E0,0.E0));
#3378=VECTOR('',#3377,2.E-2);
#3379=CARTESIAN_POINT('',(-3.6E-1,2.85E-1,6.E-2));
#3380=LINE('',#3379,#3378);
#3381=DIRECTION('',(1.E0,0.E0,0.E0));
#3382=VECTOR('',#3381,2.E-2);
#3383=CARTESIAN_POINT('',(-3.6E-1,2.85E-1,4.E-2));
#3384=LINE('',#3383,#3382);
#3385=DIRECTION('',(1.E0,0.E0,0.E0));
#3386=VECTOR('',#3385,2.E-2);
#3387=CARTESIAN_POINT('',(-3.6E-1,2.85E-1,-4.E-2));
#3388=LINE('',#3387,#3386);
#3389=DIRECTION('',(1.E0,0.E0,0.E0));
#3390=VECTOR('',#3389,2.E-2);
#3391=CARTESIAN_POINT('',(-3.6E-1,2.85E-1,-6.E-2));
#3392=LINE('',#3391,#3390);
#3393=DIRECTION('',(0.E0,-1.E0,0.E0));
#3394=VECTOR('',#3393,1.07E-1);
#3395=CARTESIAN_POINT('',(-4.6E-1,-4.5E-2,6.E-2));
#3396=LINE('',#3395,#3394);
#3397=DIRECTION('',(0.E0,0.E0,-1.E0));
#3398=VECTOR('',#3397,2.E-2);
#3399=CARTESIAN_POINT('',(-4.6E-1,-1.52E-1,6.E-2));
#3400=LINE('',#3399,#3398);
#3401=DIRECTION('',(0.E0,1.E0,0.E0));
#3402=VECTOR('',#3401,1.07E-1);
#3403=CARTESIAN_POINT('',(-4.6E-1,-1.52E-1,4.E-2));
#3404=LINE('',#3403,#3402);
#3405=DIRECTION('',(0.E0,-1.E0,0.E0));
#3406=VECTOR('',#3405,1.07E-1);
#3407=CARTESIAN_POINT('',(-4.6E-1,-4.5E-2,-4.E-2));
#3408=LINE('',#3407,#3406);
#3409=DIRECTION('',(0.E0,0.E0,-1.E0));
#3410=VECTOR('',#3409,2.E-2);
#3411=CARTESIAN_POINT('',(-4.6E-1,-1.52E-1,-4.E-2));
#3412=LINE('',#3411,#3410);
#3413=DIRECTION('',(0.E0,1.E0,0.E0));
#3414=VECTOR('',#3413,1.07E-1);
#3415=CARTESIAN_POINT('',(-4.6E-1,-1.52E-1,-6.E-2));
#3416=LINE('',#3415,#3414);
#3417=DIRECTION('',(0.E0,1.E0,0.E0));
#3418=VECTOR('',#3417,2.4E-1);
#3419=CARTESIAN_POINT('',(-4.6E-1,4.5E-2,4.E-2));
#3420=LINE('',#3419,#3418);
#3421=DIRECTION('',(0.E0,0.E0,1.E0));
#3422=VECTOR('',#3421,2.E-2);
#3423=CARTESIAN_POINT('',(-4.6E-1,2.85E-1,4.E-2));
#3424=LINE('',#3423,#3422);
#3425=DIRECTION('',(0.E0,-1.E0,0.E0));
#3426=VECTOR('',#3425,2.4E-1);
#3427=CARTESIAN_POINT('',(-4.6E-1,2.85E-1,6.E-2));
#3428=LINE('',#3427,#3426);
#3429=DIRECTION('',(0.E0,1.E0,0.E0));
#3430=VECTOR('',#3429,2.4E-1);
#3431=CARTESIAN_POINT('',(-4.6E-1,4.5E-2,-6.E-2));
#3432=LINE('',#3431,#3430);
#3433=DIRECTION('',(0.E0,0.E0,1.E0));
#3434=VECTOR('',#3433,2.E-2);
#3435=CARTESIAN_POINT('',(-4.6E-1,2.85E-1,-6.E-2));
#3436=LINE('',#3435,#3434);
#3437=DIRECTION('',(0.E0,-1.E0,0.E0));
#3438=VECTOR('',#3437,2.4E-1);
#3439=CARTESIAN_POINT('',(-4.6E-1,2.85E-1,-4.E-2));
#3440=LINE('',#3439,#3438);
#3441=DIRECTION('',(0.E0,1.E0,0.E0));
#3442=VECTOR('',#3441,1.07E-1);
#3443=CARTESIAN_POINT('',(-4.4E-1,-1.52E-1,4.E-2));
#3444=LINE('',#3443,#3442);
#3445=DIRECTION('',(0.E0,0.E0,-1.E0));
#3446=VECTOR('',#3445,2.E-2);
#3447=CARTESIAN_POINT('',(-4.4E-1,-1.52E-1,6.E-2));
#3448=LINE('',#3447,#3446);
#3449=DIRECTION('',(0.E0,-1.E0,0.E0));
#3450=VECTOR('',#3449,1.07E-1);
#3451=CARTESIAN_POINT('',(-4.4E-1,-4.5E-2,6.E-2));
#3452=LINE('',#3451,#3450);
#3453=DIRECTION('',(0.E0,1.E0,0.E0));
#3454=VECTOR('',#3453,1.07E-1);
#3455=CARTESIAN_POINT('',(-4.4E-1,-1.52E-1,-6.E-2));
#3456=LINE('',#3455,#3454);
#3457=DIRECTION('',(0.E0,0.E0,-1.E0));
#3458=VECTOR('',#3457,2.E-2);
#3459=CARTESIAN_POINT('',(-4.4E-1,-1.52E-1,-4.E-2));
#3460=LINE('',#3459,#3458);
#3461=DIRECTION('',(0.E0,-1.E0,0.E0));
#3462=VECTOR('',#3461,1.07E-1);
#3463=CARTESIAN_POINT('',(-4.4E-1,-4.5E-2,-4.E-2));
#3464=LINE('',#3463,#3462);
#3465=DIRECTION('',(0.E0,-1.E0,0.E0));
#3466=VECTOR('',#3465,2.4E-1);
#3467=CARTESIAN_POINT('',(-4.4E-1,2.85E-1,6.E-2));
#3468=LINE('',#3467,#3466);
#3469=DIRECTION('',(0.E0,0.E0,1.E0));
#3470=VECTOR('',#3469,2.E-2);
#3471=CARTESIAN_POINT('',(-4.4E-1,2.85E-1,4.E-2));
#3472=LINE('',#3471,#3470);
#3473=DIRECTION('',(0.E0,1.E0,0.E0));
#3474=VECTOR('',#3473,2.4E-1);
#3475=CARTESIAN_POINT('',(-4.4E-1,4.5E-2,4.E-2));
#3476=LINE('',#3475,#3474);
#3477=DIRECTION('',(0.E0,-1.E0,0.E0));
#3478=VECTOR('',#3477,2.4E-1);
#3479=CARTESIAN_POINT('',(-4.4E-1,2.85E-1,-4.E-2));
#3480=LINE('',#3479,#3478);
#3481=DIRECTION('',(0.E0,0.E0,1.E0));
#3482=VECTOR('',#3481,2.E-2);
#3483=CARTESIAN_POINT('',(-4.4E-1,2.85E-1,-6.E-2));
#3484=LINE('',#3483,#3482);
#3485=DIRECTION('',(0.E0,1.E0,0.E0));
#3486=VECTOR('',#3485,2.4E-1);
#3487=CARTESIAN_POINT('',(-4.4E-1,4.5E-2,-6.E-2));
#3488=LINE('',#3487,#3486);
#3489=DIRECTION('',(1.E0,0.E0,0.E0));
#3490=VECTOR('',#3489,2.E-2);
#3491=CARTESIAN_POINT('',(-4.6E-1,-1.52E-1,4.E-2));
#3492=LINE('',#3491,#3490);
#3493=DIRECTION('',(1.E0,0.E0,0.E0));
#3494=VECTOR('',#3493,2.E-2);
#3495=CARTESIAN_POINT('',(-4.6E-1,-1.52E-1,6.E-2));
#3496=LINE('',#3495,#3494);
#3497=DIRECTION('',(1.E0,0.E0,0.E0));
#3498=VECTOR('',#3497,2.E-2);
#3499=CARTESIAN_POINT('',(-4.6E-1,-1.52E-1,-6.E-2));
#3500=LINE('',#3499,#3498);
#3501=DIRECTION('',(1.E0,0.E0,0.E0));
#3502=VECTOR('',#3501,2.E-2);
#3503=CARTESIAN_POINT('',(-4.6E-1,-1.52E-1,-4.E-2));
#3504=LINE('',#3503,#3502);
#3505=DIRECTION('',(1.E0,0.E0,0.E0));
#3506=VECTOR('',#3505,2.E-2);
#3507=CARTESIAN_POINT('',(-4.6E-1,2.85E-1,6.E-2));
#3508=LINE('',#3507,#3506);
#3509=DIRECTION('',(1.E0,0.E0,0.E0));
#3510=VECTOR('',#3509,2.E-2);
#3511=CARTESIAN_POINT('',(-4.6E-1,2.85E-1,4.E-2));
#3512=LINE('',#3511,#3510);
#3513=DIRECTION('',(1.E0,0.E0,0.E0));
#3514=VECTOR('',#3513,2.E-2);
#3515=CARTESIAN_POINT('',(-4.6E-1,2.85E-1,-4.E-2));
#3516=LINE('',#3515,#3514);
#3517=DIRECTION('',(1.E0,0.E0,0.E0));
#3518=VECTOR('',#3517,2.E-2);
#3519=CARTESIAN_POINT('',(-4.6E-1,2.85E-1,-6.E-2));
#3520=LINE('',#3519,#3518);
#3521=DIRECTION('',(0.E0,-1.E0,0.E0));
#3522=VECTOR('',#3521,1.07E-1);
#3523=CARTESIAN_POINT('',(-5.6E-1,-4.5E-2,6.E-2));
#3524=LINE('',#3523,#3522);
#3525=DIRECTION('',(0.E0,0.E0,-1.E0));
#3526=VECTOR('',#3525,2.E-2);
#3527=CARTESIAN_POINT('',(-5.6E-1,-1.52E-1,6.E-2));
#3528=LINE('',#3527,#3526);
#3529=DIRECTION('',(0.E0,1.E0,0.E0));
#3530=VECTOR('',#3529,1.07E-1);
#3531=CARTESIAN_POINT('',(-5.6E-1,-1.52E-1,4.E-2));
#3532=LINE('',#3531,#3530);
#3533=DIRECTION('',(0.E0,-1.E0,0.E0));
#3534=VECTOR('',#3533,1.07E-1);
#3535=CARTESIAN_POINT('',(-5.6E-1,-4.5E-2,-4.E-2));
#3536=LINE('',#3535,#3534);
#3537=DIRECTION('',(0.E0,0.E0,-1.E0));
#3538=VECTOR('',#3537,2.E-2);
#3539=CARTESIAN_POINT('',(-5.6E-1,-1.52E-1,-4.E-2));
#3540=LINE('',#3539,#3538);
#3541=DIRECTION('',(0.E0,1.E0,0.E0));
#3542=VECTOR('',#3541,1.07E-1);
#3543=CARTESIAN_POINT('',(-5.6E-1,-1.52E-1,-6.E-2));
#3544=LINE('',#3543,#3542);
#3545=DIRECTION('',(0.E0,1.E0,0.E0));
#3546=VECTOR('',#3545,2.4E-1);
#3547=CARTESIAN_POINT('',(-5.6E-1,4.5E-2,4.E-2));
#3548=LINE('',#3547,#3546);
#3549=DIRECTION('',(0.E0,0.E0,1.E0));
#3550=VECTOR('',#3549,2.E-2);
#3551=CARTESIAN_POINT('',(-5.6E-1,2.85E-1,4.E-2));
#3552=LINE('',#3551,#3550);
#3553=DIRECTION('',(0.E0,-1.E0,0.E0));
#3554=VECTOR('',#3553,2.4E-1);
#3555=CARTESIAN_POINT('',(-5.6E-1,2.85E-1,6.E-2));
#3556=LINE('',#3555,#3554);
#3557=DIRECTION('',(0.E0,1.E0,0.E0));
#3558=VECTOR('',#3557,2.4E-1);
#3559=CARTESIAN_POINT('',(-5.6E-1,4.5E-2,-6.E-2));
#3560=LINE('',#3559,#3558);
#3561=DIRECTION('',(0.E0,0.E0,1.E0));
#3562=VECTOR('',#3561,2.E-2);
#3563=CARTESIAN_POINT('',(-5.6E-1,2.85E-1,-6.E-2));
#3564=LINE('',#3563,#3562);
#3565=DIRECTION('',(0.E0,-1.E0,0.E0));
#3566=VECTOR('',#3565,2.4E-1);
#3567=CARTESIAN_POINT('',(-5.6E-1,2.85E-1,-4.E-2));
#3568=LINE('',#3567,#3566);
#3569=DIRECTION('',(0.E0,1.E0,0.E0));
#3570=VECTOR('',#3569,1.07E-1);
#3571=CARTESIAN_POINT('',(-5.4E-1,-1.52E-1,4.E-2));
#3572=LINE('',#3571,#3570);
#3573=DIRECTION('',(0.E0,0.E0,-1.E0));
#3574=VECTOR('',#3573,2.E-2);
#3575=CARTESIAN_POINT('',(-5.4E-1,-1.52E-1,6.E-2));
#3576=LINE('',#3575,#3574);
#3577=DIRECTION('',(0.E0,-1.E0,0.E0));
#3578=VECTOR('',#3577,1.07E-1);
#3579=CARTESIAN_POINT('',(-5.4E-1,-4.5E-2,6.E-2));
#3580=LINE('',#3579,#3578);
#3581=DIRECTION('',(0.E0,1.E0,0.E0));
#3582=VECTOR('',#3581,1.07E-1);
#3583=CARTESIAN_POINT('',(-5.4E-1,-1.52E-1,-6.E-2));
#3584=LINE('',#3583,#3582);
#3585=DIRECTION('',(0.E0,0.E0,-1.E0));
#3586=VECTOR('',#3585,2.E-2);
#3587=CARTESIAN_POINT('',(-5.4E-1,-1.52E-1,-4.E-2));
#3588=LINE('',#3587,#3586);
#3589=DIRECTION('',(0.E0,-1.E0,0.E0));
#3590=VECTOR('',#3589,1.07E-1);
#3591=CARTESIAN_POINT('',(-5.4E-1,-4.5E-2,-4.E-2));
#3592=LINE('',#3591,#3590);
#3593=DIRECTION('',(0.E0,-1.E0,0.E0));
#3594=VECTOR('',#3593,2.4E-1);
#3595=CARTESIAN_POINT('',(-5.4E-1,2.85E-1,6.E-2));
#3596=LINE('',#3595,#3594);
#3597=DIRECTION('',(0.E0,0.E0,1.E0));
#3598=VECTOR('',#3597,2.E-2);
#3599=CARTESIAN_POINT('',(-5.4E-1,2.85E-1,4.E-2));
#3600=LINE('',#3599,#3598);
#3601=DIRECTION('',(0.E0,1.E0,0.E0));
#3602=VECTOR('',#3601,2.4E-1);
#3603=CARTESIAN_POINT('',(-5.4E-1,4.5E-2,4.E-2));
#3604=LINE('',#3603,#3602);
#3605=DIRECTION('',(0.E0,-1.E0,0.E0));
#3606=VECTOR('',#3605,2.4E-1);
#3607=CARTESIAN_POINT('',(-5.4E-1,2.85E-1,-4.E-2));
#3608=LINE('',#3607,#3606);
#3609=DIRECTION('',(0.E0,0.E0,1.E0));
#3610=VECTOR('',#3609,2.E-2);
#3611=CARTESIAN_POINT('',(-5.4E-1,2.85E-1,-6.E-2));
#3612=LINE('',#3611,#3610);
#3613=DIRECTION('',(0.E0,1.E0,0.E0));
#3614=VECTOR('',#3613,2.4E-1);
#3615=CARTESIAN_POINT('',(-5.4E-1,4.5E-2,-6.E-2));
#3616=LINE('',#3615,#3614);
#3617=DIRECTION('',(1.E0,0.E0,0.E0));
#3618=VECTOR('',#3617,2.E-2);
#3619=CARTESIAN_POINT('',(-5.6E-1,-1.52E-1,4.E-2));
#3620=LINE('',#3619,#3618);
#3621=DIRECTION('',(1.E0,0.E0,0.E0));
#3622=VECTOR('',#3621,2.E-2);
#3623=CARTESIAN_POINT('',(-5.6E-1,-1.52E-1,6.E-2));
#3624=LINE('',#3623,#3622);
#3625=DIRECTION('',(1.E0,0.E0,0.E0));
#3626=VECTOR('',#3625,2.E-2);
#3627=CARTESIAN_POINT('',(-5.6E-1,-1.52E-1,-6.E-2));
#3628=LINE('',#3627,#3626);
#3629=DIRECTION('',(1.E0,0.E0,0.E0));
#3630=VECTOR('',#3629,2.E-2);
#3631=CARTESIAN_POINT('',(-5.6E-1,-1.52E-1,-4.E-2));
#3632=LINE('',#3631,#3630);
#3633=DIRECTION('',(1.E0,0.E0,0.E0));
#3634=VECTOR('',#3633,2.E-2);
#3635=CARTESIAN_POINT('',(-5.6E-1,2.85E-1,6.E-2));
#3636=LINE('',#3635,#3634);
#3637=DIRECTION('',(1.E0,0.E0,0.E0));
#3638=VECTOR('',#3637,2.E-2);
#3639=CARTESIAN_POINT('',(-5.6E-1,2.85E-1,4.E-2));
#3640=LINE('',#3639,#3638);
#3641=DIRECTION('',(1.E0,0.E0,0.E0));
#3642=VECTOR('',#3641,2.E-2);
#3643=CARTESIAN_POINT('',(-5.6E-1,2.85E-1,-4.E-2));
#3644=LINE('',#3643,#3642);
#3645=DIRECTION('',(1.E0,0.E0,0.E0));
#3646=VECTOR('',#3645,2.E-2);
#3647=CARTESIAN_POINT('',(-5.6E-1,2.85E-1,-6.E-2));
#3648=LINE('',#3647,#3646);
#3649=DIRECTION('',(0.E0,-1.E0,0.E0));
#3650=VECTOR('',#3649,1.07E-1);
#3651=CARTESIAN_POINT('',(-6.6E-1,-4.5E-2,6.E-2));
#3652=LINE('',#3651,#3650);
#3653=DIRECTION('',(0.E0,0.E0,-1.E0));
#3654=VECTOR('',#3653,2.E-2);
#3655=CARTESIAN_POINT('',(-6.6E-1,-1.52E-1,6.E-2));
#3656=LINE('',#3655,#3654);
#3657=DIRECTION('',(0.E0,1.E0,0.E0));
#3658=VECTOR('',#3657,1.07E-1);
#3659=CARTESIAN_POINT('',(-6.6E-1,-1.52E-1,4.E-2));
#3660=LINE('',#3659,#3658);
#3661=DIRECTION('',(0.E0,-1.E0,0.E0));
#3662=VECTOR('',#3661,1.07E-1);
#3663=CARTESIAN_POINT('',(-6.6E-1,-4.5E-2,-4.E-2));
#3664=LINE('',#3663,#3662);
#3665=DIRECTION('',(0.E0,0.E0,-1.E0));
#3666=VECTOR('',#3665,2.E-2);
#3667=CARTESIAN_POINT('',(-6.6E-1,-1.52E-1,-4.E-2));
#3668=LINE('',#3667,#3666);
#3669=DIRECTION('',(0.E0,1.E0,0.E0));
#3670=VECTOR('',#3669,1.07E-1);
#3671=CARTESIAN_POINT('',(-6.6E-1,-1.52E-1,-6.E-2));
#3672=LINE('',#3671,#3670);
#3673=DIRECTION('',(0.E0,1.E0,0.E0));
#3674=VECTOR('',#3673,2.4E-1);
#3675=CARTESIAN_POINT('',(-6.6E-1,4.5E-2,4.E-2));
#3676=LINE('',#3675,#3674);
#3677=DIRECTION('',(0.E0,0.E0,1.E0));
#3678=VECTOR('',#3677,2.E-2);
#3679=CARTESIAN_POINT('',(-6.6E-1,2.85E-1,4.E-2));
#3680=LINE('',#3679,#3678);
#3681=DIRECTION('',(0.E0,-1.E0,0.E0));
#3682=VECTOR('',#3681,2.4E-1);
#3683=CARTESIAN_POINT('',(-6.6E-1,2.85E-1,6.E-2));
#3684=LINE('',#3683,#3682);
#3685=DIRECTION('',(0.E0,1.E0,0.E0));
#3686=VECTOR('',#3685,2.4E-1);
#3687=CARTESIAN_POINT('',(-6.6E-1,4.5E-2,-6.E-2));
#3688=LINE('',#3687,#3686);
#3689=DIRECTION('',(0.E0,0.E0,1.E0));
#3690=VECTOR('',#3689,2.E-2);
#3691=CARTESIAN_POINT('',(-6.6E-1,2.85E-1,-6.E-2));
#3692=LINE('',#3691,#3690);
#3693=DIRECTION('',(0.E0,-1.E0,0.E0));
#3694=VECTOR('',#3693,2.4E-1);
#3695=CARTESIAN_POINT('',(-6.6E-1,2.85E-1,-4.E-2));
#3696=LINE('',#3695,#3694);
#3697=DIRECTION('',(0.E0,1.E0,0.E0));
#3698=VECTOR('',#3697,1.07E-1);
#3699=CARTESIAN_POINT('',(-6.4E-1,-1.52E-1,4.E-2));
#3700=LINE('',#3699,#3698);
#3701=DIRECTION('',(0.E0,0.E0,-1.E0));
#3702=VECTOR('',#3701,2.E-2);
#3703=CARTESIAN_POINT('',(-6.4E-1,-1.52E-1,6.E-2));
#3704=LINE('',#3703,#3702);
#3705=DIRECTION('',(0.E0,-1.E0,0.E0));
#3706=VECTOR('',#3705,1.07E-1);
#3707=CARTESIAN_POINT('',(-6.4E-1,-4.5E-2,6.E-2));
#3708=LINE('',#3707,#3706);
#3709=DIRECTION('',(0.E0,1.E0,0.E0));
#3710=VECTOR('',#3709,1.07E-1);
#3711=CARTESIAN_POINT('',(-6.4E-1,-1.52E-1,-6.E-2));
#3712=LINE('',#3711,#3710);
#3713=DIRECTION('',(0.E0,0.E0,-1.E0));
#3714=VECTOR('',#3713,2.E-2);
#3715=CARTESIAN_POINT('',(-6.4E-1,-1.52E-1,-4.E-2));
#3716=LINE('',#3715,#3714);
#3717=DIRECTION('',(0.E0,-1.E0,0.E0));
#3718=VECTOR('',#3717,1.07E-1);
#3719=CARTESIAN_POINT('',(-6.4E-1,-4.5E-2,-4.E-2));
#3720=LINE('',#3719,#3718);
#3721=DIRECTION('',(0.E0,-1.E0,0.E0));
#3722=VECTOR('',#3721,2.4E-1);
#3723=CARTESIAN_POINT('',(-6.4E-1,2.85E-1,6.E-2));
#3724=LINE('',#3723,#3722);
#3725=DIRECTION('',(0.E0,0.E0,1.E0));
#3726=VECTOR('',#3725,2.E-2);
#3727=CARTESIAN_POINT('',(-6.4E-1,2.85E-1,4.E-2));
#3728=LINE('',#3727,#3726);
#3729=DIRECTION('',(0.E0,1.E0,0.E0));
#3730=VECTOR('',#3729,2.4E-1);
#3731=CARTESIAN_POINT('',(-6.4E-1,4.5E-2,4.E-2));
#3732=LINE('',#3731,#3730);
#3733=DIRECTION('',(0.E0,-1.E0,0.E0));
#3734=VECTOR('',#3733,2.4E-1);
#3735=CARTESIAN_POINT('',(-6.4E-1,2.85E-1,-4.E-2));
#3736=LINE('',#3735,#3734);
#3737=DIRECTION('',(0.E0,0.E0,1.E0));
#3738=VECTOR('',#3737,2.E-2);
#3739=CARTESIAN_POINT('',(-6.4E-1,2.85E-1,-6.E-2));
#3740=LINE('',#3739,#3738);
#3741=DIRECTION('',(0.E0,1.E0,0.E0));
#3742=VECTOR('',#3741,2.4E-1);
#3743=CARTESIAN_POINT('',(-6.4E-1,4.5E-2,-6.E-2));
#3744=LINE('',#3743,#3742);
#3745=DIRECTION('',(1.E0,0.E0,0.E0));
#3746=VECTOR('',#3745,2.E-2);
#3747=CARTESIAN_POINT('',(-6.6E-1,-1.52E-1,4.E-2));
#3748=LINE('',#3747,#3746);
#3749=DIRECTION('',(1.E0,0.E0,0.E0));
#3750=VECTOR('',#3749,2.E-2);
#3751=CARTESIAN_POINT('',(-6.6E-1,-1.52E-1,6.E-2));
#3752=LINE('',#3751,#3750);
#3753=DIRECTION('',(1.E0,0.E0,0.E0));
#3754=VECTOR('',#3753,2.E-2);
#3755=CARTESIAN_POINT('',(-6.6E-1,-1.52E-1,-6.E-2));
#3756=LINE('',#3755,#3754);
#3757=DIRECTION('',(1.E0,0.E0,0.E0));
#3758=VECTOR('',#3757,2.E-2);
#3759=CARTESIAN_POINT('',(-6.6E-1,-1.52E-1,-4.E-2));
#3760=LINE('',#3759,#3758);
#3761=DIRECTION('',(1.E0,0.E0,0.E0));
#3762=VECTOR('',#3761,2.E-2);
#3763=CARTESIAN_POINT('',(-6.6E-1,2.85E-1,6.E-2));
#3764=LINE('',#3763,#3762);
#3765=DIRECTION('',(1.E0,0.E0,0.E0));
#3766=VECTOR('',#3765,2.E-2);
#3767=CARTESIAN_POINT('',(-6.6E-1,2.85E-1,4.E-2));
#3768=LINE('',#3767,#3766);
#3769=DIRECTION('',(1.E0,0.E0,0.E0));
#3770=VECTOR('',#3769,2.E-2);
#3771=CARTESIAN_POINT('',(-6.6E-1,2.85E-1,-4.E-2));
#3772=LINE('',#3771,#3770);
#3773=DIRECTION('',(1.E0,0.E0,0.E0));
#3774=VECTOR('',#3773,2.E-2);
#3775=CARTESIAN_POINT('',(-6.6E-1,2.85E-1,-6.E-2));
#3776=LINE('',#3775,#3774);
#3777=DIRECTION('',(0.E0,-1.E0,0.E0));
#3778=VECTOR('',#3777,1.07E-1);
#3779=CARTESIAN_POINT('',(-7.6E-1,-4.5E-2,6.E-2));
#3780=LINE('',#3779,#3778);
#3781=DIRECTION('',(0.E0,0.E0,-1.E0));
#3782=VECTOR('',#3781,2.E-2);
#3783=CARTESIAN_POINT('',(-7.6E-1,-1.52E-1,6.E-2));
#3784=LINE('',#3783,#3782);
#3785=DIRECTION('',(0.E0,1.E0,0.E0));
#3786=VECTOR('',#3785,1.07E-1);
#3787=CARTESIAN_POINT('',(-7.6E-1,-1.52E-1,4.E-2));
#3788=LINE('',#3787,#3786);
#3789=DIRECTION('',(0.E0,-1.E0,0.E0));
#3790=VECTOR('',#3789,1.07E-1);
#3791=CARTESIAN_POINT('',(-7.6E-1,-4.5E-2,-4.E-2));
#3792=LINE('',#3791,#3790);
#3793=DIRECTION('',(0.E0,0.E0,-1.E0));
#3794=VECTOR('',#3793,2.E-2);
#3795=CARTESIAN_POINT('',(-7.6E-1,-1.52E-1,-4.E-2));
#3796=LINE('',#3795,#3794);
#3797=DIRECTION('',(0.E0,1.E0,0.E0));
#3798=VECTOR('',#3797,1.07E-1);
#3799=CARTESIAN_POINT('',(-7.6E-1,-1.52E-1,-6.E-2));
#3800=LINE('',#3799,#3798);
#3801=DIRECTION('',(0.E0,1.E0,0.E0));
#3802=VECTOR('',#3801,2.4E-1);
#3803=CARTESIAN_POINT('',(-7.6E-1,4.5E-2,4.E-2));
#3804=LINE('',#3803,#3802);
#3805=DIRECTION('',(0.E0,0.E0,1.E0));
#3806=VECTOR('',#3805,2.E-2);
#3807=CARTESIAN_POINT('',(-7.6E-1,2.85E-1,4.E-2));
#3808=LINE('',#3807,#3806);
#3809=DIRECTION('',(0.E0,-1.E0,0.E0));
#3810=VECTOR('',#3809,2.4E-1);
#3811=CARTESIAN_POINT('',(-7.6E-1,2.85E-1,6.E-2));
#3812=LINE('',#3811,#3810);
#3813=DIRECTION('',(0.E0,1.E0,0.E0));
#3814=VECTOR('',#3813,2.4E-1);
#3815=CARTESIAN_POINT('',(-7.6E-1,4.5E-2,-6.E-2));
#3816=LINE('',#3815,#3814);
#3817=DIRECTION('',(0.E0,0.E0,1.E0));
#3818=VECTOR('',#3817,2.E-2);
#3819=CARTESIAN_POINT('',(-7.6E-1,2.85E-1,-6.E-2));
#3820=LINE('',#3819,#3818);
#3821=DIRECTION('',(0.E0,-1.E0,0.E0));
#3822=VECTOR('',#3821,2.4E-1);
#3823=CARTESIAN_POINT('',(-7.6E-1,2.85E-1,-4.E-2));
#3824=LINE('',#3823,#3822);
#3825=DIRECTION('',(0.E0,1.E0,0.E0));
#3826=VECTOR('',#3825,1.07E-1);
#3827=CARTESIAN_POINT('',(-7.4E-1,-1.52E-1,4.E-2));
#3828=LINE('',#3827,#3826);
#3829=DIRECTION('',(0.E0,0.E0,-1.E0));
#3830=VECTOR('',#3829,2.E-2);
#3831=CARTESIAN_POINT('',(-7.4E-1,-1.52E-1,6.E-2));
#3832=LINE('',#3831,#3830);
#3833=DIRECTION('',(0.E0,-1.E0,0.E0));
#3834=VECTOR('',#3833,1.07E-1);
#3835=CARTESIAN_POINT('',(-7.4E-1,-4.5E-2,6.E-2));
#3836=LINE('',#3835,#3834);
#3837=DIRECTION('',(0.E0,1.E0,0.E0));
#3838=VECTOR('',#3837,1.07E-1);
#3839=CARTESIAN_POINT('',(-7.4E-1,-1.52E-1,-6.E-2));
#3840=LINE('',#3839,#3838);
#3841=DIRECTION('',(0.E0,0.E0,-1.E0));
#3842=VECTOR('',#3841,2.E-2);
#3843=CARTESIAN_POINT('',(-7.4E-1,-1.52E-1,-4.E-2));
#3844=LINE('',#3843,#3842);
#3845=DIRECTION('',(0.E0,-1.E0,0.E0));
#3846=VECTOR('',#3845,1.07E-1);
#3847=CARTESIAN_POINT('',(-7.4E-1,-4.5E-2,-4.E-2));
#3848=LINE('',#3847,#3846);
#3849=DIRECTION('',(0.E0,-1.E0,0.E0));
#3850=VECTOR('',#3849,2.4E-1);
#3851=CARTESIAN_POINT('',(-7.4E-1,2.85E-1,6.E-2));
#3852=LINE('',#3851,#3850);
#3853=DIRECTION('',(0.E0,0.E0,1.E0));
#3854=VECTOR('',#3853,2.E-2);
#3855=CARTESIAN_POINT('',(-7.4E-1,2.85E-1,4.E-2));
#3856=LINE('',#3855,#3854);
#3857=DIRECTION('',(0.E0,1.E0,0.E0));
#3858=VECTOR('',#3857,2.4E-1);
#3859=CARTESIAN_POINT('',(-7.4E-1,4.5E-2,4.E-2));
#3860=LINE('',#3859,#3858);
#3861=DIRECTION('',(0.E0,-1.E0,0.E0));
#3862=VECTOR('',#3861,2.4E-1);
#3863=CARTESIAN_POINT('',(-7.4E-1,2.85E-1,-4.E-2));
#3864=LINE('',#3863,#3862);
#3865=DIRECTION('',(0.E0,0.E0,1.E0));
#3866=VECTOR('',#3865,2.E-2);
#3867=CARTESIAN_POINT('',(-7.4E-1,2.85E-1,-6.E-2));
#3868=LINE('',#3867,#3866);
#3869=DIRECTION('',(0.E0,1.E0,0.E0));
#3870=VECTOR('',#3869,2.4E-1);
#3871=CARTESIAN_POINT('',(-7.4E-1,4.5E-2,-6.E-2));
#3872=LINE('',#3871,#3870);
#3873=DIRECTION('',(1.E0,0.E0,0.E0));
#3874=VECTOR('',#3873,2.E-2);
#3875=CARTESIAN_POINT('',(-7.6E-1,-1.52E-1,4.E-2));
#3876=LINE('',#3875,#3874);
#3877=DIRECTION('',(1.E0,0.E0,0.E0));
#3878=VECTOR('',#3877,2.E-2);
#3879=CARTESIAN_POINT('',(-7.6E-1,-1.52E-1,6.E-2));
#3880=LINE('',#3879,#3878);
#3881=DIRECTION('',(1.E0,0.E0,0.E0));
#3882=VECTOR('',#3881,2.E-2);
#3883=CARTESIAN_POINT('',(-7.6E-1,-1.52E-1,-6.E-2));
#3884=LINE('',#3883,#3882);
#3885=DIRECTION('',(1.E0,0.E0,0.E0));
#3886=VECTOR('',#3885,2.E-2);
#3887=CARTESIAN_POINT('',(-7.6E-1,-1.52E-1,-4.E-2));
#3888=LINE('',#3887,#3886);
#3889=DIRECTION('',(1.E0,0.E0,0.E0));
#3890=VECTOR('',#3889,2.E-2);
#3891=CARTESIAN_POINT('',(-7.6E-1,2.85E-1,6.E-2));
#3892=LINE('',#3891,#3890);
#3893=DIRECTION('',(1.E0,0.E0,0.E0));
#3894=VECTOR('',#3893,2.E-2);
#3895=CARTESIAN_POINT('',(-7.6E-1,2.85E-1,4.E-2));
#3896=LINE('',#3895,#3894);
#3897=DIRECTION('',(1.E0,0.E0,0.E0));
#3898=VECTOR('',#3897,2.E-2);
#3899=CARTESIAN_POINT('',(-7.6E-1,2.85E-1,-4.E-2));
#3900=LINE('',#3899,#3898);
#3901=DIRECTION('',(1.E0,0.E0,0.E0));
#3902=VECTOR('',#3901,2.E-2);
#3903=CARTESIAN_POINT('',(-7.6E-1,2.85E-1,-6.E-2));
#3904=LINE('',#3903,#3902);
#3905=DIRECTION('',(0.E0,-1.E0,0.E0));
#3906=VECTOR('',#3905,1.07E-1);
#3907=CARTESIAN_POINT('',(-8.6E-1,-4.5E-2,6.E-2));
#3908=LINE('',#3907,#3906);
#3909=DIRECTION('',(0.E0,0.E0,-1.E0));
#3910=VECTOR('',#3909,2.E-2);
#3911=CARTESIAN_POINT('',(-8.6E-1,-1.52E-1,6.E-2));
#3912=LINE('',#3911,#3910);
#3913=DIRECTION('',(0.E0,1.E0,0.E0));
#3914=VECTOR('',#3913,1.07E-1);
#3915=CARTESIAN_POINT('',(-8.6E-1,-1.52E-1,4.E-2));
#3916=LINE('',#3915,#3914);
#3917=DIRECTION('',(0.E0,-1.E0,0.E0));
#3918=VECTOR('',#3917,1.07E-1);
#3919=CARTESIAN_POINT('',(-8.6E-1,-4.5E-2,-4.E-2));
#3920=LINE('',#3919,#3918);
#3921=DIRECTION('',(0.E0,0.E0,-1.E0));
#3922=VECTOR('',#3921,2.E-2);
#3923=CARTESIAN_POINT('',(-8.6E-1,-1.52E-1,-4.E-2));
#3924=LINE('',#3923,#3922);
#3925=DIRECTION('',(0.E0,1.E0,0.E0));
#3926=VECTOR('',#3925,1.07E-1);
#3927=CARTESIAN_POINT('',(-8.6E-1,-1.52E-1,-6.E-2));
#3928=LINE('',#3927,#3926);
#3929=DIRECTION('',(0.E0,1.E0,0.E0));
#3930=VECTOR('',#3929,2.4E-1);
#3931=CARTESIAN_POINT('',(-8.6E-1,4.5E-2,4.E-2));
#3932=LINE('',#3931,#3930);
#3933=DIRECTION('',(0.E0,0.E0,1.E0));
#3934=VECTOR('',#3933,2.E-2);
#3935=CARTESIAN_POINT('',(-8.6E-1,2.85E-1,4.E-2));
#3936=LINE('',#3935,#3934);
#3937=DIRECTION('',(0.E0,-1.E0,0.E0));
#3938=VECTOR('',#3937,2.4E-1);
#3939=CARTESIAN_POINT('',(-8.6E-1,2.85E-1,6.E-2));
#3940=LINE('',#3939,#3938);
#3941=DIRECTION('',(0.E0,1.E0,0.E0));
#3942=VECTOR('',#3941,2.4E-1);
#3943=CARTESIAN_POINT('',(-8.6E-1,4.5E-2,-6.E-2));
#3944=LINE('',#3943,#3942);
#3945=DIRECTION('',(0.E0,0.E0,1.E0));
#3946=VECTOR('',#3945,2.E-2);
#3947=CARTESIAN_POINT('',(-8.6E-1,2.85E-1,-6.E-2));
#3948=LINE('',#3947,#3946);
#3949=DIRECTION('',(0.E0,-1.E0,0.E0));
#3950=VECTOR('',#3949,2.4E-1);
#3951=CARTESIAN_POINT('',(-8.6E-1,2.85E-1,-4.E-2));
#3952=LINE('',#3951,#3950);
#3953=DIRECTION('',(0.E0,1.E0,0.E0));
#3954=VECTOR('',#3953,1.07E-1);
#3955=CARTESIAN_POINT('',(-8.4E-1,-1.52E-1,4.E-2));
#3956=LINE('',#3955,#3954);
#3957=DIRECTION('',(0.E0,0.E0,-1.E0));
#3958=VECTOR('',#3957,2.E-2);
#3959=CARTESIAN_POINT('',(-8.4E-1,-1.52E-1,6.E-2));
#3960=LINE('',#3959,#3958);
#3961=DIRECTION('',(0.E0,-1.E0,0.E0));
#3962=VECTOR('',#3961,1.07E-1);
#3963=CARTESIAN_POINT('',(-8.4E-1,-4.5E-2,6.E-2));
#3964=LINE('',#3963,#3962);
#3965=DIRECTION('',(0.E0,1.E0,0.E0));
#3966=VECTOR('',#3965,1.07E-1);
#3967=CARTESIAN_POINT('',(-8.4E-1,-1.52E-1,-6.E-2));
#3968=LINE('',#3967,#3966);
#3969=DIRECTION('',(0.E0,0.E0,-1.E0));
#3970=VECTOR('',#3969,2.E-2);
#3971=CARTESIAN_POINT('',(-8.4E-1,-1.52E-1,-4.E-2));
#3972=LINE('',#3971,#3970);
#3973=DIRECTION('',(0.E0,-1.E0,0.E0));
#3974=VECTOR('',#3973,1.07E-1);
#3975=CARTESIAN_POINT('',(-8.4E-1,-4.5E-2,-4.E-2));
#3976=LINE('',#3975,#3974);
#3977=DIRECTION('',(0.E0,-1.E0,0.E0));
#3978=VECTOR('',#3977,2.4E-1);
#3979=CARTESIAN_POINT('',(-8.4E-1,2.85E-1,6.E-2));
#3980=LINE('',#3979,#3978);
#3981=DIRECTION('',(0.E0,0.E0,1.E0));
#3982=VECTOR('',#3981,2.E-2);
#3983=CARTESIAN_POINT('',(-8.4E-1,2.85E-1,4.E-2));
#3984=LINE('',#3983,#3982);
#3985=DIRECTION('',(0.E0,1.E0,0.E0));
#3986=VECTOR('',#3985,2.4E-1);
#3987=CARTESIAN_POINT('',(-8.4E-1,4.5E-2,4.E-2));
#3988=LINE('',#3987,#3986);
#3989=DIRECTION('',(0.E0,-1.E0,0.E0));
#3990=VECTOR('',#3989,2.4E-1);
#3991=CARTESIAN_POINT('',(-8.4E-1,2.85E-1,-4.E-2));
#3992=LINE('',#3991,#3990);
#3993=DIRECTION('',(0.E0,0.E0,1.E0));
#3994=VECTOR('',#3993,2.E-2);
#3995=CARTESIAN_POINT('',(-8.4E-1,2.85E-1,-6.E-2));
#3996=LINE('',#3995,#3994);
#3997=DIRECTION('',(0.E0,1.E0,0.E0));
#3998=VECTOR('',#3997,2.4E-1);
#3999=CARTESIAN_POINT('',(-8.4E-1,4.5E-2,-6.E-2));
#4000=LINE('',#3999,#3998);
#4001=DIRECTION('',(1.E0,0.E0,0.E0));
#4002=VECTOR('',#4001,2.E-2);
#4003=CARTESIAN_POINT('',(-8.6E-1,-1.52E-1,4.E-2));
#4004=LINE('',#4003,#4002);
#4005=DIRECTION('',(1.E0,0.E0,0.E0));
#4006=VECTOR('',#4005,2.E-2);
#4007=CARTESIAN_POINT('',(-8.6E-1,-1.52E-1,6.E-2));
#4008=LINE('',#4007,#4006);
#4009=DIRECTION('',(1.E0,0.E0,0.E0));
#4010=VECTOR('',#4009,2.E-2);
#4011=CARTESIAN_POINT('',(-8.6E-1,-1.52E-1,-6.E-2));
#4012=LINE('',#4011,#4010);
#4013=DIRECTION('',(1.E0,0.E0,0.E0));
#4014=VECTOR('',#4013,2.E-2);
#4015=CARTESIAN_POINT('',(-8.6E-1,-1.52E-1,-4.E-2));
#4016=LINE('',#4015,#4014);
#4017=DIRECTION('',(1.E0,0.E0,0.E0));
#4018=VECTOR('',#4017,2.E-2);
#4019=CARTESIAN_POINT('',(-8.6E-1,2.85E-1,6.E-2));
#4020=LINE('',#4019,#4018);
#4021=DIRECTION('',(1.E0,0.E0,0.E0));
#4022=VECTOR('',#4021,2.E-2);
#4023=CARTESIAN_POINT('',(-8.6E-1,2.85E-1,4.E-2));
#4024=LINE('',#4023,#4022);
#4025=DIRECTION('',(1.E0,0.E0,0.E0));
#4026=VECTOR('',#4025,2.E-2);
#4027=CARTESIAN_POINT('',(-8.6E-1,2.85E-1,-4.E-2));
#4028=LINE('',#4027,#4026);
#4029=DIRECTION('',(1.E0,0.E0,0.E0));
#4030=VECTOR('',#4029,2.E-2);
#4031=CARTESIAN_POINT('',(-8.6E-1,2.85E-1,-6.E-2));
#4032=LINE('',#4031,#4030);
#4033=DIRECTION('',(3.779644730092E-1,-6.546536707080E-1,6.546536707080E-1));
#4034=VECTOR('',#4033,3.307189138831E-2);
#4035=CARTESIAN_POINT('',(-7.175E-1,4.5E-2,-1.E-1));
#4036=LINE('',#4035,#4034);
#4037=DIRECTION('',(3.779644730092E-1,6.546536707080E-1,6.546536707080E-1));
#4038=VECTOR('',#4037,3.307189138831E-2);
#4039=CARTESIAN_POINT('',(-7.175E-1,-4.5E-2,-1.E-1));
#4040=LINE('',#4039,#4038);
#4041=DIRECTION('',(0.E0,1.E0,0.E0));
#4042=VECTOR('',#4041,9.E-2);
#4043=CARTESIAN_POINT('',(-7.175E-1,-4.5E-2,-1.E-1));
#4044=LINE('',#4043,#4042);
#4045=DIRECTION('',(0.E0,1.E0,0.E0));
#4046=VECTOR('',#4045,9.E-2);
#4047=CARTESIAN_POINT('',(-7.925E-1,-4.5E-2,-1.E-1));
#4048=LINE('',#4047,#4046);
#4049=DIRECTION('',(0.E0,1.E0,0.E0));
#4050=VECTOR('',#4049,9.E-2);
#4051=CARTESIAN_POINT('',(-6.175E-1,-4.5E-2,-1.E-1));
#4052=LINE('',#4051,#4050);
#4053=DIRECTION('',(0.E0,1.E0,0.E0));
#4054=VECTOR('',#4053,9.E-2);
#4055=CARTESIAN_POINT('',(-6.925E-1,-4.5E-2,-1.E-1));
#4056=LINE('',#4055,#4054);
#4057=DIRECTION('',(0.E0,1.E0,0.E0));
#4058=VECTOR('',#4057,9.E-2);
#4059=CARTESIAN_POINT('',(-5.175E-1,-4.5E-2,-1.E-1));
#4060=LINE('',#4059,#4058);
#4061=DIRECTION('',(0.E0,1.E0,0.E0));
#4062=VECTOR('',#4061,9.E-2);
#4063=CARTESIAN_POINT('',(-5.925E-1,-4.5E-2,-1.E-1));
#4064=LINE('',#4063,#4062);
#4065=DIRECTION('',(0.E0,1.E0,0.E0));
#4066=VECTOR('',#4065,9.E-2);
#4067=CARTESIAN_POINT('',(-4.175E-1,-4.5E-2,-1.E-1));
#4068=LINE('',#4067,#4066);
#4069=DIRECTION('',(0.E0,1.E0,0.E0));
#4070=VECTOR('',#4069,9.E-2);
#4071=CARTESIAN_POINT('',(-4.925E-1,-4.5E-2,-1.E-1));
#4072=LINE('',#4071,#4070);
#4073=DIRECTION('',(0.E0,1.E0,0.E0));
#4074=VECTOR('',#4073,9.E-2);
#4075=CARTESIAN_POINT('',(-3.175E-1,-4.5E-2,-1.E-1));
#4076=LINE('',#4075,#4074);
#4077=DIRECTION('',(0.E0,1.E0,0.E0));
#4078=VECTOR('',#4077,9.E-2);
#4079=CARTESIAN_POINT('',(-3.925E-1,-4.5E-2,-1.E-1));
#4080=LINE('',#4079,#4078);
#4081=DIRECTION('',(0.E0,1.E0,0.E0));
#4082=VECTOR('',#4081,9.E-2);
#4083=CARTESIAN_POINT('',(-2.175E-1,-4.5E-2,-1.E-1));
#4084=LINE('',#4083,#4082);
#4085=DIRECTION('',(0.E0,1.E0,0.E0));
#4086=VECTOR('',#4085,9.E-2);
#4087=CARTESIAN_POINT('',(-2.925E-1,-4.5E-2,-1.E-1));
#4088=LINE('',#4087,#4086);
#4089=DIRECTION('',(0.E0,1.E0,0.E0));
#4090=VECTOR('',#4089,9.E-2);
#4091=CARTESIAN_POINT('',(-1.175E-1,-4.5E-2,-1.E-1));
#4092=LINE('',#4091,#4090);
#4093=DIRECTION('',(0.E0,1.E0,0.E0));
#4094=VECTOR('',#4093,9.E-2);
#4095=CARTESIAN_POINT('',(-1.925E-1,-4.5E-2,-1.E-1));
#4096=LINE('',#4095,#4094);
#4097=DIRECTION('',(0.E0,1.E0,0.E0));
#4098=VECTOR('',#4097,9.E-2);
#4099=CARTESIAN_POINT('',(-1.75E-2,-4.5E-2,-1.E-1));
#4100=LINE('',#4099,#4098);
#4101=DIRECTION('',(0.E0,1.E0,0.E0));
#4102=VECTOR('',#4101,9.E-2);
#4103=CARTESIAN_POINT('',(-9.25E-2,-4.5E-2,-1.E-1));
#4104=LINE('',#4103,#4102);
#4105=DIRECTION('',(0.E0,1.E0,0.E0));
#4106=VECTOR('',#4105,9.E-2);
#4107=CARTESIAN_POINT('',(8.25E-2,-4.5E-2,-1.E-1));
#4108=LINE('',#4107,#4106);
#4109=DIRECTION('',(0.E0,1.E0,0.E0));
#4110=VECTOR('',#4109,9.E-2);
#4111=CARTESIAN_POINT('',(7.5E-3,-4.5E-2,-1.E-1));
#4112=LINE('',#4111,#4110);
#4113=DIRECTION('',(0.E0,1.E0,0.E0));
#4114=VECTOR('',#4113,9.E-2);
#4115=CARTESIAN_POINT('',(1.825E-1,-4.5E-2,-1.E-1));
#4116=LINE('',#4115,#4114);
#4117=DIRECTION('',(0.E0,1.E0,0.E0));
#4118=VECTOR('',#4117,9.E-2);
#4119=CARTESIAN_POINT('',(1.075E-1,-4.5E-2,-1.E-1));
#4120=LINE('',#4119,#4118);
#4121=DIRECTION('',(0.E0,1.E0,0.E0));
#4122=VECTOR('',#4121,9.E-2);
#4123=CARTESIAN_POINT('',(2.825E-1,-4.5E-2,-1.E-1));
#4124=LINE('',#4123,#4122);
#4125=DIRECTION('',(0.E0,1.E0,0.E0));
#4126=VECTOR('',#4125,9.E-2);
#4127=CARTESIAN_POINT('',(2.075E-1,-4.5E-2,-1.E-1));
#4128=LINE('',#4127,#4126);
#4129=DIRECTION('',(0.E0,1.E0,0.E0));
#4130=VECTOR('',#4129,9.E-2);
#4131=CARTESIAN_POINT('',(3.825E-1,-4.5E-2,-1.E-1));
#4132=LINE('',#4131,#4130);
#4133=DIRECTION('',(0.E0,1.E0,0.E0));
#4134=VECTOR('',#4133,9.E-2);
#4135=CARTESIAN_POINT('',(3.075E-1,-4.5E-2,-1.E-1));
#4136=LINE('',#4135,#4134);
#4137=DIRECTION('',(0.E0,1.E0,0.E0));
#4138=VECTOR('',#4137,9.E-2);
#4139=CARTESIAN_POINT('',(4.825E-1,-4.5E-2,-1.E-1));
#4140=LINE('',#4139,#4138);
#4141=DIRECTION('',(0.E0,1.E0,0.E0));
#4142=VECTOR('',#4141,9.E-2);
#4143=CARTESIAN_POINT('',(4.075E-1,-4.5E-2,-1.E-1));
#4144=LINE('',#4143,#4142);
#4145=DIRECTION('',(0.E0,1.E0,0.E0));
#4146=VECTOR('',#4145,9.E-2);
#4147=CARTESIAN_POINT('',(5.825E-1,-4.5E-2,-1.E-1));
#4148=LINE('',#4147,#4146);
#4149=DIRECTION('',(0.E0,1.E0,0.E0));
#4150=VECTOR('',#4149,9.E-2);
#4151=CARTESIAN_POINT('',(5.075E-1,-4.5E-2,-1.E-1));
#4152=LINE('',#4151,#4150);
#4153=DIRECTION('',(0.E0,1.E0,0.E0));
#4154=VECTOR('',#4153,9.E-2);
#4155=CARTESIAN_POINT('',(6.825E-1,-4.5E-2,-1.E-1));
#4156=LINE('',#4155,#4154);
#4157=DIRECTION('',(0.E0,1.E0,0.E0));
#4158=VECTOR('',#4157,9.E-2);
#4159=CARTESIAN_POINT('',(6.075E-1,-4.5E-2,-1.E-1));
#4160=LINE('',#4159,#4158);
#4161=DIRECTION('',(0.E0,1.E0,0.E0));
#4162=VECTOR('',#4161,9.E-2);
#4163=CARTESIAN_POINT('',(7.825E-1,-4.5E-2,-1.E-1));
#4164=LINE('',#4163,#4162);
#4165=DIRECTION('',(0.E0,1.E0,0.E0));
#4166=VECTOR('',#4165,9.E-2);
#4167=CARTESIAN_POINT('',(7.075E-1,-4.5E-2,-1.E-1));
#4168=LINE('',#4167,#4166);
#4169=DIRECTION('',(0.E0,1.E0,0.E0));
#4170=VECTOR('',#4169,9.E-2);
#4171=CARTESIAN_POINT('',(8.875E-1,-4.5E-2,-1.E-1));
#4172=LINE('',#4171,#4170);
#4173=DIRECTION('',(0.E0,1.E0,0.E0));
#4174=VECTOR('',#4173,9.E-2);
#4175=CARTESIAN_POINT('',(8.075E-1,-4.5E-2,-1.E-1));
#4176=LINE('',#4175,#4174);
#4177=DIRECTION('',(0.E0,1.E0,0.E0));
#4178=VECTOR('',#4177,9.E-2);
#4179=CARTESIAN_POINT('',(-8.175E-1,-4.5E-2,-1.E-1));
#4180=LINE('',#4179,#4178);
#4181=DIRECTION('',(3.779644730092E-1,6.546536707080E-1,-6.546536707080E-1));
#4182=VECTOR('',#4181,3.307189138831E-2);
#4183=CARTESIAN_POINT('',(-8.05E-1,2.334936490539E-2,-7.834936490539E-2));
#4184=LINE('',#4183,#4182);
#4185=DIRECTION('',(0.E0,-1.E0,0.E0));
#4186=VECTOR('',#4185,4.669872981078E-2);
#4187=CARTESIAN_POINT('',(-8.05E-1,2.334936490539E-2,-7.834936490539E-2));
#4188=LINE('',#4187,#4186);
#4189=DIRECTION('',(3.779644730092E-1,-6.546536707080E-1,-6.546536707080E-1));
#4190=VECTOR('',#4189,3.307189138831E-2);
#4191=CARTESIAN_POINT('',(-8.05E-1,-2.334936490539E-2,-7.834936490539E-2));
#4192=LINE('',#4191,#4190);
#4193=DIRECTION('',(0.E0,0.E0,-1.E0));
#4194=VECTOR('',#4193,1.566987298108E-1);
#4195=CARTESIAN_POINT('',(-8.05E-1,2.334936490539E-2,7.834936490539E-2));
#4196=LINE('',#4195,#4194);
#4197=DIRECTION('',(-3.779644730092E-1,-6.546536707080E-1,-6.546536707080E-1));
#4198=VECTOR('',#4197,3.307189138831E-2);
#4199=CARTESIAN_POINT('',(-7.925E-1,4.5E-2,1.E-1));
#4200=LINE('',#4199,#4198);
#4201=DIRECTION('',(-3.779644730092E-1,6.546536707080E-1,-6.546536707080E-1));
#4202=VECTOR('',#4201,3.307189138831E-2);
#4203=CARTESIAN_POINT('',(-7.925E-1,-4.5E-2,1.E-1));
#4204=LINE('',#4203,#4202);
#4205=DIRECTION('',(0.E0,1.E0,0.E0));
#4206=VECTOR('',#4205,9.E-2);
#4207=CARTESIAN_POINT('',(-7.175E-1,-4.5E-2,1.E-1));
#4208=LINE('',#4207,#4206);
#4209=DIRECTION('',(0.E0,1.E0,0.E0));
#4210=VECTOR('',#4209,9.E-2);
#4211=CARTESIAN_POINT('',(-7.925E-1,-4.5E-2,1.E-1));
#4212=LINE('',#4211,#4210);
#4213=DIRECTION('',(0.E0,1.E0,0.E0));
#4214=VECTOR('',#4213,9.E-2);
#4215=CARTESIAN_POINT('',(-6.175E-1,-4.5E-2,1.E-1));
#4216=LINE('',#4215,#4214);
#4217=DIRECTION('',(0.E0,1.E0,0.E0));
#4218=VECTOR('',#4217,9.E-2);
#4219=CARTESIAN_POINT('',(-6.925E-1,-4.5E-2,1.E-1));
#4220=LINE('',#4219,#4218);
#4221=DIRECTION('',(0.E0,1.E0,0.E0));
#4222=VECTOR('',#4221,9.E-2);
#4223=CARTESIAN_POINT('',(-5.175E-1,-4.5E-2,1.E-1));
#4224=LINE('',#4223,#4222);
#4225=DIRECTION('',(0.E0,1.E0,0.E0));
#4226=VECTOR('',#4225,9.E-2);
#4227=CARTESIAN_POINT('',(-5.925E-1,-4.5E-2,1.E-1));
#4228=LINE('',#4227,#4226);
#4229=DIRECTION('',(0.E0,1.E0,0.E0));
#4230=VECTOR('',#4229,9.E-2);
#4231=CARTESIAN_POINT('',(-4.175E-1,-4.5E-2,1.E-1));
#4232=LINE('',#4231,#4230);
#4233=DIRECTION('',(0.E0,1.E0,0.E0));
#4234=VECTOR('',#4233,9.E-2);
#4235=CARTESIAN_POINT('',(-4.925E-1,-4.5E-2,1.E-1));
#4236=LINE('',#4235,#4234);
#4237=DIRECTION('',(0.E0,1.E0,0.E0));
#4238=VECTOR('',#4237,9.E-2);
#4239=CARTESIAN_POINT('',(-3.175E-1,-4.5E-2,1.E-1));
#4240=LINE('',#4239,#4238);
#4241=DIRECTION('',(0.E0,1.E0,0.E0));
#4242=VECTOR('',#4241,9.E-2);
#4243=CARTESIAN_POINT('',(-3.925E-1,-4.5E-2,1.E-1));
#4244=LINE('',#4243,#4242);
#4245=DIRECTION('',(0.E0,1.E0,0.E0));
#4246=VECTOR('',#4245,9.E-2);
#4247=CARTESIAN_POINT('',(-2.175E-1,-4.5E-2,1.E-1));
#4248=LINE('',#4247,#4246);
#4249=DIRECTION('',(0.E0,1.E0,0.E0));
#4250=VECTOR('',#4249,9.E-2);
#4251=CARTESIAN_POINT('',(-2.925E-1,-4.5E-2,1.E-1));
#4252=LINE('',#4251,#4250);
#4253=DIRECTION('',(0.E0,1.E0,0.E0));
#4254=VECTOR('',#4253,9.E-2);
#4255=CARTESIAN_POINT('',(-1.175E-1,-4.5E-2,1.E-1));
#4256=LINE('',#4255,#4254);
#4257=DIRECTION('',(0.E0,1.E0,0.E0));
#4258=VECTOR('',#4257,9.E-2);
#4259=CARTESIAN_POINT('',(-1.925E-1,-4.5E-2,1.E-1));
#4260=LINE('',#4259,#4258);
#4261=DIRECTION('',(0.E0,1.E0,0.E0));
#4262=VECTOR('',#4261,9.E-2);
#4263=CARTESIAN_POINT('',(-1.75E-2,-4.5E-2,1.E-1));
#4264=LINE('',#4263,#4262);
#4265=DIRECTION('',(0.E0,1.E0,0.E0));
#4266=VECTOR('',#4265,9.E-2);
#4267=CARTESIAN_POINT('',(-9.25E-2,-4.5E-2,1.E-1));
#4268=LINE('',#4267,#4266);
#4269=DIRECTION('',(0.E0,1.E0,0.E0));
#4270=VECTOR('',#4269,9.E-2);
#4271=CARTESIAN_POINT('',(8.25E-2,-4.5E-2,1.E-1));
#4272=LINE('',#4271,#4270);
#4273=DIRECTION('',(0.E0,1.E0,0.E0));
#4274=VECTOR('',#4273,9.E-2);
#4275=CARTESIAN_POINT('',(7.5E-3,-4.5E-2,1.E-1));
#4276=LINE('',#4275,#4274);
#4277=DIRECTION('',(0.E0,1.E0,0.E0));
#4278=VECTOR('',#4277,9.E-2);
#4279=CARTESIAN_POINT('',(1.825E-1,-4.5E-2,1.E-1));
#4280=LINE('',#4279,#4278);
#4281=DIRECTION('',(0.E0,1.E0,0.E0));
#4282=VECTOR('',#4281,9.E-2);
#4283=CARTESIAN_POINT('',(1.075E-1,-4.5E-2,1.E-1));
#4284=LINE('',#4283,#4282);
#4285=DIRECTION('',(0.E0,1.E0,0.E0));
#4286=VECTOR('',#4285,9.E-2);
#4287=CARTESIAN_POINT('',(2.825E-1,-4.5E-2,1.E-1));
#4288=LINE('',#4287,#4286);
#4289=DIRECTION('',(0.E0,1.E0,0.E0));
#4290=VECTOR('',#4289,9.E-2);
#4291=CARTESIAN_POINT('',(2.075E-1,-4.5E-2,1.E-1));
#4292=LINE('',#4291,#4290);
#4293=DIRECTION('',(0.E0,1.E0,0.E0));
#4294=VECTOR('',#4293,9.E-2);
#4295=CARTESIAN_POINT('',(3.825E-1,-4.5E-2,1.E-1));
#4296=LINE('',#4295,#4294);
#4297=DIRECTION('',(0.E0,1.E0,0.E0));
#4298=VECTOR('',#4297,9.E-2);
#4299=CARTESIAN_POINT('',(3.075E-1,-4.5E-2,1.E-1));
#4300=LINE('',#4299,#4298);
#4301=DIRECTION('',(0.E0,1.E0,0.E0));
#4302=VECTOR('',#4301,9.E-2);
#4303=CARTESIAN_POINT('',(4.825E-1,-4.5E-2,1.E-1));
#4304=LINE('',#4303,#4302);
#4305=DIRECTION('',(0.E0,1.E0,0.E0));
#4306=VECTOR('',#4305,9.E-2);
#4307=CARTESIAN_POINT('',(4.075E-1,-4.5E-2,1.E-1));
#4308=LINE('',#4307,#4306);
#4309=DIRECTION('',(0.E0,1.E0,0.E0));
#4310=VECTOR('',#4309,9.E-2);
#4311=CARTESIAN_POINT('',(5.825E-1,-4.5E-2,1.E-1));
#4312=LINE('',#4311,#4310);
#4313=DIRECTION('',(0.E0,1.E0,0.E0));
#4314=VECTOR('',#4313,9.E-2);
#4315=CARTESIAN_POINT('',(5.075E-1,-4.5E-2,1.E-1));
#4316=LINE('',#4315,#4314);
#4317=DIRECTION('',(0.E0,1.E0,0.E0));
#4318=VECTOR('',#4317,9.E-2);
#4319=CARTESIAN_POINT('',(6.825E-1,-4.5E-2,1.E-1));
#4320=LINE('',#4319,#4318);
#4321=DIRECTION('',(0.E0,1.E0,0.E0));
#4322=VECTOR('',#4321,9.E-2);
#4323=CARTESIAN_POINT('',(6.075E-1,-4.5E-2,1.E-1));
#4324=LINE('',#4323,#4322);
#4325=DIRECTION('',(0.E0,1.E0,0.E0));
#4326=VECTOR('',#4325,9.E-2);
#4327=CARTESIAN_POINT('',(7.825E-1,-4.5E-2,1.E-1));
#4328=LINE('',#4327,#4326);
#4329=DIRECTION('',(0.E0,1.E0,0.E0));
#4330=VECTOR('',#4329,9.E-2);
#4331=CARTESIAN_POINT('',(7.075E-1,-4.5E-2,1.E-1));
#4332=LINE('',#4331,#4330);
#4333=DIRECTION('',(0.E0,1.E0,0.E0));
#4334=VECTOR('',#4333,9.E-2);
#4335=CARTESIAN_POINT('',(8.075E-1,-4.5E-2,1.E-1));
#4336=LINE('',#4335,#4334);
#4337=DIRECTION('',(0.E0,1.E0,0.E0));
#4338=VECTOR('',#4337,9.E-2);
#4339=CARTESIAN_POINT('',(-8.875E-1,-4.5E-2,1.E-1));
#4340=LINE('',#4339,#4338);
#4341=DIRECTION('',(0.E0,1.E0,0.E0));
#4342=VECTOR('',#4341,9.E-2);
#4343=CARTESIAN_POINT('',(-8.175E-1,-4.5E-2,1.E-1));
#4344=LINE('',#4343,#4342);
#4345=DIRECTION('',(-3.779644730092E-1,6.546536707080E-1,6.546536707080E-1));
#4346=VECTOR('',#4345,3.307189138831E-2);
#4347=CARTESIAN_POINT('',(-7.05E-1,2.334936490539E-2,7.834936490539E-2));
#4348=LINE('',#4347,#4346);
#4349=DIRECTION('',(0.E0,-1.E0,0.E0));
#4350=VECTOR('',#4349,4.669872981078E-2);
#4351=CARTESIAN_POINT('',(-7.05E-1,2.334936490539E-2,7.834936490539E-2));
#4352=LINE('',#4351,#4350);
#4353=DIRECTION('',(-3.779644730092E-1,-6.546536707080E-1,6.546536707080E-1));
#4354=VECTOR('',#4353,3.307189138831E-2);
#4355=CARTESIAN_POINT('',(-7.05E-1,-2.334936490539E-2,7.834936490539E-2));
#4356=LINE('',#4355,#4354);
#4357=DIRECTION('',(-3.779644730092E-1,-6.546536707080E-1,-6.546536707080E-1));
#4358=VECTOR('',#4357,3.307189138831E-2);
#4359=CARTESIAN_POINT('',(-6.925E-1,4.5E-2,1.E-1));
#4360=LINE('',#4359,#4358);
#4361=DIRECTION('',(-3.779644730092E-1,6.546536707080E-1,-6.546536707080E-1));
#4362=VECTOR('',#4361,3.307189138831E-2);
#4363=CARTESIAN_POINT('',(-6.925E-1,-4.5E-2,1.E-1));
#4364=LINE('',#4363,#4362);
#4365=DIRECTION('',(0.E0,0.E0,-1.E0));
#4366=VECTOR('',#4365,1.566987298108E-1);
#4367=CARTESIAN_POINT('',(-7.05E-1,2.334936490539E-2,7.834936490539E-2));
#4368=LINE('',#4367,#4366);
#4369=DIRECTION('',(3.779644730092E-1,6.546536707080E-1,-6.546536707080E-1));
#4370=VECTOR('',#4369,3.307189138831E-2);
#4371=CARTESIAN_POINT('',(-7.05E-1,2.334936490539E-2,-7.834936490539E-2));
#4372=LINE('',#4371,#4370);
#4373=DIRECTION('',(0.E0,-1.E0,0.E0));
#4374=VECTOR('',#4373,4.669872981078E-2);
#4375=CARTESIAN_POINT('',(-7.05E-1,2.334936490539E-2,-7.834936490539E-2));
#4376=LINE('',#4375,#4374);
#4377=DIRECTION('',(3.779644730092E-1,-6.546536707080E-1,-6.546536707080E-1));
#4378=VECTOR('',#4377,3.307189138831E-2);
#4379=CARTESIAN_POINT('',(-7.05E-1,-2.334936490539E-2,-7.834936490539E-2));
#4380=LINE('',#4379,#4378);
#4381=DIRECTION('',(0.E0,0.E0,-1.E0));
#4382=VECTOR('',#4381,1.566987298108E-1);
#4383=CARTESIAN_POINT('',(-7.05E-1,-2.334936490539E-2,7.834936490539E-2));
#4384=LINE('',#4383,#4382);
#4385=DIRECTION('',(-3.779644730092E-1,6.546536707080E-1,6.546536707080E-1));
#4386=VECTOR('',#4385,3.307189138831E-2);
#4387=CARTESIAN_POINT('',(-6.05E-1,2.334936490539E-2,7.834936490539E-2));
#4388=LINE('',#4387,#4386);
#4389=DIRECTION('',(0.E0,-1.E0,0.E0));
#4390=VECTOR('',#4389,4.669872981078E-2);
#4391=CARTESIAN_POINT('',(-6.05E-1,2.334936490539E-2,7.834936490539E-2));
#4392=LINE('',#4391,#4390);
#4393=DIRECTION('',(-3.779644730092E-1,-6.546536707080E-1,6.546536707080E-1));
#4394=VECTOR('',#4393,3.307189138831E-2);
#4395=CARTESIAN_POINT('',(-6.05E-1,-2.334936490539E-2,7.834936490539E-2));
#4396=LINE('',#4395,#4394);
#4397=DIRECTION('',(3.779644730092E-1,-6.546536707080E-1,6.546536707080E-1));
#4398=VECTOR('',#4397,3.307189138831E-2);
#4399=CARTESIAN_POINT('',(-6.175E-1,4.5E-2,-1.E-1));
#4400=LINE('',#4399,#4398);
#4401=DIRECTION('',(3.779644730092E-1,6.546536707080E-1,6.546536707080E-1));
#4402=VECTOR('',#4401,3.307189138831E-2);
#4403=CARTESIAN_POINT('',(-6.175E-1,-4.5E-2,-1.E-1));
#4404=LINE('',#4403,#4402);
#4405=DIRECTION('',(0.E0,0.E0,-1.E0));
#4406=VECTOR('',#4405,1.566987298108E-1);
#4407=CARTESIAN_POINT('',(-6.05E-1,-2.334936490539E-2,7.834936490539E-2));
#4408=LINE('',#4407,#4406);
#4409=DIRECTION('',(3.779644730092E-1,6.546536707080E-1,-6.546536707080E-1));
#4410=VECTOR('',#4409,3.307189138831E-2);
#4411=CARTESIAN_POINT('',(-6.05E-1,2.334936490539E-2,-7.834936490539E-2));
#4412=LINE('',#4411,#4410);
#4413=DIRECTION('',(0.E0,-1.E0,0.E0));
#4414=VECTOR('',#4413,4.669872981078E-2);
#4415=CARTESIAN_POINT('',(-6.05E-1,2.334936490539E-2,-7.834936490539E-2));
#4416=LINE('',#4415,#4414);
#4417=DIRECTION('',(3.779644730092E-1,-6.546536707080E-1,-6.546536707080E-1));
#4418=VECTOR('',#4417,3.307189138831E-2);
#4419=CARTESIAN_POINT('',(-6.05E-1,-2.334936490539E-2,-7.834936490539E-2));
#4420=LINE('',#4419,#4418);
#4421=DIRECTION('',(0.E0,0.E0,-1.E0));
#4422=VECTOR('',#4421,1.566987298108E-1);
#4423=CARTESIAN_POINT('',(-6.05E-1,2.334936490539E-2,7.834936490539E-2));
#4424=LINE('',#4423,#4422);
#4425=DIRECTION('',(-3.779644730092E-1,-6.546536707080E-1,-6.546536707080E-1));
#4426=VECTOR('',#4425,3.307189138831E-2);
#4427=CARTESIAN_POINT('',(-5.925E-1,4.5E-2,1.E-1));
#4428=LINE('',#4427,#4426);
#4429=DIRECTION('',(-3.779644730092E-1,6.546536707080E-1,-6.546536707080E-1));
#4430=VECTOR('',#4429,3.307189138831E-2);
#4431=CARTESIAN_POINT('',(-5.925E-1,-4.5E-2,1.E-1));
#4432=LINE('',#4431,#4430);
#4433=DIRECTION('',(-3.779644730092E-1,6.546536707080E-1,6.546536707080E-1));
#4434=VECTOR('',#4433,3.307189138831E-2);
#4435=CARTESIAN_POINT('',(-5.05E-1,2.334936490539E-2,7.834936490539E-2));
#4436=LINE('',#4435,#4434);
#4437=DIRECTION('',(0.E0,-1.E0,0.E0));
#4438=VECTOR('',#4437,4.669872981078E-2);
#4439=CARTESIAN_POINT('',(-5.05E-1,2.334936490539E-2,7.834936490539E-2));
#4440=LINE('',#4439,#4438);
#4441=DIRECTION('',(-3.779644730092E-1,-6.546536707080E-1,6.546536707080E-1));
#4442=VECTOR('',#4441,3.307189138831E-2);
#4443=CARTESIAN_POINT('',(-5.05E-1,-2.334936490539E-2,7.834936490539E-2));
#4444=LINE('',#4443,#4442);
#4445=DIRECTION('',(3.779644730092E-1,-6.546536707080E-1,6.546536707080E-1));
#4446=VECTOR('',#4445,3.307189138831E-2);
#4447=CARTESIAN_POINT('',(-5.175E-1,4.5E-2,-1.E-1));
#4448=LINE('',#4447,#4446);
#4449=DIRECTION('',(3.779644730092E-1,6.546536707080E-1,6.546536707080E-1));
#4450=VECTOR('',#4449,3.307189138831E-2);
#4451=CARTESIAN_POINT('',(-5.175E-1,-4.5E-2,-1.E-1));
#4452=LINE('',#4451,#4450);
#4453=DIRECTION('',(0.E0,0.E0,-1.E0));
#4454=VECTOR('',#4453,1.566987298108E-1);
#4455=CARTESIAN_POINT('',(-5.05E-1,-2.334936490539E-2,7.834936490539E-2));
#4456=LINE('',#4455,#4454);
#4457=DIRECTION('',(3.779644730092E-1,6.546536707080E-1,-6.546536707080E-1));
#4458=VECTOR('',#4457,3.307189138831E-2);
#4459=CARTESIAN_POINT('',(-5.05E-1,2.334936490539E-2,-7.834936490539E-2));
#4460=LINE('',#4459,#4458);
#4461=DIRECTION('',(0.E0,-1.E0,0.E0));
#4462=VECTOR('',#4461,4.669872981078E-2);
#4463=CARTESIAN_POINT('',(-5.05E-1,2.334936490539E-2,-7.834936490539E-2));
#4464=LINE('',#4463,#4462);
#4465=DIRECTION('',(3.779644730092E-1,-6.546536707080E-1,-6.546536707080E-1));
#4466=VECTOR('',#4465,3.307189138831E-2);
#4467=CARTESIAN_POINT('',(-5.05E-1,-2.334936490539E-2,-7.834936490539E-2));
#4468=LINE('',#4467,#4466);
#4469=DIRECTION('',(0.E0,0.E0,-1.E0));
#4470=VECTOR('',#4469,1.566987298108E-1);
#4471=CARTESIAN_POINT('',(-5.05E-1,2.334936490539E-2,7.834936490539E-2));
#4472=LINE('',#4471,#4470);
#4473=DIRECTION('',(-3.779644730092E-1,-6.546536707080E-1,-6.546536707080E-1));
#4474=VECTOR('',#4473,3.307189138831E-2);
#4475=CARTESIAN_POINT('',(-4.925E-1,4.5E-2,1.E-1));
#4476=LINE('',#4475,#4474);
#4477=DIRECTION('',(-3.779644730092E-1,6.546536707080E-1,-6.546536707080E-1));
#4478=VECTOR('',#4477,3.307189138831E-2);
#4479=CARTESIAN_POINT('',(-4.925E-1,-4.5E-2,1.E-1));
#4480=LINE('',#4479,#4478);
#4481=DIRECTION('',(-3.779644730092E-1,6.546536707080E-1,6.546536707080E-1));
#4482=VECTOR('',#4481,3.307189138831E-2);
#4483=CARTESIAN_POINT('',(-4.05E-1,2.334936490539E-2,7.834936490539E-2));
#4484=LINE('',#4483,#4482);
#4485=DIRECTION('',(0.E0,-1.E0,0.E0));
#4486=VECTOR('',#4485,4.669872981078E-2);
#4487=CARTESIAN_POINT('',(-4.05E-1,2.334936490539E-2,7.834936490539E-2));
#4488=LINE('',#4487,#4486);
#4489=DIRECTION('',(-3.779644730092E-1,-6.546536707080E-1,6.546536707080E-1));
#4490=VECTOR('',#4489,3.307189138831E-2);
#4491=CARTESIAN_POINT('',(-4.05E-1,-2.334936490539E-2,7.834936490539E-2));
#4492=LINE('',#4491,#4490);
#4493=DIRECTION('',(3.779644730092E-1,-6.546536707080E-1,6.546536707080E-1));
#4494=VECTOR('',#4493,3.307189138831E-2);
#4495=CARTESIAN_POINT('',(-4.175E-1,4.5E-2,-1.E-1));
#4496=LINE('',#4495,#4494);
#4497=DIRECTION('',(3.779644730092E-1,6.546536707080E-1,6.546536707080E-1));
#4498=VECTOR('',#4497,3.307189138831E-2);
#4499=CARTESIAN_POINT('',(-4.175E-1,-4.5E-2,-1.E-1));
#4500=LINE('',#4499,#4498);
#4501=DIRECTION('',(0.E0,0.E0,-1.E0));
#4502=VECTOR('',#4501,1.566987298108E-1);
#4503=CARTESIAN_POINT('',(-4.05E-1,-2.334936490539E-2,7.834936490539E-2));
#4504=LINE('',#4503,#4502);
#4505=DIRECTION('',(3.779644730092E-1,6.546536707080E-1,-6.546536707080E-1));
#4506=VECTOR('',#4505,3.307189138831E-2);
#4507=CARTESIAN_POINT('',(-4.05E-1,2.334936490539E-2,-7.834936490539E-2));
#4508=LINE('',#4507,#4506);
#4509=DIRECTION('',(0.E0,-1.E0,0.E0));
#4510=VECTOR('',#4509,4.669872981078E-2);
#4511=CARTESIAN_POINT('',(-4.05E-1,2.334936490539E-2,-7.834936490539E-2));
#4512=LINE('',#4511,#4510);
#4513=DIRECTION('',(3.779644730092E-1,-6.546536707080E-1,-6.546536707080E-1));
#4514=VECTOR('',#4513,3.307189138831E-2);
#4515=CARTESIAN_POINT('',(-4.05E-1,-2.334936490539E-2,-7.834936490539E-2));
#4516=LINE('',#4515,#4514);
#4517=DIRECTION('',(0.E0,0.E0,-1.E0));
#4518=VECTOR('',#4517,1.566987298108E-1);
#4519=CARTESIAN_POINT('',(-4.05E-1,2.334936490539E-2,7.834936490539E-2));
#4520=LINE('',#4519,#4518);
#4521=DIRECTION('',(-3.779644730092E-1,-6.546536707080E-1,-6.546536707080E-1));
#4522=VECTOR('',#4521,3.307189138831E-2);
#4523=CARTESIAN_POINT('',(-3.925E-1,4.5E-2,1.E-1));
#4524=LINE('',#4523,#4522);
#4525=DIRECTION('',(-3.779644730092E-1,6.546536707080E-1,-6.546536707080E-1));
#4526=VECTOR('',#4525,3.307189138831E-2);
#4527=CARTESIAN_POINT('',(-3.925E-1,-4.5E-2,1.E-1));
#4528=LINE('',#4527,#4526);
#4529=DIRECTION('',(-3.779644730092E-1,6.546536707080E-1,6.546536707080E-1));
#4530=VECTOR('',#4529,3.307189138831E-2);
#4531=CARTESIAN_POINT('',(-3.05E-1,2.334936490539E-2,7.834936490539E-2));
#4532=LINE('',#4531,#4530);
#4533=DIRECTION('',(0.E0,-1.E0,0.E0));
#4534=VECTOR('',#4533,4.669872981078E-2);
#4535=CARTESIAN_POINT('',(-3.05E-1,2.334936490539E-2,7.834936490539E-2));
#4536=LINE('',#4535,#4534);
#4537=DIRECTION('',(-3.779644730092E-1,-6.546536707080E-1,6.546536707080E-1));
#4538=VECTOR('',#4537,3.307189138831E-2);
#4539=CARTESIAN_POINT('',(-3.05E-1,-2.334936490539E-2,7.834936490539E-2));
#4540=LINE('',#4539,#4538);
#4541=DIRECTION('',(3.779644730092E-1,-6.546536707080E-1,6.546536707080E-1));
#4542=VECTOR('',#4541,3.307189138831E-2);
#4543=CARTESIAN_POINT('',(-3.175E-1,4.5E-2,-1.E-1));
#4544=LINE('',#4543,#4542);
#4545=DIRECTION('',(3.779644730092E-1,6.546536707080E-1,6.546536707080E-1));
#4546=VECTOR('',#4545,3.307189138831E-2);
#4547=CARTESIAN_POINT('',(-3.175E-1,-4.5E-2,-1.E-1));
#4548=LINE('',#4547,#4546);
#4549=DIRECTION('',(0.E0,0.E0,-1.E0));
#4550=VECTOR('',#4549,1.566987298108E-1);
#4551=CARTESIAN_POINT('',(-3.05E-1,-2.334936490539E-2,7.834936490539E-2));
#4552=LINE('',#4551,#4550);
#4553=DIRECTION('',(3.779644730092E-1,6.546536707080E-1,-6.546536707080E-1));
#4554=VECTOR('',#4553,3.307189138831E-2);
#4555=CARTESIAN_POINT('',(-3.05E-1,2.334936490539E-2,-7.834936490539E-2));
#4556=LINE('',#4555,#4554);
#4557=DIRECTION('',(0.E0,-1.E0,0.E0));
#4558=VECTOR('',#4557,4.669872981078E-2);
#4559=CARTESIAN_POINT('',(-3.05E-1,2.334936490539E-2,-7.834936490539E-2));
#4560=LINE('',#4559,#4558);
#4561=DIRECTION('',(3.779644730092E-1,-6.546536707080E-1,-6.546536707080E-1));
#4562=VECTOR('',#4561,3.307189138831E-2);
#4563=CARTESIAN_POINT('',(-3.05E-1,-2.334936490539E-2,-7.834936490539E-2));
#4564=LINE('',#4563,#4562);
#4565=DIRECTION('',(0.E0,0.E0,-1.E0));
#4566=VECTOR('',#4565,1.566987298108E-1);
#4567=CARTESIAN_POINT('',(-3.05E-1,2.334936490539E-2,7.834936490539E-2));
#4568=LINE('',#4567,#4566);
#4569=DIRECTION('',(-3.779644730092E-1,-6.546536707080E-1,-6.546536707080E-1));
#4570=VECTOR('',#4569,3.307189138831E-2);
#4571=CARTESIAN_POINT('',(-2.925E-1,4.5E-2,1.E-1));
#4572=LINE('',#4571,#4570);
#4573=DIRECTION('',(-3.779644730092E-1,6.546536707080E-1,-6.546536707080E-1));
#4574=VECTOR('',#4573,3.307189138831E-2);
#4575=CARTESIAN_POINT('',(-2.925E-1,-4.5E-2,1.E-1));
#4576=LINE('',#4575,#4574);
#4577=DIRECTION('',(-3.779644730092E-1,6.546536707080E-1,6.546536707080E-1));
#4578=VECTOR('',#4577,3.307189138831E-2);
#4579=CARTESIAN_POINT('',(-2.05E-1,2.334936490539E-2,7.834936490539E-2));
#4580=LINE('',#4579,#4578);
#4581=DIRECTION('',(0.E0,-1.E0,0.E0));
#4582=VECTOR('',#4581,4.669872981078E-2);
#4583=CARTESIAN_POINT('',(-2.05E-1,2.334936490539E-2,7.834936490539E-2));
#4584=LINE('',#4583,#4582);
#4585=DIRECTION('',(-3.779644730092E-1,-6.546536707080E-1,6.546536707080E-1));
#4586=VECTOR('',#4585,3.307189138831E-2);
#4587=CARTESIAN_POINT('',(-2.05E-1,-2.334936490539E-2,7.834936490539E-2));
#4588=LINE('',#4587,#4586);
#4589=DIRECTION('',(3.779644730092E-1,-6.546536707080E-1,6.546536707080E-1));
#4590=VECTOR('',#4589,3.307189138831E-2);
#4591=CARTESIAN_POINT('',(-2.175E-1,4.5E-2,-1.E-1));
#4592=LINE('',#4591,#4590);
#4593=DIRECTION('',(3.779644730092E-1,6.546536707080E-1,6.546536707080E-1));
#4594=VECTOR('',#4593,3.307189138831E-2);
#4595=CARTESIAN_POINT('',(-2.175E-1,-4.5E-2,-1.E-1));
#4596=LINE('',#4595,#4594);
#4597=DIRECTION('',(0.E0,0.E0,-1.E0));
#4598=VECTOR('',#4597,1.566987298108E-1);
#4599=CARTESIAN_POINT('',(-2.05E-1,-2.334936490539E-2,7.834936490539E-2));
#4600=LINE('',#4599,#4598);
#4601=DIRECTION('',(3.779644730092E-1,6.546536707080E-1,-6.546536707080E-1));
#4602=VECTOR('',#4601,3.307189138831E-2);
#4603=CARTESIAN_POINT('',(-2.05E-1,2.334936490539E-2,-7.834936490539E-2));
#4604=LINE('',#4603,#4602);
#4605=DIRECTION('',(0.E0,-1.E0,0.E0));
#4606=VECTOR('',#4605,4.669872981078E-2);
#4607=CARTESIAN_POINT('',(-2.05E-1,2.334936490539E-2,-7.834936490539E-2));
#4608=LINE('',#4607,#4606);
#4609=DIRECTION('',(3.779644730092E-1,-6.546536707080E-1,-6.546536707080E-1));
#4610=VECTOR('',#4609,3.307189138831E-2);
#4611=CARTESIAN_POINT('',(-2.05E-1,-2.334936490539E-2,-7.834936490539E-2));
#4612=LINE('',#4611,#4610);
#4613=DIRECTION('',(0.E0,0.E0,-1.E0));
#4614=VECTOR('',#4613,1.566987298108E-1);
#4615=CARTESIAN_POINT('',(-2.05E-1,2.334936490539E-2,7.834936490539E-2));
#4616=LINE('',#4615,#4614);
#4617=DIRECTION('',(-3.779644730092E-1,-6.546536707080E-1,-6.546536707080E-1));
#4618=VECTOR('',#4617,3.307189138831E-2);
#4619=CARTESIAN_POINT('',(-1.925E-1,4.5E-2,1.E-1));
#4620=LINE('',#4619,#4618);
#4621=DIRECTION('',(-3.779644730092E-1,6.546536707080E-1,-6.546536707080E-1));
#4622=VECTOR('',#4621,3.307189138831E-2);
#4623=CARTESIAN_POINT('',(-1.925E-1,-4.5E-2,1.E-1));
#4624=LINE('',#4623,#4622);
#4625=DIRECTION('',(-3.779644730092E-1,6.546536707080E-1,6.546536707080E-1));
#4626=VECTOR('',#4625,3.307189138831E-2);
#4627=CARTESIAN_POINT('',(-1.05E-1,2.334936490539E-2,7.834936490539E-2));
#4628=LINE('',#4627,#4626);
#4629=DIRECTION('',(0.E0,-1.E0,0.E0));
#4630=VECTOR('',#4629,4.669872981078E-2);
#4631=CARTESIAN_POINT('',(-1.05E-1,2.334936490539E-2,7.834936490539E-2));
#4632=LINE('',#4631,#4630);
#4633=DIRECTION('',(-3.779644730092E-1,-6.546536707080E-1,6.546536707080E-1));
#4634=VECTOR('',#4633,3.307189138831E-2);
#4635=CARTESIAN_POINT('',(-1.05E-1,-2.334936490539E-2,7.834936490539E-2));
#4636=LINE('',#4635,#4634);
#4637=DIRECTION('',(3.779644730092E-1,-6.546536707080E-1,6.546536707080E-1));
#4638=VECTOR('',#4637,3.307189138831E-2);
#4639=CARTESIAN_POINT('',(-1.175E-1,4.5E-2,-1.E-1));
#4640=LINE('',#4639,#4638);
#4641=DIRECTION('',(3.779644730092E-1,6.546536707080E-1,6.546536707080E-1));
#4642=VECTOR('',#4641,3.307189138831E-2);
#4643=CARTESIAN_POINT('',(-1.175E-1,-4.5E-2,-1.E-1));
#4644=LINE('',#4643,#4642);
#4645=DIRECTION('',(0.E0,0.E0,-1.E0));
#4646=VECTOR('',#4645,1.566987298108E-1);
#4647=CARTESIAN_POINT('',(-1.05E-1,-2.334936490539E-2,7.834936490539E-2));
#4648=LINE('',#4647,#4646);
#4649=DIRECTION('',(3.779644730092E-1,6.546536707080E-1,-6.546536707080E-1));
#4650=VECTOR('',#4649,3.307189138831E-2);
#4651=CARTESIAN_POINT('',(-1.05E-1,2.334936490539E-2,-7.834936490539E-2));
#4652=LINE('',#4651,#4650);
#4653=DIRECTION('',(0.E0,-1.E0,0.E0));
#4654=VECTOR('',#4653,4.669872981078E-2);
#4655=CARTESIAN_POINT('',(-1.05E-1,2.334936490539E-2,-7.834936490539E-2));
#4656=LINE('',#4655,#4654);
#4657=DIRECTION('',(3.779644730092E-1,-6.546536707080E-1,-6.546536707080E-1));
#4658=VECTOR('',#4657,3.307189138831E-2);
#4659=CARTESIAN_POINT('',(-1.05E-1,-2.334936490539E-2,-7.834936490539E-2));
#4660=LINE('',#4659,#4658);
#4661=DIRECTION('',(0.E0,0.E0,-1.E0));
#4662=VECTOR('',#4661,1.566987298108E-1);
#4663=CARTESIAN_POINT('',(-1.05E-1,2.334936490539E-2,7.834936490539E-2));
#4664=LINE('',#4663,#4662);
#4665=DIRECTION('',(-3.779644730092E-1,-6.546536707080E-1,-6.546536707080E-1));
#4666=VECTOR('',#4665,3.307189138831E-2);
#4667=CARTESIAN_POINT('',(-9.25E-2,4.5E-2,1.E-1));
#4668=LINE('',#4667,#4666);
#4669=DIRECTION('',(-3.779644730092E-1,6.546536707080E-1,-6.546536707080E-1));
#4670=VECTOR('',#4669,3.307189138831E-2);
#4671=CARTESIAN_POINT('',(-9.25E-2,-4.5E-2,1.E-1));
#4672=LINE('',#4671,#4670);
#4673=DIRECTION('',(-3.779644730092E-1,6.546536707080E-1,6.546536707080E-1));
#4674=VECTOR('',#4673,3.307189138831E-2);
#4675=CARTESIAN_POINT('',(-5.E-3,2.334936490539E-2,7.834936490539E-2));
#4676=LINE('',#4675,#4674);
#4677=DIRECTION('',(0.E0,-1.E0,0.E0));
#4678=VECTOR('',#4677,4.669872981078E-2);
#4679=CARTESIAN_POINT('',(-5.E-3,2.334936490539E-2,7.834936490539E-2));
#4680=LINE('',#4679,#4678);
#4681=DIRECTION('',(-3.779644730092E-1,-6.546536707080E-1,6.546536707080E-1));
#4682=VECTOR('',#4681,3.307189138831E-2);
#4683=CARTESIAN_POINT('',(-5.E-3,-2.334936490539E-2,7.834936490539E-2));
#4684=LINE('',#4683,#4682);
#4685=DIRECTION('',(3.779644730092E-1,-6.546536707080E-1,6.546536707080E-1));
#4686=VECTOR('',#4685,3.307189138831E-2);
#4687=CARTESIAN_POINT('',(-1.75E-2,4.5E-2,-1.E-1));
#4688=LINE('',#4687,#4686);
#4689=DIRECTION('',(3.779644730092E-1,6.546536707080E-1,6.546536707080E-1));
#4690=VECTOR('',#4689,3.307189138831E-2);
#4691=CARTESIAN_POINT('',(-1.75E-2,-4.5E-2,-1.E-1));
#4692=LINE('',#4691,#4690);
#4693=DIRECTION('',(0.E0,0.E0,-1.E0));
#4694=VECTOR('',#4693,1.566987298108E-1);
#4695=CARTESIAN_POINT('',(-5.E-3,-2.334936490539E-2,7.834936490539E-2));
#4696=LINE('',#4695,#4694);
#4697=DIRECTION('',(3.779644730092E-1,6.546536707080E-1,-6.546536707080E-1));
#4698=VECTOR('',#4697,3.307189138831E-2);
#4699=CARTESIAN_POINT('',(-5.E-3,2.334936490539E-2,-7.834936490539E-2));
#4700=LINE('',#4699,#4698);
#4701=DIRECTION('',(0.E0,-1.E0,0.E0));
#4702=VECTOR('',#4701,4.669872981078E-2);
#4703=CARTESIAN_POINT('',(-5.E-3,2.334936490539E-2,-7.834936490539E-2));
#4704=LINE('',#4703,#4702);
#4705=DIRECTION('',(3.779644730092E-1,-6.546536707080E-1,-6.546536707080E-1));
#4706=VECTOR('',#4705,3.307189138831E-2);
#4707=CARTESIAN_POINT('',(-5.E-3,-2.334936490539E-2,-7.834936490539E-2));
#4708=LINE('',#4707,#4706);
#4709=DIRECTION('',(0.E0,0.E0,-1.E0));
#4710=VECTOR('',#4709,1.566987298108E-1);
#4711=CARTESIAN_POINT('',(-5.E-3,2.334936490539E-2,7.834936490539E-2));
#4712=LINE('',#4711,#4710);
#4713=DIRECTION('',(-3.779644730092E-1,-6.546536707080E-1,-6.546536707080E-1));
#4714=VECTOR('',#4713,3.307189138831E-2);
#4715=CARTESIAN_POINT('',(7.5E-3,4.5E-2,1.E-1));
#4716=LINE('',#4715,#4714);
#4717=DIRECTION('',(-3.779644730092E-1,6.546536707080E-1,-6.546536707080E-1));
#4718=VECTOR('',#4717,3.307189138831E-2);
#4719=CARTESIAN_POINT('',(7.5E-3,-4.5E-2,1.E-1));
#4720=LINE('',#4719,#4718);
#4721=DIRECTION('',(-3.779644730092E-1,6.546536707080E-1,6.546536707080E-1));
#4722=VECTOR('',#4721,3.307189138831E-2);
#4723=CARTESIAN_POINT('',(9.5E-2,2.334936490539E-2,7.834936490539E-2));
#4724=LINE('',#4723,#4722);
#4725=DIRECTION('',(0.E0,-1.E0,0.E0));
#4726=VECTOR('',#4725,4.669872981078E-2);
#4727=CARTESIAN_POINT('',(9.5E-2,2.334936490539E-2,7.834936490539E-2));
#4728=LINE('',#4727,#4726);
#4729=DIRECTION('',(-3.779644730092E-1,-6.546536707080E-1,6.546536707080E-1));
#4730=VECTOR('',#4729,3.307189138831E-2);
#4731=CARTESIAN_POINT('',(9.5E-2,-2.334936490539E-2,7.834936490539E-2));
#4732=LINE('',#4731,#4730);
#4733=DIRECTION('',(3.779644730092E-1,-6.546536707080E-1,6.546536707080E-1));
#4734=VECTOR('',#4733,3.307189138831E-2);
#4735=CARTESIAN_POINT('',(8.25E-2,4.5E-2,-1.E-1));
#4736=LINE('',#4735,#4734);
#4737=DIRECTION('',(3.779644730092E-1,6.546536707080E-1,6.546536707080E-1));
#4738=VECTOR('',#4737,3.307189138831E-2);
#4739=CARTESIAN_POINT('',(8.25E-2,-4.5E-2,-1.E-1));
#4740=LINE('',#4739,#4738);
#4741=DIRECTION('',(0.E0,0.E0,-1.E0));
#4742=VECTOR('',#4741,1.566987298108E-1);
#4743=CARTESIAN_POINT('',(9.5E-2,-2.334936490539E-2,7.834936490539E-2));
#4744=LINE('',#4743,#4742);
#4745=DIRECTION('',(3.779644730092E-1,6.546536707080E-1,-6.546536707080E-1));
#4746=VECTOR('',#4745,3.307189138831E-2);
#4747=CARTESIAN_POINT('',(9.5E-2,2.334936490539E-2,-7.834936490539E-2));
#4748=LINE('',#4747,#4746);
#4749=DIRECTION('',(0.E0,-1.E0,0.E0));
#4750=VECTOR('',#4749,4.669872981078E-2);
#4751=CARTESIAN_POINT('',(9.5E-2,2.334936490539E-2,-7.834936490539E-2));
#4752=LINE('',#4751,#4750);
#4753=DIRECTION('',(3.779644730092E-1,-6.546536707080E-1,-6.546536707080E-1));
#4754=VECTOR('',#4753,3.307189138831E-2);
#4755=CARTESIAN_POINT('',(9.5E-2,-2.334936490539E-2,-7.834936490539E-2));
#4756=LINE('',#4755,#4754);
#4757=DIRECTION('',(0.E0,0.E0,-1.E0));
#4758=VECTOR('',#4757,1.566987298108E-1);
#4759=CARTESIAN_POINT('',(9.5E-2,2.334936490539E-2,7.834936490539E-2));
#4760=LINE('',#4759,#4758);
#4761=DIRECTION('',(-3.779644730092E-1,-6.546536707080E-1,-6.546536707080E-1));
#4762=VECTOR('',#4761,3.307189138831E-2);
#4763=CARTESIAN_POINT('',(1.075E-1,4.5E-2,1.E-1));
#4764=LINE('',#4763,#4762);
#4765=DIRECTION('',(-3.779644730092E-1,6.546536707080E-1,-6.546536707080E-1));
#4766=VECTOR('',#4765,3.307189138831E-2);
#4767=CARTESIAN_POINT('',(1.075E-1,-4.5E-2,1.E-1));
#4768=LINE('',#4767,#4766);
#4769=DIRECTION('',(-3.779644730092E-1,6.546536707080E-1,6.546536707080E-1));
#4770=VECTOR('',#4769,3.307189138831E-2);
#4771=CARTESIAN_POINT('',(1.95E-1,2.334936490539E-2,7.834936490539E-2));
#4772=LINE('',#4771,#4770);
#4773=DIRECTION('',(0.E0,-1.E0,0.E0));
#4774=VECTOR('',#4773,4.669872981078E-2);
#4775=CARTESIAN_POINT('',(1.95E-1,2.334936490539E-2,7.834936490539E-2));
#4776=LINE('',#4775,#4774);
#4777=DIRECTION('',(-3.779644730092E-1,-6.546536707080E-1,6.546536707080E-1));
#4778=VECTOR('',#4777,3.307189138831E-2);
#4779=CARTESIAN_POINT('',(1.95E-1,-2.334936490539E-2,7.834936490539E-2));
#4780=LINE('',#4779,#4778);
#4781=DIRECTION('',(3.779644730092E-1,-6.546536707080E-1,6.546536707080E-1));
#4782=VECTOR('',#4781,3.307189138831E-2);
#4783=CARTESIAN_POINT('',(1.825E-1,4.5E-2,-1.E-1));
#4784=LINE('',#4783,#4782);
#4785=DIRECTION('',(3.779644730092E-1,6.546536707080E-1,6.546536707080E-1));
#4786=VECTOR('',#4785,3.307189138831E-2);
#4787=CARTESIAN_POINT('',(1.825E-1,-4.5E-2,-1.E-1));
#4788=LINE('',#4787,#4786);
#4789=DIRECTION('',(0.E0,0.E0,-1.E0));
#4790=VECTOR('',#4789,1.566987298108E-1);
#4791=CARTESIAN_POINT('',(1.95E-1,-2.334936490539E-2,7.834936490539E-2));
#4792=LINE('',#4791,#4790);
#4793=DIRECTION('',(3.779644730092E-1,6.546536707080E-1,-6.546536707080E-1));
#4794=VECTOR('',#4793,3.307189138831E-2);
#4795=CARTESIAN_POINT('',(1.95E-1,2.334936490539E-2,-7.834936490539E-2));
#4796=LINE('',#4795,#4794);
#4797=DIRECTION('',(0.E0,-1.E0,0.E0));
#4798=VECTOR('',#4797,4.669872981078E-2);
#4799=CARTESIAN_POINT('',(1.95E-1,2.334936490539E-2,-7.834936490539E-2));
#4800=LINE('',#4799,#4798);
#4801=DIRECTION('',(3.779644730092E-1,-6.546536707080E-1,-6.546536707080E-1));
#4802=VECTOR('',#4801,3.307189138831E-2);
#4803=CARTESIAN_POINT('',(1.95E-1,-2.334936490539E-2,-7.834936490539E-2));
#4804=LINE('',#4803,#4802);
#4805=DIRECTION('',(0.E0,0.E0,-1.E0));
#4806=VECTOR('',#4805,1.566987298108E-1);
#4807=CARTESIAN_POINT('',(1.95E-1,2.334936490539E-2,7.834936490539E-2));
#4808=LINE('',#4807,#4806);
#4809=DIRECTION('',(-3.779644730092E-1,-6.546536707080E-1,-6.546536707080E-1));
#4810=VECTOR('',#4809,3.307189138831E-2);
#4811=CARTESIAN_POINT('',(2.075E-1,4.5E-2,1.E-1));
#4812=LINE('',#4811,#4810);
#4813=DIRECTION('',(-3.779644730092E-1,6.546536707080E-1,-6.546536707080E-1));
#4814=VECTOR('',#4813,3.307189138831E-2);
#4815=CARTESIAN_POINT('',(2.075E-1,-4.5E-2,1.E-1));
#4816=LINE('',#4815,#4814);
#4817=DIRECTION('',(-3.779644730092E-1,6.546536707080E-1,6.546536707080E-1));
#4818=VECTOR('',#4817,3.307189138831E-2);
#4819=CARTESIAN_POINT('',(2.95E-1,2.334936490539E-2,7.834936490539E-2));
#4820=LINE('',#4819,#4818);
#4821=DIRECTION('',(0.E0,-1.E0,0.E0));
#4822=VECTOR('',#4821,4.669872981078E-2);
#4823=CARTESIAN_POINT('',(2.95E-1,2.334936490539E-2,7.834936490539E-2));
#4824=LINE('',#4823,#4822);
#4825=DIRECTION('',(-3.779644730092E-1,-6.546536707080E-1,6.546536707080E-1));
#4826=VECTOR('',#4825,3.307189138831E-2);
#4827=CARTESIAN_POINT('',(2.95E-1,-2.334936490539E-2,7.834936490539E-2));
#4828=LINE('',#4827,#4826);
#4829=DIRECTION('',(3.779644730092E-1,-6.546536707080E-1,6.546536707080E-1));
#4830=VECTOR('',#4829,3.307189138831E-2);
#4831=CARTESIAN_POINT('',(2.825E-1,4.5E-2,-1.E-1));
#4832=LINE('',#4831,#4830);
#4833=DIRECTION('',(3.779644730092E-1,6.546536707080E-1,6.546536707080E-1));
#4834=VECTOR('',#4833,3.307189138831E-2);
#4835=CARTESIAN_POINT('',(2.825E-1,-4.5E-2,-1.E-1));
#4836=LINE('',#4835,#4834);
#4837=DIRECTION('',(0.E0,0.E0,-1.E0));
#4838=VECTOR('',#4837,1.566987298108E-1);
#4839=CARTESIAN_POINT('',(2.95E-1,-2.334936490539E-2,7.834936490539E-2));
#4840=LINE('',#4839,#4838);
#4841=DIRECTION('',(3.779644730092E-1,6.546536707080E-1,-6.546536707080E-1));
#4842=VECTOR('',#4841,3.307189138831E-2);
#4843=CARTESIAN_POINT('',(2.95E-1,2.334936490539E-2,-7.834936490539E-2));
#4844=LINE('',#4843,#4842);
#4845=DIRECTION('',(0.E0,-1.E0,0.E0));
#4846=VECTOR('',#4845,4.669872981078E-2);
#4847=CARTESIAN_POINT('',(2.95E-1,2.334936490539E-2,-7.834936490539E-2));
#4848=LINE('',#4847,#4846);
#4849=DIRECTION('',(3.779644730092E-1,-6.546536707080E-1,-6.546536707080E-1));
#4850=VECTOR('',#4849,3.307189138831E-2);
#4851=CARTESIAN_POINT('',(2.95E-1,-2.334936490539E-2,-7.834936490539E-2));
#4852=LINE('',#4851,#4850);
#4853=DIRECTION('',(0.E0,0.E0,-1.E0));
#4854=VECTOR('',#4853,1.566987298108E-1);
#4855=CARTESIAN_POINT('',(2.95E-1,2.334936490539E-2,7.834936490539E-2));
#4856=LINE('',#4855,#4854);
#4857=DIRECTION('',(-3.779644730092E-1,-6.546536707080E-1,-6.546536707080E-1));
#4858=VECTOR('',#4857,3.307189138831E-2);
#4859=CARTESIAN_POINT('',(3.075E-1,4.5E-2,1.E-1));
#4860=LINE('',#4859,#4858);
#4861=DIRECTION('',(-3.779644730092E-1,6.546536707080E-1,-6.546536707080E-1));
#4862=VECTOR('',#4861,3.307189138831E-2);
#4863=CARTESIAN_POINT('',(3.075E-1,-4.5E-2,1.E-1));
#4864=LINE('',#4863,#4862);
#4865=DIRECTION('',(-3.779644730092E-1,6.546536707080E-1,6.546536707080E-1));
#4866=VECTOR('',#4865,3.307189138831E-2);
#4867=CARTESIAN_POINT('',(3.95E-1,2.334936490539E-2,7.834936490539E-2));
#4868=LINE('',#4867,#4866);
#4869=DIRECTION('',(0.E0,-1.E0,0.E0));
#4870=VECTOR('',#4869,4.669872981078E-2);
#4871=CARTESIAN_POINT('',(3.95E-1,2.334936490539E-2,7.834936490539E-2));
#4872=LINE('',#4871,#4870);
#4873=DIRECTION('',(-3.779644730092E-1,-6.546536707080E-1,6.546536707080E-1));
#4874=VECTOR('',#4873,3.307189138831E-2);
#4875=CARTESIAN_POINT('',(3.95E-1,-2.334936490539E-2,7.834936490539E-2));
#4876=LINE('',#4875,#4874);
#4877=DIRECTION('',(3.779644730092E-1,-6.546536707080E-1,6.546536707080E-1));
#4878=VECTOR('',#4877,3.307189138831E-2);
#4879=CARTESIAN_POINT('',(3.825E-1,4.5E-2,-1.E-1));
#4880=LINE('',#4879,#4878);
#4881=DIRECTION('',(3.779644730092E-1,6.546536707080E-1,6.546536707080E-1));
#4882=VECTOR('',#4881,3.307189138831E-2);
#4883=CARTESIAN_POINT('',(3.825E-1,-4.5E-2,-1.E-1));
#4884=LINE('',#4883,#4882);
#4885=DIRECTION('',(0.E0,0.E0,-1.E0));
#4886=VECTOR('',#4885,1.566987298108E-1);
#4887=CARTESIAN_POINT('',(3.95E-1,-2.334936490539E-2,7.834936490539E-2));
#4888=LINE('',#4887,#4886);
#4889=DIRECTION('',(3.779644730092E-1,6.546536707080E-1,-6.546536707080E-1));
#4890=VECTOR('',#4889,3.307189138831E-2);
#4891=CARTESIAN_POINT('',(3.95E-1,2.334936490539E-2,-7.834936490539E-2));
#4892=LINE('',#4891,#4890);
#4893=DIRECTION('',(0.E0,-1.E0,0.E0));
#4894=VECTOR('',#4893,4.669872981078E-2);
#4895=CARTESIAN_POINT('',(3.95E-1,2.334936490539E-2,-7.834936490539E-2));
#4896=LINE('',#4895,#4894);
#4897=DIRECTION('',(3.779644730092E-1,-6.546536707080E-1,-6.546536707080E-1));
#4898=VECTOR('',#4897,3.307189138831E-2);
#4899=CARTESIAN_POINT('',(3.95E-1,-2.334936490539E-2,-7.834936490539E-2));
#4900=LINE('',#4899,#4898);
#4901=DIRECTION('',(0.E0,0.E0,-1.E0));
#4902=VECTOR('',#4901,1.566987298108E-1);
#4903=CARTESIAN_POINT('',(3.95E-1,2.334936490539E-2,7.834936490539E-2));
#4904=LINE('',#4903,#4902);
#4905=DIRECTION('',(-3.779644730092E-1,-6.546536707080E-1,-6.546536707080E-1));
#4906=VECTOR('',#4905,3.307189138831E-2);
#4907=CARTESIAN_POINT('',(4.075E-1,4.5E-2,1.E-1));
#4908=LINE('',#4907,#4906);
#4909=DIRECTION('',(-3.779644730092E-1,6.546536707080E-1,-6.546536707080E-1));
#4910=VECTOR('',#4909,3.307189138831E-2);
#4911=CARTESIAN_POINT('',(4.075E-1,-4.5E-2,1.E-1));
#4912=LINE('',#4911,#4910);
#4913=DIRECTION('',(-3.779644730092E-1,6.546536707080E-1,6.546536707080E-1));
#4914=VECTOR('',#4913,3.307189138831E-2);
#4915=CARTESIAN_POINT('',(4.95E-1,2.334936490539E-2,7.834936490539E-2));
#4916=LINE('',#4915,#4914);
#4917=DIRECTION('',(0.E0,-1.E0,0.E0));
#4918=VECTOR('',#4917,4.669872981078E-2);
#4919=CARTESIAN_POINT('',(4.95E-1,2.334936490539E-2,7.834936490539E-2));
#4920=LINE('',#4919,#4918);
#4921=DIRECTION('',(-3.779644730092E-1,-6.546536707080E-1,6.546536707080E-1));
#4922=VECTOR('',#4921,3.307189138831E-2);
#4923=CARTESIAN_POINT('',(4.95E-1,-2.334936490539E-2,7.834936490539E-2));
#4924=LINE('',#4923,#4922);
#4925=DIRECTION('',(3.779644730092E-1,-6.546536707080E-1,6.546536707080E-1));
#4926=VECTOR('',#4925,3.307189138831E-2);
#4927=CARTESIAN_POINT('',(4.825E-1,4.5E-2,-1.E-1));
#4928=LINE('',#4927,#4926);
#4929=DIRECTION('',(3.779644730092E-1,6.546536707080E-1,6.546536707080E-1));
#4930=VECTOR('',#4929,3.307189138831E-2);
#4931=CARTESIAN_POINT('',(4.825E-1,-4.5E-2,-1.E-1));
#4932=LINE('',#4931,#4930);
#4933=DIRECTION('',(0.E0,0.E0,-1.E0));
#4934=VECTOR('',#4933,1.566987298108E-1);
#4935=CARTESIAN_POINT('',(4.95E-1,-2.334936490539E-2,7.834936490539E-2));
#4936=LINE('',#4935,#4934);
#4937=DIRECTION('',(3.779644730092E-1,6.546536707080E-1,-6.546536707080E-1));
#4938=VECTOR('',#4937,3.307189138831E-2);
#4939=CARTESIAN_POINT('',(4.95E-1,2.334936490539E-2,-7.834936490539E-2));
#4940=LINE('',#4939,#4938);
#4941=DIRECTION('',(0.E0,-1.E0,0.E0));
#4942=VECTOR('',#4941,4.669872981078E-2);
#4943=CARTESIAN_POINT('',(4.95E-1,2.334936490539E-2,-7.834936490539E-2));
#4944=LINE('',#4943,#4942);
#4945=DIRECTION('',(3.779644730092E-1,-6.546536707080E-1,-6.546536707080E-1));
#4946=VECTOR('',#4945,3.307189138831E-2);
#4947=CARTESIAN_POINT('',(4.95E-1,-2.334936490539E-2,-7.834936490539E-2));
#4948=LINE('',#4947,#4946);
#4949=DIRECTION('',(0.E0,0.E0,-1.E0));
#4950=VECTOR('',#4949,1.566987298108E-1);
#4951=CARTESIAN_POINT('',(4.95E-1,2.334936490539E-2,7.834936490539E-2));
#4952=LINE('',#4951,#4950);
#4953=DIRECTION('',(-3.779644730092E-1,-6.546536707080E-1,-6.546536707080E-1));
#4954=VECTOR('',#4953,3.307189138831E-2);
#4955=CARTESIAN_POINT('',(5.075E-1,4.5E-2,1.E-1));
#4956=LINE('',#4955,#4954);
#4957=DIRECTION('',(-3.779644730092E-1,6.546536707080E-1,-6.546536707080E-1));
#4958=VECTOR('',#4957,3.307189138831E-2);
#4959=CARTESIAN_POINT('',(5.075E-1,-4.5E-2,1.E-1));
#4960=LINE('',#4959,#4958);
#4961=DIRECTION('',(-3.779644730092E-1,6.546536707080E-1,6.546536707080E-1));
#4962=VECTOR('',#4961,3.307189138831E-2);
#4963=CARTESIAN_POINT('',(5.95E-1,2.334936490539E-2,7.834936490539E-2));
#4964=LINE('',#4963,#4962);
#4965=DIRECTION('',(0.E0,-1.E0,0.E0));
#4966=VECTOR('',#4965,4.669872981078E-2);
#4967=CARTESIAN_POINT('',(5.95E-1,2.334936490539E-2,7.834936490539E-2));
#4968=LINE('',#4967,#4966);
#4969=DIRECTION('',(-3.779644730092E-1,-6.546536707080E-1,6.546536707080E-1));
#4970=VECTOR('',#4969,3.307189138831E-2);
#4971=CARTESIAN_POINT('',(5.95E-1,-2.334936490539E-2,7.834936490539E-2));
#4972=LINE('',#4971,#4970);
#4973=DIRECTION('',(3.779644730092E-1,-6.546536707080E-1,6.546536707080E-1));
#4974=VECTOR('',#4973,3.307189138831E-2);
#4975=CARTESIAN_POINT('',(5.825E-1,4.5E-2,-1.E-1));
#4976=LINE('',#4975,#4974);
#4977=DIRECTION('',(3.779644730092E-1,6.546536707080E-1,6.546536707080E-1));
#4978=VECTOR('',#4977,3.307189138831E-2);
#4979=CARTESIAN_POINT('',(5.825E-1,-4.5E-2,-1.E-1));
#4980=LINE('',#4979,#4978);
#4981=DIRECTION('',(0.E0,0.E0,-1.E0));
#4982=VECTOR('',#4981,1.566987298108E-1);
#4983=CARTESIAN_POINT('',(5.95E-1,-2.334936490539E-2,7.834936490539E-2));
#4984=LINE('',#4983,#4982);
#4985=DIRECTION('',(3.779644730092E-1,6.546536707080E-1,-6.546536707080E-1));
#4986=VECTOR('',#4985,3.307189138831E-2);
#4987=CARTESIAN_POINT('',(5.95E-1,2.334936490539E-2,-7.834936490539E-2));
#4988=LINE('',#4987,#4986);
#4989=DIRECTION('',(0.E0,-1.E0,0.E0));
#4990=VECTOR('',#4989,4.669872981078E-2);
#4991=CARTESIAN_POINT('',(5.95E-1,2.334936490539E-2,-7.834936490539E-2));
#4992=LINE('',#4991,#4990);
#4993=DIRECTION('',(3.779644730092E-1,-6.546536707080E-1,-6.546536707080E-1));
#4994=VECTOR('',#4993,3.307189138831E-2);
#4995=CARTESIAN_POINT('',(5.95E-1,-2.334936490539E-2,-7.834936490539E-2));
#4996=LINE('',#4995,#4994);
#4997=DIRECTION('',(0.E0,0.E0,-1.E0));
#4998=VECTOR('',#4997,1.566987298108E-1);
#4999=CARTESIAN_POINT('',(5.95E-1,2.334936490539E-2,7.834936490539E-2));
#5000=LINE('',#4999,#4998);
#5001=DIRECTION('',(-3.779644730092E-1,-6.546536707080E-1,-6.546536707080E-1));
#5002=VECTOR('',#5001,3.307189138831E-2);
#5003=CARTESIAN_POINT('',(6.075E-1,4.5E-2,1.E-1));
#5004=LINE('',#5003,#5002);
#5005=DIRECTION('',(-3.779644730092E-1,6.546536707080E-1,-6.546536707080E-1));
#5006=VECTOR('',#5005,3.307189138831E-2);
#5007=CARTESIAN_POINT('',(6.075E-1,-4.5E-2,1.E-1));
#5008=LINE('',#5007,#5006);
#5009=DIRECTION('',(-3.779644730092E-1,6.546536707080E-1,6.546536707080E-1));
#5010=VECTOR('',#5009,3.307189138831E-2);
#5011=CARTESIAN_POINT('',(6.95E-1,2.334936490539E-2,7.834936490539E-2));
#5012=LINE('',#5011,#5010);
#5013=DIRECTION('',(0.E0,-1.E0,0.E0));
#5014=VECTOR('',#5013,4.669872981078E-2);
#5015=CARTESIAN_POINT('',(6.95E-1,2.334936490539E-2,7.834936490539E-2));
#5016=LINE('',#5015,#5014);
#5017=DIRECTION('',(-3.779644730092E-1,-6.546536707080E-1,6.546536707080E-1));
#5018=VECTOR('',#5017,3.307189138831E-2);
#5019=CARTESIAN_POINT('',(6.95E-1,-2.334936490539E-2,7.834936490539E-2));
#5020=LINE('',#5019,#5018);
#5021=DIRECTION('',(3.779644730092E-1,-6.546536707080E-1,6.546536707080E-1));
#5022=VECTOR('',#5021,3.307189138831E-2);
#5023=CARTESIAN_POINT('',(6.825E-1,4.5E-2,-1.E-1));
#5024=LINE('',#5023,#5022);
#5025=DIRECTION('',(3.779644730092E-1,6.546536707080E-1,6.546536707080E-1));
#5026=VECTOR('',#5025,3.307189138831E-2);
#5027=CARTESIAN_POINT('',(6.825E-1,-4.5E-2,-1.E-1));
#5028=LINE('',#5027,#5026);
#5029=DIRECTION('',(0.E0,0.E0,-1.E0));
#5030=VECTOR('',#5029,1.566987298108E-1);
#5031=CARTESIAN_POINT('',(6.95E-1,-2.334936490539E-2,7.834936490539E-2));
#5032=LINE('',#5031,#5030);
#5033=DIRECTION('',(3.779644730092E-1,6.546536707080E-1,-6.546536707080E-1));
#5034=VECTOR('',#5033,3.307189138831E-2);
#5035=CARTESIAN_POINT('',(6.95E-1,2.334936490539E-2,-7.834936490539E-2));
#5036=LINE('',#5035,#5034);
#5037=DIRECTION('',(0.E0,-1.E0,0.E0));
#5038=VECTOR('',#5037,4.669872981078E-2);
#5039=CARTESIAN_POINT('',(6.95E-1,2.334936490539E-2,-7.834936490539E-2));
#5040=LINE('',#5039,#5038);
#5041=DIRECTION('',(3.779644730092E-1,-6.546536707080E-1,-6.546536707080E-1));
#5042=VECTOR('',#5041,3.307189138831E-2);
#5043=CARTESIAN_POINT('',(6.95E-1,-2.334936490539E-2,-7.834936490539E-2));
#5044=LINE('',#5043,#5042);
#5045=DIRECTION('',(0.E0,0.E0,-1.E0));
#5046=VECTOR('',#5045,1.566987298108E-1);
#5047=CARTESIAN_POINT('',(6.95E-1,2.334936490539E-2,7.834936490539E-2));
#5048=LINE('',#5047,#5046);
#5049=DIRECTION('',(-3.779644730092E-1,-6.546536707080E-1,-6.546536707080E-1));
#5050=VECTOR('',#5049,3.307189138831E-2);
#5051=CARTESIAN_POINT('',(7.075E-1,4.5E-2,1.E-1));
#5052=LINE('',#5051,#5050);
#5053=DIRECTION('',(-3.779644730092E-1,6.546536707080E-1,-6.546536707080E-1));
#5054=VECTOR('',#5053,3.307189138831E-2);
#5055=CARTESIAN_POINT('',(7.075E-1,-4.5E-2,1.E-1));
#5056=LINE('',#5055,#5054);
#5057=DIRECTION('',(-3.779644730092E-1,6.546536707080E-1,6.546536707080E-1));
#5058=VECTOR('',#5057,3.307189138831E-2);
#5059=CARTESIAN_POINT('',(7.95E-1,2.334936490539E-2,7.834936490539E-2));
#5060=LINE('',#5059,#5058);
#5061=DIRECTION('',(0.E0,-1.E0,0.E0));
#5062=VECTOR('',#5061,4.669872981078E-2);
#5063=CARTESIAN_POINT('',(7.95E-1,2.334936490539E-2,7.834936490539E-2));
#5064=LINE('',#5063,#5062);
#5065=DIRECTION('',(-3.779644730092E-1,-6.546536707080E-1,6.546536707080E-1));
#5066=VECTOR('',#5065,3.307189138831E-2);
#5067=CARTESIAN_POINT('',(7.95E-1,-2.334936490539E-2,7.834936490539E-2));
#5068=LINE('',#5067,#5066);
#5069=DIRECTION('',(3.779644730092E-1,-6.546536707080E-1,6.546536707080E-1));
#5070=VECTOR('',#5069,3.307189138831E-2);
#5071=CARTESIAN_POINT('',(7.825E-1,4.5E-2,-1.E-1));
#5072=LINE('',#5071,#5070);
#5073=DIRECTION('',(3.779644730092E-1,6.546536707080E-1,6.546536707080E-1));
#5074=VECTOR('',#5073,3.307189138831E-2);
#5075=CARTESIAN_POINT('',(7.825E-1,-4.5E-2,-1.E-1));
#5076=LINE('',#5075,#5074);
#5077=DIRECTION('',(0.E0,0.E0,-1.E0));
#5078=VECTOR('',#5077,1.566987298108E-1);
#5079=CARTESIAN_POINT('',(7.95E-1,-2.334936490539E-2,7.834936490539E-2));
#5080=LINE('',#5079,#5078);
#5081=DIRECTION('',(3.779644730092E-1,6.546536707080E-1,-6.546536707080E-1));
#5082=VECTOR('',#5081,3.307189138831E-2);
#5083=CARTESIAN_POINT('',(7.95E-1,2.334936490539E-2,-7.834936490539E-2));
#5084=LINE('',#5083,#5082);
#5085=DIRECTION('',(0.E0,-1.E0,0.E0));
#5086=VECTOR('',#5085,4.669872981078E-2);
#5087=CARTESIAN_POINT('',(7.95E-1,2.334936490539E-2,-7.834936490539E-2));
#5088=LINE('',#5087,#5086);
#5089=DIRECTION('',(3.779644730092E-1,-6.546536707080E-1,-6.546536707080E-1));
#5090=VECTOR('',#5089,3.307189138831E-2);
#5091=CARTESIAN_POINT('',(7.95E-1,-2.334936490539E-2,-7.834936490539E-2));
#5092=LINE('',#5091,#5090);
#5093=DIRECTION('',(0.E0,0.E0,-1.E0));
#5094=VECTOR('',#5093,1.566987298108E-1);
#5095=CARTESIAN_POINT('',(7.95E-1,2.334936490539E-2,7.834936490539E-2));
#5096=LINE('',#5095,#5094);
#5097=DIRECTION('',(-3.779644730092E-1,-6.546536707080E-1,-6.546536707080E-1));
#5098=VECTOR('',#5097,3.307189138831E-2);
#5099=CARTESIAN_POINT('',(8.075E-1,4.5E-2,1.E-1));
#5100=LINE('',#5099,#5098);
#5101=DIRECTION('',(-3.779644730092E-1,6.546536707080E-1,-6.546536707080E-1));
#5102=VECTOR('',#5101,3.307189138831E-2);
#5103=CARTESIAN_POINT('',(8.075E-1,-4.5E-2,1.E-1));
#5104=LINE('',#5103,#5102);
#5105=DIRECTION('',(-4.042260417272E-1,6.467616667636E-1,6.467616667636E-1));
#5106=VECTOR('',#5105,3.092329219213E-2);
#5107=CARTESIAN_POINT('',(9.E-1,2.5E-2,8.E-2));
#5108=LINE('',#5107,#5106);
#5109=DIRECTION('',(4.042260417272E-1,6.467616667636E-1,-6.467616667635E-1));
#5110=VECTOR('',#5109,3.092329219213E-2);
#5111=CARTESIAN_POINT('',(8.875E-1,-4.5E-2,1.E-1));
#5112=LINE('',#5111,#5110);
#5113=DIRECTION('',(0.E0,1.E0,0.E0));
#5114=VECTOR('',#5113,9.E-2);
#5115=CARTESIAN_POINT('',(8.875E-1,-4.5E-2,1.E-1));
#5116=LINE('',#5115,#5114);
#5117=DIRECTION('',(4.042260417272E-1,-6.467616667636E-1,6.467616667635E-1));
#5118=VECTOR('',#5117,3.092329219213E-2);
#5119=CARTESIAN_POINT('',(8.875E-1,4.5E-2,-1.E-1));
#5120=LINE('',#5119,#5118);
#5121=DIRECTION('',(-4.042260417272E-1,-6.467616667636E-1,-6.467616667636E-1));
#5122=VECTOR('',#5121,3.092329219213E-2);
#5123=CARTESIAN_POINT('',(9.E-1,-2.5E-2,-8.E-2));
#5124=LINE('',#5123,#5122);
#5125=DIRECTION('',(0.E0,1.E0,0.E0));
#5126=VECTOR('',#5125,5.E-2);
#5127=CARTESIAN_POINT('',(9.E-1,-2.5E-2,-8.E-2));
#5128=LINE('',#5127,#5126);
#5129=DIRECTION('',(0.E0,0.E0,-1.E0));
#5130=VECTOR('',#5129,1.6E-1);
#5131=CARTESIAN_POINT('',(9.E-1,2.5E-2,8.E-2));
#5132=LINE('',#5131,#5130);
#5133=DIRECTION('',(0.E0,0.E0,1.E0));
#5134=VECTOR('',#5133,1.6E-1);
#5135=CARTESIAN_POINT('',(9.E-1,-2.5E-2,-8.E-2));
#5136=LINE('',#5135,#5134);
#5137=DIRECTION('',(0.E0,1.E0,0.E0));
#5138=VECTOR('',#5137,5.E-2);
#5139=CARTESIAN_POINT('',(9.E-1,-2.5E-2,8.E-2));
#5140=LINE('',#5139,#5138);
#5141=DIRECTION('',(-4.042260417272E-1,-6.467616667636E-1,-6.467616667636E-1));
#5142=VECTOR('',#5141,3.092329219213E-2);
#5143=CARTESIAN_POINT('',(-8.875E-1,4.5E-2,1.E-1));
#5144=LINE('',#5143,#5142);
#5145=DIRECTION('',(4.042260417272E-1,-6.467616667636E-1,6.467616667636E-1));
#5146=VECTOR('',#5145,3.092329219213E-2);
#5147=CARTESIAN_POINT('',(-9.E-1,-2.5E-2,8.E-2));
#5148=LINE('',#5147,#5146);
#5149=DIRECTION('',(0.E0,1.E0,0.E0));
#5150=VECTOR('',#5149,5.E-2);
#5151=CARTESIAN_POINT('',(-9.E-1,-2.5E-2,8.E-2));
#5152=LINE('',#5151,#5150);
#5153=DIRECTION('',(0.E0,0.E0,1.E0));
#5154=VECTOR('',#5153,1.6E-1);
#5155=CARTESIAN_POINT('',(-9.E-1,2.5E-2,-8.E-2));
#5156=LINE('',#5155,#5154);
#5157=DIRECTION('',(0.E0,0.E0,-1.E0));
#5158=VECTOR('',#5157,1.6E-1);
#5159=CARTESIAN_POINT('',(-9.E-1,-2.5E-2,8.E-2));
#5160=LINE('',#5159,#5158);
#5161=DIRECTION('',(0.E0,1.E0,0.E0));
#5162=VECTOR('',#5161,5.E-2);
#5163=CARTESIAN_POINT('',(-9.E-1,-2.5E-2,-8.E-2));
#5164=LINE('',#5163,#5162);
#5165=DIRECTION('',(4.042260417272E-1,6.467616667636E-1,-6.467616667636E-1));
#5166=VECTOR('',#5165,3.092329219213E-2);
#5167=CARTESIAN_POINT('',(-9.E-1,2.5E-2,-8.E-2));
#5168=LINE('',#5167,#5166);
#5169=DIRECTION('',(-4.042260417272E-1,6.467616667636E-1,6.467616667635E-1));
#5170=VECTOR('',#5169,3.092329219213E-2);
#5171=CARTESIAN_POINT('',(-8.875E-1,-4.5E-2,-1.E-1));
#5172=LINE('',#5171,#5170);
#5173=DIRECTION('',(0.E0,1.E0,0.E0));
#5174=VECTOR('',#5173,9.E-2);
#5175=CARTESIAN_POINT('',(-8.875E-1,-4.5E-2,-1.E-1));
#5176=LINE('',#5175,#5174);
#5177=DIRECTION('',(-3.779644730092E-1,6.546536707080E-1,6.546536707080E-1));
#5178=VECTOR('',#5177,3.307189138831E-2);
#5179=CARTESIAN_POINT('',(-8.05E-1,2.334936490539E-2,7.834936490539E-2));
#5180=LINE('',#5179,#5178);
#5181=DIRECTION('',(0.E0,-1.E0,0.E0));
#5182=VECTOR('',#5181,4.669872981078E-2);
#5183=CARTESIAN_POINT('',(-8.05E-1,2.334936490539E-2,7.834936490539E-2));
#5184=LINE('',#5183,#5182);
#5185=DIRECTION('',(-3.779644730092E-1,-6.546536707080E-1,6.546536707080E-1));
#5186=VECTOR('',#5185,3.307189138831E-2);
#5187=CARTESIAN_POINT('',(-8.05E-1,-2.334936490539E-2,7.834936490539E-2));
#5188=LINE('',#5187,#5186);
#5189=DIRECTION('',(3.779644730092E-1,-6.546536707080E-1,6.546536707080E-1));
#5190=VECTOR('',#5189,3.307189138831E-2);
#5191=CARTESIAN_POINT('',(-8.175E-1,4.5E-2,-1.E-1));
#5192=LINE('',#5191,#5190);
#5193=DIRECTION('',(3.779644730092E-1,6.546536707080E-1,6.546536707080E-1));
#5194=VECTOR('',#5193,3.307189138831E-2);
#5195=CARTESIAN_POINT('',(-8.175E-1,-4.5E-2,-1.E-1));
#5196=LINE('',#5195,#5194);
#5197=DIRECTION('',(0.E0,0.E0,-1.E0));
#5198=VECTOR('',#5197,1.566987298108E-1);
#5199=CARTESIAN_POINT('',(-8.05E-1,-2.334936490539E-2,7.834936490539E-2));
#5200=LINE('',#5199,#5198);
#5201=CARTESIAN_POINT('',(8.4E-1,2.85E-1,4.E-2));
#5202=CARTESIAN_POINT('',(8.4E-1,2.85E-1,6.E-2));
#5203=VERTEX_POINT('',#5201);
#5204=VERTEX_POINT('',#5202);
#5205=CARTESIAN_POINT('',(8.4E-1,-1.52E-1,6.E-2));
#5206=CARTESIAN_POINT('',(8.4E-1,-1.52E-1,4.E-2));
#5207=VERTEX_POINT('',#5205);
#5208=VERTEX_POINT('',#5206);
#5209=CARTESIAN_POINT('',(8.4E-1,2.85E-1,-6.E-2));
#5210=CARTESIAN_POINT('',(8.4E-1,2.85E-1,-4.E-2));
#5211=VERTEX_POINT('',#5209);
#5212=VERTEX_POINT('',#5210);
#5213=CARTESIAN_POINT('',(8.4E-1,-1.52E-1,-4.E-2));
#5214=CARTESIAN_POINT('',(8.4E-1,-1.52E-1,-6.E-2));
#5215=VERTEX_POINT('',#5213);
#5216=VERTEX_POINT('',#5214);
#5217=CARTESIAN_POINT('',(8.6E-1,2.85E-1,4.E-2));
#5218=CARTESIAN_POINT('',(8.6E-1,2.85E-1,6.E-2));
#5219=VERTEX_POINT('',#5217);
#5220=VERTEX_POINT('',#5218);
#5221=CARTESIAN_POINT('',(8.6E-1,-1.52E-1,6.E-2));
#5222=CARTESIAN_POINT('',(8.6E-1,-1.52E-1,4.E-2));
#5223=VERTEX_POINT('',#5221);
#5224=VERTEX_POINT('',#5222);
#5225=CARTESIAN_POINT('',(8.6E-1,2.85E-1,-6.E-2));
#5226=CARTESIAN_POINT('',(8.6E-1,2.85E-1,-4.E-2));
#5227=VERTEX_POINT('',#5225);
#5228=VERTEX_POINT('',#5226);
#5229=CARTESIAN_POINT('',(8.6E-1,-1.52E-1,-4.E-2));
#5230=CARTESIAN_POINT('',(8.6E-1,-1.52E-1,-6.E-2));
#5231=VERTEX_POINT('',#5229);
#5232=VERTEX_POINT('',#5230);
#5233=CARTESIAN_POINT('',(8.4E-1,-4.5E-2,6.E-2));
#5234=CARTESIAN_POINT('',(8.4E-1,-4.5E-2,4.E-2));
#5235=VERTEX_POINT('',#5233);
#5236=VERTEX_POINT('',#5234);
#5237=CARTESIAN_POINT('',(8.4E-1,-4.5E-2,-4.E-2));
#5238=CARTESIAN_POINT('',(8.4E-1,-4.5E-2,-6.E-2));
#5239=VERTEX_POINT('',#5237);
#5240=VERTEX_POINT('',#5238);
#5241=CARTESIAN_POINT('',(8.6E-1,-4.5E-2,6.E-2));
#5242=CARTESIAN_POINT('',(8.6E-1,-4.5E-2,4.E-2));
#5243=VERTEX_POINT('',#5241);
#5244=VERTEX_POINT('',#5242);
#5245=CARTESIAN_POINT('',(8.6E-1,-4.5E-2,-4.E-2));
#5246=CARTESIAN_POINT('',(8.6E-1,-4.5E-2,-6.E-2));
#5247=VERTEX_POINT('',#5245);
#5248=VERTEX_POINT('',#5246);
#5249=CARTESIAN_POINT('',(8.4E-1,4.5E-2,6.E-2));
#5250=CARTESIAN_POINT('',(8.4E-1,4.5E-2,4.E-2));
#5251=VERTEX_POINT('',#5249);
#5252=VERTEX_POINT('',#5250);
#5253=CARTESIAN_POINT('',(8.4E-1,4.5E-2,-4.E-2));
#5254=CARTESIAN_POINT('',(8.4E-1,4.5E-2,-6.E-2));
#5255=VERTEX_POINT('',#5253);
#5256=VERTEX_POINT('',#5254);
#5257=CARTESIAN_POINT('',(8.6E-1,4.5E-2,6.E-2));
#5258=CARTESIAN_POINT('',(8.6E-1,4.5E-2,4.E-2));
#5259=VERTEX_POINT('',#5257);
#5260=VERTEX_POINT('',#5258);
#5261=CARTESIAN_POINT('',(8.6E-1,4.5E-2,-4.E-2));
#5262=CARTESIAN_POINT('',(8.6E-1,4.5E-2,-6.E-2));
#5263=VERTEX_POINT('',#5261);
#5264=VERTEX_POINT('',#5262);
#5265=CARTESIAN_POINT('',(-7.925E-1,-4.5E-2,-1.E-1));
#5266=CARTESIAN_POINT('',(-7.925E-1,-4.5E-2,1.E-1));
#5267=VERTEX_POINT('',#5265);
#5268=VERTEX_POINT('',#5266);
#5269=CARTESIAN_POINT('',(-8.175E-1,-4.5E-2,-1.E-1));
#5270=CARTESIAN_POINT('',(-8.175E-1,-4.5E-2,1.E-1));
#5271=VERTEX_POINT('',#5269);
#5272=VERTEX_POINT('',#5270);
#5273=CARTESIAN_POINT('',(-8.175E-1,4.5E-2,-1.E-1));
#5274=CARTESIAN_POINT('',(-8.175E-1,4.5E-2,1.E-1));
#5275=VERTEX_POINT('',#5273);
#5276=VERTEX_POINT('',#5274);
#5277=CARTESIAN_POINT('',(-7.925E-1,4.5E-2,-1.E-1));
#5278=CARTESIAN_POINT('',(-7.925E-1,4.5E-2,1.E-1));
#5279=VERTEX_POINT('',#5277);
#5280=VERTEX_POINT('',#5278);
#5281=CARTESIAN_POINT('',(-8.05E-1,2.334936490539E-2,7.834936490539E-2));
#5282=VERTEX_POINT('',#5281);
#5283=CARTESIAN_POINT('',(-8.05E-1,-2.334936490539E-2,7.834936490539E-2));
#5284=VERTEX_POINT('',#5283);
#5285=CARTESIAN_POINT('',(-8.05E-1,2.334936490539E-2,-7.834936490539E-2));
#5286=VERTEX_POINT('',#5285);
#5287=CARTESIAN_POINT('',(-8.05E-1,-2.334936490539E-2,-7.834936490539E-2));
#5288=VERTEX_POINT('',#5287);
#5289=CARTESIAN_POINT('',(-6.925E-1,-4.5E-2,-1.E-1));
#5290=CARTESIAN_POINT('',(-6.925E-1,-4.5E-2,1.E-1));
#5291=VERTEX_POINT('',#5289);
#5292=VERTEX_POINT('',#5290);
#5293=CARTESIAN_POINT('',(-7.175E-1,-4.5E-2,-1.E-1));
#5294=CARTESIAN_POINT('',(-7.175E-1,-4.5E-2,1.E-1));
#5295=VERTEX_POINT('',#5293);
#5296=VERTEX_POINT('',#5294);
#5297=CARTESIAN_POINT('',(-7.175E-1,4.5E-2,-1.E-1));
#5298=CARTESIAN_POINT('',(-7.175E-1,4.5E-2,1.E-1));
#5299=VERTEX_POINT('',#5297);
#5300=VERTEX_POINT('',#5298);
#5301=CARTESIAN_POINT('',(-6.925E-1,4.5E-2,-1.E-1));
#5302=CARTESIAN_POINT('',(-6.925E-1,4.5E-2,1.E-1));
#5303=VERTEX_POINT('',#5301);
#5304=VERTEX_POINT('',#5302);
#5305=CARTESIAN_POINT('',(-7.05E-1,2.334936490539E-2,7.834936490539E-2));
#5306=VERTEX_POINT('',#5305);
#5307=CARTESIAN_POINT('',(-7.05E-1,-2.334936490539E-2,7.834936490539E-2));
#5308=VERTEX_POINT('',#5307);
#5309=CARTESIAN_POINT('',(-7.05E-1,2.334936490539E-2,-7.834936490539E-2));
#5310=VERTEX_POINT('',#5309);
#5311=CARTESIAN_POINT('',(-7.05E-1,-2.334936490539E-2,-7.834936490539E-2));
#5312=VERTEX_POINT('',#5311);
#5313=CARTESIAN_POINT('',(-5.925E-1,-4.5E-2,-1.E-1));
#5314=CARTESIAN_POINT('',(-5.925E-1,-4.5E-2,1.E-1));
#5315=VERTEX_POINT('',#5313);
#5316=VERTEX_POINT('',#5314);
#5317=CARTESIAN_POINT('',(-6.175E-1,-4.5E-2,-1.E-1));
#5318=CARTESIAN_POINT('',(-6.175E-1,-4.5E-2,1.E-1));
#5319=VERTEX_POINT('',#5317);
#5320=VERTEX_POINT('',#5318);
#5321=CARTESIAN_POINT('',(-6.175E-1,4.5E-2,-1.E-1));
#5322=CARTESIAN_POINT('',(-6.175E-1,4.5E-2,1.E-1));
#5323=VERTEX_POINT('',#5321);
#5324=VERTEX_POINT('',#5322);
#5325=CARTESIAN_POINT('',(-5.925E-1,4.5E-2,-1.E-1));
#5326=CARTESIAN_POINT('',(-5.925E-1,4.5E-2,1.E-1));
#5327=VERTEX_POINT('',#5325);
#5328=VERTEX_POINT('',#5326);
#5329=CARTESIAN_POINT('',(-6.05E-1,2.334936490539E-2,7.834936490539E-2));
#5330=VERTEX_POINT('',#5329);
#5331=CARTESIAN_POINT('',(-6.05E-1,-2.334936490539E-2,7.834936490539E-2));
#5332=VERTEX_POINT('',#5331);
#5333=CARTESIAN_POINT('',(-6.05E-1,2.334936490539E-2,-7.834936490539E-2));
#5334=VERTEX_POINT('',#5333);
#5335=CARTESIAN_POINT('',(-6.05E-1,-2.334936490539E-2,-7.834936490539E-2));
#5336=VERTEX_POINT('',#5335);
#5337=CARTESIAN_POINT('',(-4.925E-1,-4.5E-2,-1.E-1));
#5338=CARTESIAN_POINT('',(-4.925E-1,-4.5E-2,1.E-1));
#5339=VERTEX_POINT('',#5337);
#5340=VERTEX_POINT('',#5338);
#5341=CARTESIAN_POINT('',(-5.175E-1,-4.5E-2,-1.E-1));
#5342=CARTESIAN_POINT('',(-5.175E-1,-4.5E-2,1.E-1));
#5343=VERTEX_POINT('',#5341);
#5344=VERTEX_POINT('',#5342);
#5345=CARTESIAN_POINT('',(-5.175E-1,4.5E-2,-1.E-1));
#5346=CARTESIAN_POINT('',(-5.175E-1,4.5E-2,1.E-1));
#5347=VERTEX_POINT('',#5345);
#5348=VERTEX_POINT('',#5346);
#5349=CARTESIAN_POINT('',(-4.925E-1,4.5E-2,-1.E-1));
#5350=CARTESIAN_POINT('',(-4.925E-1,4.5E-2,1.E-1));
#5351=VERTEX_POINT('',#5349);
#5352=VERTEX_POINT('',#5350);
#5353=CARTESIAN_POINT('',(-5.05E-1,2.334936490539E-2,7.834936490539E-2));
#5354=VERTEX_POINT('',#5353);
#5355=CARTESIAN_POINT('',(-5.05E-1,-2.334936490539E-2,7.834936490539E-2));
#5356=VERTEX_POINT('',#5355);
#5357=CARTESIAN_POINT('',(-5.05E-1,2.334936490539E-2,-7.834936490539E-2));
#5358=VERTEX_POINT('',#5357);
#5359=CARTESIAN_POINT('',(-5.05E-1,-2.334936490539E-2,-7.834936490539E-2));
#5360=VERTEX_POINT('',#5359);
#5361=CARTESIAN_POINT('',(7.4E-1,2.85E-1,4.E-2));
#5362=CARTESIAN_POINT('',(7.4E-1,2.85E-1,6.E-2));
#5363=VERTEX_POINT('',#5361);
#5364=VERTEX_POINT('',#5362);
#5365=CARTESIAN_POINT('',(7.4E-1,-1.52E-1,6.E-2));
#5366=CARTESIAN_POINT('',(7.4E-1,-1.52E-1,4.E-2));
#5367=VERTEX_POINT('',#5365);
#5368=VERTEX_POINT('',#5366);
#5369=CARTESIAN_POINT('',(7.4E-1,2.85E-1,-6.E-2));
#5370=CARTESIAN_POINT('',(7.4E-1,2.85E-1,-4.E-2));
#5371=VERTEX_POINT('',#5369);
#5372=VERTEX_POINT('',#5370);
#5373=CARTESIAN_POINT('',(7.4E-1,-1.52E-1,-4.E-2));
#5374=CARTESIAN_POINT('',(7.4E-1,-1.52E-1,-6.E-2));
#5375=VERTEX_POINT('',#5373);
#5376=VERTEX_POINT('',#5374);
#5377=CARTESIAN_POINT('',(7.6E-1,2.85E-1,4.E-2));
#5378=CARTESIAN_POINT('',(7.6E-1,2.85E-1,6.E-2));
#5379=VERTEX_POINT('',#5377);
#5380=VERTEX_POINT('',#5378);
#5381=CARTESIAN_POINT('',(7.6E-1,-1.52E-1,6.E-2));
#5382=CARTESIAN_POINT('',(7.6E-1,-1.52E-1,4.E-2));
#5383=VERTEX_POINT('',#5381);
#5384=VERTEX_POINT('',#5382);
#5385=CARTESIAN_POINT('',(7.6E-1,2.85E-1,-6.E-2));
#5386=CARTESIAN_POINT('',(7.6E-1,2.85E-1,-4.E-2));
#5387=VERTEX_POINT('',#5385);
#5388=VERTEX_POINT('',#5386);
#5389=CARTESIAN_POINT('',(7.6E-1,-1.52E-1,-4.E-2));
#5390=CARTESIAN_POINT('',(7.6E-1,-1.52E-1,-6.E-2));
#5391=VERTEX_POINT('',#5389);
#5392=VERTEX_POINT('',#5390);
#5393=CARTESIAN_POINT('',(7.4E-1,-4.5E-2,6.E-2));
#5394=CARTESIAN_POINT('',(7.4E-1,-4.5E-2,4.E-2));
#5395=VERTEX_POINT('',#5393);
#5396=VERTEX_POINT('',#5394);
#5397=CARTESIAN_POINT('',(7.4E-1,-4.5E-2,-4.E-2));
#5398=CARTESIAN_POINT('',(7.4E-1,-4.5E-2,-6.E-2));
#5399=VERTEX_POINT('',#5397);
#5400=VERTEX_POINT('',#5398);
#5401=CARTESIAN_POINT('',(7.6E-1,-4.5E-2,6.E-2));
#5402=CARTESIAN_POINT('',(7.6E-1,-4.5E-2,4.E-2));
#5403=VERTEX_POINT('',#5401);
#5404=VERTEX_POINT('',#5402);
#5405=CARTESIAN_POINT('',(7.6E-1,-4.5E-2,-4.E-2));
#5406=CARTESIAN_POINT('',(7.6E-1,-4.5E-2,-6.E-2));
#5407=VERTEX_POINT('',#5405);
#5408=VERTEX_POINT('',#5406);
#5409=CARTESIAN_POINT('',(7.4E-1,4.5E-2,6.E-2));
#5410=CARTESIAN_POINT('',(7.4E-1,4.5E-2,4.E-2));
#5411=VERTEX_POINT('',#5409);
#5412=VERTEX_POINT('',#5410);
#5413=CARTESIAN_POINT('',(7.4E-1,4.5E-2,-4.E-2));
#5414=CARTESIAN_POINT('',(7.4E-1,4.5E-2,-6.E-2));
#5415=VERTEX_POINT('',#5413);
#5416=VERTEX_POINT('',#5414);
#5417=CARTESIAN_POINT('',(7.6E-1,4.5E-2,6.E-2));
#5418=CARTESIAN_POINT('',(7.6E-1,4.5E-2,4.E-2));
#5419=VERTEX_POINT('',#5417);
#5420=VERTEX_POINT('',#5418);
#5421=CARTESIAN_POINT('',(7.6E-1,4.5E-2,-4.E-2));
#5422=CARTESIAN_POINT('',(7.6E-1,4.5E-2,-6.E-2));
#5423=VERTEX_POINT('',#5421);
#5424=VERTEX_POINT('',#5422);
#5425=CARTESIAN_POINT('',(6.4E-1,2.85E-1,4.E-2));
#5426=CARTESIAN_POINT('',(6.4E-1,2.85E-1,6.E-2));
#5427=VERTEX_POINT('',#5425);
#5428=VERTEX_POINT('',#5426);
#5429=CARTESIAN_POINT('',(6.4E-1,-1.52E-1,6.E-2));
#5430=CARTESIAN_POINT('',(6.4E-1,-1.52E-1,4.E-2));
#5431=VERTEX_POINT('',#5429);
#5432=VERTEX_POINT('',#5430);
#5433=CARTESIAN_POINT('',(6.4E-1,2.85E-1,-6.E-2));
#5434=CARTESIAN_POINT('',(6.4E-1,2.85E-1,-4.E-2));
#5435=VERTEX_POINT('',#5433);
#5436=VERTEX_POINT('',#5434);
#5437=CARTESIAN_POINT('',(6.4E-1,-1.52E-1,-4.E-2));
#5438=CARTESIAN_POINT('',(6.4E-1,-1.52E-1,-6.E-2));
#5439=VERTEX_POINT('',#5437);
#5440=VERTEX_POINT('',#5438);
#5441=CARTESIAN_POINT('',(6.6E-1,2.85E-1,4.E-2));
#5442=CARTESIAN_POINT('',(6.6E-1,2.85E-1,6.E-2));
#5443=VERTEX_POINT('',#5441);
#5444=VERTEX_POINT('',#5442);
#5445=CARTESIAN_POINT('',(6.6E-1,-1.52E-1,6.E-2));
#5446=CARTESIAN_POINT('',(6.6E-1,-1.52E-1,4.E-2));
#5447=VERTEX_POINT('',#5445);
#5448=VERTEX_POINT('',#5446);
#5449=CARTESIAN_POINT('',(6.6E-1,2.85E-1,-6.E-2));
#5450=CARTESIAN_POINT('',(6.6E-1,2.85E-1,-4.E-2));
#5451=VERTEX_POINT('',#5449);
#5452=VERTEX_POINT('',#5450);
#5453=CARTESIAN_POINT('',(6.6E-1,-1.52E-1,-4.E-2));
#5454=CARTESIAN_POINT('',(6.6E-1,-1.52E-1,-6.E-2));
#5455=VERTEX_POINT('',#5453);
#5456=VERTEX_POINT('',#5454);
#5457=CARTESIAN_POINT('',(6.4E-1,-4.5E-2,6.E-2));
#5458=CARTESIAN_POINT('',(6.4E-1,-4.5E-2,4.E-2));
#5459=VERTEX_POINT('',#5457);
#5460=VERTEX_POINT('',#5458);
#5461=CARTESIAN_POINT('',(6.4E-1,-4.5E-2,-4.E-2));
#5462=CARTESIAN_POINT('',(6.4E-1,-4.5E-2,-6.E-2));
#5463=VERTEX_POINT('',#5461);
#5464=VERTEX_POINT('',#5462);
#5465=CARTESIAN_POINT('',(6.6E-1,-4.5E-2,6.E-2));
#5466=CARTESIAN_POINT('',(6.6E-1,-4.5E-2,4.E-2));
#5467=VERTEX_POINT('',#5465);
#5468=VERTEX_POINT('',#5466);
#5469=CARTESIAN_POINT('',(6.6E-1,-4.5E-2,-4.E-2));
#5470=CARTESIAN_POINT('',(6.6E-1,-4.5E-2,-6.E-2));
#5471=VERTEX_POINT('',#5469);
#5472=VERTEX_POINT('',#5470);
#5473=CARTESIAN_POINT('',(6.4E-1,4.5E-2,6.E-2));
#5474=CARTESIAN_POINT('',(6.4E-1,4.5E-2,4.E-2));
#5475=VERTEX_POINT('',#5473);
#5476=VERTEX_POINT('',#5474);
#5477=CARTESIAN_POINT('',(6.4E-1,4.5E-2,-4.E-2));
#5478=CARTESIAN_POINT('',(6.4E-1,4.5E-2,-6.E-2));
#5479=VERTEX_POINT('',#5477);
#5480=VERTEX_POINT('',#5478);
#5481=CARTESIAN_POINT('',(6.6E-1,4.5E-2,6.E-2));
#5482=CARTESIAN_POINT('',(6.6E-1,4.5E-2,4.E-2));
#5483=VERTEX_POINT('',#5481);
#5484=VERTEX_POINT('',#5482);
#5485=CARTESIAN_POINT('',(6.6E-1,4.5E-2,-4.E-2));
#5486=CARTESIAN_POINT('',(6.6E-1,4.5E-2,-6.E-2));
#5487=VERTEX_POINT('',#5485);
#5488=VERTEX_POINT('',#5486);
#5489=CARTESIAN_POINT('',(5.4E-1,2.85E-1,4.E-2));
#5490=CARTESIAN_POINT('',(5.4E-1,2.85E-1,6.E-2));
#5491=VERTEX_POINT('',#5489);
#5492=VERTEX_POINT('',#5490);
#5493=CARTESIAN_POINT('',(5.4E-1,-1.52E-1,6.E-2));
#5494=CARTESIAN_POINT('',(5.4E-1,-1.52E-1,4.E-2));
#5495=VERTEX_POINT('',#5493);
#5496=VERTEX_POINT('',#5494);
#5497=CARTESIAN_POINT('',(5.4E-1,2.85E-1,-6.E-2));
#5498=CARTESIAN_POINT('',(5.4E-1,2.85E-1,-4.E-2));
#5499=VERTEX_POINT('',#5497);
#5500=VERTEX_POINT('',#5498);
#5501=CARTESIAN_POINT('',(5.4E-1,-1.52E-1,-4.E-2));
#5502=CARTESIAN_POINT('',(5.4E-1,-1.52E-1,-6.E-2));
#5503=VERTEX_POINT('',#5501);
#5504=VERTEX_POINT('',#5502);
#5505=CARTESIAN_POINT('',(5.6E-1,2.85E-1,4.E-2));
#5506=CARTESIAN_POINT('',(5.6E-1,2.85E-1,6.E-2));
#5507=VERTEX_POINT('',#5505);
#5508=VERTEX_POINT('',#5506);
#5509=CARTESIAN_POINT('',(5.6E-1,-1.52E-1,6.E-2));
#5510=CARTESIAN_POINT('',(5.6E-1,-1.52E-1,4.E-2));
#5511=VERTEX_POINT('',#5509);
#5512=VERTEX_POINT('',#5510);
#5513=CARTESIAN_POINT('',(5.6E-1,2.85E-1,-6.E-2));
#5514=CARTESIAN_POINT('',(5.6E-1,2.85E-1,-4.E-2));
#5515=VERTEX_POINT('',#5513);
#5516=VERTEX_POINT('',#5514);
#5517=CARTESIAN_POINT('',(5.6E-1,-1.52E-1,-4.E-2));
#5518=CARTESIAN_POINT('',(5.6E-1,-1.52E-1,-6.E-2));
#5519=VERTEX_POINT('',#5517);
#5520=VERTEX_POINT('',#5518);
#5521=CARTESIAN_POINT('',(5.4E-1,-4.5E-2,6.E-2));
#5522=CARTESIAN_POINT('',(5.4E-1,-4.5E-2,4.E-2));
#5523=VERTEX_POINT('',#5521);
#5524=VERTEX_POINT('',#5522);
#5525=CARTESIAN_POINT('',(5.4E-1,-4.5E-2,-4.E-2));
#5526=CARTESIAN_POINT('',(5.4E-1,-4.5E-2,-6.E-2));
#5527=VERTEX_POINT('',#5525);
#5528=VERTEX_POINT('',#5526);
#5529=CARTESIAN_POINT('',(5.6E-1,-4.5E-2,6.E-2));
#5530=CARTESIAN_POINT('',(5.6E-1,-4.5E-2,4.E-2));
#5531=VERTEX_POINT('',#5529);
#5532=VERTEX_POINT('',#5530);
#5533=CARTESIAN_POINT('',(5.6E-1,-4.5E-2,-4.E-2));
#5534=CARTESIAN_POINT('',(5.6E-1,-4.5E-2,-6.E-2));
#5535=VERTEX_POINT('',#5533);
#5536=VERTEX_POINT('',#5534);
#5537=CARTESIAN_POINT('',(5.4E-1,4.5E-2,6.E-2));
#5538=CARTESIAN_POINT('',(5.4E-1,4.5E-2,4.E-2));
#5539=VERTEX_POINT('',#5537);
#5540=VERTEX_POINT('',#5538);
#5541=CARTESIAN_POINT('',(5.4E-1,4.5E-2,-4.E-2));
#5542=CARTESIAN_POINT('',(5.4E-1,4.5E-2,-6.E-2));
#5543=VERTEX_POINT('',#5541);
#5544=VERTEX_POINT('',#5542);
#5545=CARTESIAN_POINT('',(5.6E-1,4.5E-2,6.E-2));
#5546=CARTESIAN_POINT('',(5.6E-1,4.5E-2,4.E-2));
#5547=VERTEX_POINT('',#5545);
#5548=VERTEX_POINT('',#5546);
#5549=CARTESIAN_POINT('',(5.6E-1,4.5E-2,-4.E-2));
#5550=CARTESIAN_POINT('',(5.6E-1,4.5E-2,-6.E-2));
#5551=VERTEX_POINT('',#5549);
#5552=VERTEX_POINT('',#5550);
#5553=CARTESIAN_POINT('',(4.4E-1,2.85E-1,4.E-2));
#5554=CARTESIAN_POINT('',(4.4E-1,2.85E-1,6.E-2));
#5555=VERTEX_POINT('',#5553);
#5556=VERTEX_POINT('',#5554);
#5557=CARTESIAN_POINT('',(4.4E-1,-1.52E-1,6.E-2));
#5558=CARTESIAN_POINT('',(4.4E-1,-1.52E-1,4.E-2));
#5559=VERTEX_POINT('',#5557);
#5560=VERTEX_POINT('',#5558);
#5561=CARTESIAN_POINT('',(4.4E-1,2.85E-1,-6.E-2));
#5562=CARTESIAN_POINT('',(4.4E-1,2.85E-1,-4.E-2));
#5563=VERTEX_POINT('',#5561);
#5564=VERTEX_POINT('',#5562);
#5565=CARTESIAN_POINT('',(4.4E-1,-1.52E-1,-4.E-2));
#5566=CARTESIAN_POINT('',(4.4E-1,-1.52E-1,-6.E-2));
#5567=VERTEX_POINT('',#5565);
#5568=VERTEX_POINT('',#5566);
#5569=CARTESIAN_POINT('',(4.6E-1,2.85E-1,4.E-2));
#5570=CARTESIAN_POINT('',(4.6E-1,2.85E-1,6.E-2));
#5571=VERTEX_POINT('',#5569);
#5572=VERTEX_POINT('',#5570);
#5573=CARTESIAN_POINT('',(4.6E-1,-1.52E-1,6.E-2));
#5574=CARTESIAN_POINT('',(4.6E-1,-1.52E-1,4.E-2));
#5575=VERTEX_POINT('',#5573);
#5576=VERTEX_POINT('',#5574);
#5577=CARTESIAN_POINT('',(4.6E-1,2.85E-1,-6.E-2));
#5578=CARTESIAN_POINT('',(4.6E-1,2.85E-1,-4.E-2));
#5579=VERTEX_POINT('',#5577);
#5580=VERTEX_POINT('',#5578);
#5581=CARTESIAN_POINT('',(4.6E-1,-1.52E-1,-4.E-2));
#5582=CARTESIAN_POINT('',(4.6E-1,-1.52E-1,-6.E-2));
#5583=VERTEX_POINT('',#5581);
#5584=VERTEX_POINT('',#5582);
#5585=CARTESIAN_POINT('',(4.4E-1,-4.5E-2,6.E-2));
#5586=CARTESIAN_POINT('',(4.4E-1,-4.5E-2,4.E-2));
#5587=VERTEX_POINT('',#5585);
#5588=VERTEX_POINT('',#5586);
#5589=CARTESIAN_POINT('',(4.4E-1,-4.5E-2,-4.E-2));
#5590=CARTESIAN_POINT('',(4.4E-1,-4.5E-2,-6.E-2));
#5591=VERTEX_POINT('',#5589);
#5592=VERTEX_POINT('',#5590);
#5593=CARTESIAN_POINT('',(4.6E-1,-4.5E-2,6.E-2));
#5594=CARTESIAN_POINT('',(4.6E-1,-4.5E-2,4.E-2));
#5595=VERTEX_POINT('',#5593);
#5596=VERTEX_POINT('',#5594);
#5597=CARTESIAN_POINT('',(4.6E-1,-4.5E-2,-4.E-2));
#5598=CARTESIAN_POINT('',(4.6E-1,-4.5E-2,-6.E-2));
#5599=VERTEX_POINT('',#5597);
#5600=VERTEX_POINT('',#5598);
#5601=CARTESIAN_POINT('',(4.4E-1,4.5E-2,6.E-2));
#5602=CARTESIAN_POINT('',(4.4E-1,4.5E-2,4.E-2));
#5603=VERTEX_POINT('',#5601);
#5604=VERTEX_POINT('',#5602);
#5605=CARTESIAN_POINT('',(4.4E-1,4.5E-2,-4.E-2));
#5606=CARTESIAN_POINT('',(4.4E-1,4.5E-2,-6.E-2));
#5607=VERTEX_POINT('',#5605);
#5608=VERTEX_POINT('',#5606);
#5609=CARTESIAN_POINT('',(4.6E-1,4.5E-2,6.E-2));
#5610=CARTESIAN_POINT('',(4.6E-1,4.5E-2,4.E-2));
#5611=VERTEX_POINT('',#5609);
#5612=VERTEX_POINT('',#5610);
#5613=CARTESIAN_POINT('',(4.6E-1,4.5E-2,-4.E-2));
#5614=CARTESIAN_POINT('',(4.6E-1,4.5E-2,-6.E-2));
#5615=VERTEX_POINT('',#5613);
#5616=VERTEX_POINT('',#5614);
#5617=CARTESIAN_POINT('',(3.4E-1,2.85E-1,4.E-2));
#5618=CARTESIAN_POINT('',(3.4E-1,2.85E-1,6.E-2));
#5619=VERTEX_POINT('',#5617);
#5620=VERTEX_POINT('',#5618);
#5621=CARTESIAN_POINT('',(3.4E-1,-1.52E-1,6.E-2));
#5622=CARTESIAN_POINT('',(3.4E-1,-1.52E-1,4.E-2));
#5623=VERTEX_POINT('',#5621);
#5624=VERTEX_POINT('',#5622);
#5625=CARTESIAN_POINT('',(3.4E-1,2.85E-1,-6.E-2));
#5626=CARTESIAN_POINT('',(3.4E-1,2.85E-1,-4.E-2));
#5627=VERTEX_POINT('',#5625);
#5628=VERTEX_POINT('',#5626);
#5629=CARTESIAN_POINT('',(3.4E-1,-1.52E-1,-4.E-2));
#5630=CARTESIAN_POINT('',(3.4E-1,-1.52E-1,-6.E-2));
#5631=VERTEX_POINT('',#5629);
#5632=VERTEX_POINT('',#5630);
#5633=CARTESIAN_POINT('',(3.6E-1,2.85E-1,4.E-2));
#5634=CARTESIAN_POINT('',(3.6E-1,2.85E-1,6.E-2));
#5635=VERTEX_POINT('',#5633);
#5636=VERTEX_POINT('',#5634);
#5637=CARTESIAN_POINT('',(3.6E-1,-1.52E-1,6.E-2));
#5638=CARTESIAN_POINT('',(3.6E-1,-1.52E-1,4.E-2));
#5639=VERTEX_POINT('',#5637);
#5640=VERTEX_POINT('',#5638);
#5641=CARTESIAN_POINT('',(3.6E-1,2.85E-1,-6.E-2));
#5642=CARTESIAN_POINT('',(3.6E-1,2.85E-1,-4.E-2));
#5643=VERTEX_POINT('',#5641);
#5644=VERTEX_POINT('',#5642);
#5645=CARTESIAN_POINT('',(3.6E-1,-1.52E-1,-4.E-2));
#5646=CARTESIAN_POINT('',(3.6E-1,-1.52E-1,-6.E-2));
#5647=VERTEX_POINT('',#5645);
#5648=VERTEX_POINT('',#5646);
#5649=CARTESIAN_POINT('',(3.4E-1,-4.5E-2,6.E-2));
#5650=CARTESIAN_POINT('',(3.4E-1,-4.5E-2,4.E-2));
#5651=VERTEX_POINT('',#5649);
#5652=VERTEX_POINT('',#5650);
#5653=CARTESIAN_POINT('',(3.4E-1,-4.5E-2,-4.E-2));
#5654=CARTESIAN_POINT('',(3.4E-1,-4.5E-2,-6.E-2));
#5655=VERTEX_POINT('',#5653);
#5656=VERTEX_POINT('',#5654);
#5657=CARTESIAN_POINT('',(3.6E-1,-4.5E-2,6.E-2));
#5658=CARTESIAN_POINT('',(3.6E-1,-4.5E-2,4.E-2));
#5659=VERTEX_POINT('',#5657);
#5660=VERTEX_POINT('',#5658);
#5661=CARTESIAN_POINT('',(3.6E-1,-4.5E-2,-4.E-2));
#5662=CARTESIAN_POINT('',(3.6E-1,-4.5E-2,-6.E-2));
#5663=VERTEX_POINT('',#5661);
#5664=VERTEX_POINT('',#5662);
#5665=CARTESIAN_POINT('',(3.4E-1,4.5E-2,6.E-2));
#5666=CARTESIAN_POINT('',(3.4E-1,4.5E-2,4.E-2));
#5667=VERTEX_POINT('',#5665);
#5668=VERTEX_POINT('',#5666);
#5669=CARTESIAN_POINT('',(3.4E-1,4.5E-2,-4.E-2));
#5670=CARTESIAN_POINT('',(3.4E-1,4.5E-2,-6.E-2));
#5671=VERTEX_POINT('',#5669);
#5672=VERTEX_POINT('',#5670);
#5673=CARTESIAN_POINT('',(3.6E-1,4.5E-2,6.E-2));
#5674=CARTESIAN_POINT('',(3.6E-1,4.5E-2,4.E-2));
#5675=VERTEX_POINT('',#5673);
#5676=VERTEX_POINT('',#5674);
#5677=CARTESIAN_POINT('',(3.6E-1,4.5E-2,-4.E-2));
#5678=CARTESIAN_POINT('',(3.6E-1,4.5E-2,-6.E-2));
#5679=VERTEX_POINT('',#5677);
#5680=VERTEX_POINT('',#5678);
#5681=CARTESIAN_POINT('',(2.4E-1,2.85E-1,4.E-2));
#5682=CARTESIAN_POINT('',(2.4E-1,2.85E-1,6.E-2));
#5683=VERTEX_POINT('',#5681);
#5684=VERTEX_POINT('',#5682);
#5685=CARTESIAN_POINT('',(2.4E-1,-1.52E-1,6.E-2));
#5686=CARTESIAN_POINT('',(2.4E-1,-1.52E-1,4.E-2));
#5687=VERTEX_POINT('',#5685);
#5688=VERTEX_POINT('',#5686);
#5689=CARTESIAN_POINT('',(2.4E-1,2.85E-1,-6.E-2));
#5690=CARTESIAN_POINT('',(2.4E-1,2.85E-1,-4.E-2));
#5691=VERTEX_POINT('',#5689);
#5692=VERTEX_POINT('',#5690);
#5693=CARTESIAN_POINT('',(2.4E-1,-1.52E-1,-4.E-2));
#5694=CARTESIAN_POINT('',(2.4E-1,-1.52E-1,-6.E-2));
#5695=VERTEX_POINT('',#5693);
#5696=VERTEX_POINT('',#5694);
#5697=CARTESIAN_POINT('',(2.6E-1,2.85E-1,4.E-2));
#5698=CARTESIAN_POINT('',(2.6E-1,2.85E-1,6.E-2));
#5699=VERTEX_POINT('',#5697);
#5700=VERTEX_POINT('',#5698);
#5701=CARTESIAN_POINT('',(2.6E-1,-1.52E-1,6.E-2));
#5702=CARTESIAN_POINT('',(2.6E-1,-1.52E-1,4.E-2));
#5703=VERTEX_POINT('',#5701);
#5704=VERTEX_POINT('',#5702);
#5705=CARTESIAN_POINT('',(2.6E-1,2.85E-1,-6.E-2));
#5706=CARTESIAN_POINT('',(2.6E-1,2.85E-1,-4.E-2));
#5707=VERTEX_POINT('',#5705);
#5708=VERTEX_POINT('',#5706);
#5709=CARTESIAN_POINT('',(2.6E-1,-1.52E-1,-4.E-2));
#5710=CARTESIAN_POINT('',(2.6E-1,-1.52E-1,-6.E-2));
#5711=VERTEX_POINT('',#5709);
#5712=VERTEX_POINT('',#5710);
#5713=CARTESIAN_POINT('',(2.4E-1,-4.5E-2,6.E-2));
#5714=CARTESIAN_POINT('',(2.4E-1,-4.5E-2,4.E-2));
#5715=VERTEX_POINT('',#5713);
#5716=VERTEX_POINT('',#5714);
#5717=CARTESIAN_POINT('',(2.4E-1,-4.5E-2,-4.E-2));
#5718=CARTESIAN_POINT('',(2.4E-1,-4.5E-2,-6.E-2));
#5719=VERTEX_POINT('',#5717);
#5720=VERTEX_POINT('',#5718);
#5721=CARTESIAN_POINT('',(2.6E-1,-4.5E-2,6.E-2));
#5722=CARTESIAN_POINT('',(2.6E-1,-4.5E-2,4.E-2));
#5723=VERTEX_POINT('',#5721);
#5724=VERTEX_POINT('',#5722);
#5725=CARTESIAN_POINT('',(2.6E-1,-4.5E-2,-4.E-2));
#5726=CARTESIAN_POINT('',(2.6E-1,-4.5E-2,-6.E-2));
#5727=VERTEX_POINT('',#5725);
#5728=VERTEX_POINT('',#5726);
#5729=CARTESIAN_POINT('',(2.4E-1,4.5E-2,6.E-2));
#5730=CARTESIAN_POINT('',(2.4E-1,4.5E-2,4.E-2));
#5731=VERTEX_POINT('',#5729);
#5732=VERTEX_POINT('',#5730);
#5733=CARTESIAN_POINT('',(2.4E-1,4.5E-2,-4.E-2));
#5734=CARTESIAN_POINT('',(2.4E-1,4.5E-2,-6.E-2));
#5735=VERTEX_POINT('',#5733);
#5736=VERTEX_POINT('',#5734);
#5737=CARTESIAN_POINT('',(2.6E-1,4.5E-2,6.E-2));
#5738=CARTESIAN_POINT('',(2.6E-1,4.5E-2,4.E-2));
#5739=VERTEX_POINT('',#5737);
#5740=VERTEX_POINT('',#5738);
#5741=CARTESIAN_POINT('',(2.6E-1,4.5E-2,-4.E-2));
#5742=CARTESIAN_POINT('',(2.6E-1,4.5E-2,-6.E-2));
#5743=VERTEX_POINT('',#5741);
#5744=VERTEX_POINT('',#5742);
#5745=CARTESIAN_POINT('',(1.4E-1,2.85E-1,4.E-2));
#5746=CARTESIAN_POINT('',(1.4E-1,2.85E-1,6.E-2));
#5747=VERTEX_POINT('',#5745);
#5748=VERTEX_POINT('',#5746);
#5749=CARTESIAN_POINT('',(1.4E-1,-1.52E-1,6.E-2));
#5750=CARTESIAN_POINT('',(1.4E-1,-1.52E-1,4.E-2));
#5751=VERTEX_POINT('',#5749);
#5752=VERTEX_POINT('',#5750);
#5753=CARTESIAN_POINT('',(1.4E-1,2.85E-1,-6.E-2));
#5754=CARTESIAN_POINT('',(1.4E-1,2.85E-1,-4.E-2));
#5755=VERTEX_POINT('',#5753);
#5756=VERTEX_POINT('',#5754);
#5757=CARTESIAN_POINT('',(1.4E-1,-1.52E-1,-4.E-2));
#5758=CARTESIAN_POINT('',(1.4E-1,-1.52E-1,-6.E-2));
#5759=VERTEX_POINT('',#5757);
#5760=VERTEX_POINT('',#5758);
#5761=CARTESIAN_POINT('',(1.6E-1,2.85E-1,4.E-2));
#5762=CARTESIAN_POINT('',(1.6E-1,2.85E-1,6.E-2));
#5763=VERTEX_POINT('',#5761);
#5764=VERTEX_POINT('',#5762);
#5765=CARTESIAN_POINT('',(1.6E-1,-1.52E-1,6.E-2));
#5766=CARTESIAN_POINT('',(1.6E-1,-1.52E-1,4.E-2));
#5767=VERTEX_POINT('',#5765);
#5768=VERTEX_POINT('',#5766);
#5769=CARTESIAN_POINT('',(1.6E-1,2.85E-1,-6.E-2));
#5770=CARTESIAN_POINT('',(1.6E-1,2.85E-1,-4.E-2));
#5771=VERTEX_POINT('',#5769);
#5772=VERTEX_POINT('',#5770);
#5773=CARTESIAN_POINT('',(1.6E-1,-1.52E-1,-4.E-2));
#5774=CARTESIAN_POINT('',(1.6E-1,-1.52E-1,-6.E-2));
#5775=VERTEX_POINT('',#5773);
#5776=VERTEX_POINT('',#5774);
#5777=CARTESIAN_POINT('',(1.4E-1,-4.5E-2,6.E-2));
#5778=CARTESIAN_POINT('',(1.4E-1,-4.5E-2,4.E-2));
#5779=VERTEX_POINT('',#5777);
#5780=VERTEX_POINT('',#5778);
#5781=CARTESIAN_POINT('',(1.4E-1,-4.5E-2,-4.E-2));
#5782=CARTESIAN_POINT('',(1.4E-1,-4.5E-2,-6.E-2));
#5783=VERTEX_POINT('',#5781);
#5784=VERTEX_POINT('',#5782);
#5785=CARTESIAN_POINT('',(1.6E-1,-4.5E-2,6.E-2));
#5786=CARTESIAN_POINT('',(1.6E-1,-4.5E-2,4.E-2));
#5787=VERTEX_POINT('',#5785);
#5788=VERTEX_POINT('',#5786);
#5789=CARTESIAN_POINT('',(1.6E-1,-4.5E-2,-4.E-2));
#5790=CARTESIAN_POINT('',(1.6E-1,-4.5E-2,-6.E-2));
#5791=VERTEX_POINT('',#5789);
#5792=VERTEX_POINT('',#5790);
#5793=CARTESIAN_POINT('',(1.4E-1,4.5E-2,6.E-2));
#5794=CARTESIAN_POINT('',(1.4E-1,4.5E-2,4.E-2));
#5795=VERTEX_POINT('',#5793);
#5796=VERTEX_POINT('',#5794);
#5797=CARTESIAN_POINT('',(1.4E-1,4.5E-2,-4.E-2));
#5798=CARTESIAN_POINT('',(1.4E-1,4.5E-2,-6.E-2));
#5799=VERTEX_POINT('',#5797);
#5800=VERTEX_POINT('',#5798);
#5801=CARTESIAN_POINT('',(1.6E-1,4.5E-2,6.E-2));
#5802=CARTESIAN_POINT('',(1.6E-1,4.5E-2,4.E-2));
#5803=VERTEX_POINT('',#5801);
#5804=VERTEX_POINT('',#5802);
#5805=CARTESIAN_POINT('',(1.6E-1,4.5E-2,-4.E-2));
#5806=CARTESIAN_POINT('',(1.6E-1,4.5E-2,-6.E-2));
#5807=VERTEX_POINT('',#5805);
#5808=VERTEX_POINT('',#5806);
#5809=CARTESIAN_POINT('',(4.E-2,2.85E-1,4.E-2));
#5810=CARTESIAN_POINT('',(4.E-2,2.85E-1,6.E-2));
#5811=VERTEX_POINT('',#5809);
#5812=VERTEX_POINT('',#5810);
#5813=CARTESIAN_POINT('',(4.E-2,-1.52E-1,6.E-2));
#5814=CARTESIAN_POINT('',(4.E-2,-1.52E-1,4.E-2));
#5815=VERTEX_POINT('',#5813);
#5816=VERTEX_POINT('',#5814);
#5817=CARTESIAN_POINT('',(4.E-2,2.85E-1,-6.E-2));
#5818=CARTESIAN_POINT('',(4.E-2,2.85E-1,-4.E-2));
#5819=VERTEX_POINT('',#5817);
#5820=VERTEX_POINT('',#5818);
#5821=CARTESIAN_POINT('',(4.E-2,-1.52E-1,-4.E-2));
#5822=CARTESIAN_POINT('',(4.E-2,-1.52E-1,-6.E-2));
#5823=VERTEX_POINT('',#5821);
#5824=VERTEX_POINT('',#5822);
#5825=CARTESIAN_POINT('',(6.E-2,2.85E-1,4.E-2));
#5826=CARTESIAN_POINT('',(6.E-2,2.85E-1,6.E-2));
#5827=VERTEX_POINT('',#5825);
#5828=VERTEX_POINT('',#5826);
#5829=CARTESIAN_POINT('',(6.E-2,-1.52E-1,6.E-2));
#5830=CARTESIAN_POINT('',(6.E-2,-1.52E-1,4.E-2));
#5831=VERTEX_POINT('',#5829);
#5832=VERTEX_POINT('',#5830);
#5833=CARTESIAN_POINT('',(6.E-2,2.85E-1,-6.E-2));
#5834=CARTESIAN_POINT('',(6.E-2,2.85E-1,-4.E-2));
#5835=VERTEX_POINT('',#5833);
#5836=VERTEX_POINT('',#5834);
#5837=CARTESIAN_POINT('',(6.E-2,-1.52E-1,-4.E-2));
#5838=CARTESIAN_POINT('',(6.E-2,-1.52E-1,-6.E-2));
#5839=VERTEX_POINT('',#5837);
#5840=VERTEX_POINT('',#5838);
#5841=CARTESIAN_POINT('',(4.E-2,-4.5E-2,6.E-2));
#5842=CARTESIAN_POINT('',(4.E-2,-4.5E-2,4.E-2));
#5843=VERTEX_POINT('',#5841);
#5844=VERTEX_POINT('',#5842);
#5845=CARTESIAN_POINT('',(4.E-2,-4.5E-2,-4.E-2));
#5846=CARTESIAN_POINT('',(4.E-2,-4.5E-2,-6.E-2));
#5847=VERTEX_POINT('',#5845);
#5848=VERTEX_POINT('',#5846);
#5849=CARTESIAN_POINT('',(6.E-2,-4.5E-2,6.E-2));
#5850=CARTESIAN_POINT('',(6.E-2,-4.5E-2,4.E-2));
#5851=VERTEX_POINT('',#5849);
#5852=VERTEX_POINT('',#5850);
#5853=CARTESIAN_POINT('',(6.E-2,-4.5E-2,-4.E-2));
#5854=CARTESIAN_POINT('',(6.E-2,-4.5E-2,-6.E-2));
#5855=VERTEX_POINT('',#5853);
#5856=VERTEX_POINT('',#5854);
#5857=CARTESIAN_POINT('',(4.E-2,4.5E-2,6.E-2));
#5858=CARTESIAN_POINT('',(4.E-2,4.5E-2,4.E-2));
#5859=VERTEX_POINT('',#5857);
#5860=VERTEX_POINT('',#5858);
#5861=CARTESIAN_POINT('',(4.E-2,4.5E-2,-4.E-2));
#5862=CARTESIAN_POINT('',(4.E-2,4.5E-2,-6.E-2));
#5863=VERTEX_POINT('',#5861);
#5864=VERTEX_POINT('',#5862);
#5865=CARTESIAN_POINT('',(6.E-2,4.5E-2,6.E-2));
#5866=CARTESIAN_POINT('',(6.E-2,4.5E-2,4.E-2));
#5867=VERTEX_POINT('',#5865);
#5868=VERTEX_POINT('',#5866);
#5869=CARTESIAN_POINT('',(6.E-2,4.5E-2,-4.E-2));
#5870=CARTESIAN_POINT('',(6.E-2,4.5E-2,-6.E-2));
#5871=VERTEX_POINT('',#5869);
#5872=VERTEX_POINT('',#5870);
#5873=CARTESIAN_POINT('',(-6.E-2,2.85E-1,4.E-2));
#5874=CARTESIAN_POINT('',(-6.E-2,2.85E-1,6.E-2));
#5875=VERTEX_POINT('',#5873);
#5876=VERTEX_POINT('',#5874);
#5877=CARTESIAN_POINT('',(-6.E-2,-1.52E-1,6.E-2));
#5878=CARTESIAN_POINT('',(-6.E-2,-1.52E-1,4.E-2));
#5879=VERTEX_POINT('',#5877);
#5880=VERTEX_POINT('',#5878);
#5881=CARTESIAN_POINT('',(-6.E-2,2.85E-1,-6.E-2));
#5882=CARTESIAN_POINT('',(-6.E-2,2.85E-1,-4.E-2));
#5883=VERTEX_POINT('',#5881);
#5884=VERTEX_POINT('',#5882);
#5885=CARTESIAN_POINT('',(-6.E-2,-1.52E-1,-4.E-2));
#5886=CARTESIAN_POINT('',(-6.E-2,-1.52E-1,-6.E-2));
#5887=VERTEX_POINT('',#5885);
#5888=VERTEX_POINT('',#5886);
#5889=CARTESIAN_POINT('',(-4.E-2,2.85E-1,4.E-2));
#5890=CARTESIAN_POINT('',(-4.E-2,2.85E-1,6.E-2));
#5891=VERTEX_POINT('',#5889);
#5892=VERTEX_POINT('',#5890);
#5893=CARTESIAN_POINT('',(-4.E-2,-1.52E-1,6.E-2));
#5894=CARTESIAN_POINT('',(-4.E-2,-1.52E-1,4.E-2));
#5895=VERTEX_POINT('',#5893);
#5896=VERTEX_POINT('',#5894);
#5897=CARTESIAN_POINT('',(-4.E-2,2.85E-1,-6.E-2));
#5898=CARTESIAN_POINT('',(-4.E-2,2.85E-1,-4.E-2));
#5899=VERTEX_POINT('',#5897);
#5900=VERTEX_POINT('',#5898);
#5901=CARTESIAN_POINT('',(-4.E-2,-1.52E-1,-4.E-2));
#5902=CARTESIAN_POINT('',(-4.E-2,-1.52E-1,-6.E-2));
#5903=VERTEX_POINT('',#5901);
#5904=VERTEX_POINT('',#5902);
#5905=CARTESIAN_POINT('',(-6.E-2,-4.5E-2,6.E-2));
#5906=CARTESIAN_POINT('',(-6.E-2,-4.5E-2,4.E-2));
#5907=VERTEX_POINT('',#5905);
#5908=VERTEX_POINT('',#5906);
#5909=CARTESIAN_POINT('',(-6.E-2,-4.5E-2,-4.E-2));
#5910=CARTESIAN_POINT('',(-6.E-2,-4.5E-2,-6.E-2));
#5911=VERTEX_POINT('',#5909);
#5912=VERTEX_POINT('',#5910);
#5913=CARTESIAN_POINT('',(-4.E-2,-4.5E-2,6.E-2));
#5914=CARTESIAN_POINT('',(-4.E-2,-4.5E-2,4.E-2));
#5915=VERTEX_POINT('',#5913);
#5916=VERTEX_POINT('',#5914);
#5917=CARTESIAN_POINT('',(-4.E-2,-4.5E-2,-4.E-2));
#5918=CARTESIAN_POINT('',(-4.E-2,-4.5E-2,-6.E-2));
#5919=VERTEX_POINT('',#5917);
#5920=VERTEX_POINT('',#5918);
#5921=CARTESIAN_POINT('',(-6.E-2,4.5E-2,6.E-2));
#5922=CARTESIAN_POINT('',(-6.E-2,4.5E-2,4.E-2));
#5923=VERTEX_POINT('',#5921);
#5924=VERTEX_POINT('',#5922);
#5925=CARTESIAN_POINT('',(-6.E-2,4.5E-2,-4.E-2));
#5926=CARTESIAN_POINT('',(-6.E-2,4.5E-2,-6.E-2));
#5927=VERTEX_POINT('',#5925);
#5928=VERTEX_POINT('',#5926);
#5929=CARTESIAN_POINT('',(-4.E-2,4.5E-2,6.E-2));
#5930=CARTESIAN_POINT('',(-4.E-2,4.5E-2,4.E-2));
#5931=VERTEX_POINT('',#5929);
#5932=VERTEX_POINT('',#5930);
#5933=CARTESIAN_POINT('',(-4.E-2,4.5E-2,-4.E-2));
#5934=CARTESIAN_POINT('',(-4.E-2,4.5E-2,-6.E-2));
#5935=VERTEX_POINT('',#5933);
#5936=VERTEX_POINT('',#5934);
#5937=CARTESIAN_POINT('',(-1.6E-1,2.85E-1,4.E-2));
#5938=CARTESIAN_POINT('',(-1.6E-1,2.85E-1,6.E-2));
#5939=VERTEX_POINT('',#5937);
#5940=VERTEX_POINT('',#5938);
#5941=CARTESIAN_POINT('',(-1.6E-1,-1.52E-1,6.E-2));
#5942=CARTESIAN_POINT('',(-1.6E-1,-1.52E-1,4.E-2));
#5943=VERTEX_POINT('',#5941);
#5944=VERTEX_POINT('',#5942);
#5945=CARTESIAN_POINT('',(-1.6E-1,2.85E-1,-6.E-2));
#5946=CARTESIAN_POINT('',(-1.6E-1,2.85E-1,-4.E-2));
#5947=VERTEX_POINT('',#5945);
#5948=VERTEX_POINT('',#5946);
#5949=CARTESIAN_POINT('',(-1.6E-1,-1.52E-1,-4.E-2));
#5950=CARTESIAN_POINT('',(-1.6E-1,-1.52E-1,-6.E-2));
#5951=VERTEX_POINT('',#5949);
#5952=VERTEX_POINT('',#5950);
#5953=CARTESIAN_POINT('',(-1.4E-1,2.85E-1,4.E-2));
#5954=CARTESIAN_POINT('',(-1.4E-1,2.85E-1,6.E-2));
#5955=VERTEX_POINT('',#5953);
#5956=VERTEX_POINT('',#5954);
#5957=CARTESIAN_POINT('',(-1.4E-1,-1.52E-1,6.E-2));
#5958=CARTESIAN_POINT('',(-1.4E-1,-1.52E-1,4.E-2));
#5959=VERTEX_POINT('',#5957);
#5960=VERTEX_POINT('',#5958);
#5961=CARTESIAN_POINT('',(-1.4E-1,2.85E-1,-6.E-2));
#5962=CARTESIAN_POINT('',(-1.4E-1,2.85E-1,-4.E-2));
#5963=VERTEX_POINT('',#5961);
#5964=VERTEX_POINT('',#5962);
#5965=CARTESIAN_POINT('',(-1.4E-1,-1.52E-1,-4.E-2));
#5966=CARTESIAN_POINT('',(-1.4E-1,-1.52E-1,-6.E-2));
#5967=VERTEX_POINT('',#5965);
#5968=VERTEX_POINT('',#5966);
#5969=CARTESIAN_POINT('',(-1.6E-1,-4.5E-2,6.E-2));
#5970=CARTESIAN_POINT('',(-1.6E-1,-4.5E-2,4.E-2));
#5971=VERTEX_POINT('',#5969);
#5972=VERTEX_POINT('',#5970);
#5973=CARTESIAN_POINT('',(-1.6E-1,-4.5E-2,-4.E-2));
#5974=CARTESIAN_POINT('',(-1.6E-1,-4.5E-2,-6.E-2));
#5975=VERTEX_POINT('',#5973);
#5976=VERTEX_POINT('',#5974);
#5977=CARTESIAN_POINT('',(-1.4E-1,-4.5E-2,6.E-2));
#5978=CARTESIAN_POINT('',(-1.4E-1,-4.5E-2,4.E-2));
#5979=VERTEX_POINT('',#5977);
#5980=VERTEX_POINT('',#5978);
#5981=CARTESIAN_POINT('',(-1.4E-1,-4.5E-2,-4.E-2));
#5982=CARTESIAN_POINT('',(-1.4E-1,-4.5E-2,-6.E-2));
#5983=VERTEX_POINT('',#5981);
#5984=VERTEX_POINT('',#5982);
#5985=CARTESIAN_POINT('',(-1.6E-1,4.5E-2,6.E-2));
#5986=CARTESIAN_POINT('',(-1.6E-1,4.5E-2,4.E-2));
#5987=VERTEX_POINT('',#5985);
#5988=VERTEX_POINT('',#5986);
#5989=CARTESIAN_POINT('',(-1.6E-1,4.5E-2,-4.E-2));
#5990=CARTESIAN_POINT('',(-1.6E-1,4.5E-2,-6.E-2));
#5991=VERTEX_POINT('',#5989);
#5992=VERTEX_POINT('',#5990);
#5993=CARTESIAN_POINT('',(-1.4E-1,4.5E-2,6.E-2));
#5994=CARTESIAN_POINT('',(-1.4E-1,4.5E-2,4.E-2));
#5995=VERTEX_POINT('',#5993);
#5996=VERTEX_POINT('',#5994);
#5997=CARTESIAN_POINT('',(-1.4E-1,4.5E-2,-4.E-2));
#5998=CARTESIAN_POINT('',(-1.4E-1,4.5E-2,-6.E-2));
#5999=VERTEX_POINT('',#5997);
#6000=VERTEX_POINT('',#5998);
#6001=CARTESIAN_POINT('',(-2.6E-1,2.85E-1,4.E-2));
#6002=CARTESIAN_POINT('',(-2.6E-1,2.85E-1,6.E-2));
#6003=VERTEX_POINT('',#6001);
#6004=VERTEX_POINT('',#6002);
#6005=CARTESIAN_POINT('',(-2.6E-1,-1.52E-1,6.E-2));
#6006=CARTESIAN_POINT('',(-2.6E-1,-1.52E-1,4.E-2));
#6007=VERTEX_POINT('',#6005);
#6008=VERTEX_POINT('',#6006);
#6009=CARTESIAN_POINT('',(-2.6E-1,2.85E-1,-6.E-2));
#6010=CARTESIAN_POINT('',(-2.6E-1,2.85E-1,-4.E-2));
#6011=VERTEX_POINT('',#6009);
#6012=VERTEX_POINT('',#6010);
#6013=CARTESIAN_POINT('',(-2.6E-1,-1.52E-1,-4.E-2));
#6014=CARTESIAN_POINT('',(-2.6E-1,-1.52E-1,-6.E-2));
#6015=VERTEX_POINT('',#6013);
#6016=VERTEX_POINT('',#6014);
#6017=CARTESIAN_POINT('',(-2.4E-1,2.85E-1,4.E-2));
#6018=CARTESIAN_POINT('',(-2.4E-1,2.85E-1,6.E-2));
#6019=VERTEX_POINT('',#6017);
#6020=VERTEX_POINT('',#6018);
#6021=CARTESIAN_POINT('',(-2.4E-1,-1.52E-1,6.E-2));
#6022=CARTESIAN_POINT('',(-2.4E-1,-1.52E-1,4.E-2));
#6023=VERTEX_POINT('',#6021);
#6024=VERTEX_POINT('',#6022);
#6025=CARTESIAN_POINT('',(-2.4E-1,2.85E-1,-6.E-2));
#6026=CARTESIAN_POINT('',(-2.4E-1,2.85E-1,-4.E-2));
#6027=VERTEX_POINT('',#6025);
#6028=VERTEX_POINT('',#6026);
#6029=CARTESIAN_POINT('',(-2.4E-1,-1.52E-1,-4.E-2));
#6030=CARTESIAN_POINT('',(-2.4E-1,-1.52E-1,-6.E-2));
#6031=VERTEX_POINT('',#6029);
#6032=VERTEX_POINT('',#6030);
#6033=CARTESIAN_POINT('',(-2.6E-1,-4.5E-2,6.E-2));
#6034=CARTESIAN_POINT('',(-2.6E-1,-4.5E-2,4.E-2));
#6035=VERTEX_POINT('',#6033);
#6036=VERTEX_POINT('',#6034);
#6037=CARTESIAN_POINT('',(-2.6E-1,-4.5E-2,-4.E-2));
#6038=CARTESIAN_POINT('',(-2.6E-1,-4.5E-2,-6.E-2));
#6039=VERTEX_POINT('',#6037);
#6040=VERTEX_POINT('',#6038);
#6041=CARTESIAN_POINT('',(-2.4E-1,-4.5E-2,6.E-2));
#6042=CARTESIAN_POINT('',(-2.4E-1,-4.5E-2,4.E-2));
#6043=VERTEX_POINT('',#6041);
#6044=VERTEX_POINT('',#6042);
#6045=CARTESIAN_POINT('',(-2.4E-1,-4.5E-2,-4.E-2));
#6046=CARTESIAN_POINT('',(-2.4E-1,-4.5E-2,-6.E-2));
#6047=VERTEX_POINT('',#6045);
#6048=VERTEX_POINT('',#6046);
#6049=CARTESIAN_POINT('',(-2.6E-1,4.5E-2,6.E-2));
#6050=CARTESIAN_POINT('',(-2.6E-1,4.5E-2,4.E-2));
#6051=VERTEX_POINT('',#6049);
#6052=VERTEX_POINT('',#6050);
#6053=CARTESIAN_POINT('',(-2.6E-1,4.5E-2,-4.E-2));
#6054=CARTESIAN_POINT('',(-2.6E-1,4.5E-2,-6.E-2));
#6055=VERTEX_POINT('',#6053);
#6056=VERTEX_POINT('',#6054);
#6057=CARTESIAN_POINT('',(-2.4E-1,4.5E-2,6.E-2));
#6058=CARTESIAN_POINT('',(-2.4E-1,4.5E-2,4.E-2));
#6059=VERTEX_POINT('',#6057);
#6060=VERTEX_POINT('',#6058);
#6061=CARTESIAN_POINT('',(-2.4E-1,4.5E-2,-4.E-2));
#6062=CARTESIAN_POINT('',(-2.4E-1,4.5E-2,-6.E-2));
#6063=VERTEX_POINT('',#6061);
#6064=VERTEX_POINT('',#6062);
#6065=CARTESIAN_POINT('',(-3.6E-1,2.85E-1,4.E-2));
#6066=CARTESIAN_POINT('',(-3.6E-1,2.85E-1,6.E-2));
#6067=VERTEX_POINT('',#6065);
#6068=VERTEX_POINT('',#6066);
#6069=CARTESIAN_POINT('',(-3.6E-1,-1.52E-1,6.E-2));
#6070=CARTESIAN_POINT('',(-3.6E-1,-1.52E-1,4.E-2));
#6071=VERTEX_POINT('',#6069);
#6072=VERTEX_POINT('',#6070);
#6073=CARTESIAN_POINT('',(-3.6E-1,2.85E-1,-6.E-2));
#6074=CARTESIAN_POINT('',(-3.6E-1,2.85E-1,-4.E-2));
#6075=VERTEX_POINT('',#6073);
#6076=VERTEX_POINT('',#6074);
#6077=CARTESIAN_POINT('',(-3.6E-1,-1.52E-1,-4.E-2));
#6078=CARTESIAN_POINT('',(-3.6E-1,-1.52E-1,-6.E-2));
#6079=VERTEX_POINT('',#6077);
#6080=VERTEX_POINT('',#6078);
#6081=CARTESIAN_POINT('',(-3.4E-1,2.85E-1,4.E-2));
#6082=CARTESIAN_POINT('',(-3.4E-1,2.85E-1,6.E-2));
#6083=VERTEX_POINT('',#6081);
#6084=VERTEX_POINT('',#6082);
#6085=CARTESIAN_POINT('',(-3.4E-1,-1.52E-1,6.E-2));
#6086=CARTESIAN_POINT('',(-3.4E-1,-1.52E-1,4.E-2));
#6087=VERTEX_POINT('',#6085);
#6088=VERTEX_POINT('',#6086);
#6089=CARTESIAN_POINT('',(-3.4E-1,2.85E-1,-6.E-2));
#6090=CARTESIAN_POINT('',(-3.4E-1,2.85E-1,-4.E-2));
#6091=VERTEX_POINT('',#6089);
#6092=VERTEX_POINT('',#6090);
#6093=CARTESIAN_POINT('',(-3.4E-1,-1.52E-1,-4.E-2));
#6094=CARTESIAN_POINT('',(-3.4E-1,-1.52E-1,-6.E-2));
#6095=VERTEX_POINT('',#6093);
#6096=VERTEX_POINT('',#6094);
#6097=CARTESIAN_POINT('',(-3.6E-1,-4.5E-2,6.E-2));
#6098=CARTESIAN_POINT('',(-3.6E-1,-4.5E-2,4.E-2));
#6099=VERTEX_POINT('',#6097);
#6100=VERTEX_POINT('',#6098);
#6101=CARTESIAN_POINT('',(-3.6E-1,-4.5E-2,-4.E-2));
#6102=CARTESIAN_POINT('',(-3.6E-1,-4.5E-2,-6.E-2));
#6103=VERTEX_POINT('',#6101);
#6104=VERTEX_POINT('',#6102);
#6105=CARTESIAN_POINT('',(-3.4E-1,-4.5E-2,6.E-2));
#6106=CARTESIAN_POINT('',(-3.4E-1,-4.5E-2,4.E-2));
#6107=VERTEX_POINT('',#6105);
#6108=VERTEX_POINT('',#6106);
#6109=CARTESIAN_POINT('',(-3.4E-1,-4.5E-2,-4.E-2));
#6110=CARTESIAN_POINT('',(-3.4E-1,-4.5E-2,-6.E-2));
#6111=VERTEX_POINT('',#6109);
#6112=VERTEX_POINT('',#6110);
#6113=CARTESIAN_POINT('',(-3.6E-1,4.5E-2,6.E-2));
#6114=CARTESIAN_POINT('',(-3.6E-1,4.5E-2,4.E-2));
#6115=VERTEX_POINT('',#6113);
#6116=VERTEX_POINT('',#6114);
#6117=CARTESIAN_POINT('',(-3.6E-1,4.5E-2,-4.E-2));
#6118=CARTESIAN_POINT('',(-3.6E-1,4.5E-2,-6.E-2));
#6119=VERTEX_POINT('',#6117);
#6120=VERTEX_POINT('',#6118);
#6121=CARTESIAN_POINT('',(-3.4E-1,4.5E-2,6.E-2));
#6122=CARTESIAN_POINT('',(-3.4E-1,4.5E-2,4.E-2));
#6123=VERTEX_POINT('',#6121);
#6124=VERTEX_POINT('',#6122);
#6125=CARTESIAN_POINT('',(-3.4E-1,4.5E-2,-4.E-2));
#6126=CARTESIAN_POINT('',(-3.4E-1,4.5E-2,-6.E-2));
#6127=VERTEX_POINT('',#6125);
#6128=VERTEX_POINT('',#6126);
#6129=CARTESIAN_POINT('',(-4.6E-1,2.85E-1,4.E-2));
#6130=CARTESIAN_POINT('',(-4.6E-1,2.85E-1,6.E-2));
#6131=VERTEX_POINT('',#6129);
#6132=VERTEX_POINT('',#6130);
#6133=CARTESIAN_POINT('',(-4.6E-1,-1.52E-1,6.E-2));
#6134=CARTESIAN_POINT('',(-4.6E-1,-1.52E-1,4.E-2));
#6135=VERTEX_POINT('',#6133);
#6136=VERTEX_POINT('',#6134);
#6137=CARTESIAN_POINT('',(-4.6E-1,2.85E-1,-6.E-2));
#6138=CARTESIAN_POINT('',(-4.6E-1,2.85E-1,-4.E-2));
#6139=VERTEX_POINT('',#6137);
#6140=VERTEX_POINT('',#6138);
#6141=CARTESIAN_POINT('',(-4.6E-1,-1.52E-1,-4.E-2));
#6142=CARTESIAN_POINT('',(-4.6E-1,-1.52E-1,-6.E-2));
#6143=VERTEX_POINT('',#6141);
#6144=VERTEX_POINT('',#6142);
#6145=CARTESIAN_POINT('',(-4.4E-1,2.85E-1,4.E-2));
#6146=CARTESIAN_POINT('',(-4.4E-1,2.85E-1,6.E-2));
#6147=VERTEX_POINT('',#6145);
#6148=VERTEX_POINT('',#6146);
#6149=CARTESIAN_POINT('',(-4.4E-1,-1.52E-1,6.E-2));
#6150=CARTESIAN_POINT('',(-4.4E-1,-1.52E-1,4.E-2));
#6151=VERTEX_POINT('',#6149);
#6152=VERTEX_POINT('',#6150);
#6153=CARTESIAN_POINT('',(-4.4E-1,2.85E-1,-6.E-2));
#6154=CARTESIAN_POINT('',(-4.4E-1,2.85E-1,-4.E-2));
#6155=VERTEX_POINT('',#6153);
#6156=VERTEX_POINT('',#6154);
#6157=CARTESIAN_POINT('',(-4.4E-1,-1.52E-1,-4.E-2));
#6158=CARTESIAN_POINT('',(-4.4E-1,-1.52E-1,-6.E-2));
#6159=VERTEX_POINT('',#6157);
#6160=VERTEX_POINT('',#6158);
#6161=CARTESIAN_POINT('',(-4.6E-1,-4.5E-2,6.E-2));
#6162=CARTESIAN_POINT('',(-4.6E-1,-4.5E-2,4.E-2));
#6163=VERTEX_POINT('',#6161);
#6164=VERTEX_POINT('',#6162);
#6165=CARTESIAN_POINT('',(-4.6E-1,-4.5E-2,-4.E-2));
#6166=CARTESIAN_POINT('',(-4.6E-1,-4.5E-2,-6.E-2));
#6167=VERTEX_POINT('',#6165);
#6168=VERTEX_POINT('',#6166);
#6169=CARTESIAN_POINT('',(-4.4E-1,-4.5E-2,6.E-2));
#6170=CARTESIAN_POINT('',(-4.4E-1,-4.5E-2,4.E-2));
#6171=VERTEX_POINT('',#6169);
#6172=VERTEX_POINT('',#6170);
#6173=CARTESIAN_POINT('',(-4.4E-1,-4.5E-2,-4.E-2));
#6174=CARTESIAN_POINT('',(-4.4E-1,-4.5E-2,-6.E-2));
#6175=VERTEX_POINT('',#6173);
#6176=VERTEX_POINT('',#6174);
#6177=CARTESIAN_POINT('',(-4.6E-1,4.5E-2,6.E-2));
#6178=CARTESIAN_POINT('',(-4.6E-1,4.5E-2,4.E-2));
#6179=VERTEX_POINT('',#6177);
#6180=VERTEX_POINT('',#6178);
#6181=CARTESIAN_POINT('',(-4.6E-1,4.5E-2,-4.E-2));
#6182=CARTESIAN_POINT('',(-4.6E-1,4.5E-2,-6.E-2));
#6183=VERTEX_POINT('',#6181);
#6184=VERTEX_POINT('',#6182);
#6185=CARTESIAN_POINT('',(-4.4E-1,4.5E-2,6.E-2));
#6186=CARTESIAN_POINT('',(-4.4E-1,4.5E-2,4.E-2));
#6187=VERTEX_POINT('',#6185);
#6188=VERTEX_POINT('',#6186);
#6189=CARTESIAN_POINT('',(-4.4E-1,4.5E-2,-4.E-2));
#6190=CARTESIAN_POINT('',(-4.4E-1,4.5E-2,-6.E-2));
#6191=VERTEX_POINT('',#6189);
#6192=VERTEX_POINT('',#6190);
#6193=CARTESIAN_POINT('',(-5.6E-1,2.85E-1,4.E-2));
#6194=CARTESIAN_POINT('',(-5.6E-1,2.85E-1,6.E-2));
#6195=VERTEX_POINT('',#6193);
#6196=VERTEX_POINT('',#6194);
#6197=CARTESIAN_POINT('',(-5.6E-1,-1.52E-1,6.E-2));
#6198=CARTESIAN_POINT('',(-5.6E-1,-1.52E-1,4.E-2));
#6199=VERTEX_POINT('',#6197);
#6200=VERTEX_POINT('',#6198);
#6201=CARTESIAN_POINT('',(-5.6E-1,2.85E-1,-6.E-2));
#6202=CARTESIAN_POINT('',(-5.6E-1,2.85E-1,-4.E-2));
#6203=VERTEX_POINT('',#6201);
#6204=VERTEX_POINT('',#6202);
#6205=CARTESIAN_POINT('',(-5.6E-1,-1.52E-1,-4.E-2));
#6206=CARTESIAN_POINT('',(-5.6E-1,-1.52E-1,-6.E-2));
#6207=VERTEX_POINT('',#6205);
#6208=VERTEX_POINT('',#6206);
#6209=CARTESIAN_POINT('',(-5.4E-1,2.85E-1,4.E-2));
#6210=CARTESIAN_POINT('',(-5.4E-1,2.85E-1,6.E-2));
#6211=VERTEX_POINT('',#6209);
#6212=VERTEX_POINT('',#6210);
#6213=CARTESIAN_POINT('',(-5.4E-1,-1.52E-1,6.E-2));
#6214=CARTESIAN_POINT('',(-5.4E-1,-1.52E-1,4.E-2));
#6215=VERTEX_POINT('',#6213);
#6216=VERTEX_POINT('',#6214);
#6217=CARTESIAN_POINT('',(-5.4E-1,2.85E-1,-6.E-2));
#6218=CARTESIAN_POINT('',(-5.4E-1,2.85E-1,-4.E-2));
#6219=VERTEX_POINT('',#6217);
#6220=VERTEX_POINT('',#6218);
#6221=CARTESIAN_POINT('',(-5.4E-1,-1.52E-1,-4.E-2));
#6222=CARTESIAN_POINT('',(-5.4E-1,-1.52E-1,-6.E-2));
#6223=VERTEX_POINT('',#6221);
#6224=VERTEX_POINT('',#6222);
#6225=CARTESIAN_POINT('',(-5.6E-1,-4.5E-2,6.E-2));
#6226=CARTESIAN_POINT('',(-5.6E-1,-4.5E-2,4.E-2));
#6227=VERTEX_POINT('',#6225);
#6228=VERTEX_POINT('',#6226);
#6229=CARTESIAN_POINT('',(-5.6E-1,-4.5E-2,-4.E-2));
#6230=CARTESIAN_POINT('',(-5.6E-1,-4.5E-2,-6.E-2));
#6231=VERTEX_POINT('',#6229);
#6232=VERTEX_POINT('',#6230);
#6233=CARTESIAN_POINT('',(-5.4E-1,-4.5E-2,6.E-2));
#6234=CARTESIAN_POINT('',(-5.4E-1,-4.5E-2,4.E-2));
#6235=VERTEX_POINT('',#6233);
#6236=VERTEX_POINT('',#6234);
#6237=CARTESIAN_POINT('',(-5.4E-1,-4.5E-2,-4.E-2));
#6238=CARTESIAN_POINT('',(-5.4E-1,-4.5E-2,-6.E-2));
#6239=VERTEX_POINT('',#6237);
#6240=VERTEX_POINT('',#6238);
#6241=CARTESIAN_POINT('',(-5.6E-1,4.5E-2,6.E-2));
#6242=CARTESIAN_POINT('',(-5.6E-1,4.5E-2,4.E-2));
#6243=VERTEX_POINT('',#6241);
#6244=VERTEX_POINT('',#6242);
#6245=CARTESIAN_POINT('',(-5.6E-1,4.5E-2,-4.E-2));
#6246=CARTESIAN_POINT('',(-5.6E-1,4.5E-2,-6.E-2));
#6247=VERTEX_POINT('',#6245);
#6248=VERTEX_POINT('',#6246);
#6249=CARTESIAN_POINT('',(-5.4E-1,4.5E-2,6.E-2));
#6250=CARTESIAN_POINT('',(-5.4E-1,4.5E-2,4.E-2));
#6251=VERTEX_POINT('',#6249);
#6252=VERTEX_POINT('',#6250);
#6253=CARTESIAN_POINT('',(-5.4E-1,4.5E-2,-4.E-2));
#6254=CARTESIAN_POINT('',(-5.4E-1,4.5E-2,-6.E-2));
#6255=VERTEX_POINT('',#6253);
#6256=VERTEX_POINT('',#6254);
#6257=CARTESIAN_POINT('',(-6.6E-1,2.85E-1,4.E-2));
#6258=CARTESIAN_POINT('',(-6.6E-1,2.85E-1,6.E-2));
#6259=VERTEX_POINT('',#6257);
#6260=VERTEX_POINT('',#6258);
#6261=CARTESIAN_POINT('',(-6.6E-1,-1.52E-1,6.E-2));
#6262=CARTESIAN_POINT('',(-6.6E-1,-1.52E-1,4.E-2));
#6263=VERTEX_POINT('',#6261);
#6264=VERTEX_POINT('',#6262);
#6265=CARTESIAN_POINT('',(-6.6E-1,2.85E-1,-6.E-2));
#6266=CARTESIAN_POINT('',(-6.6E-1,2.85E-1,-4.E-2));
#6267=VERTEX_POINT('',#6265);
#6268=VERTEX_POINT('',#6266);
#6269=CARTESIAN_POINT('',(-6.6E-1,-1.52E-1,-4.E-2));
#6270=CARTESIAN_POINT('',(-6.6E-1,-1.52E-1,-6.E-2));
#6271=VERTEX_POINT('',#6269);
#6272=VERTEX_POINT('',#6270);
#6273=CARTESIAN_POINT('',(-6.4E-1,2.85E-1,4.E-2));
#6274=CARTESIAN_POINT('',(-6.4E-1,2.85E-1,6.E-2));
#6275=VERTEX_POINT('',#6273);
#6276=VERTEX_POINT('',#6274);
#6277=CARTESIAN_POINT('',(-6.4E-1,-1.52E-1,6.E-2));
#6278=CARTESIAN_POINT('',(-6.4E-1,-1.52E-1,4.E-2));
#6279=VERTEX_POINT('',#6277);
#6280=VERTEX_POINT('',#6278);
#6281=CARTESIAN_POINT('',(-6.4E-1,2.85E-1,-6.E-2));
#6282=CARTESIAN_POINT('',(-6.4E-1,2.85E-1,-4.E-2));
#6283=VERTEX_POINT('',#6281);
#6284=VERTEX_POINT('',#6282);
#6285=CARTESIAN_POINT('',(-6.4E-1,-1.52E-1,-4.E-2));
#6286=CARTESIAN_POINT('',(-6.4E-1,-1.52E-1,-6.E-2));
#6287=VERTEX_POINT('',#6285);
#6288=VERTEX_POINT('',#6286);
#6289=CARTESIAN_POINT('',(-6.6E-1,-4.5E-2,6.E-2));
#6290=CARTESIAN_POINT('',(-6.6E-1,-4.5E-2,4.E-2));
#6291=VERTEX_POINT('',#6289);
#6292=VERTEX_POINT('',#6290);
#6293=CARTESIAN_POINT('',(-6.6E-1,-4.5E-2,-4.E-2));
#6294=CARTESIAN_POINT('',(-6.6E-1,-4.5E-2,-6.E-2));
#6295=VERTEX_POINT('',#6293);
#6296=VERTEX_POINT('',#6294);
#6297=CARTESIAN_POINT('',(-6.4E-1,-4.5E-2,6.E-2));
#6298=CARTESIAN_POINT('',(-6.4E-1,-4.5E-2,4.E-2));
#6299=VERTEX_POINT('',#6297);
#6300=VERTEX_POINT('',#6298);
#6301=CARTESIAN_POINT('',(-6.4E-1,-4.5E-2,-4.E-2));
#6302=CARTESIAN_POINT('',(-6.4E-1,-4.5E-2,-6.E-2));
#6303=VERTEX_POINT('',#6301);
#6304=VERTEX_POINT('',#6302);
#6305=CARTESIAN_POINT('',(-6.6E-1,4.5E-2,6.E-2));
#6306=CARTESIAN_POINT('',(-6.6E-1,4.5E-2,4.E-2));
#6307=VERTEX_POINT('',#6305);
#6308=VERTEX_POINT('',#6306);
#6309=CARTESIAN_POINT('',(-6.6E-1,4.5E-2,-4.E-2));
#6310=CARTESIAN_POINT('',(-6.6E-1,4.5E-2,-6.E-2));
#6311=VERTEX_POINT('',#6309);
#6312=VERTEX_POINT('',#6310);
#6313=CARTESIAN_POINT('',(-6.4E-1,4.5E-2,6.E-2));
#6314=CARTESIAN_POINT('',(-6.4E-1,4.5E-2,4.E-2));
#6315=VERTEX_POINT('',#6313);
#6316=VERTEX_POINT('',#6314);
#6317=CARTESIAN_POINT('',(-6.4E-1,4.5E-2,-4.E-2));
#6318=CARTESIAN_POINT('',(-6.4E-1,4.5E-2,-6.E-2));
#6319=VERTEX_POINT('',#6317);
#6320=VERTEX_POINT('',#6318);
#6321=CARTESIAN_POINT('',(-7.6E-1,2.85E-1,4.E-2));
#6322=CARTESIAN_POINT('',(-7.6E-1,2.85E-1,6.E-2));
#6323=VERTEX_POINT('',#6321);
#6324=VERTEX_POINT('',#6322);
#6325=CARTESIAN_POINT('',(-7.6E-1,-1.52E-1,6.E-2));
#6326=CARTESIAN_POINT('',(-7.6E-1,-1.52E-1,4.E-2));
#6327=VERTEX_POINT('',#6325);
#6328=VERTEX_POINT('',#6326);
#6329=CARTESIAN_POINT('',(-7.6E-1,2.85E-1,-6.E-2));
#6330=CARTESIAN_POINT('',(-7.6E-1,2.85E-1,-4.E-2));
#6331=VERTEX_POINT('',#6329);
#6332=VERTEX_POINT('',#6330);
#6333=CARTESIAN_POINT('',(-7.6E-1,-1.52E-1,-4.E-2));
#6334=CARTESIAN_POINT('',(-7.6E-1,-1.52E-1,-6.E-2));
#6335=VERTEX_POINT('',#6333);
#6336=VERTEX_POINT('',#6334);
#6337=CARTESIAN_POINT('',(-7.4E-1,2.85E-1,4.E-2));
#6338=CARTESIAN_POINT('',(-7.4E-1,2.85E-1,6.E-2));
#6339=VERTEX_POINT('',#6337);
#6340=VERTEX_POINT('',#6338);
#6341=CARTESIAN_POINT('',(-7.4E-1,-1.52E-1,6.E-2));
#6342=CARTESIAN_POINT('',(-7.4E-1,-1.52E-1,4.E-2));
#6343=VERTEX_POINT('',#6341);
#6344=VERTEX_POINT('',#6342);
#6345=CARTESIAN_POINT('',(-7.4E-1,2.85E-1,-6.E-2));
#6346=CARTESIAN_POINT('',(-7.4E-1,2.85E-1,-4.E-2));
#6347=VERTEX_POINT('',#6345);
#6348=VERTEX_POINT('',#6346);
#6349=CARTESIAN_POINT('',(-7.4E-1,-1.52E-1,-4.E-2));
#6350=CARTESIAN_POINT('',(-7.4E-1,-1.52E-1,-6.E-2));
#6351=VERTEX_POINT('',#6349);
#6352=VERTEX_POINT('',#6350);
#6353=CARTESIAN_POINT('',(-7.6E-1,-4.5E-2,6.E-2));
#6354=CARTESIAN_POINT('',(-7.6E-1,-4.5E-2,4.E-2));
#6355=VERTEX_POINT('',#6353);
#6356=VERTEX_POINT('',#6354);
#6357=CARTESIAN_POINT('',(-7.6E-1,-4.5E-2,-4.E-2));
#6358=CARTESIAN_POINT('',(-7.6E-1,-4.5E-2,-6.E-2));
#6359=VERTEX_POINT('',#6357);
#6360=VERTEX_POINT('',#6358);
#6361=CARTESIAN_POINT('',(-7.4E-1,-4.5E-2,6.E-2));
#6362=CARTESIAN_POINT('',(-7.4E-1,-4.5E-2,4.E-2));
#6363=VERTEX_POINT('',#6361);
#6364=VERTEX_POINT('',#6362);
#6365=CARTESIAN_POINT('',(-7.4E-1,-4.5E-2,-4.E-2));
#6366=CARTESIAN_POINT('',(-7.4E-1,-4.5E-2,-6.E-2));
#6367=VERTEX_POINT('',#6365);
#6368=VERTEX_POINT('',#6366);
#6369=CARTESIAN_POINT('',(-7.6E-1,4.5E-2,6.E-2));
#6370=CARTESIAN_POINT('',(-7.6E-1,4.5E-2,4.E-2));
#6371=VERTEX_POINT('',#6369);
#6372=VERTEX_POINT('',#6370);
#6373=CARTESIAN_POINT('',(-7.6E-1,4.5E-2,-4.E-2));
#6374=CARTESIAN_POINT('',(-7.6E-1,4.5E-2,-6.E-2));
#6375=VERTEX_POINT('',#6373);
#6376=VERTEX_POINT('',#6374);
#6377=CARTESIAN_POINT('',(-7.4E-1,4.5E-2,6.E-2));
#6378=CARTESIAN_POINT('',(-7.4E-1,4.5E-2,4.E-2));
#6379=VERTEX_POINT('',#6377);
#6380=VERTEX_POINT('',#6378);
#6381=CARTESIAN_POINT('',(-7.4E-1,4.5E-2,-4.E-2));
#6382=CARTESIAN_POINT('',(-7.4E-1,4.5E-2,-6.E-2));
#6383=VERTEX_POINT('',#6381);
#6384=VERTEX_POINT('',#6382);
#6385=CARTESIAN_POINT('',(-8.6E-1,2.85E-1,4.E-2));
#6386=CARTESIAN_POINT('',(-8.6E-1,2.85E-1,6.E-2));
#6387=VERTEX_POINT('',#6385);
#6388=VERTEX_POINT('',#6386);
#6389=CARTESIAN_POINT('',(-8.6E-1,-1.52E-1,6.E-2));
#6390=CARTESIAN_POINT('',(-8.6E-1,-1.52E-1,4.E-2));
#6391=VERTEX_POINT('',#6389);
#6392=VERTEX_POINT('',#6390);
#6393=CARTESIAN_POINT('',(-8.6E-1,2.85E-1,-6.E-2));
#6394=CARTESIAN_POINT('',(-8.6E-1,2.85E-1,-4.E-2));
#6395=VERTEX_POINT('',#6393);
#6396=VERTEX_POINT('',#6394);
#6397=CARTESIAN_POINT('',(-8.6E-1,-1.52E-1,-4.E-2));
#6398=CARTESIAN_POINT('',(-8.6E-1,-1.52E-1,-6.E-2));
#6399=VERTEX_POINT('',#6397);
#6400=VERTEX_POINT('',#6398);
#6401=CARTESIAN_POINT('',(-8.4E-1,2.85E-1,4.E-2));
#6402=CARTESIAN_POINT('',(-8.4E-1,2.85E-1,6.E-2));
#6403=VERTEX_POINT('',#6401);
#6404=VERTEX_POINT('',#6402);
#6405=CARTESIAN_POINT('',(-8.4E-1,-1.52E-1,6.E-2));
#6406=CARTESIAN_POINT('',(-8.4E-1,-1.52E-1,4.E-2));
#6407=VERTEX_POINT('',#6405);
#6408=VERTEX_POINT('',#6406);
#6409=CARTESIAN_POINT('',(-8.4E-1,2.85E-1,-6.E-2));
#6410=CARTESIAN_POINT('',(-8.4E-1,2.85E-1,-4.E-2));
#6411=VERTEX_POINT('',#6409);
#6412=VERTEX_POINT('',#6410);
#6413=CARTESIAN_POINT('',(-8.4E-1,-1.52E-1,-4.E-2));
#6414=CARTESIAN_POINT('',(-8.4E-1,-1.52E-1,-6.E-2));
#6415=VERTEX_POINT('',#6413);
#6416=VERTEX_POINT('',#6414);
#6417=CARTESIAN_POINT('',(-8.6E-1,-4.5E-2,6.E-2));
#6418=CARTESIAN_POINT('',(-8.6E-1,-4.5E-2,4.E-2));
#6419=VERTEX_POINT('',#6417);
#6420=VERTEX_POINT('',#6418);
#6421=CARTESIAN_POINT('',(-8.6E-1,-4.5E-2,-4.E-2));
#6422=CARTESIAN_POINT('',(-8.6E-1,-4.5E-2,-6.E-2));
#6423=VERTEX_POINT('',#6421);
#6424=VERTEX_POINT('',#6422);
#6425=CARTESIAN_POINT('',(-8.4E-1,-4.5E-2,6.E-2));
#6426=CARTESIAN_POINT('',(-8.4E-1,-4.5E-2,4.E-2));
#6427=VERTEX_POINT('',#6425);
#6428=VERTEX_POINT('',#6426);
#6429=CARTESIAN_POINT('',(-8.4E-1,-4.5E-2,-4.E-2));
#6430=CARTESIAN_POINT('',(-8.4E-1,-4.5E-2,-6.E-2));
#6431=VERTEX_POINT('',#6429);
#6432=VERTEX_POINT('',#6430);
#6433=CARTESIAN_POINT('',(-8.6E-1,4.5E-2,6.E-2));
#6434=CARTESIAN_POINT('',(-8.6E-1,4.5E-2,4.E-2));
#6435=VERTEX_POINT('',#6433);
#6436=VERTEX_POINT('',#6434);
#6437=CARTESIAN_POINT('',(-8.6E-1,4.5E-2,-4.E-2));
#6438=CARTESIAN_POINT('',(-8.6E-1,4.5E-2,-6.E-2));
#6439=VERTEX_POINT('',#6437);
#6440=VERTEX_POINT('',#6438);
#6441=CARTESIAN_POINT('',(-8.4E-1,4.5E-2,6.E-2));
#6442=CARTESIAN_POINT('',(-8.4E-1,4.5E-2,4.E-2));
#6443=VERTEX_POINT('',#6441);
#6444=VERTEX_POINT('',#6442);
#6445=CARTESIAN_POINT('',(-8.4E-1,4.5E-2,-4.E-2));
#6446=CARTESIAN_POINT('',(-8.4E-1,4.5E-2,-6.E-2));
#6447=VERTEX_POINT('',#6445);
#6448=VERTEX_POINT('',#6446);
#6449=CARTESIAN_POINT('',(-3.925E-1,-4.5E-2,-1.E-1));
#6450=CARTESIAN_POINT('',(-3.925E-1,-4.5E-2,1.E-1));
#6451=VERTEX_POINT('',#6449);
#6452=VERTEX_POINT('',#6450);
#6453=CARTESIAN_POINT('',(-4.175E-1,-4.5E-2,-1.E-1));
#6454=CARTESIAN_POINT('',(-4.175E-1,-4.5E-2,1.E-1));
#6455=VERTEX_POINT('',#6453);
#6456=VERTEX_POINT('',#6454);
#6457=CARTESIAN_POINT('',(-4.175E-1,4.5E-2,-1.E-1));
#6458=CARTESIAN_POINT('',(-4.175E-1,4.5E-2,1.E-1));
#6459=VERTEX_POINT('',#6457);
#6460=VERTEX_POINT('',#6458);
#6461=CARTESIAN_POINT('',(-3.925E-1,4.5E-2,-1.E-1));
#6462=CARTESIAN_POINT('',(-3.925E-1,4.5E-2,1.E-1));
#6463=VERTEX_POINT('',#6461);
#6464=VERTEX_POINT('',#6462);
#6465=CARTESIAN_POINT('',(-4.05E-1,2.334936490539E-2,7.834936490539E-2));
#6466=VERTEX_POINT('',#6465);
#6467=CARTESIAN_POINT('',(-4.05E-1,-2.334936490539E-2,7.834936490539E-2));
#6468=VERTEX_POINT('',#6467);
#6469=CARTESIAN_POINT('',(-4.05E-1,2.334936490539E-2,-7.834936490539E-2));
#6470=VERTEX_POINT('',#6469);
#6471=CARTESIAN_POINT('',(-4.05E-1,-2.334936490539E-2,-7.834936490539E-2));
#6472=VERTEX_POINT('',#6471);
#6473=CARTESIAN_POINT('',(-2.925E-1,-4.5E-2,-1.E-1));
#6474=CARTESIAN_POINT('',(-2.925E-1,-4.5E-2,1.E-1));
#6475=VERTEX_POINT('',#6473);
#6476=VERTEX_POINT('',#6474);
#6477=CARTESIAN_POINT('',(-3.175E-1,-4.5E-2,-1.E-1));
#6478=CARTESIAN_POINT('',(-3.175E-1,-4.5E-2,1.E-1));
#6479=VERTEX_POINT('',#6477);
#6480=VERTEX_POINT('',#6478);
#6481=CARTESIAN_POINT('',(-3.175E-1,4.5E-2,-1.E-1));
#6482=CARTESIAN_POINT('',(-3.175E-1,4.5E-2,1.E-1));
#6483=VERTEX_POINT('',#6481);
#6484=VERTEX_POINT('',#6482);
#6485=CARTESIAN_POINT('',(-2.925E-1,4.5E-2,-1.E-1));
#6486=CARTESIAN_POINT('',(-2.925E-1,4.5E-2,1.E-1));
#6487=VERTEX_POINT('',#6485);
#6488=VERTEX_POINT('',#6486);
#6489=CARTESIAN_POINT('',(-3.05E-1,2.334936490539E-2,7.834936490539E-2));
#6490=VERTEX_POINT('',#6489);
#6491=CARTESIAN_POINT('',(-3.05E-1,-2.334936490539E-2,7.834936490539E-2));
#6492=VERTEX_POINT('',#6491);
#6493=CARTESIAN_POINT('',(-3.05E-1,2.334936490539E-2,-7.834936490539E-2));
#6494=VERTEX_POINT('',#6493);
#6495=CARTESIAN_POINT('',(-3.05E-1,-2.334936490539E-2,-7.834936490539E-2));
#6496=VERTEX_POINT('',#6495);
#6497=CARTESIAN_POINT('',(-1.925E-1,-4.5E-2,-1.E-1));
#6498=CARTESIAN_POINT('',(-1.925E-1,-4.5E-2,1.E-1));
#6499=VERTEX_POINT('',#6497);
#6500=VERTEX_POINT('',#6498);
#6501=CARTESIAN_POINT('',(-2.175E-1,-4.5E-2,-1.E-1));
#6502=CARTESIAN_POINT('',(-2.175E-1,-4.5E-2,1.E-1));
#6503=VERTEX_POINT('',#6501);
#6504=VERTEX_POINT('',#6502);
#6505=CARTESIAN_POINT('',(-2.175E-1,4.5E-2,-1.E-1));
#6506=CARTESIAN_POINT('',(-2.175E-1,4.5E-2,1.E-1));
#6507=VERTEX_POINT('',#6505);
#6508=VERTEX_POINT('',#6506);
#6509=CARTESIAN_POINT('',(-1.925E-1,4.5E-2,-1.E-1));
#6510=CARTESIAN_POINT('',(-1.925E-1,4.5E-2,1.E-1));
#6511=VERTEX_POINT('',#6509);
#6512=VERTEX_POINT('',#6510);
#6513=CARTESIAN_POINT('',(-2.05E-1,2.334936490539E-2,7.834936490539E-2));
#6514=VERTEX_POINT('',#6513);
#6515=CARTESIAN_POINT('',(-2.05E-1,-2.334936490539E-2,7.834936490539E-2));
#6516=VERTEX_POINT('',#6515);
#6517=CARTESIAN_POINT('',(-2.05E-1,2.334936490539E-2,-7.834936490539E-2));
#6518=VERTEX_POINT('',#6517);
#6519=CARTESIAN_POINT('',(-2.05E-1,-2.334936490539E-2,-7.834936490539E-2));
#6520=VERTEX_POINT('',#6519);
#6521=CARTESIAN_POINT('',(-9.25E-2,-4.5E-2,-1.E-1));
#6522=CARTESIAN_POINT('',(-9.25E-2,-4.5E-2,1.E-1));
#6523=VERTEX_POINT('',#6521);
#6524=VERTEX_POINT('',#6522);
#6525=CARTESIAN_POINT('',(-1.175E-1,-4.5E-2,-1.E-1));
#6526=CARTESIAN_POINT('',(-1.175E-1,-4.5E-2,1.E-1));
#6527=VERTEX_POINT('',#6525);
#6528=VERTEX_POINT('',#6526);
#6529=CARTESIAN_POINT('',(-1.175E-1,4.5E-2,-1.E-1));
#6530=CARTESIAN_POINT('',(-1.175E-1,4.5E-2,1.E-1));
#6531=VERTEX_POINT('',#6529);
#6532=VERTEX_POINT('',#6530);
#6533=CARTESIAN_POINT('',(-9.25E-2,4.5E-2,-1.E-1));
#6534=CARTESIAN_POINT('',(-9.25E-2,4.5E-2,1.E-1));
#6535=VERTEX_POINT('',#6533);
#6536=VERTEX_POINT('',#6534);
#6537=CARTESIAN_POINT('',(-1.05E-1,2.334936490539E-2,7.834936490539E-2));
#6538=VERTEX_POINT('',#6537);
#6539=CARTESIAN_POINT('',(-1.05E-1,-2.334936490539E-2,7.834936490539E-2));
#6540=VERTEX_POINT('',#6539);
#6541=CARTESIAN_POINT('',(-1.05E-1,2.334936490539E-2,-7.834936490539E-2));
#6542=VERTEX_POINT('',#6541);
#6543=CARTESIAN_POINT('',(-1.05E-1,-2.334936490539E-2,-7.834936490539E-2));
#6544=VERTEX_POINT('',#6543);
#6545=CARTESIAN_POINT('',(7.5E-3,-4.5E-2,-1.E-1));
#6546=CARTESIAN_POINT('',(7.5E-3,-4.5E-2,1.E-1));
#6547=VERTEX_POINT('',#6545);
#6548=VERTEX_POINT('',#6546);
#6549=CARTESIAN_POINT('',(-1.75E-2,-4.5E-2,-1.E-1));
#6550=CARTESIAN_POINT('',(-1.75E-2,-4.5E-2,1.E-1));
#6551=VERTEX_POINT('',#6549);
#6552=VERTEX_POINT('',#6550);
#6553=CARTESIAN_POINT('',(-1.75E-2,4.5E-2,-1.E-1));
#6554=CARTESIAN_POINT('',(-1.75E-2,4.5E-2,1.E-1));
#6555=VERTEX_POINT('',#6553);
#6556=VERTEX_POINT('',#6554);
#6557=CARTESIAN_POINT('',(7.5E-3,4.5E-2,-1.E-1));
#6558=CARTESIAN_POINT('',(7.5E-3,4.5E-2,1.E-1));
#6559=VERTEX_POINT('',#6557);
#6560=VERTEX_POINT('',#6558);
#6561=CARTESIAN_POINT('',(-5.E-3,2.334936490539E-2,7.834936490539E-2));
#6562=VERTEX_POINT('',#6561);
#6563=CARTESIAN_POINT('',(-5.E-3,-2.334936490539E-2,7.834936490539E-2));
#6564=VERTEX_POINT('',#6563);
#6565=CARTESIAN_POINT('',(-5.E-3,2.334936490539E-2,-7.834936490539E-2));
#6566=VERTEX_POINT('',#6565);
#6567=CARTESIAN_POINT('',(-5.E-3,-2.334936490539E-2,-7.834936490539E-2));
#6568=VERTEX_POINT('',#6567);
#6569=CARTESIAN_POINT('',(1.075E-1,-4.5E-2,-1.E-1));
#6570=CARTESIAN_POINT('',(1.075E-1,-4.5E-2,1.E-1));
#6571=VERTEX_POINT('',#6569);
#6572=VERTEX_POINT('',#6570);
#6573=CARTESIAN_POINT('',(8.25E-2,-4.5E-2,-1.E-1));
#6574=CARTESIAN_POINT('',(8.25E-2,-4.5E-2,1.E-1));
#6575=VERTEX_POINT('',#6573);
#6576=VERTEX_POINT('',#6574);
#6577=CARTESIAN_POINT('',(8.25E-2,4.5E-2,-1.E-1));
#6578=CARTESIAN_POINT('',(8.25E-2,4.5E-2,1.E-1));
#6579=VERTEX_POINT('',#6577);
#6580=VERTEX_POINT('',#6578);
#6581=CARTESIAN_POINT('',(1.075E-1,4.5E-2,-1.E-1));
#6582=CARTESIAN_POINT('',(1.075E-1,4.5E-2,1.E-1));
#6583=VERTEX_POINT('',#6581);
#6584=VERTEX_POINT('',#6582);
#6585=CARTESIAN_POINT('',(9.5E-2,2.334936490539E-2,7.834936490539E-2));
#6586=VERTEX_POINT('',#6585);
#6587=CARTESIAN_POINT('',(9.5E-2,-2.334936490539E-2,7.834936490539E-2));
#6588=VERTEX_POINT('',#6587);
#6589=CARTESIAN_POINT('',(9.5E-2,2.334936490539E-2,-7.834936490539E-2));
#6590=VERTEX_POINT('',#6589);
#6591=CARTESIAN_POINT('',(9.5E-2,-2.334936490539E-2,-7.834936490539E-2));
#6592=VERTEX_POINT('',#6591);
#6593=CARTESIAN_POINT('',(2.075E-1,-4.5E-2,-1.E-1));
#6594=CARTESIAN_POINT('',(2.075E-1,-4.5E-2,1.E-1));
#6595=VERTEX_POINT('',#6593);
#6596=VERTEX_POINT('',#6594);
#6597=CARTESIAN_POINT('',(1.825E-1,-4.5E-2,-1.E-1));
#6598=CARTESIAN_POINT('',(1.825E-1,-4.5E-2,1.E-1));
#6599=VERTEX_POINT('',#6597);
#6600=VERTEX_POINT('',#6598);
#6601=CARTESIAN_POINT('',(1.825E-1,4.5E-2,-1.E-1));
#6602=CARTESIAN_POINT('',(1.825E-1,4.5E-2,1.E-1));
#6603=VERTEX_POINT('',#6601);
#6604=VERTEX_POINT('',#6602);
#6605=CARTESIAN_POINT('',(2.075E-1,4.5E-2,-1.E-1));
#6606=CARTESIAN_POINT('',(2.075E-1,4.5E-2,1.E-1));
#6607=VERTEX_POINT('',#6605);
#6608=VERTEX_POINT('',#6606);
#6609=CARTESIAN_POINT('',(1.95E-1,2.334936490539E-2,7.834936490539E-2));
#6610=VERTEX_POINT('',#6609);
#6611=CARTESIAN_POINT('',(1.95E-1,-2.334936490539E-2,7.834936490539E-2));
#6612=VERTEX_POINT('',#6611);
#6613=CARTESIAN_POINT('',(1.95E-1,2.334936490539E-2,-7.834936490539E-2));
#6614=VERTEX_POINT('',#6613);
#6615=CARTESIAN_POINT('',(1.95E-1,-2.334936490539E-2,-7.834936490539E-2));
#6616=VERTEX_POINT('',#6615);
#6617=CARTESIAN_POINT('',(3.075E-1,-4.5E-2,-1.E-1));
#6618=CARTESIAN_POINT('',(3.075E-1,-4.5E-2,1.E-1));
#6619=VERTEX_POINT('',#6617);
#6620=VERTEX_POINT('',#6618);
#6621=CARTESIAN_POINT('',(2.825E-1,-4.5E-2,-1.E-1));
#6622=CARTESIAN_POINT('',(2.825E-1,-4.5E-2,1.E-1));
#6623=VERTEX_POINT('',#6621);
#6624=VERTEX_POINT('',#6622);
#6625=CARTESIAN_POINT('',(2.825E-1,4.5E-2,-1.E-1));
#6626=CARTESIAN_POINT('',(2.825E-1,4.5E-2,1.E-1));
#6627=VERTEX_POINT('',#6625);
#6628=VERTEX_POINT('',#6626);
#6629=CARTESIAN_POINT('',(3.075E-1,4.5E-2,-1.E-1));
#6630=CARTESIAN_POINT('',(3.075E-1,4.5E-2,1.E-1));
#6631=VERTEX_POINT('',#6629);
#6632=VERTEX_POINT('',#6630);
#6633=CARTESIAN_POINT('',(2.95E-1,2.334936490539E-2,7.834936490539E-2));
#6634=VERTEX_POINT('',#6633);
#6635=CARTESIAN_POINT('',(2.95E-1,-2.334936490539E-2,7.834936490539E-2));
#6636=VERTEX_POINT('',#6635);
#6637=CARTESIAN_POINT('',(2.95E-1,2.334936490539E-2,-7.834936490539E-2));
#6638=VERTEX_POINT('',#6637);
#6639=CARTESIAN_POINT('',(2.95E-1,-2.334936490539E-2,-7.834936490539E-2));
#6640=VERTEX_POINT('',#6639);
#6641=CARTESIAN_POINT('',(4.075E-1,-4.5E-2,-1.E-1));
#6642=CARTESIAN_POINT('',(4.075E-1,-4.5E-2,1.E-1));
#6643=VERTEX_POINT('',#6641);
#6644=VERTEX_POINT('',#6642);
#6645=CARTESIAN_POINT('',(3.825E-1,-4.5E-2,-1.E-1));
#6646=CARTESIAN_POINT('',(3.825E-1,-4.5E-2,1.E-1));
#6647=VERTEX_POINT('',#6645);
#6648=VERTEX_POINT('',#6646);
#6649=CARTESIAN_POINT('',(3.825E-1,4.5E-2,-1.E-1));
#6650=CARTESIAN_POINT('',(3.825E-1,4.5E-2,1.E-1));
#6651=VERTEX_POINT('',#6649);
#6652=VERTEX_POINT('',#6650);
#6653=CARTESIAN_POINT('',(4.075E-1,4.5E-2,-1.E-1));
#6654=CARTESIAN_POINT('',(4.075E-1,4.5E-2,1.E-1));
#6655=VERTEX_POINT('',#6653);
#6656=VERTEX_POINT('',#6654);
#6657=CARTESIAN_POINT('',(3.95E-1,2.334936490539E-2,7.834936490539E-2));
#6658=VERTEX_POINT('',#6657);
#6659=CARTESIAN_POINT('',(3.95E-1,-2.334936490539E-2,7.834936490539E-2));
#6660=VERTEX_POINT('',#6659);
#6661=CARTESIAN_POINT('',(3.95E-1,2.334936490539E-2,-7.834936490539E-2));
#6662=VERTEX_POINT('',#6661);
#6663=CARTESIAN_POINT('',(3.95E-1,-2.334936490539E-2,-7.834936490539E-2));
#6664=VERTEX_POINT('',#6663);
#6665=CARTESIAN_POINT('',(5.075E-1,-4.5E-2,-1.E-1));
#6666=CARTESIAN_POINT('',(5.075E-1,-4.5E-2,1.E-1));
#6667=VERTEX_POINT('',#6665);
#6668=VERTEX_POINT('',#6666);
#6669=CARTESIAN_POINT('',(4.825E-1,-4.5E-2,-1.E-1));
#6670=CARTESIAN_POINT('',(4.825E-1,-4.5E-2,1.E-1));
#6671=VERTEX_POINT('',#6669);
#6672=VERTEX_POINT('',#6670);
#6673=CARTESIAN_POINT('',(4.825E-1,4.5E-2,-1.E-1));
#6674=CARTESIAN_POINT('',(4.825E-1,4.5E-2,1.E-1));
#6675=VERTEX_POINT('',#6673);
#6676=VERTEX_POINT('',#6674);
#6677=CARTESIAN_POINT('',(5.075E-1,4.5E-2,-1.E-1));
#6678=CARTESIAN_POINT('',(5.075E-1,4.5E-2,1.E-1));
#6679=VERTEX_POINT('',#6677);
#6680=VERTEX_POINT('',#6678);
#6681=CARTESIAN_POINT('',(4.95E-1,2.334936490539E-2,7.834936490539E-2));
#6682=VERTEX_POINT('',#6681);
#6683=CARTESIAN_POINT('',(4.95E-1,-2.334936490539E-2,7.834936490539E-2));
#6684=VERTEX_POINT('',#6683);
#6685=CARTESIAN_POINT('',(4.95E-1,2.334936490539E-2,-7.834936490539E-2));
#6686=VERTEX_POINT('',#6685);
#6687=CARTESIAN_POINT('',(4.95E-1,-2.334936490539E-2,-7.834936490539E-2));
#6688=VERTEX_POINT('',#6687);
#6689=CARTESIAN_POINT('',(6.075E-1,-4.5E-2,-1.E-1));
#6690=CARTESIAN_POINT('',(6.075E-1,-4.5E-2,1.E-1));
#6691=VERTEX_POINT('',#6689);
#6692=VERTEX_POINT('',#6690);
#6693=CARTESIAN_POINT('',(5.825E-1,-4.5E-2,-1.E-1));
#6694=CARTESIAN_POINT('',(5.825E-1,-4.5E-2,1.E-1));
#6695=VERTEX_POINT('',#6693);
#6696=VERTEX_POINT('',#6694);
#6697=CARTESIAN_POINT('',(5.825E-1,4.5E-2,-1.E-1));
#6698=CARTESIAN_POINT('',(5.825E-1,4.5E-2,1.E-1));
#6699=VERTEX_POINT('',#6697);
#6700=VERTEX_POINT('',#6698);
#6701=CARTESIAN_POINT('',(6.075E-1,4.5E-2,-1.E-1));
#6702=CARTESIAN_POINT('',(6.075E-1,4.5E-2,1.E-1));
#6703=VERTEX_POINT('',#6701);
#6704=VERTEX_POINT('',#6702);
#6705=CARTESIAN_POINT('',(5.95E-1,2.334936490539E-2,7.834936490539E-2));
#6706=VERTEX_POINT('',#6705);
#6707=CARTESIAN_POINT('',(5.95E-1,-2.334936490539E-2,7.834936490539E-2));
#6708=VERTEX_POINT('',#6707);
#6709=CARTESIAN_POINT('',(5.95E-1,2.334936490539E-2,-7.834936490539E-2));
#6710=VERTEX_POINT('',#6709);
#6711=CARTESIAN_POINT('',(5.95E-1,-2.334936490539E-2,-7.834936490539E-2));
#6712=VERTEX_POINT('',#6711);
#6713=CARTESIAN_POINT('',(7.075E-1,-4.5E-2,-1.E-1));
#6714=CARTESIAN_POINT('',(7.075E-1,-4.5E-2,1.E-1));
#6715=VERTEX_POINT('',#6713);
#6716=VERTEX_POINT('',#6714);
#6717=CARTESIAN_POINT('',(6.825E-1,-4.5E-2,-1.E-1));
#6718=CARTESIAN_POINT('',(6.825E-1,-4.5E-2,1.E-1));
#6719=VERTEX_POINT('',#6717);
#6720=VERTEX_POINT('',#6718);
#6721=CARTESIAN_POINT('',(6.825E-1,4.5E-2,-1.E-1));
#6722=CARTESIAN_POINT('',(6.825E-1,4.5E-2,1.E-1));
#6723=VERTEX_POINT('',#6721);
#6724=VERTEX_POINT('',#6722);
#6725=CARTESIAN_POINT('',(7.075E-1,4.5E-2,-1.E-1));
#6726=CARTESIAN_POINT('',(7.075E-1,4.5E-2,1.E-1));
#6727=VERTEX_POINT('',#6725);
#6728=VERTEX_POINT('',#6726);
#6729=CARTESIAN_POINT('',(6.95E-1,2.334936490539E-2,7.834936490539E-2));
#6730=VERTEX_POINT('',#6729);
#6731=CARTESIAN_POINT('',(6.95E-1,-2.334936490539E-2,7.834936490539E-2));
#6732=VERTEX_POINT('',#6731);
#6733=CARTESIAN_POINT('',(6.95E-1,2.334936490539E-2,-7.834936490539E-2));
#6734=VERTEX_POINT('',#6733);
#6735=CARTESIAN_POINT('',(6.95E-1,-2.334936490539E-2,-7.834936490539E-2));
#6736=VERTEX_POINT('',#6735);
#6737=CARTESIAN_POINT('',(8.075E-1,-4.5E-2,-1.E-1));
#6738=CARTESIAN_POINT('',(8.075E-1,-4.5E-2,1.E-1));
#6739=VERTEX_POINT('',#6737);
#6740=VERTEX_POINT('',#6738);
#6741=CARTESIAN_POINT('',(7.825E-1,-4.5E-2,-1.E-1));
#6742=CARTESIAN_POINT('',(7.825E-1,-4.5E-2,1.E-1));
#6743=VERTEX_POINT('',#6741);
#6744=VERTEX_POINT('',#6742);
#6745=CARTESIAN_POINT('',(7.825E-1,4.5E-2,-1.E-1));
#6746=CARTESIAN_POINT('',(7.825E-1,4.5E-2,1.E-1));
#6747=VERTEX_POINT('',#6745);
#6748=VERTEX_POINT('',#6746);
#6749=CARTESIAN_POINT('',(8.075E-1,4.5E-2,-1.E-1));
#6750=CARTESIAN_POINT('',(8.075E-1,4.5E-2,1.E-1));
#6751=VERTEX_POINT('',#6749);
#6752=VERTEX_POINT('',#6750);
#6753=CARTESIAN_POINT('',(7.95E-1,2.334936490539E-2,7.834936490539E-2));
#6754=VERTEX_POINT('',#6753);
#6755=CARTESIAN_POINT('',(7.95E-1,-2.334936490539E-2,7.834936490539E-2));
#6756=VERTEX_POINT('',#6755);
#6757=CARTESIAN_POINT('',(7.95E-1,2.334936490539E-2,-7.834936490539E-2));
#6758=VERTEX_POINT('',#6757);
#6759=CARTESIAN_POINT('',(7.95E-1,-2.334936490539E-2,-7.834936490539E-2));
#6760=VERTEX_POINT('',#6759);
#6761=CARTESIAN_POINT('',(8.875E-1,4.5E-2,-1.E-1));
#6762=CARTESIAN_POINT('',(9.E-1,2.5E-2,-8.E-2));
#6763=VERTEX_POINT('',#6761);
#6764=VERTEX_POINT('',#6762);
#6765=CARTESIAN_POINT('',(9.E-1,2.5E-2,8.E-2));
#6766=VERTEX_POINT('',#6765);
#6767=CARTESIAN_POINT('',(8.875E-1,4.5E-2,1.E-1));
#6768=VERTEX_POINT('',#6767);
#6769=CARTESIAN_POINT('',(8.875E-1,-4.5E-2,1.E-1));
#6770=CARTESIAN_POINT('',(9.E-1,-2.5E-2,8.E-2));
#6771=VERTEX_POINT('',#6769);
#6772=VERTEX_POINT('',#6770);
#6773=CARTESIAN_POINT('',(9.E-1,-2.5E-2,-8.E-2));
#6774=VERTEX_POINT('',#6773);
#6775=CARTESIAN_POINT('',(8.875E-1,-4.5E-2,-1.E-1));
#6776=VERTEX_POINT('',#6775);
#6777=CARTESIAN_POINT('',(-8.875E-1,4.5E-2,1.E-1));
#6778=CARTESIAN_POINT('',(-9.E-1,2.5E-2,8.E-2));
#6779=VERTEX_POINT('',#6777);
#6780=VERTEX_POINT('',#6778);
#6781=CARTESIAN_POINT('',(-9.E-1,2.5E-2,-8.E-2));
#6782=VERTEX_POINT('',#6781);
#6783=CARTESIAN_POINT('',(-8.875E-1,4.5E-2,-1.E-1));
#6784=VERTEX_POINT('',#6783);
#6785=CARTESIAN_POINT('',(-8.875E-1,-4.5E-2,-1.E-1));
#6786=CARTESIAN_POINT('',(-9.E-1,-2.5E-2,-8.E-2));
#6787=VERTEX_POINT('',#6785);
#6788=VERTEX_POINT('',#6786);
#6789=CARTESIAN_POINT('',(-9.E-1,-2.5E-2,8.E-2));
#6790=VERTEX_POINT('',#6789);
#6791=CARTESIAN_POINT('',(-8.875E-1,-4.5E-2,1.E-1));
#6792=VERTEX_POINT('',#6791);
#6793=CARTESIAN_POINT('',(0.E0,-4.5E-2,0.E0));
#6794=DIRECTION('',(0.E0,1.E0,0.E0));
#6795=DIRECTION('',(-1.E0,0.E0,0.E0));
#6796=AXIS2_PLACEMENT_3D('',#6793,#6794,#6795);
#6797=PLANE('',#6796);
#6799=ORIENTED_EDGE('',*,*,#6798,.F.);
#6801=ORIENTED_EDGE('',*,*,#6800,.T.);
#6803=ORIENTED_EDGE('',*,*,#6802,.T.);
#6805=ORIENTED_EDGE('',*,*,#6804,.T.);
#6806=EDGE_LOOP('',(#6799,#6801,#6803,#6805));
#6807=FACE_OUTER_BOUND('',#6806,.F.);
#6809=ORIENTED_EDGE('',*,*,#6808,.T.);
#6811=ORIENTED_EDGE('',*,*,#6810,.T.);
#6813=ORIENTED_EDGE('',*,*,#6812,.F.);
#6815=ORIENTED_EDGE('',*,*,#6814,.F.);
#6816=EDGE_LOOP('',(#6809,#6811,#6813,#6815));
#6817=FACE_BOUND('',#6816,.F.);
#6819=ORIENTED_EDGE('',*,*,#6818,.T.);
#6821=ORIENTED_EDGE('',*,*,#6820,.T.);
#6823=ORIENTED_EDGE('',*,*,#6822,.F.);
#6825=ORIENTED_EDGE('',*,*,#6824,.F.);
#6826=EDGE_LOOP('',(#6819,#6821,#6823,#6825));
#6827=FACE_BOUND('',#6826,.F.);
#6828=ADVANCED_FACE('',(#6807,#6817,#6827),#6797,.F.);
#6829=CARTESIAN_POINT('',(0.E0,-4.5E-2,0.E0));
#6830=DIRECTION('',(0.E0,1.E0,0.E0));
#6831=DIRECTION('',(-1.E0,0.E0,0.E0));
#6832=AXIS2_PLACEMENT_3D('',#6829,#6830,#6831);
#6833=PLANE('',#6832);
#6835=ORIENTED_EDGE('',*,*,#6834,.F.);
#6837=ORIENTED_EDGE('',*,*,#6836,.T.);
#6839=ORIENTED_EDGE('',*,*,#6838,.T.);
#6841=ORIENTED_EDGE('',*,*,#6840,.T.);
#6842=EDGE_LOOP('',(#6835,#6837,#6839,#6841));
#6843=FACE_OUTER_BOUND('',#6842,.F.);
#6845=ORIENTED_EDGE('',*,*,#6844,.T.);
#6847=ORIENTED_EDGE('',*,*,#6846,.T.);
#6849=ORIENTED_EDGE('',*,*,#6848,.F.);
#6851=ORIENTED_EDGE('',*,*,#6850,.F.);
#6852=EDGE_LOOP('',(#6845,#6847,#6849,#6851));
#6853=FACE_BOUND('',#6852,.F.);
#6855=ORIENTED_EDGE('',*,*,#6854,.T.);
#6857=ORIENTED_EDGE('',*,*,#6856,.T.);
#6859=ORIENTED_EDGE('',*,*,#6858,.F.);
#6861=ORIENTED_EDGE('',*,*,#6860,.F.);
#6862=EDGE_LOOP('',(#6855,#6857,#6859,#6861));
#6863=FACE_BOUND('',#6862,.F.);
#6864=ADVANCED_FACE('',(#6843,#6853,#6863),#6833,.F.);
#6865=CARTESIAN_POINT('',(0.E0,-4.5E-2,0.E0));
#6866=DIRECTION('',(0.E0,1.E0,0.E0));
#6867=DIRECTION('',(-1.E0,0.E0,0.E0));
#6868=AXIS2_PLACEMENT_3D('',#6865,#6866,#6867);
#6869=PLANE('',#6868);
#6871=ORIENTED_EDGE('',*,*,#6870,.F.);
#6873=ORIENTED_EDGE('',*,*,#6872,.T.);
#6875=ORIENTED_EDGE('',*,*,#6874,.T.);
#6877=ORIENTED_EDGE('',*,*,#6876,.T.);
#6878=EDGE_LOOP('',(#6871,#6873,#6875,#6877));
#6879=FACE_OUTER_BOUND('',#6878,.F.);
#6881=ORIENTED_EDGE('',*,*,#6880,.T.);
#6883=ORIENTED_EDGE('',*,*,#6882,.T.);
#6885=ORIENTED_EDGE('',*,*,#6884,.F.);
#6887=ORIENTED_EDGE('',*,*,#6886,.F.);
#6888=EDGE_LOOP('',(#6881,#6883,#6885,#6887));
#6889=FACE_BOUND('',#6888,.F.);
#6891=ORIENTED_EDGE('',*,*,#6890,.T.);
#6893=ORIENTED_EDGE('',*,*,#6892,.T.);
#6895=ORIENTED_EDGE('',*,*,#6894,.F.);
#6897=ORIENTED_EDGE('',*,*,#6896,.F.);
#6898=EDGE_LOOP('',(#6891,#6893,#6895,#6897));
#6899=FACE_BOUND('',#6898,.F.);
#6900=ADVANCED_FACE('',(#6879,#6889,#6899),#6869,.F.);
#6901=CARTESIAN_POINT('',(0.E0,-4.5E-2,0.E0));
#6902=DIRECTION('',(0.E0,1.E0,0.E0));
#6903=DIRECTION('',(-1.E0,0.E0,0.E0));
#6904=AXIS2_PLACEMENT_3D('',#6901,#6902,#6903);
#6905=PLANE('',#6904);
#6907=ORIENTED_EDGE('',*,*,#6906,.F.);
#6909=ORIENTED_EDGE('',*,*,#6908,.T.);
#6911=ORIENTED_EDGE('',*,*,#6910,.T.);
#6913=ORIENTED_EDGE('',*,*,#6912,.T.);
#6914=EDGE_LOOP('',(#6907,#6909,#6911,#6913));
#6915=FACE_OUTER_BOUND('',#6914,.F.);
#6917=ORIENTED_EDGE('',*,*,#6916,.T.);
#6919=ORIENTED_EDGE('',*,*,#6918,.T.);
#6921=ORIENTED_EDGE('',*,*,#6920,.F.);
#6923=ORIENTED_EDGE('',*,*,#6922,.F.);
#6924=EDGE_LOOP('',(#6917,#6919,#6921,#6923));
#6925=FACE_BOUND('',#6924,.F.);
#6927=ORIENTED_EDGE('',*,*,#6926,.T.);
#6929=ORIENTED_EDGE('',*,*,#6928,.T.);
#6931=ORIENTED_EDGE('',*,*,#6930,.F.);
#6933=ORIENTED_EDGE('',*,*,#6932,.F.);
#6934=EDGE_LOOP('',(#6927,#6929,#6931,#6933));
#6935=FACE_BOUND('',#6934,.F.);
#6936=ADVANCED_FACE('',(#6915,#6925,#6935),#6905,.F.);
#6937=CARTESIAN_POINT('',(0.E0,-4.5E-2,0.E0));
#6938=DIRECTION('',(0.E0,1.E0,0.E0));
#6939=DIRECTION('',(-1.E0,0.E0,0.E0));
#6940=AXIS2_PLACEMENT_3D('',#6937,#6938,#6939);
#6941=PLANE('',#6940);
#6943=ORIENTED_EDGE('',*,*,#6942,.F.);
#6945=ORIENTED_EDGE('',*,*,#6944,.T.);
#6947=ORIENTED_EDGE('',*,*,#6946,.T.);
#6949=ORIENTED_EDGE('',*,*,#6948,.T.);
#6950=EDGE_LOOP('',(#6943,#6945,#6947,#6949));
#6951=FACE_OUTER_BOUND('',#6950,.F.);
#6953=ORIENTED_EDGE('',*,*,#6952,.T.);
#6955=ORIENTED_EDGE('',*,*,#6954,.T.);
#6957=ORIENTED_EDGE('',*,*,#6956,.F.);
#6959=ORIENTED_EDGE('',*,*,#6958,.F.);
#6960=EDGE_LOOP('',(#6953,#6955,#6957,#6959));
#6961=FACE_BOUND('',#6960,.F.);
#6963=ORIENTED_EDGE('',*,*,#6962,.T.);
#6965=ORIENTED_EDGE('',*,*,#6964,.T.);
#6967=ORIENTED_EDGE('',*,*,#6966,.F.);
#6969=ORIENTED_EDGE('',*,*,#6968,.F.);
#6970=EDGE_LOOP('',(#6963,#6965,#6967,#6969));
#6971=FACE_BOUND('',#6970,.F.);
#6972=ADVANCED_FACE('',(#6951,#6961,#6971),#6941,.F.);
#6973=CARTESIAN_POINT('',(0.E0,-4.5E-2,0.E0));
#6974=DIRECTION('',(0.E0,1.E0,0.E0));
#6975=DIRECTION('',(-1.E0,0.E0,0.E0));
#6976=AXIS2_PLACEMENT_3D('',#6973,#6974,#6975);
#6977=PLANE('',#6976);
#6979=ORIENTED_EDGE('',*,*,#6978,.F.);
#6981=ORIENTED_EDGE('',*,*,#6980,.T.);
#6983=ORIENTED_EDGE('',*,*,#6982,.T.);
#6985=ORIENTED_EDGE('',*,*,#6984,.T.);
#6986=EDGE_LOOP('',(#6979,#6981,#6983,#6985));
#6987=FACE_OUTER_BOUND('',#6986,.F.);
#6989=ORIENTED_EDGE('',*,*,#6988,.T.);
#6991=ORIENTED_EDGE('',*,*,#6990,.T.);
#6993=ORIENTED_EDGE('',*,*,#6992,.F.);
#6995=ORIENTED_EDGE('',*,*,#6994,.F.);
#6996=EDGE_LOOP('',(#6989,#6991,#6993,#6995));
#6997=FACE_BOUND('',#6996,.F.);
#6999=ORIENTED_EDGE('',*,*,#6998,.T.);
#7001=ORIENTED_EDGE('',*,*,#7000,.T.);
#7003=ORIENTED_EDGE('',*,*,#7002,.F.);
#7005=ORIENTED_EDGE('',*,*,#7004,.F.);
#7006=EDGE_LOOP('',(#6999,#7001,#7003,#7005));
#7007=FACE_BOUND('',#7006,.F.);
#7008=ADVANCED_FACE('',(#6987,#6997,#7007),#6977,.F.);
#7009=CARTESIAN_POINT('',(0.E0,-4.5E-2,0.E0));
#7010=DIRECTION('',(0.E0,1.E0,0.E0));
#7011=DIRECTION('',(-1.E0,0.E0,0.E0));
#7012=AXIS2_PLACEMENT_3D('',#7009,#7010,#7011);
#7013=PLANE('',#7012);
#7015=ORIENTED_EDGE('',*,*,#7014,.F.);
#7017=ORIENTED_EDGE('',*,*,#7016,.T.);
#7019=ORIENTED_EDGE('',*,*,#7018,.T.);
#7021=ORIENTED_EDGE('',*,*,#7020,.T.);
#7022=EDGE_LOOP('',(#7015,#7017,#7019,#7021));
#7023=FACE_OUTER_BOUND('',#7022,.F.);
#7025=ORIENTED_EDGE('',*,*,#7024,.T.);
#7027=ORIENTED_EDGE('',*,*,#7026,.T.);
#7029=ORIENTED_EDGE('',*,*,#7028,.F.);
#7031=ORIENTED_EDGE('',*,*,#7030,.F.);
#7032=EDGE_LOOP('',(#7025,#7027,#7029,#7031));
#7033=FACE_BOUND('',#7032,.F.);
#7035=ORIENTED_EDGE('',*,*,#7034,.T.);
#7037=ORIENTED_EDGE('',*,*,#7036,.T.);
#7039=ORIENTED_EDGE('',*,*,#7038,.F.);
#7041=ORIENTED_EDGE('',*,*,#7040,.F.);
#7042=EDGE_LOOP('',(#7035,#7037,#7039,#7041));
#7043=FACE_BOUND('',#7042,.F.);
#7044=ADVANCED_FACE('',(#7023,#7033,#7043),#7013,.F.);
#7045=CARTESIAN_POINT('',(0.E0,-4.5E-2,0.E0));
#7046=DIRECTION('',(0.E0,1.E0,0.E0));
#7047=DIRECTION('',(-1.E0,0.E0,0.E0));
#7048=AXIS2_PLACEMENT_3D('',#7045,#7046,#7047);
#7049=PLANE('',#7048);
#7051=ORIENTED_EDGE('',*,*,#7050,.F.);
#7053=ORIENTED_EDGE('',*,*,#7052,.T.);
#7055=ORIENTED_EDGE('',*,*,#7054,.T.);
#7057=ORIENTED_EDGE('',*,*,#7056,.T.);
#7058=EDGE_LOOP('',(#7051,#7053,#7055,#7057));
#7059=FACE_OUTER_BOUND('',#7058,.F.);
#7061=ORIENTED_EDGE('',*,*,#7060,.T.);
#7063=ORIENTED_EDGE('',*,*,#7062,.T.);
#7065=ORIENTED_EDGE('',*,*,#7064,.F.);
#7067=ORIENTED_EDGE('',*,*,#7066,.F.);
#7068=EDGE_LOOP('',(#7061,#7063,#7065,#7067));
#7069=FACE_BOUND('',#7068,.F.);
#7071=ORIENTED_EDGE('',*,*,#7070,.T.);
#7073=ORIENTED_EDGE('',*,*,#7072,.T.);
#7075=ORIENTED_EDGE('',*,*,#7074,.F.);
#7077=ORIENTED_EDGE('',*,*,#7076,.F.);
#7078=EDGE_LOOP('',(#7071,#7073,#7075,#7077));
#7079=FACE_BOUND('',#7078,.F.);
#7080=ADVANCED_FACE('',(#7059,#7069,#7079),#7049,.F.);
#7081=CARTESIAN_POINT('',(0.E0,-4.5E-2,0.E0));
#7082=DIRECTION('',(0.E0,1.E0,0.E0));
#7083=DIRECTION('',(-1.E0,0.E0,0.E0));
#7084=AXIS2_PLACEMENT_3D('',#7081,#7082,#7083);
#7085=PLANE('',#7084);
#7087=ORIENTED_EDGE('',*,*,#7086,.F.);
#7089=ORIENTED_EDGE('',*,*,#7088,.T.);
#7091=ORIENTED_EDGE('',*,*,#7090,.T.);
#7093=ORIENTED_EDGE('',*,*,#7092,.T.);
#7094=EDGE_LOOP('',(#7087,#7089,#7091,#7093));
#7095=FACE_OUTER_BOUND('',#7094,.F.);
#7097=ORIENTED_EDGE('',*,*,#7096,.T.);
#7099=ORIENTED_EDGE('',*,*,#7098,.T.);
#7101=ORIENTED_EDGE('',*,*,#7100,.F.);
#7103=ORIENTED_EDGE('',*,*,#7102,.F.);
#7104=EDGE_LOOP('',(#7097,#7099,#7101,#7103));
#7105=FACE_BOUND('',#7104,.F.);
#7107=ORIENTED_EDGE('',*,*,#7106,.T.);
#7109=ORIENTED_EDGE('',*,*,#7108,.T.);
#7111=ORIENTED_EDGE('',*,*,#7110,.F.);
#7113=ORIENTED_EDGE('',*,*,#7112,.F.);
#7114=EDGE_LOOP('',(#7107,#7109,#7111,#7113));
#7115=FACE_BOUND('',#7114,.F.);
#7116=ADVANCED_FACE('',(#7095,#7105,#7115),#7085,.F.);
#7117=CARTESIAN_POINT('',(0.E0,-4.5E-2,0.E0));
#7118=DIRECTION('',(0.E0,1.E0,0.E0));
#7119=DIRECTION('',(-1.E0,0.E0,0.E0));
#7120=AXIS2_PLACEMENT_3D('',#7117,#7118,#7119);
#7121=PLANE('',#7120);
#7123=ORIENTED_EDGE('',*,*,#7122,.F.);
#7125=ORIENTED_EDGE('',*,*,#7124,.T.);
#7127=ORIENTED_EDGE('',*,*,#7126,.T.);
#7129=ORIENTED_EDGE('',*,*,#7128,.T.);
#7130=EDGE_LOOP('',(#7123,#7125,#7127,#7129));
#7131=FACE_OUTER_BOUND('',#7130,.F.);
#7133=ORIENTED_EDGE('',*,*,#7132,.T.);
#7135=ORIENTED_EDGE('',*,*,#7134,.T.);
#7137=ORIENTED_EDGE('',*,*,#7136,.F.);
#7139=ORIENTED_EDGE('',*,*,#7138,.F.);
#7140=EDGE_LOOP('',(#7133,#7135,#7137,#7139));
#7141=FACE_BOUND('',#7140,.F.);
#7143=ORIENTED_EDGE('',*,*,#7142,.T.);
#7145=ORIENTED_EDGE('',*,*,#7144,.T.);
#7147=ORIENTED_EDGE('',*,*,#7146,.F.);
#7149=ORIENTED_EDGE('',*,*,#7148,.F.);
#7150=EDGE_LOOP('',(#7143,#7145,#7147,#7149));
#7151=FACE_BOUND('',#7150,.F.);
#7152=ADVANCED_FACE('',(#7131,#7141,#7151),#7121,.F.);
#7153=CARTESIAN_POINT('',(0.E0,-4.5E-2,0.E0));
#7154=DIRECTION('',(0.E0,1.E0,0.E0));
#7155=DIRECTION('',(-1.E0,0.E0,0.E0));
#7156=AXIS2_PLACEMENT_3D('',#7153,#7154,#7155);
#7157=PLANE('',#7156);
#7159=ORIENTED_EDGE('',*,*,#7158,.F.);
#7161=ORIENTED_EDGE('',*,*,#7160,.T.);
#7163=ORIENTED_EDGE('',*,*,#7162,.T.);
#7165=ORIENTED_EDGE('',*,*,#7164,.T.);
#7166=EDGE_LOOP('',(#7159,#7161,#7163,#7165));
#7167=FACE_OUTER_BOUND('',#7166,.F.);
#7169=ORIENTED_EDGE('',*,*,#7168,.T.);
#7171=ORIENTED_EDGE('',*,*,#7170,.T.);
#7173=ORIENTED_EDGE('',*,*,#7172,.F.);
#7175=ORIENTED_EDGE('',*,*,#7174,.F.);
#7176=EDGE_LOOP('',(#7169,#7171,#7173,#7175));
#7177=FACE_BOUND('',#7176,.F.);
#7179=ORIENTED_EDGE('',*,*,#7178,.T.);
#7181=ORIENTED_EDGE('',*,*,#7180,.T.);
#7183=ORIENTED_EDGE('',*,*,#7182,.F.);
#7185=ORIENTED_EDGE('',*,*,#7184,.F.);
#7186=EDGE_LOOP('',(#7179,#7181,#7183,#7185));
#7187=FACE_BOUND('',#7186,.F.);
#7188=ADVANCED_FACE('',(#7167,#7177,#7187),#7157,.F.);
#7189=CARTESIAN_POINT('',(0.E0,-4.5E-2,0.E0));
#7190=DIRECTION('',(0.E0,1.E0,0.E0));
#7191=DIRECTION('',(-1.E0,0.E0,0.E0));
#7192=AXIS2_PLACEMENT_3D('',#7189,#7190,#7191);
#7193=PLANE('',#7192);
#7195=ORIENTED_EDGE('',*,*,#7194,.F.);
#7197=ORIENTED_EDGE('',*,*,#7196,.T.);
#7199=ORIENTED_EDGE('',*,*,#7198,.T.);
#7201=ORIENTED_EDGE('',*,*,#7200,.T.);
#7202=EDGE_LOOP('',(#7195,#7197,#7199,#7201));
#7203=FACE_OUTER_BOUND('',#7202,.F.);
#7205=ORIENTED_EDGE('',*,*,#7204,.T.);
#7207=ORIENTED_EDGE('',*,*,#7206,.T.);
#7209=ORIENTED_EDGE('',*,*,#7208,.F.);
#7211=ORIENTED_EDGE('',*,*,#7210,.F.);
#7212=EDGE_LOOP('',(#7205,#7207,#7209,#7211));
#7213=FACE_BOUND('',#7212,.F.);
#7215=ORIENTED_EDGE('',*,*,#7214,.T.);
#7217=ORIENTED_EDGE('',*,*,#7216,.T.);
#7219=ORIENTED_EDGE('',*,*,#7218,.F.);
#7221=ORIENTED_EDGE('',*,*,#7220,.F.);
#7222=EDGE_LOOP('',(#7215,#7217,#7219,#7221));
#7223=FACE_BOUND('',#7222,.F.);
#7224=ADVANCED_FACE('',(#7203,#7213,#7223),#7193,.F.);
#7225=CARTESIAN_POINT('',(0.E0,-4.5E-2,0.E0));
#7226=DIRECTION('',(0.E0,1.E0,0.E0));
#7227=DIRECTION('',(-1.E0,0.E0,0.E0));
#7228=AXIS2_PLACEMENT_3D('',#7225,#7226,#7227);
#7229=PLANE('',#7228);
#7231=ORIENTED_EDGE('',*,*,#7230,.F.);
#7233=ORIENTED_EDGE('',*,*,#7232,.T.);
#7235=ORIENTED_EDGE('',*,*,#7234,.T.);
#7237=ORIENTED_EDGE('',*,*,#7236,.T.);
#7238=EDGE_LOOP('',(#7231,#7233,#7235,#7237));
#7239=FACE_OUTER_BOUND('',#7238,.F.);
#7241=ORIENTED_EDGE('',*,*,#7240,.T.);
#7243=ORIENTED_EDGE('',*,*,#7242,.T.);
#7245=ORIENTED_EDGE('',*,*,#7244,.F.);
#7247=ORIENTED_EDGE('',*,*,#7246,.F.);
#7248=EDGE_LOOP('',(#7241,#7243,#7245,#7247));
#7249=FACE_BOUND('',#7248,.F.);
#7251=ORIENTED_EDGE('',*,*,#7250,.T.);
#7253=ORIENTED_EDGE('',*,*,#7252,.T.);
#7255=ORIENTED_EDGE('',*,*,#7254,.F.);
#7257=ORIENTED_EDGE('',*,*,#7256,.F.);
#7258=EDGE_LOOP('',(#7251,#7253,#7255,#7257));
#7259=FACE_BOUND('',#7258,.F.);
#7260=ADVANCED_FACE('',(#7239,#7249,#7259),#7229,.F.);
#7261=CARTESIAN_POINT('',(0.E0,-4.5E-2,0.E0));
#7262=DIRECTION('',(0.E0,1.E0,0.E0));
#7263=DIRECTION('',(-1.E0,0.E0,0.E0));
#7264=AXIS2_PLACEMENT_3D('',#7261,#7262,#7263);
#7265=PLANE('',#7264);
#7267=ORIENTED_EDGE('',*,*,#7266,.F.);
#7269=ORIENTED_EDGE('',*,*,#7268,.T.);
#7271=ORIENTED_EDGE('',*,*,#7270,.T.);
#7273=ORIENTED_EDGE('',*,*,#7272,.T.);
#7274=EDGE_LOOP('',(#7267,#7269,#7271,#7273));
#7275=FACE_OUTER_BOUND('',#7274,.F.);
#7277=ORIENTED_EDGE('',*,*,#7276,.T.);
#7279=ORIENTED_EDGE('',*,*,#7278,.T.);
#7281=ORIENTED_EDGE('',*,*,#7280,.F.);
#7283=ORIENTED_EDGE('',*,*,#7282,.F.);
#7284=EDGE_LOOP('',(#7277,#7279,#7281,#7283));
#7285=FACE_BOUND('',#7284,.F.);
#7287=ORIENTED_EDGE('',*,*,#7286,.T.);
#7289=ORIENTED_EDGE('',*,*,#7288,.T.);
#7291=ORIENTED_EDGE('',*,*,#7290,.F.);
#7293=ORIENTED_EDGE('',*,*,#7292,.F.);
#7294=EDGE_LOOP('',(#7287,#7289,#7291,#7293));
#7295=FACE_BOUND('',#7294,.F.);
#7296=ADVANCED_FACE('',(#7275,#7285,#7295),#7265,.F.);
#7297=CARTESIAN_POINT('',(0.E0,-4.5E-2,0.E0));
#7298=DIRECTION('',(0.E0,1.E0,0.E0));
#7299=DIRECTION('',(-1.E0,0.E0,0.E0));
#7300=AXIS2_PLACEMENT_3D('',#7297,#7298,#7299);
#7301=PLANE('',#7300);
#7303=ORIENTED_EDGE('',*,*,#7302,.F.);
#7305=ORIENTED_EDGE('',*,*,#7304,.T.);
#7307=ORIENTED_EDGE('',*,*,#7306,.T.);
#7309=ORIENTED_EDGE('',*,*,#7308,.T.);
#7310=EDGE_LOOP('',(#7303,#7305,#7307,#7309));
#7311=FACE_OUTER_BOUND('',#7310,.F.);
#7313=ORIENTED_EDGE('',*,*,#7312,.T.);
#7315=ORIENTED_EDGE('',*,*,#7314,.T.);
#7317=ORIENTED_EDGE('',*,*,#7316,.F.);
#7319=ORIENTED_EDGE('',*,*,#7318,.F.);
#7320=EDGE_LOOP('',(#7313,#7315,#7317,#7319));
#7321=FACE_BOUND('',#7320,.F.);
#7323=ORIENTED_EDGE('',*,*,#7322,.T.);
#7325=ORIENTED_EDGE('',*,*,#7324,.T.);
#7327=ORIENTED_EDGE('',*,*,#7326,.F.);
#7329=ORIENTED_EDGE('',*,*,#7328,.F.);
#7330=EDGE_LOOP('',(#7323,#7325,#7327,#7329));
#7331=FACE_BOUND('',#7330,.F.);
#7332=ADVANCED_FACE('',(#7311,#7321,#7331),#7301,.F.);
#7333=CARTESIAN_POINT('',(0.E0,-4.5E-2,0.E0));
#7334=DIRECTION('',(0.E0,1.E0,0.E0));
#7335=DIRECTION('',(-1.E0,0.E0,0.E0));
#7336=AXIS2_PLACEMENT_3D('',#7333,#7334,#7335);
#7337=PLANE('',#7336);
#7339=ORIENTED_EDGE('',*,*,#7338,.F.);
#7341=ORIENTED_EDGE('',*,*,#7340,.T.);
#7343=ORIENTED_EDGE('',*,*,#7342,.T.);
#7345=ORIENTED_EDGE('',*,*,#7344,.T.);
#7346=EDGE_LOOP('',(#7339,#7341,#7343,#7345));
#7347=FACE_OUTER_BOUND('',#7346,.F.);
#7349=ORIENTED_EDGE('',*,*,#7348,.T.);
#7351=ORIENTED_EDGE('',*,*,#7350,.T.);
#7353=ORIENTED_EDGE('',*,*,#7352,.F.);
#7355=ORIENTED_EDGE('',*,*,#7354,.F.);
#7356=EDGE_LOOP('',(#7349,#7351,#7353,#7355));
#7357=FACE_BOUND('',#7356,.F.);
#7359=ORIENTED_EDGE('',*,*,#7358,.T.);
#7361=ORIENTED_EDGE('',*,*,#7360,.T.);
#7363=ORIENTED_EDGE('',*,*,#7362,.F.);
#7365=ORIENTED_EDGE('',*,*,#7364,.F.);
#7366=EDGE_LOOP('',(#7359,#7361,#7363,#7365));
#7367=FACE_BOUND('',#7366,.F.);
#7368=ADVANCED_FACE('',(#7347,#7357,#7367),#7337,.F.);
#7369=CARTESIAN_POINT('',(0.E0,-4.5E-2,0.E0));
#7370=DIRECTION('',(0.E0,1.E0,0.E0));
#7371=DIRECTION('',(-1.E0,0.E0,0.E0));
#7372=AXIS2_PLACEMENT_3D('',#7369,#7370,#7371);
#7373=PLANE('',#7372);
#7375=ORIENTED_EDGE('',*,*,#7374,.F.);
#7377=ORIENTED_EDGE('',*,*,#7376,.T.);
#7379=ORIENTED_EDGE('',*,*,#7378,.T.);
#7381=ORIENTED_EDGE('',*,*,#7380,.T.);
#7382=EDGE_LOOP('',(#7375,#7377,#7379,#7381));
#7383=FACE_OUTER_BOUND('',#7382,.F.);
#7385=ORIENTED_EDGE('',*,*,#7384,.T.);
#7387=ORIENTED_EDGE('',*,*,#7386,.T.);
#7389=ORIENTED_EDGE('',*,*,#7388,.F.);
#7391=ORIENTED_EDGE('',*,*,#7390,.F.);
#7392=EDGE_LOOP('',(#7385,#7387,#7389,#7391));
#7393=FACE_BOUND('',#7392,.F.);
#7395=ORIENTED_EDGE('',*,*,#7394,.T.);
#7397=ORIENTED_EDGE('',*,*,#7396,.T.);
#7399=ORIENTED_EDGE('',*,*,#7398,.F.);
#7401=ORIENTED_EDGE('',*,*,#7400,.F.);
#7402=EDGE_LOOP('',(#7395,#7397,#7399,#7401));
#7403=FACE_BOUND('',#7402,.F.);
#7404=ADVANCED_FACE('',(#7383,#7393,#7403),#7373,.F.);
#7405=CARTESIAN_POINT('',(0.E0,-4.5E-2,0.E0));
#7406=DIRECTION('',(0.E0,1.E0,0.E0));
#7407=DIRECTION('',(-1.E0,0.E0,0.E0));
#7408=AXIS2_PLACEMENT_3D('',#7405,#7406,#7407);
#7409=PLANE('',#7408);
#7411=ORIENTED_EDGE('',*,*,#7410,.F.);
#7413=ORIENTED_EDGE('',*,*,#7412,.T.);
#7415=ORIENTED_EDGE('',*,*,#7414,.F.);
#7417=ORIENTED_EDGE('',*,*,#7416,.T.);
#7418=EDGE_LOOP('',(#7411,#7413,#7415,#7417));
#7419=FACE_OUTER_BOUND('',#7418,.F.);
#7421=ORIENTED_EDGE('',*,*,#7420,.T.);
#7423=ORIENTED_EDGE('',*,*,#7422,.T.);
#7425=ORIENTED_EDGE('',*,*,#7424,.F.);
#7427=ORIENTED_EDGE('',*,*,#7426,.F.);
#7428=EDGE_LOOP('',(#7421,#7423,#7425,#7427));
#7429=FACE_BOUND('',#7428,.F.);
#7431=ORIENTED_EDGE('',*,*,#7430,.T.);
#7433=ORIENTED_EDGE('',*,*,#7432,.T.);
#7435=ORIENTED_EDGE('',*,*,#7434,.F.);
#7437=ORIENTED_EDGE('',*,*,#7436,.F.);
#7438=EDGE_LOOP('',(#7431,#7433,#7435,#7437));
#7439=FACE_BOUND('',#7438,.F.);
#7440=ADVANCED_FACE('',(#7419,#7429,#7439),#7409,.F.);
#7441=CARTESIAN_POINT('',(8.4E-1,-4.5E-2,8.E-2));
#7442=DIRECTION('',(1.E0,0.E0,0.E0));
#7443=DIRECTION('',(0.E0,0.E0,-1.E0));
#7444=AXIS2_PLACEMENT_3D('',#7441,#7442,#7443);
#7445=PLANE('',#7444);
#7446=ORIENTED_EDGE('',*,*,#7384,.F.);
#7448=ORIENTED_EDGE('',*,*,#7447,.T.);
#7450=ORIENTED_EDGE('',*,*,#7449,.T.);
#7452=ORIENTED_EDGE('',*,*,#7451,.T.);
#7453=EDGE_LOOP('',(#7446,#7448,#7450,#7452));
#7454=FACE_OUTER_BOUND('',#7453,.F.);
#7455=ADVANCED_FACE('',(#7454),#7445,.F.);
#7456=CARTESIAN_POINT('',(8.4E-1,-4.5E-2,8.E-2));
#7457=DIRECTION('',(1.E0,0.E0,0.E0));
#7458=DIRECTION('',(0.E0,0.E0,-1.E0));
#7459=AXIS2_PLACEMENT_3D('',#7456,#7457,#7458);
#7460=PLANE('',#7459);
#7461=ORIENTED_EDGE('',*,*,#7394,.F.);
#7463=ORIENTED_EDGE('',*,*,#7462,.T.);
#7465=ORIENTED_EDGE('',*,*,#7464,.T.);
#7467=ORIENTED_EDGE('',*,*,#7466,.T.);
#7468=EDGE_LOOP('',(#7461,#7463,#7465,#7467));
#7469=FACE_OUTER_BOUND('',#7468,.F.);
#7470=ADVANCED_FACE('',(#7469),#7460,.F.);
#7471=CARTESIAN_POINT('',(8.4E-1,-4.5E-2,8.E-2));
#7472=DIRECTION('',(1.E0,0.E0,0.E0));
#7473=DIRECTION('',(0.E0,0.E0,-1.E0));
#7474=AXIS2_PLACEMENT_3D('',#7471,#7472,#7473);
#7475=PLANE('',#7474);
#7477=ORIENTED_EDGE('',*,*,#7476,.T.);
#7479=ORIENTED_EDGE('',*,*,#7478,.T.);
#7481=ORIENTED_EDGE('',*,*,#7480,.T.);
#7483=ORIENTED_EDGE('',*,*,#7482,.T.);
#7484=EDGE_LOOP('',(#7477,#7479,#7481,#7483));
#7485=FACE_OUTER_BOUND('',#7484,.F.);
#7486=ADVANCED_FACE('',(#7485),#7475,.F.);
#7487=CARTESIAN_POINT('',(8.4E-1,-4.5E-2,8.E-2));
#7488=DIRECTION('',(1.E0,0.E0,0.E0));
#7489=DIRECTION('',(0.E0,0.E0,-1.E0));
#7490=AXIS2_PLACEMENT_3D('',#7487,#7488,#7489);
#7491=PLANE('',#7490);
#7493=ORIENTED_EDGE('',*,*,#7492,.T.);
#7495=ORIENTED_EDGE('',*,*,#7494,.T.);
#7497=ORIENTED_EDGE('',*,*,#7496,.T.);
#7499=ORIENTED_EDGE('',*,*,#7498,.T.);
#7500=EDGE_LOOP('',(#7493,#7495,#7497,#7499));
#7501=FACE_OUTER_BOUND('',#7500,.F.);
#7502=ADVANCED_FACE('',(#7501),#7491,.F.);
#7503=CARTESIAN_POINT('',(8.4E-1,-4.5E-2,6.E-2));
#7504=DIRECTION('',(0.E0,0.E0,1.E0));
#7505=DIRECTION('',(0.E0,-1.E0,0.E0));
#7506=AXIS2_PLACEMENT_3D('',#7503,#7504,#7505);
#7507=PLANE('',#7506);
#7508=ORIENTED_EDGE('',*,*,#7390,.T.);
#7510=ORIENTED_EDGE('',*,*,#7509,.T.);
#7512=ORIENTED_EDGE('',*,*,#7511,.F.);
#7513=ORIENTED_EDGE('',*,*,#7447,.F.);
#7514=EDGE_LOOP('',(#7508,#7510,#7512,#7513));
#7515=FACE_OUTER_BOUND('',#7514,.F.);
#7516=ADVANCED_FACE('',(#7515),#7507,.T.);
#7517=CARTESIAN_POINT('',(8.6E-1,-4.5E-2,8.E-2));
#7518=DIRECTION('',(1.E0,0.E0,0.E0));
#7519=DIRECTION('',(0.E0,0.E0,-1.E0));
#7520=AXIS2_PLACEMENT_3D('',#7517,#7518,#7519);
#7521=PLANE('',#7520);
#7522=ORIENTED_EDGE('',*,*,#7388,.T.);
#7524=ORIENTED_EDGE('',*,*,#7523,.F.);
#7526=ORIENTED_EDGE('',*,*,#7525,.F.);
#7527=ORIENTED_EDGE('',*,*,#7509,.F.);
#7528=EDGE_LOOP('',(#7522,#7524,#7526,#7527));
#7529=FACE_OUTER_BOUND('',#7528,.F.);
#7530=ADVANCED_FACE('',(#7529),#7521,.T.);
#7531=CARTESIAN_POINT('',(8.6E-1,-4.5E-2,8.E-2));
#7532=DIRECTION('',(1.E0,0.E0,0.E0));
#7533=DIRECTION('',(0.E0,0.E0,-1.E0));
#7534=AXIS2_PLACEMENT_3D('',#7531,#7532,#7533);
#7535=PLANE('',#7534);
#7536=ORIENTED_EDGE('',*,*,#7398,.T.);
#7538=ORIENTED_EDGE('',*,*,#7537,.F.);
#7540=ORIENTED_EDGE('',*,*,#7539,.F.);
#7542=ORIENTED_EDGE('',*,*,#7541,.F.);
#7543=EDGE_LOOP('',(#7536,#7538,#7540,#7542));
#7544=FACE_OUTER_BOUND('',#7543,.F.);
#7545=ADVANCED_FACE('',(#7544),#7535,.T.);
#7546=CARTESIAN_POINT('',(8.6E-1,-4.5E-2,8.E-2));
#7547=DIRECTION('',(1.E0,0.E0,0.E0));
#7548=DIRECTION('',(0.E0,0.E0,-1.E0));
#7549=AXIS2_PLACEMENT_3D('',#7546,#7547,#7548);
#7550=PLANE('',#7549);
#7552=ORIENTED_EDGE('',*,*,#7551,.F.);
#7554=ORIENTED_EDGE('',*,*,#7553,.F.);
#7556=ORIENTED_EDGE('',*,*,#7555,.F.);
#7558=ORIENTED_EDGE('',*,*,#7557,.F.);
#7559=EDGE_LOOP('',(#7552,#7554,#7556,#7558));
#7560=FACE_OUTER_BOUND('',#7559,.F.);
#7561=ADVANCED_FACE('',(#7560),#7550,.T.);
#7562=CARTESIAN_POINT('',(8.6E-1,-4.5E-2,8.E-2));
#7563=DIRECTION('',(1.E0,0.E0,0.E0));
#7564=DIRECTION('',(0.E0,0.E0,-1.E0));
#7565=AXIS2_PLACEMENT_3D('',#7562,#7563,#7564);
#7566=PLANE('',#7565);
#7568=ORIENTED_EDGE('',*,*,#7567,.F.);
#7570=ORIENTED_EDGE('',*,*,#7569,.F.);
#7572=ORIENTED_EDGE('',*,*,#7571,.F.);
#7574=ORIENTED_EDGE('',*,*,#7573,.F.);
#7575=EDGE_LOOP('',(#7568,#7570,#7572,#7574));
#7576=FACE_OUTER_BOUND('',#7575,.F.);
#7577=ADVANCED_FACE('',(#7576),#7566,.T.);
#7578=CARTESIAN_POINT('',(8.4E-1,-1.52E-1,4.E-2));
#7579=DIRECTION('',(0.E0,0.E0,-1.E0));
#7580=DIRECTION('',(0.E0,1.E0,0.E0));
#7581=AXIS2_PLACEMENT_3D('',#7578,#7579,#7580);
#7582=PLANE('',#7581);
#7583=ORIENTED_EDGE('',*,*,#7386,.F.);
#7584=ORIENTED_EDGE('',*,*,#7451,.F.);
#7586=ORIENTED_EDGE('',*,*,#7585,.T.);
#7587=ORIENTED_EDGE('',*,*,#7523,.T.);
#7588=EDGE_LOOP('',(#7583,#7584,#7586,#7587));
#7589=FACE_OUTER_BOUND('',#7588,.F.);
#7590=ADVANCED_FACE('',(#7589),#7582,.T.);
#7591=CARTESIAN_POINT('',(8.4E-1,-1.52E-1,6.E-2));
#7592=DIRECTION('',(0.E0,-1.E0,0.E0));
#7593=DIRECTION('',(0.E0,0.E0,-1.E0));
#7594=AXIS2_PLACEMENT_3D('',#7591,#7592,#7593);
#7595=PLANE('',#7594);
#7596=ORIENTED_EDGE('',*,*,#7449,.F.);
#7597=ORIENTED_EDGE('',*,*,#7511,.T.);
#7598=ORIENTED_EDGE('',*,*,#7525,.T.);
#7599=ORIENTED_EDGE('',*,*,#7585,.F.);
#7600=EDGE_LOOP('',(#7596,#7597,#7598,#7599));
#7601=FACE_OUTER_BOUND('',#7600,.F.);
#7602=ADVANCED_FACE('',(#7601),#7595,.T.);
#7603=CARTESIAN_POINT('',(8.4E-1,-1.52E-1,-6.E-2));
#7604=DIRECTION('',(0.E0,0.E0,-1.E0));
#7605=DIRECTION('',(0.E0,1.E0,0.E0));
#7606=AXIS2_PLACEMENT_3D('',#7603,#7604,#7605);
#7607=PLANE('',#7606);
#7608=ORIENTED_EDGE('',*,*,#7396,.F.);
#7609=ORIENTED_EDGE('',*,*,#7466,.F.);
#7611=ORIENTED_EDGE('',*,*,#7610,.T.);
#7612=ORIENTED_EDGE('',*,*,#7537,.T.);
#7613=EDGE_LOOP('',(#7608,#7609,#7611,#7612));
#7614=FACE_OUTER_BOUND('',#7613,.F.);
#7615=ADVANCED_FACE('',(#7614),#7607,.T.);
#7616=CARTESIAN_POINT('',(8.4E-1,-1.52E-1,-4.E-2));
#7617=DIRECTION('',(0.E0,-1.E0,0.E0));
#7618=DIRECTION('',(0.E0,0.E0,-1.E0));
#7619=AXIS2_PLACEMENT_3D('',#7616,#7617,#7618);
#7620=PLANE('',#7619);
#7621=ORIENTED_EDGE('',*,*,#7464,.F.);
#7623=ORIENTED_EDGE('',*,*,#7622,.T.);
#7624=ORIENTED_EDGE('',*,*,#7539,.T.);
#7625=ORIENTED_EDGE('',*,*,#7610,.F.);
#7626=EDGE_LOOP('',(#7621,#7623,#7624,#7625));
#7627=FACE_OUTER_BOUND('',#7626,.F.);
#7628=ADVANCED_FACE('',(#7627),#7620,.T.);
#7629=CARTESIAN_POINT('',(8.4E-1,-4.5E-2,-4.E-2));
#7630=DIRECTION('',(0.E0,0.E0,1.E0));
#7631=DIRECTION('',(0.E0,-1.E0,0.E0));
#7632=AXIS2_PLACEMENT_3D('',#7629,#7630,#7631);
#7633=PLANE('',#7632);
#7634=ORIENTED_EDGE('',*,*,#7400,.T.);
#7635=ORIENTED_EDGE('',*,*,#7541,.T.);
#7636=ORIENTED_EDGE('',*,*,#7622,.F.);
#7637=ORIENTED_EDGE('',*,*,#7462,.F.);
#7638=EDGE_LOOP('',(#7634,#7635,#7636,#7637));
#7639=FACE_OUTER_BOUND('',#7638,.F.);
#7640=ADVANCED_FACE('',(#7639),#7633,.T.);
#7641=CARTESIAN_POINT('',(0.E0,4.5E-2,0.E0));
#7642=DIRECTION('',(0.E0,1.E0,0.E0));
#7643=DIRECTION('',(-1.E0,0.E0,0.E0));
#7644=AXIS2_PLACEMENT_3D('',#7641,#7642,#7643);
#7645=PLANE('',#7644);
#7647=ORIENTED_EDGE('',*,*,#7646,.T.);
#7649=ORIENTED_EDGE('',*,*,#7648,.F.);
#7651=ORIENTED_EDGE('',*,*,#7650,.F.);
#7653=ORIENTED_EDGE('',*,*,#7652,.F.);
#7654=EDGE_LOOP('',(#7647,#7649,#7651,#7653));
#7655=FACE_OUTER_BOUND('',#7654,.F.);
#7657=ORIENTED_EDGE('',*,*,#7656,.F.);
#7659=ORIENTED_EDGE('',*,*,#7658,.T.);
#7661=ORIENTED_EDGE('',*,*,#7660,.T.);
#7663=ORIENTED_EDGE('',*,*,#7662,.F.);
#7664=EDGE_LOOP('',(#7657,#7659,#7661,#7663));
#7665=FACE_BOUND('',#7664,.F.);
#7667=ORIENTED_EDGE('',*,*,#7666,.F.);
#7669=ORIENTED_EDGE('',*,*,#7668,.T.);
#7671=ORIENTED_EDGE('',*,*,#7670,.T.);
#7673=ORIENTED_EDGE('',*,*,#7672,.F.);
#7674=EDGE_LOOP('',(#7667,#7669,#7671,#7673));
#7675=FACE_BOUND('',#7674,.F.);
#7676=ADVANCED_FACE('',(#7655,#7665,#7675),#7645,.T.);
#7677=CARTESIAN_POINT('',(0.E0,4.5E-2,0.E0));
#7678=DIRECTION('',(0.E0,1.E0,0.E0));
#7679=DIRECTION('',(-1.E0,0.E0,0.E0));
#7680=AXIS2_PLACEMENT_3D('',#7677,#7678,#7679);
#7681=PLANE('',#7680);
#7683=ORIENTED_EDGE('',*,*,#7682,.T.);
#7685=ORIENTED_EDGE('',*,*,#7684,.F.);
#7687=ORIENTED_EDGE('',*,*,#7686,.F.);
#7689=ORIENTED_EDGE('',*,*,#7688,.F.);
#7690=EDGE_LOOP('',(#7683,#7685,#7687,#7689));
#7691=FACE_OUTER_BOUND('',#7690,.F.);
#7693=ORIENTED_EDGE('',*,*,#7692,.F.);
#7695=ORIENTED_EDGE('',*,*,#7694,.T.);
#7697=ORIENTED_EDGE('',*,*,#7696,.T.);
#7699=ORIENTED_EDGE('',*,*,#7698,.F.);
#7700=EDGE_LOOP('',(#7693,#7695,#7697,#7699));
#7701=FACE_BOUND('',#7700,.F.);
#7703=ORIENTED_EDGE('',*,*,#7702,.F.);
#7705=ORIENTED_EDGE('',*,*,#7704,.T.);
#7707=ORIENTED_EDGE('',*,*,#7706,.T.);
#7709=ORIENTED_EDGE('',*,*,#7708,.F.);
#7710=EDGE_LOOP('',(#7703,#7705,#7707,#7709));
#7711=FACE_BOUND('',#7710,.F.);
#7712=ADVANCED_FACE('',(#7691,#7701,#7711),#7681,.T.);
#7713=CARTESIAN_POINT('',(0.E0,4.5E-2,0.E0));
#7714=DIRECTION('',(0.E0,1.E0,0.E0));
#7715=DIRECTION('',(-1.E0,0.E0,0.E0));
#7716=AXIS2_PLACEMENT_3D('',#7713,#7714,#7715);
#7717=PLANE('',#7716);
#7719=ORIENTED_EDGE('',*,*,#7718,.T.);
#7721=ORIENTED_EDGE('',*,*,#7720,.F.);
#7723=ORIENTED_EDGE('',*,*,#7722,.F.);
#7725=ORIENTED_EDGE('',*,*,#7724,.F.);
#7726=EDGE_LOOP('',(#7719,#7721,#7723,#7725));
#7727=FACE_OUTER_BOUND('',#7726,.F.);
#7729=ORIENTED_EDGE('',*,*,#7728,.F.);
#7731=ORIENTED_EDGE('',*,*,#7730,.T.);
#7733=ORIENTED_EDGE('',*,*,#7732,.T.);
#7735=ORIENTED_EDGE('',*,*,#7734,.F.);
#7736=EDGE_LOOP('',(#7729,#7731,#7733,#7735));
#7737=FACE_BOUND('',#7736,.F.);
#7739=ORIENTED_EDGE('',*,*,#7738,.F.);
#7741=ORIENTED_EDGE('',*,*,#7740,.T.);
#7743=ORIENTED_EDGE('',*,*,#7742,.T.);
#7745=ORIENTED_EDGE('',*,*,#7744,.F.);
#7746=EDGE_LOOP('',(#7739,#7741,#7743,#7745));
#7747=FACE_BOUND('',#7746,.F.);
#7748=ADVANCED_FACE('',(#7727,#7737,#7747),#7717,.T.);
#7749=CARTESIAN_POINT('',(0.E0,4.5E-2,0.E0));
#7750=DIRECTION('',(0.E0,1.E0,0.E0));
#7751=DIRECTION('',(-1.E0,0.E0,0.E0));
#7752=AXIS2_PLACEMENT_3D('',#7749,#7750,#7751);
#7753=PLANE('',#7752);
#7755=ORIENTED_EDGE('',*,*,#7754,.T.);
#7757=ORIENTED_EDGE('',*,*,#7756,.F.);
#7759=ORIENTED_EDGE('',*,*,#7758,.F.);
#7761=ORIENTED_EDGE('',*,*,#7760,.F.);
#7762=EDGE_LOOP('',(#7755,#7757,#7759,#7761));
#7763=FACE_OUTER_BOUND('',#7762,.F.);
#7765=ORIENTED_EDGE('',*,*,#7764,.F.);
#7767=ORIENTED_EDGE('',*,*,#7766,.T.);
#7769=ORIENTED_EDGE('',*,*,#7768,.T.);
#7771=ORIENTED_EDGE('',*,*,#7770,.F.);
#7772=EDGE_LOOP('',(#7765,#7767,#7769,#7771));
#7773=FACE_BOUND('',#7772,.F.);
#7775=ORIENTED_EDGE('',*,*,#7774,.F.);
#7777=ORIENTED_EDGE('',*,*,#7776,.T.);
#7779=ORIENTED_EDGE('',*,*,#7778,.T.);
#7781=ORIENTED_EDGE('',*,*,#7780,.F.);
#7782=EDGE_LOOP('',(#7775,#7777,#7779,#7781));
#7783=FACE_BOUND('',#7782,.F.);
#7784=ADVANCED_FACE('',(#7763,#7773,#7783),#7753,.T.);
#7785=CARTESIAN_POINT('',(0.E0,4.5E-2,0.E0));
#7786=DIRECTION('',(0.E0,1.E0,0.E0));
#7787=DIRECTION('',(-1.E0,0.E0,0.E0));
#7788=AXIS2_PLACEMENT_3D('',#7785,#7786,#7787);
#7789=PLANE('',#7788);
#7791=ORIENTED_EDGE('',*,*,#7790,.T.);
#7793=ORIENTED_EDGE('',*,*,#7792,.F.);
#7795=ORIENTED_EDGE('',*,*,#7794,.F.);
#7797=ORIENTED_EDGE('',*,*,#7796,.F.);
#7798=EDGE_LOOP('',(#7791,#7793,#7795,#7797));
#7799=FACE_OUTER_BOUND('',#7798,.F.);
#7801=ORIENTED_EDGE('',*,*,#7800,.F.);
#7803=ORIENTED_EDGE('',*,*,#7802,.T.);
#7805=ORIENTED_EDGE('',*,*,#7804,.T.);
#7807=ORIENTED_EDGE('',*,*,#7806,.F.);
#7808=EDGE_LOOP('',(#7801,#7803,#7805,#7807));
#7809=FACE_BOUND('',#7808,.F.);
#7811=ORIENTED_EDGE('',*,*,#7810,.F.);
#7813=ORIENTED_EDGE('',*,*,#7812,.T.);
#7815=ORIENTED_EDGE('',*,*,#7814,.T.);
#7817=ORIENTED_EDGE('',*,*,#7816,.F.);
#7818=EDGE_LOOP('',(#7811,#7813,#7815,#7817));
#7819=FACE_BOUND('',#7818,.F.);
#7820=ADVANCED_FACE('',(#7799,#7809,#7819),#7789,.T.);
#7821=CARTESIAN_POINT('',(0.E0,4.5E-2,0.E0));
#7822=DIRECTION('',(0.E0,1.E0,0.E0));
#7823=DIRECTION('',(-1.E0,0.E0,0.E0));
#7824=AXIS2_PLACEMENT_3D('',#7821,#7822,#7823);
#7825=PLANE('',#7824);
#7827=ORIENTED_EDGE('',*,*,#7826,.T.);
#7829=ORIENTED_EDGE('',*,*,#7828,.F.);
#7831=ORIENTED_EDGE('',*,*,#7830,.F.);
#7833=ORIENTED_EDGE('',*,*,#7832,.F.);
#7834=EDGE_LOOP('',(#7827,#7829,#7831,#7833));
#7835=FACE_OUTER_BOUND('',#7834,.F.);
#7837=ORIENTED_EDGE('',*,*,#7836,.F.);
#7839=ORIENTED_EDGE('',*,*,#7838,.T.);
#7841=ORIENTED_EDGE('',*,*,#7840,.T.);
#7843=ORIENTED_EDGE('',*,*,#7842,.F.);
#7844=EDGE_LOOP('',(#7837,#7839,#7841,#7843));
#7845=FACE_BOUND('',#7844,.F.);
#7847=ORIENTED_EDGE('',*,*,#7846,.F.);
#7849=ORIENTED_EDGE('',*,*,#7848,.T.);
#7851=ORIENTED_EDGE('',*,*,#7850,.T.);
#7853=ORIENTED_EDGE('',*,*,#7852,.F.);
#7854=EDGE_LOOP('',(#7847,#7849,#7851,#7853));
#7855=FACE_BOUND('',#7854,.F.);
#7856=ADVANCED_FACE('',(#7835,#7845,#7855),#7825,.T.);
#7857=CARTESIAN_POINT('',(0.E0,4.5E-2,0.E0));
#7858=DIRECTION('',(0.E0,1.E0,0.E0));
#7859=DIRECTION('',(-1.E0,0.E0,0.E0));
#7860=AXIS2_PLACEMENT_3D('',#7857,#7858,#7859);
#7861=PLANE('',#7860);
#7863=ORIENTED_EDGE('',*,*,#7862,.T.);
#7865=ORIENTED_EDGE('',*,*,#7864,.F.);
#7867=ORIENTED_EDGE('',*,*,#7866,.F.);
#7869=ORIENTED_EDGE('',*,*,#7868,.F.);
#7870=EDGE_LOOP('',(#7863,#7865,#7867,#7869));
#7871=FACE_OUTER_BOUND('',#7870,.F.);
#7873=ORIENTED_EDGE('',*,*,#7872,.F.);
#7875=ORIENTED_EDGE('',*,*,#7874,.T.);
#7877=ORIENTED_EDGE('',*,*,#7876,.T.);
#7879=ORIENTED_EDGE('',*,*,#7878,.F.);
#7880=EDGE_LOOP('',(#7873,#7875,#7877,#7879));
#7881=FACE_BOUND('',#7880,.F.);
#7883=ORIENTED_EDGE('',*,*,#7882,.F.);
#7885=ORIENTED_EDGE('',*,*,#7884,.T.);
#7887=ORIENTED_EDGE('',*,*,#7886,.T.);
#7889=ORIENTED_EDGE('',*,*,#7888,.F.);
#7890=EDGE_LOOP('',(#7883,#7885,#7887,#7889));
#7891=FACE_BOUND('',#7890,.F.);
#7892=ADVANCED_FACE('',(#7871,#7881,#7891),#7861,.T.);
#7893=CARTESIAN_POINT('',(0.E0,4.5E-2,0.E0));
#7894=DIRECTION('',(0.E0,1.E0,0.E0));
#7895=DIRECTION('',(-1.E0,0.E0,0.E0));
#7896=AXIS2_PLACEMENT_3D('',#7893,#7894,#7895);
#7897=PLANE('',#7896);
#7899=ORIENTED_EDGE('',*,*,#7898,.T.);
#7901=ORIENTED_EDGE('',*,*,#7900,.F.);
#7903=ORIENTED_EDGE('',*,*,#7902,.F.);
#7905=ORIENTED_EDGE('',*,*,#7904,.F.);
#7906=EDGE_LOOP('',(#7899,#7901,#7903,#7905));
#7907=FACE_OUTER_BOUND('',#7906,.F.);
#7909=ORIENTED_EDGE('',*,*,#7908,.F.);
#7911=ORIENTED_EDGE('',*,*,#7910,.T.);
#7913=ORIENTED_EDGE('',*,*,#7912,.T.);
#7915=ORIENTED_EDGE('',*,*,#7914,.F.);
#7916=EDGE_LOOP('',(#7909,#7911,#7913,#7915));
#7917=FACE_BOUND('',#7916,.F.);
#7919=ORIENTED_EDGE('',*,*,#7918,.F.);
#7921=ORIENTED_EDGE('',*,*,#7920,.T.);
#7923=ORIENTED_EDGE('',*,*,#7922,.T.);
#7925=ORIENTED_EDGE('',*,*,#7924,.F.);
#7926=EDGE_LOOP('',(#7919,#7921,#7923,#7925));
#7927=FACE_BOUND('',#7926,.F.);
#7928=ADVANCED_FACE('',(#7907,#7917,#7927),#7897,.T.);
#7929=CARTESIAN_POINT('',(0.E0,4.5E-2,0.E0));
#7930=DIRECTION('',(0.E0,1.E0,0.E0));
#7931=DIRECTION('',(-1.E0,0.E0,0.E0));
#7932=AXIS2_PLACEMENT_3D('',#7929,#7930,#7931);
#7933=PLANE('',#7932);
#7935=ORIENTED_EDGE('',*,*,#7934,.T.);
#7937=ORIENTED_EDGE('',*,*,#7936,.F.);
#7939=ORIENTED_EDGE('',*,*,#7938,.F.);
#7941=ORIENTED_EDGE('',*,*,#7940,.F.);
#7942=EDGE_LOOP('',(#7935,#7937,#7939,#7941));
#7943=FACE_OUTER_BOUND('',#7942,.F.);
#7945=ORIENTED_EDGE('',*,*,#7944,.F.);
#7947=ORIENTED_EDGE('',*,*,#7946,.T.);
#7949=ORIENTED_EDGE('',*,*,#7948,.T.);
#7951=ORIENTED_EDGE('',*,*,#7950,.F.);
#7952=EDGE_LOOP('',(#7945,#7947,#7949,#7951));
#7953=FACE_BOUND('',#7952,.F.);
#7955=ORIENTED_EDGE('',*,*,#7954,.F.);
#7957=ORIENTED_EDGE('',*,*,#7956,.T.);
#7959=ORIENTED_EDGE('',*,*,#7958,.T.);
#7961=ORIENTED_EDGE('',*,*,#7960,.F.);
#7962=EDGE_LOOP('',(#7955,#7957,#7959,#7961));
#7963=FACE_BOUND('',#7962,.F.);
#7964=ADVANCED_FACE('',(#7943,#7953,#7963),#7933,.T.);
#7965=CARTESIAN_POINT('',(0.E0,4.5E-2,0.E0));
#7966=DIRECTION('',(0.E0,1.E0,0.E0));
#7967=DIRECTION('',(-1.E0,0.E0,0.E0));
#7968=AXIS2_PLACEMENT_3D('',#7965,#7966,#7967);
#7969=PLANE('',#7968);
#7971=ORIENTED_EDGE('',*,*,#7970,.T.);
#7973=ORIENTED_EDGE('',*,*,#7972,.F.);
#7975=ORIENTED_EDGE('',*,*,#7974,.F.);
#7977=ORIENTED_EDGE('',*,*,#7976,.F.);
#7978=EDGE_LOOP('',(#7971,#7973,#7975,#7977));
#7979=FACE_OUTER_BOUND('',#7978,.F.);
#7981=ORIENTED_EDGE('',*,*,#7980,.F.);
#7983=ORIENTED_EDGE('',*,*,#7982,.T.);
#7985=ORIENTED_EDGE('',*,*,#7984,.T.);
#7987=ORIENTED_EDGE('',*,*,#7986,.F.);
#7988=EDGE_LOOP('',(#7981,#7983,#7985,#7987));
#7989=FACE_BOUND('',#7988,.F.);
#7991=ORIENTED_EDGE('',*,*,#7990,.F.);
#7993=ORIENTED_EDGE('',*,*,#7992,.T.);
#7995=ORIENTED_EDGE('',*,*,#7994,.T.);
#7997=ORIENTED_EDGE('',*,*,#7996,.F.);
#7998=EDGE_LOOP('',(#7991,#7993,#7995,#7997));
#7999=FACE_BOUND('',#7998,.F.);
#8000=ADVANCED_FACE('',(#7979,#7989,#7999),#7969,.T.);
#8001=CARTESIAN_POINT('',(0.E0,4.5E-2,0.E0));
#8002=DIRECTION('',(0.E0,1.E0,0.E0));
#8003=DIRECTION('',(-1.E0,0.E0,0.E0));
#8004=AXIS2_PLACEMENT_3D('',#8001,#8002,#8003);
#8005=PLANE('',#8004);
#8007=ORIENTED_EDGE('',*,*,#8006,.T.);
#8009=ORIENTED_EDGE('',*,*,#8008,.F.);
#8011=ORIENTED_EDGE('',*,*,#8010,.F.);
#8013=ORIENTED_EDGE('',*,*,#8012,.F.);
#8014=EDGE_LOOP('',(#8007,#8009,#8011,#8013));
#8015=FACE_OUTER_BOUND('',#8014,.F.);
#8017=ORIENTED_EDGE('',*,*,#8016,.F.);
#8019=ORIENTED_EDGE('',*,*,#8018,.T.);
#8021=ORIENTED_EDGE('',*,*,#8020,.T.);
#8023=ORIENTED_EDGE('',*,*,#8022,.F.);
#8024=EDGE_LOOP('',(#8017,#8019,#8021,#8023));
#8025=FACE_BOUND('',#8024,.F.);
#8027=ORIENTED_EDGE('',*,*,#8026,.F.);
#8029=ORIENTED_EDGE('',*,*,#8028,.T.);
#8031=ORIENTED_EDGE('',*,*,#8030,.T.);
#8033=ORIENTED_EDGE('',*,*,#8032,.F.);
#8034=EDGE_LOOP('',(#8027,#8029,#8031,#8033));
#8035=FACE_BOUND('',#8034,.F.);
#8036=ADVANCED_FACE('',(#8015,#8025,#8035),#8005,.T.);
#8037=CARTESIAN_POINT('',(0.E0,4.5E-2,0.E0));
#8038=DIRECTION('',(0.E0,1.E0,0.E0));
#8039=DIRECTION('',(-1.E0,0.E0,0.E0));
#8040=AXIS2_PLACEMENT_3D('',#8037,#8038,#8039);
#8041=PLANE('',#8040);
#8043=ORIENTED_EDGE('',*,*,#8042,.T.);
#8045=ORIENTED_EDGE('',*,*,#8044,.F.);
#8047=ORIENTED_EDGE('',*,*,#8046,.F.);
#8049=ORIENTED_EDGE('',*,*,#8048,.F.);
#8050=EDGE_LOOP('',(#8043,#8045,#8047,#8049));
#8051=FACE_OUTER_BOUND('',#8050,.F.);
#8053=ORIENTED_EDGE('',*,*,#8052,.F.);
#8055=ORIENTED_EDGE('',*,*,#8054,.T.);
#8057=ORIENTED_EDGE('',*,*,#8056,.T.);
#8059=ORIENTED_EDGE('',*,*,#8058,.F.);
#8060=EDGE_LOOP('',(#8053,#8055,#8057,#8059));
#8061=FACE_BOUND('',#8060,.F.);
#8063=ORIENTED_EDGE('',*,*,#8062,.F.);
#8065=ORIENTED_EDGE('',*,*,#8064,.T.);
#8067=ORIENTED_EDGE('',*,*,#8066,.T.);
#8069=ORIENTED_EDGE('',*,*,#8068,.F.);
#8070=EDGE_LOOP('',(#8063,#8065,#8067,#8069));
#8071=FACE_BOUND('',#8070,.F.);
#8072=ADVANCED_FACE('',(#8051,#8061,#8071),#8041,.T.);
#8073=CARTESIAN_POINT('',(0.E0,4.5E-2,0.E0));
#8074=DIRECTION('',(0.E0,1.E0,0.E0));
#8075=DIRECTION('',(-1.E0,0.E0,0.E0));
#8076=AXIS2_PLACEMENT_3D('',#8073,#8074,#8075);
#8077=PLANE('',#8076);
#8079=ORIENTED_EDGE('',*,*,#8078,.T.);
#8081=ORIENTED_EDGE('',*,*,#8080,.F.);
#8083=ORIENTED_EDGE('',*,*,#8082,.F.);
#8085=ORIENTED_EDGE('',*,*,#8084,.F.);
#8086=EDGE_LOOP('',(#8079,#8081,#8083,#8085));
#8087=FACE_OUTER_BOUND('',#8086,.F.);
#8089=ORIENTED_EDGE('',*,*,#8088,.F.);
#8091=ORIENTED_EDGE('',*,*,#8090,.T.);
#8093=ORIENTED_EDGE('',*,*,#8092,.T.);
#8095=ORIENTED_EDGE('',*,*,#8094,.F.);
#8096=EDGE_LOOP('',(#8089,#8091,#8093,#8095));
#8097=FACE_BOUND('',#8096,.F.);
#8099=ORIENTED_EDGE('',*,*,#8098,.F.);
#8101=ORIENTED_EDGE('',*,*,#8100,.T.);
#8103=ORIENTED_EDGE('',*,*,#8102,.T.);
#8105=ORIENTED_EDGE('',*,*,#8104,.F.);
#8106=EDGE_LOOP('',(#8099,#8101,#8103,#8105));
#8107=FACE_BOUND('',#8106,.F.);
#8108=ADVANCED_FACE('',(#8087,#8097,#8107),#8077,.T.);
#8109=CARTESIAN_POINT('',(0.E0,4.5E-2,0.E0));
#8110=DIRECTION('',(0.E0,1.E0,0.E0));
#8111=DIRECTION('',(-1.E0,0.E0,0.E0));
#8112=AXIS2_PLACEMENT_3D('',#8109,#8110,#8111);
#8113=PLANE('',#8112);
#8115=ORIENTED_EDGE('',*,*,#8114,.T.);
#8117=ORIENTED_EDGE('',*,*,#8116,.F.);
#8119=ORIENTED_EDGE('',*,*,#8118,.F.);
#8121=ORIENTED_EDGE('',*,*,#8120,.F.);
#8122=EDGE_LOOP('',(#8115,#8117,#8119,#8121));
#8123=FACE_OUTER_BOUND('',#8122,.F.);
#8125=ORIENTED_EDGE('',*,*,#8124,.F.);
#8127=ORIENTED_EDGE('',*,*,#8126,.T.);
#8129=ORIENTED_EDGE('',*,*,#8128,.T.);
#8131=ORIENTED_EDGE('',*,*,#8130,.F.);
#8132=EDGE_LOOP('',(#8125,#8127,#8129,#8131));
#8133=FACE_BOUND('',#8132,.F.);
#8135=ORIENTED_EDGE('',*,*,#8134,.F.);
#8137=ORIENTED_EDGE('',*,*,#8136,.T.);
#8139=ORIENTED_EDGE('',*,*,#8138,.T.);
#8141=ORIENTED_EDGE('',*,*,#8140,.F.);
#8142=EDGE_LOOP('',(#8135,#8137,#8139,#8141));
#8143=FACE_BOUND('',#8142,.F.);
#8144=ADVANCED_FACE('',(#8123,#8133,#8143),#8113,.T.);
#8145=CARTESIAN_POINT('',(0.E0,4.5E-2,0.E0));
#8146=DIRECTION('',(0.E0,1.E0,0.E0));
#8147=DIRECTION('',(-1.E0,0.E0,0.E0));
#8148=AXIS2_PLACEMENT_3D('',#8145,#8146,#8147);
#8149=PLANE('',#8148);
#8151=ORIENTED_EDGE('',*,*,#8150,.T.);
#8153=ORIENTED_EDGE('',*,*,#8152,.F.);
#8155=ORIENTED_EDGE('',*,*,#8154,.F.);
#8157=ORIENTED_EDGE('',*,*,#8156,.F.);
#8158=EDGE_LOOP('',(#8151,#8153,#8155,#8157));
#8159=FACE_OUTER_BOUND('',#8158,.F.);
#8161=ORIENTED_EDGE('',*,*,#8160,.F.);
#8163=ORIENTED_EDGE('',*,*,#8162,.T.);
#8165=ORIENTED_EDGE('',*,*,#8164,.T.);
#8167=ORIENTED_EDGE('',*,*,#8166,.F.);
#8168=EDGE_LOOP('',(#8161,#8163,#8165,#8167));
#8169=FACE_BOUND('',#8168,.F.);
#8171=ORIENTED_EDGE('',*,*,#8170,.F.);
#8173=ORIENTED_EDGE('',*,*,#8172,.T.);
#8175=ORIENTED_EDGE('',*,*,#8174,.T.);
#8177=ORIENTED_EDGE('',*,*,#8176,.F.);
#8178=EDGE_LOOP('',(#8171,#8173,#8175,#8177));
#8179=FACE_BOUND('',#8178,.F.);
#8180=ADVANCED_FACE('',(#8159,#8169,#8179),#8149,.T.);
#8181=CARTESIAN_POINT('',(0.E0,4.5E-2,0.E0));
#8182=DIRECTION('',(0.E0,1.E0,0.E0));
#8183=DIRECTION('',(-1.E0,0.E0,0.E0));
#8184=AXIS2_PLACEMENT_3D('',#8181,#8182,#8183);
#8185=PLANE('',#8184);
#8187=ORIENTED_EDGE('',*,*,#8186,.T.);
#8189=ORIENTED_EDGE('',*,*,#8188,.F.);
#8191=ORIENTED_EDGE('',*,*,#8190,.F.);
#8193=ORIENTED_EDGE('',*,*,#8192,.F.);
#8194=EDGE_LOOP('',(#8187,#8189,#8191,#8193));
#8195=FACE_OUTER_BOUND('',#8194,.F.);
#8197=ORIENTED_EDGE('',*,*,#8196,.F.);
#8199=ORIENTED_EDGE('',*,*,#8198,.T.);
#8201=ORIENTED_EDGE('',*,*,#8200,.T.);
#8203=ORIENTED_EDGE('',*,*,#8202,.F.);
#8204=EDGE_LOOP('',(#8197,#8199,#8201,#8203));
#8205=FACE_BOUND('',#8204,.F.);
#8207=ORIENTED_EDGE('',*,*,#8206,.F.);
#8209=ORIENTED_EDGE('',*,*,#8208,.T.);
#8211=ORIENTED_EDGE('',*,*,#8210,.T.);
#8213=ORIENTED_EDGE('',*,*,#8212,.F.);
#8214=EDGE_LOOP('',(#8207,#8209,#8211,#8213));
#8215=FACE_BOUND('',#8214,.F.);
#8216=ADVANCED_FACE('',(#8195,#8205,#8215),#8185,.T.);
#8217=CARTESIAN_POINT('',(0.E0,4.5E-2,0.E0));
#8218=DIRECTION('',(0.E0,1.E0,0.E0));
#8219=DIRECTION('',(-1.E0,0.E0,0.E0));
#8220=AXIS2_PLACEMENT_3D('',#8217,#8218,#8219);
#8221=PLANE('',#8220);
#8223=ORIENTED_EDGE('',*,*,#8222,.F.);
#8225=ORIENTED_EDGE('',*,*,#8224,.F.);
#8227=ORIENTED_EDGE('',*,*,#8226,.F.);
#8229=ORIENTED_EDGE('',*,*,#8228,.F.);
#8230=EDGE_LOOP('',(#8223,#8225,#8227,#8229));
#8231=FACE_OUTER_BOUND('',#8230,.F.);
#8232=ORIENTED_EDGE('',*,*,#7476,.F.);
#8234=ORIENTED_EDGE('',*,*,#8233,.T.);
#8235=ORIENTED_EDGE('',*,*,#7551,.T.);
#8237=ORIENTED_EDGE('',*,*,#8236,.F.);
#8238=EDGE_LOOP('',(#8232,#8234,#8235,#8237));
#8239=FACE_BOUND('',#8238,.F.);
#8240=ORIENTED_EDGE('',*,*,#7492,.F.);
#8242=ORIENTED_EDGE('',*,*,#8241,.T.);
#8243=ORIENTED_EDGE('',*,*,#7567,.T.);
#8245=ORIENTED_EDGE('',*,*,#8244,.F.);
#8246=EDGE_LOOP('',(#8240,#8242,#8243,#8245));
#8247=FACE_BOUND('',#8246,.F.);
#8248=ADVANCED_FACE('',(#8231,#8239,#8247),#8221,.T.);
#8249=CARTESIAN_POINT('',(0.E0,4.5E-2,0.E0));
#8250=DIRECTION('',(0.E0,1.E0,0.E0));
#8251=DIRECTION('',(-1.E0,0.E0,0.E0));
#8252=AXIS2_PLACEMENT_3D('',#8249,#8250,#8251);
#8253=PLANE('',#8252);
#8255=ORIENTED_EDGE('',*,*,#8254,.F.);
#8257=ORIENTED_EDGE('',*,*,#8256,.F.);
#8259=ORIENTED_EDGE('',*,*,#8258,.T.);
#8261=ORIENTED_EDGE('',*,*,#8260,.F.);
#8262=EDGE_LOOP('',(#8255,#8257,#8259,#8261));
#8263=FACE_OUTER_BOUND('',#8262,.F.);
#8265=ORIENTED_EDGE('',*,*,#8264,.F.);
#8267=ORIENTED_EDGE('',*,*,#8266,.T.);
#8269=ORIENTED_EDGE('',*,*,#8268,.T.);
#8271=ORIENTED_EDGE('',*,*,#8270,.F.);
#8272=EDGE_LOOP('',(#8265,#8267,#8269,#8271));
#8273=FACE_BOUND('',#8272,.F.);
#8275=ORIENTED_EDGE('',*,*,#8274,.F.);
#8277=ORIENTED_EDGE('',*,*,#8276,.T.);
#8279=ORIENTED_EDGE('',*,*,#8278,.T.);
#8281=ORIENTED_EDGE('',*,*,#8280,.F.);
#8282=EDGE_LOOP('',(#8275,#8277,#8279,#8281));
#8283=FACE_BOUND('',#8282,.F.);
#8284=ADVANCED_FACE('',(#8263,#8273,#8283),#8253,.T.);
#8285=CARTESIAN_POINT('',(8.4E-1,2.85E-1,6.E-2));
#8286=DIRECTION('',(0.E0,0.E0,1.E0));
#8287=DIRECTION('',(0.E0,-1.E0,0.E0));
#8288=AXIS2_PLACEMENT_3D('',#8285,#8286,#8287);
#8289=PLANE('',#8288);
#8290=ORIENTED_EDGE('',*,*,#8233,.F.);
#8291=ORIENTED_EDGE('',*,*,#7482,.F.);
#8293=ORIENTED_EDGE('',*,*,#8292,.T.);
#8294=ORIENTED_EDGE('',*,*,#7553,.T.);
#8295=EDGE_LOOP('',(#8290,#8291,#8293,#8294));
#8296=FACE_OUTER_BOUND('',#8295,.F.);
#8297=ADVANCED_FACE('',(#8296),#8289,.T.);
#8298=CARTESIAN_POINT('',(8.4E-1,2.85E-1,4.E-2));
#8299=DIRECTION('',(0.E0,1.E0,0.E0));
#8300=DIRECTION('',(0.E0,0.E0,1.E0));
#8301=AXIS2_PLACEMENT_3D('',#8298,#8299,#8300);
#8302=PLANE('',#8301);
#8303=ORIENTED_EDGE('',*,*,#7480,.F.);
#8305=ORIENTED_EDGE('',*,*,#8304,.T.);
#8306=ORIENTED_EDGE('',*,*,#7555,.T.);
#8307=ORIENTED_EDGE('',*,*,#8292,.F.);
#8308=EDGE_LOOP('',(#8303,#8305,#8306,#8307));
#8309=FACE_OUTER_BOUND('',#8308,.F.);
#8310=ADVANCED_FACE('',(#8309),#8302,.T.);
#8311=CARTESIAN_POINT('',(8.4E-1,4.5E-2,4.E-2));
#8312=DIRECTION('',(0.E0,0.E0,-1.E0));
#8313=DIRECTION('',(0.E0,1.E0,0.E0));
#8314=AXIS2_PLACEMENT_3D('',#8311,#8312,#8313);
#8315=PLANE('',#8314);
#8316=ORIENTED_EDGE('',*,*,#8236,.T.);
#8317=ORIENTED_EDGE('',*,*,#7557,.T.);
#8318=ORIENTED_EDGE('',*,*,#8304,.F.);
#8319=ORIENTED_EDGE('',*,*,#7478,.F.);
#8320=EDGE_LOOP('',(#8316,#8317,#8318,#8319));
#8321=FACE_OUTER_BOUND('',#8320,.F.);
#8322=ADVANCED_FACE('',(#8321),#8315,.T.);
#8323=CARTESIAN_POINT('',(8.4E-1,2.85E-1,-4.E-2));
#8324=DIRECTION('',(0.E0,0.E0,1.E0));
#8325=DIRECTION('',(0.E0,-1.E0,0.E0));
#8326=AXIS2_PLACEMENT_3D('',#8323,#8324,#8325);
#8327=PLANE('',#8326);
#8328=ORIENTED_EDGE('',*,*,#8241,.F.);
#8329=ORIENTED_EDGE('',*,*,#7498,.F.);
#8331=ORIENTED_EDGE('',*,*,#8330,.T.);
#8332=ORIENTED_EDGE('',*,*,#7569,.T.);
#8333=EDGE_LOOP('',(#8328,#8329,#8331,#8332));
#8334=FACE_OUTER_BOUND('',#8333,.F.);
#8335=ADVANCED_FACE('',(#8334),#8327,.T.);
#8336=CARTESIAN_POINT('',(8.4E-1,2.85E-1,-6.E-2));
#8337=DIRECTION('',(0.E0,1.E0,0.E0));
#8338=DIRECTION('',(0.E0,0.E0,1.E0));
#8339=AXIS2_PLACEMENT_3D('',#8336,#8337,#8338);
#8340=PLANE('',#8339);
#8341=ORIENTED_EDGE('',*,*,#7496,.F.);
#8343=ORIENTED_EDGE('',*,*,#8342,.T.);
#8344=ORIENTED_EDGE('',*,*,#7571,.T.);
#8345=ORIENTED_EDGE('',*,*,#8330,.F.);
#8346=EDGE_LOOP('',(#8341,#8343,#8344,#8345));
#8347=FACE_OUTER_BOUND('',#8346,.F.);
#8348=ADVANCED_FACE('',(#8347),#8340,.T.);
#8349=CARTESIAN_POINT('',(8.4E-1,4.5E-2,-6.E-2));
#8350=DIRECTION('',(0.E0,0.E0,-1.E0));
#8351=DIRECTION('',(0.E0,1.E0,0.E0));
#8352=AXIS2_PLACEMENT_3D('',#8349,#8350,#8351);
#8353=PLANE('',#8352);
#8354=ORIENTED_EDGE('',*,*,#8244,.T.);
#8355=ORIENTED_EDGE('',*,*,#7573,.T.);
#8356=ORIENTED_EDGE('',*,*,#8342,.F.);
#8357=ORIENTED_EDGE('',*,*,#7494,.F.);
#8358=EDGE_LOOP('',(#8354,#8355,#8356,#8357));
#8359=FACE_OUTER_BOUND('',#8358,.F.);
#8360=ADVANCED_FACE('',(#8359),#8353,.T.);
#8361=CARTESIAN_POINT('',(7.4E-1,-4.5E-2,8.E-2));
#8362=DIRECTION('',(1.E0,0.E0,0.E0));
#8363=DIRECTION('',(0.E0,0.E0,-1.E0));
#8364=AXIS2_PLACEMENT_3D('',#8361,#8362,#8363);
#8365=PLANE('',#8364);
#8366=ORIENTED_EDGE('',*,*,#7348,.F.);
#8368=ORIENTED_EDGE('',*,*,#8367,.T.);
#8370=ORIENTED_EDGE('',*,*,#8369,.T.);
#8372=ORIENTED_EDGE('',*,*,#8371,.T.);
#8373=EDGE_LOOP('',(#8366,#8368,#8370,#8372));
#8374=FACE_OUTER_BOUND('',#8373,.F.);
#8375=ADVANCED_FACE('',(#8374),#8365,.F.);
#8376=CARTESIAN_POINT('',(7.4E-1,-4.5E-2,8.E-2));
#8377=DIRECTION('',(1.E0,0.E0,0.E0));
#8378=DIRECTION('',(0.E0,0.E0,-1.E0));
#8379=AXIS2_PLACEMENT_3D('',#8376,#8377,#8378);
#8380=PLANE('',#8379);
#8381=ORIENTED_EDGE('',*,*,#7358,.F.);
#8383=ORIENTED_EDGE('',*,*,#8382,.T.);
#8385=ORIENTED_EDGE('',*,*,#8384,.T.);
#8387=ORIENTED_EDGE('',*,*,#8386,.T.);
#8388=EDGE_LOOP('',(#8381,#8383,#8385,#8387));
#8389=FACE_OUTER_BOUND('',#8388,.F.);
#8390=ADVANCED_FACE('',(#8389),#8380,.F.);
#8391=CARTESIAN_POINT('',(7.4E-1,-4.5E-2,8.E-2));
#8392=DIRECTION('',(1.E0,0.E0,0.E0));
#8393=DIRECTION('',(0.E0,0.E0,-1.E0));
#8394=AXIS2_PLACEMENT_3D('',#8391,#8392,#8393);
#8395=PLANE('',#8394);
#8396=ORIENTED_EDGE('',*,*,#8196,.T.);
#8398=ORIENTED_EDGE('',*,*,#8397,.T.);
#8400=ORIENTED_EDGE('',*,*,#8399,.T.);
#8402=ORIENTED_EDGE('',*,*,#8401,.T.);
#8403=EDGE_LOOP('',(#8396,#8398,#8400,#8402));
#8404=FACE_OUTER_BOUND('',#8403,.F.);
#8405=ADVANCED_FACE('',(#8404),#8395,.F.);
#8406=CARTESIAN_POINT('',(7.4E-1,-4.5E-2,8.E-2));
#8407=DIRECTION('',(1.E0,0.E0,0.E0));
#8408=DIRECTION('',(0.E0,0.E0,-1.E0));
#8409=AXIS2_PLACEMENT_3D('',#8406,#8407,#8408);
#8410=PLANE('',#8409);
#8411=ORIENTED_EDGE('',*,*,#8206,.T.);
#8413=ORIENTED_EDGE('',*,*,#8412,.T.);
#8415=ORIENTED_EDGE('',*,*,#8414,.T.);
#8417=ORIENTED_EDGE('',*,*,#8416,.T.);
#8418=EDGE_LOOP('',(#8411,#8413,#8415,#8417));
#8419=FACE_OUTER_BOUND('',#8418,.F.);
#8420=ADVANCED_FACE('',(#8419),#8410,.F.);
#8421=CARTESIAN_POINT('',(7.4E-1,-4.5E-2,6.E-2));
#8422=DIRECTION('',(0.E0,0.E0,1.E0));
#8423=DIRECTION('',(0.E0,-1.E0,0.E0));
#8424=AXIS2_PLACEMENT_3D('',#8421,#8422,#8423);
#8425=PLANE('',#8424);
#8426=ORIENTED_EDGE('',*,*,#7354,.T.);
#8428=ORIENTED_EDGE('',*,*,#8427,.T.);
#8430=ORIENTED_EDGE('',*,*,#8429,.F.);
#8431=ORIENTED_EDGE('',*,*,#8367,.F.);
#8432=EDGE_LOOP('',(#8426,#8428,#8430,#8431));
#8433=FACE_OUTER_BOUND('',#8432,.F.);
#8434=ADVANCED_FACE('',(#8433),#8425,.T.);
#8435=CARTESIAN_POINT('',(7.6E-1,-4.5E-2,8.E-2));
#8436=DIRECTION('',(1.E0,0.E0,0.E0));
#8437=DIRECTION('',(0.E0,0.E0,-1.E0));
#8438=AXIS2_PLACEMENT_3D('',#8435,#8436,#8437);
#8439=PLANE('',#8438);
#8440=ORIENTED_EDGE('',*,*,#7352,.T.);
#8442=ORIENTED_EDGE('',*,*,#8441,.F.);
#8444=ORIENTED_EDGE('',*,*,#8443,.F.);
#8445=ORIENTED_EDGE('',*,*,#8427,.F.);
#8446=EDGE_LOOP('',(#8440,#8442,#8444,#8445));
#8447=FACE_OUTER_BOUND('',#8446,.F.);
#8448=ADVANCED_FACE('',(#8447),#8439,.T.);
#8449=CARTESIAN_POINT('',(7.6E-1,-4.5E-2,8.E-2));
#8450=DIRECTION('',(1.E0,0.E0,0.E0));
#8451=DIRECTION('',(0.E0,0.E0,-1.E0));
#8452=AXIS2_PLACEMENT_3D('',#8449,#8450,#8451);
#8453=PLANE('',#8452);
#8454=ORIENTED_EDGE('',*,*,#7362,.T.);
#8456=ORIENTED_EDGE('',*,*,#8455,.F.);
#8458=ORIENTED_EDGE('',*,*,#8457,.F.);
#8460=ORIENTED_EDGE('',*,*,#8459,.F.);
#8461=EDGE_LOOP('',(#8454,#8456,#8458,#8460));
#8462=FACE_OUTER_BOUND('',#8461,.F.);
#8463=ADVANCED_FACE('',(#8462),#8453,.T.);
#8464=CARTESIAN_POINT('',(7.6E-1,-4.5E-2,8.E-2));
#8465=DIRECTION('',(1.E0,0.E0,0.E0));
#8466=DIRECTION('',(0.E0,0.E0,-1.E0));
#8467=AXIS2_PLACEMENT_3D('',#8464,#8465,#8466);
#8468=PLANE('',#8467);
#8469=ORIENTED_EDGE('',*,*,#8200,.F.);
#8471=ORIENTED_EDGE('',*,*,#8470,.F.);
#8473=ORIENTED_EDGE('',*,*,#8472,.F.);
#8475=ORIENTED_EDGE('',*,*,#8474,.F.);
#8476=EDGE_LOOP('',(#8469,#8471,#8473,#8475));
#8477=FACE_OUTER_BOUND('',#8476,.F.);
#8478=ADVANCED_FACE('',(#8477),#8468,.T.);
#8479=CARTESIAN_POINT('',(7.6E-1,-4.5E-2,8.E-2));
#8480=DIRECTION('',(1.E0,0.E0,0.E0));
#8481=DIRECTION('',(0.E0,0.E0,-1.E0));
#8482=AXIS2_PLACEMENT_3D('',#8479,#8480,#8481);
#8483=PLANE('',#8482);
#8484=ORIENTED_EDGE('',*,*,#8210,.F.);
#8486=ORIENTED_EDGE('',*,*,#8485,.F.);
#8488=ORIENTED_EDGE('',*,*,#8487,.F.);
#8490=ORIENTED_EDGE('',*,*,#8489,.F.);
#8491=EDGE_LOOP('',(#8484,#8486,#8488,#8490));
#8492=FACE_OUTER_BOUND('',#8491,.F.);
#8493=ADVANCED_FACE('',(#8492),#8483,.T.);
#8494=CARTESIAN_POINT('',(7.4E-1,-1.52E-1,4.E-2));
#8495=DIRECTION('',(0.E0,0.E0,-1.E0));
#8496=DIRECTION('',(0.E0,1.E0,0.E0));
#8497=AXIS2_PLACEMENT_3D('',#8494,#8495,#8496);
#8498=PLANE('',#8497);
#8499=ORIENTED_EDGE('',*,*,#7350,.F.);
#8500=ORIENTED_EDGE('',*,*,#8371,.F.);
#8502=ORIENTED_EDGE('',*,*,#8501,.T.);
#8503=ORIENTED_EDGE('',*,*,#8441,.T.);
#8504=EDGE_LOOP('',(#8499,#8500,#8502,#8503));
#8505=FACE_OUTER_BOUND('',#8504,.F.);
#8506=ADVANCED_FACE('',(#8505),#8498,.T.);
#8507=CARTESIAN_POINT('',(7.4E-1,-1.52E-1,6.E-2));
#8508=DIRECTION('',(0.E0,-1.E0,0.E0));
#8509=DIRECTION('',(0.E0,0.E0,-1.E0));
#8510=AXIS2_PLACEMENT_3D('',#8507,#8508,#8509);
#8511=PLANE('',#8510);
#8512=ORIENTED_EDGE('',*,*,#8369,.F.);
#8513=ORIENTED_EDGE('',*,*,#8429,.T.);
#8514=ORIENTED_EDGE('',*,*,#8443,.T.);
#8515=ORIENTED_EDGE('',*,*,#8501,.F.);
#8516=EDGE_LOOP('',(#8512,#8513,#8514,#8515));
#8517=FACE_OUTER_BOUND('',#8516,.F.);
#8518=ADVANCED_FACE('',(#8517),#8511,.T.);
#8519=CARTESIAN_POINT('',(7.4E-1,-1.52E-1,-6.E-2));
#8520=DIRECTION('',(0.E0,0.E0,-1.E0));
#8521=DIRECTION('',(0.E0,1.E0,0.E0));
#8522=AXIS2_PLACEMENT_3D('',#8519,#8520,#8521);
#8523=PLANE('',#8522);
#8524=ORIENTED_EDGE('',*,*,#7360,.F.);
#8525=ORIENTED_EDGE('',*,*,#8386,.F.);
#8527=ORIENTED_EDGE('',*,*,#8526,.T.);
#8528=ORIENTED_EDGE('',*,*,#8455,.T.);
#8529=EDGE_LOOP('',(#8524,#8525,#8527,#8528));
#8530=FACE_OUTER_BOUND('',#8529,.F.);
#8531=ADVANCED_FACE('',(#8530),#8523,.T.);
#8532=CARTESIAN_POINT('',(7.4E-1,-1.52E-1,-4.E-2));
#8533=DIRECTION('',(0.E0,-1.E0,0.E0));
#8534=DIRECTION('',(0.E0,0.E0,-1.E0));
#8535=AXIS2_PLACEMENT_3D('',#8532,#8533,#8534);
#8536=PLANE('',#8535);
#8537=ORIENTED_EDGE('',*,*,#8384,.F.);
#8539=ORIENTED_EDGE('',*,*,#8538,.T.);
#8540=ORIENTED_EDGE('',*,*,#8457,.T.);
#8541=ORIENTED_EDGE('',*,*,#8526,.F.);
#8542=EDGE_LOOP('',(#8537,#8539,#8540,#8541));
#8543=FACE_OUTER_BOUND('',#8542,.F.);
#8544=ADVANCED_FACE('',(#8543),#8536,.T.);
#8545=CARTESIAN_POINT('',(7.4E-1,-4.5E-2,-4.E-2));
#8546=DIRECTION('',(0.E0,0.E0,1.E0));
#8547=DIRECTION('',(0.E0,-1.E0,0.E0));
#8548=AXIS2_PLACEMENT_3D('',#8545,#8546,#8547);
#8549=PLANE('',#8548);
#8550=ORIENTED_EDGE('',*,*,#7364,.T.);
#8551=ORIENTED_EDGE('',*,*,#8459,.T.);
#8552=ORIENTED_EDGE('',*,*,#8538,.F.);
#8553=ORIENTED_EDGE('',*,*,#8382,.F.);
#8554=EDGE_LOOP('',(#8550,#8551,#8552,#8553));
#8555=FACE_OUTER_BOUND('',#8554,.F.);
#8556=ADVANCED_FACE('',(#8555),#8549,.T.);
#8557=CARTESIAN_POINT('',(7.4E-1,2.85E-1,6.E-2));
#8558=DIRECTION('',(0.E0,0.E0,1.E0));
#8559=DIRECTION('',(0.E0,-1.E0,0.E0));
#8560=AXIS2_PLACEMENT_3D('',#8557,#8558,#8559);
#8561=PLANE('',#8560);
#8562=ORIENTED_EDGE('',*,*,#8198,.F.);
#8563=ORIENTED_EDGE('',*,*,#8401,.F.);
#8565=ORIENTED_EDGE('',*,*,#8564,.T.);
#8566=ORIENTED_EDGE('',*,*,#8470,.T.);
#8567=EDGE_LOOP('',(#8562,#8563,#8565,#8566));
#8568=FACE_OUTER_BOUND('',#8567,.F.);
#8569=ADVANCED_FACE('',(#8568),#8561,.T.);
#8570=CARTESIAN_POINT('',(7.4E-1,2.85E-1,4.E-2));
#8571=DIRECTION('',(0.E0,1.E0,0.E0));
#8572=DIRECTION('',(0.E0,0.E0,1.E0));
#8573=AXIS2_PLACEMENT_3D('',#8570,#8571,#8572);
#8574=PLANE('',#8573);
#8575=ORIENTED_EDGE('',*,*,#8399,.F.);
#8577=ORIENTED_EDGE('',*,*,#8576,.T.);
#8578=ORIENTED_EDGE('',*,*,#8472,.T.);
#8579=ORIENTED_EDGE('',*,*,#8564,.F.);
#8580=EDGE_LOOP('',(#8575,#8577,#8578,#8579));
#8581=FACE_OUTER_BOUND('',#8580,.F.);
#8582=ADVANCED_FACE('',(#8581),#8574,.T.);
#8583=CARTESIAN_POINT('',(7.4E-1,4.5E-2,4.E-2));
#8584=DIRECTION('',(0.E0,0.E0,-1.E0));
#8585=DIRECTION('',(0.E0,1.E0,0.E0));
#8586=AXIS2_PLACEMENT_3D('',#8583,#8584,#8585);
#8587=PLANE('',#8586);
#8588=ORIENTED_EDGE('',*,*,#8202,.T.);
#8589=ORIENTED_EDGE('',*,*,#8474,.T.);
#8590=ORIENTED_EDGE('',*,*,#8576,.F.);
#8591=ORIENTED_EDGE('',*,*,#8397,.F.);
#8592=EDGE_LOOP('',(#8588,#8589,#8590,#8591));
#8593=FACE_OUTER_BOUND('',#8592,.F.);
#8594=ADVANCED_FACE('',(#8593),#8587,.T.);
#8595=CARTESIAN_POINT('',(7.4E-1,2.85E-1,-4.E-2));
#8596=DIRECTION('',(0.E0,0.E0,1.E0));
#8597=DIRECTION('',(0.E0,-1.E0,0.E0));
#8598=AXIS2_PLACEMENT_3D('',#8595,#8596,#8597);
#8599=PLANE('',#8598);
#8600=ORIENTED_EDGE('',*,*,#8208,.F.);
#8601=ORIENTED_EDGE('',*,*,#8416,.F.);
#8603=ORIENTED_EDGE('',*,*,#8602,.T.);
#8604=ORIENTED_EDGE('',*,*,#8485,.T.);
#8605=EDGE_LOOP('',(#8600,#8601,#8603,#8604));
#8606=FACE_OUTER_BOUND('',#8605,.F.);
#8607=ADVANCED_FACE('',(#8606),#8599,.T.);
#8608=CARTESIAN_POINT('',(7.4E-1,2.85E-1,-6.E-2));
#8609=DIRECTION('',(0.E0,1.E0,0.E0));
#8610=DIRECTION('',(0.E0,0.E0,1.E0));
#8611=AXIS2_PLACEMENT_3D('',#8608,#8609,#8610);
#8612=PLANE('',#8611);
#8613=ORIENTED_EDGE('',*,*,#8414,.F.);
#8615=ORIENTED_EDGE('',*,*,#8614,.T.);
#8616=ORIENTED_EDGE('',*,*,#8487,.T.);
#8617=ORIENTED_EDGE('',*,*,#8602,.F.);
#8618=EDGE_LOOP('',(#8613,#8615,#8616,#8617));
#8619=FACE_OUTER_BOUND('',#8618,.F.);
#8620=ADVANCED_FACE('',(#8619),#8612,.T.);
#8621=CARTESIAN_POINT('',(7.4E-1,4.5E-2,-6.E-2));
#8622=DIRECTION('',(0.E0,0.E0,-1.E0));
#8623=DIRECTION('',(0.E0,1.E0,0.E0));
#8624=AXIS2_PLACEMENT_3D('',#8621,#8622,#8623);
#8625=PLANE('',#8624);
#8626=ORIENTED_EDGE('',*,*,#8212,.T.);
#8627=ORIENTED_EDGE('',*,*,#8489,.T.);
#8628=ORIENTED_EDGE('',*,*,#8614,.F.);
#8629=ORIENTED_EDGE('',*,*,#8412,.F.);
#8630=EDGE_LOOP('',(#8626,#8627,#8628,#8629));
#8631=FACE_OUTER_BOUND('',#8630,.F.);
#8632=ADVANCED_FACE('',(#8631),#8625,.T.);
#8633=CARTESIAN_POINT('',(6.4E-1,-4.5E-2,8.E-2));
#8634=DIRECTION('',(1.E0,0.E0,0.E0));
#8635=DIRECTION('',(0.E0,0.E0,-1.E0));
#8636=AXIS2_PLACEMENT_3D('',#8633,#8634,#8635);
#8637=PLANE('',#8636);
#8638=ORIENTED_EDGE('',*,*,#7312,.F.);
#8640=ORIENTED_EDGE('',*,*,#8639,.T.);
#8642=ORIENTED_EDGE('',*,*,#8641,.T.);
#8644=ORIENTED_EDGE('',*,*,#8643,.T.);
#8645=EDGE_LOOP('',(#8638,#8640,#8642,#8644));
#8646=FACE_OUTER_BOUND('',#8645,.F.);
#8647=ADVANCED_FACE('',(#8646),#8637,.F.);
#8648=CARTESIAN_POINT('',(6.4E-1,-4.5E-2,8.E-2));
#8649=DIRECTION('',(1.E0,0.E0,0.E0));
#8650=DIRECTION('',(0.E0,0.E0,-1.E0));
#8651=AXIS2_PLACEMENT_3D('',#8648,#8649,#8650);
#8652=PLANE('',#8651);
#8653=ORIENTED_EDGE('',*,*,#7322,.F.);
#8655=ORIENTED_EDGE('',*,*,#8654,.T.);
#8657=ORIENTED_EDGE('',*,*,#8656,.T.);
#8659=ORIENTED_EDGE('',*,*,#8658,.T.);
#8660=EDGE_LOOP('',(#8653,#8655,#8657,#8659));
#8661=FACE_OUTER_BOUND('',#8660,.F.);
#8662=ADVANCED_FACE('',(#8661),#8652,.F.);
#8663=CARTESIAN_POINT('',(6.4E-1,-4.5E-2,8.E-2));
#8664=DIRECTION('',(1.E0,0.E0,0.E0));
#8665=DIRECTION('',(0.E0,0.E0,-1.E0));
#8666=AXIS2_PLACEMENT_3D('',#8663,#8664,#8665);
#8667=PLANE('',#8666);
#8668=ORIENTED_EDGE('',*,*,#8160,.T.);
#8670=ORIENTED_EDGE('',*,*,#8669,.T.);
#8672=ORIENTED_EDGE('',*,*,#8671,.T.);
#8674=ORIENTED_EDGE('',*,*,#8673,.T.);
#8675=EDGE_LOOP('',(#8668,#8670,#8672,#8674));
#8676=FACE_OUTER_BOUND('',#8675,.F.);
#8677=ADVANCED_FACE('',(#8676),#8667,.F.);
#8678=CARTESIAN_POINT('',(6.4E-1,-4.5E-2,8.E-2));
#8679=DIRECTION('',(1.E0,0.E0,0.E0));
#8680=DIRECTION('',(0.E0,0.E0,-1.E0));
#8681=AXIS2_PLACEMENT_3D('',#8678,#8679,#8680);
#8682=PLANE('',#8681);
#8683=ORIENTED_EDGE('',*,*,#8170,.T.);
#8685=ORIENTED_EDGE('',*,*,#8684,.T.);
#8687=ORIENTED_EDGE('',*,*,#8686,.T.);
#8689=ORIENTED_EDGE('',*,*,#8688,.T.);
#8690=EDGE_LOOP('',(#8683,#8685,#8687,#8689));
#8691=FACE_OUTER_BOUND('',#8690,.F.);
#8692=ADVANCED_FACE('',(#8691),#8682,.F.);
#8693=CARTESIAN_POINT('',(6.4E-1,-4.5E-2,6.E-2));
#8694=DIRECTION('',(0.E0,0.E0,1.E0));
#8695=DIRECTION('',(0.E0,-1.E0,0.E0));
#8696=AXIS2_PLACEMENT_3D('',#8693,#8694,#8695);
#8697=PLANE('',#8696);
#8698=ORIENTED_EDGE('',*,*,#7318,.T.);
#8700=ORIENTED_EDGE('',*,*,#8699,.T.);
#8702=ORIENTED_EDGE('',*,*,#8701,.F.);
#8703=ORIENTED_EDGE('',*,*,#8639,.F.);
#8704=EDGE_LOOP('',(#8698,#8700,#8702,#8703));
#8705=FACE_OUTER_BOUND('',#8704,.F.);
#8706=ADVANCED_FACE('',(#8705),#8697,.T.);
#8707=CARTESIAN_POINT('',(6.6E-1,-4.5E-2,8.E-2));
#8708=DIRECTION('',(1.E0,0.E0,0.E0));
#8709=DIRECTION('',(0.E0,0.E0,-1.E0));
#8710=AXIS2_PLACEMENT_3D('',#8707,#8708,#8709);
#8711=PLANE('',#8710);
#8712=ORIENTED_EDGE('',*,*,#7316,.T.);
#8714=ORIENTED_EDGE('',*,*,#8713,.F.);
#8716=ORIENTED_EDGE('',*,*,#8715,.F.);
#8717=ORIENTED_EDGE('',*,*,#8699,.F.);
#8718=EDGE_LOOP('',(#8712,#8714,#8716,#8717));
#8719=FACE_OUTER_BOUND('',#8718,.F.);
#8720=ADVANCED_FACE('',(#8719),#8711,.T.);
#8721=CARTESIAN_POINT('',(6.6E-1,-4.5E-2,8.E-2));
#8722=DIRECTION('',(1.E0,0.E0,0.E0));
#8723=DIRECTION('',(0.E0,0.E0,-1.E0));
#8724=AXIS2_PLACEMENT_3D('',#8721,#8722,#8723);
#8725=PLANE('',#8724);
#8726=ORIENTED_EDGE('',*,*,#7326,.T.);
#8728=ORIENTED_EDGE('',*,*,#8727,.F.);
#8730=ORIENTED_EDGE('',*,*,#8729,.F.);
#8732=ORIENTED_EDGE('',*,*,#8731,.F.);
#8733=EDGE_LOOP('',(#8726,#8728,#8730,#8732));
#8734=FACE_OUTER_BOUND('',#8733,.F.);
#8735=ADVANCED_FACE('',(#8734),#8725,.T.);
#8736=CARTESIAN_POINT('',(6.6E-1,-4.5E-2,8.E-2));
#8737=DIRECTION('',(1.E0,0.E0,0.E0));
#8738=DIRECTION('',(0.E0,0.E0,-1.E0));
#8739=AXIS2_PLACEMENT_3D('',#8736,#8737,#8738);
#8740=PLANE('',#8739);
#8741=ORIENTED_EDGE('',*,*,#8164,.F.);
#8743=ORIENTED_EDGE('',*,*,#8742,.F.);
#8745=ORIENTED_EDGE('',*,*,#8744,.F.);
#8747=ORIENTED_EDGE('',*,*,#8746,.F.);
#8748=EDGE_LOOP('',(#8741,#8743,#8745,#8747));
#8749=FACE_OUTER_BOUND('',#8748,.F.);
#8750=ADVANCED_FACE('',(#8749),#8740,.T.);
#8751=CARTESIAN_POINT('',(6.6E-1,-4.5E-2,8.E-2));
#8752=DIRECTION('',(1.E0,0.E0,0.E0));
#8753=DIRECTION('',(0.E0,0.E0,-1.E0));
#8754=AXIS2_PLACEMENT_3D('',#8751,#8752,#8753);
#8755=PLANE('',#8754);
#8756=ORIENTED_EDGE('',*,*,#8174,.F.);
#8758=ORIENTED_EDGE('',*,*,#8757,.F.);
#8760=ORIENTED_EDGE('',*,*,#8759,.F.);
#8762=ORIENTED_EDGE('',*,*,#8761,.F.);
#8763=EDGE_LOOP('',(#8756,#8758,#8760,#8762));
#8764=FACE_OUTER_BOUND('',#8763,.F.);
#8765=ADVANCED_FACE('',(#8764),#8755,.T.);
#8766=CARTESIAN_POINT('',(6.4E-1,-1.52E-1,4.E-2));
#8767=DIRECTION('',(0.E0,0.E0,-1.E0));
#8768=DIRECTION('',(0.E0,1.E0,0.E0));
#8769=AXIS2_PLACEMENT_3D('',#8766,#8767,#8768);
#8770=PLANE('',#8769);
#8771=ORIENTED_EDGE('',*,*,#7314,.F.);
#8772=ORIENTED_EDGE('',*,*,#8643,.F.);
#8774=ORIENTED_EDGE('',*,*,#8773,.T.);
#8775=ORIENTED_EDGE('',*,*,#8713,.T.);
#8776=EDGE_LOOP('',(#8771,#8772,#8774,#8775));
#8777=FACE_OUTER_BOUND('',#8776,.F.);
#8778=ADVANCED_FACE('',(#8777),#8770,.T.);
#8779=CARTESIAN_POINT('',(6.4E-1,-1.52E-1,6.E-2));
#8780=DIRECTION('',(0.E0,-1.E0,0.E0));
#8781=DIRECTION('',(0.E0,0.E0,-1.E0));
#8782=AXIS2_PLACEMENT_3D('',#8779,#8780,#8781);
#8783=PLANE('',#8782);
#8784=ORIENTED_EDGE('',*,*,#8641,.F.);
#8785=ORIENTED_EDGE('',*,*,#8701,.T.);
#8786=ORIENTED_EDGE('',*,*,#8715,.T.);
#8787=ORIENTED_EDGE('',*,*,#8773,.F.);
#8788=EDGE_LOOP('',(#8784,#8785,#8786,#8787));
#8789=FACE_OUTER_BOUND('',#8788,.F.);
#8790=ADVANCED_FACE('',(#8789),#8783,.T.);
#8791=CARTESIAN_POINT('',(6.4E-1,-1.52E-1,-6.E-2));
#8792=DIRECTION('',(0.E0,0.E0,-1.E0));
#8793=DIRECTION('',(0.E0,1.E0,0.E0));
#8794=AXIS2_PLACEMENT_3D('',#8791,#8792,#8793);
#8795=PLANE('',#8794);
#8796=ORIENTED_EDGE('',*,*,#7324,.F.);
#8797=ORIENTED_EDGE('',*,*,#8658,.F.);
#8799=ORIENTED_EDGE('',*,*,#8798,.T.);
#8800=ORIENTED_EDGE('',*,*,#8727,.T.);
#8801=EDGE_LOOP('',(#8796,#8797,#8799,#8800));
#8802=FACE_OUTER_BOUND('',#8801,.F.);
#8803=ADVANCED_FACE('',(#8802),#8795,.T.);
#8804=CARTESIAN_POINT('',(6.4E-1,-1.52E-1,-4.E-2));
#8805=DIRECTION('',(0.E0,-1.E0,0.E0));
#8806=DIRECTION('',(0.E0,0.E0,-1.E0));
#8807=AXIS2_PLACEMENT_3D('',#8804,#8805,#8806);
#8808=PLANE('',#8807);
#8809=ORIENTED_EDGE('',*,*,#8656,.F.);
#8811=ORIENTED_EDGE('',*,*,#8810,.T.);
#8812=ORIENTED_EDGE('',*,*,#8729,.T.);
#8813=ORIENTED_EDGE('',*,*,#8798,.F.);
#8814=EDGE_LOOP('',(#8809,#8811,#8812,#8813));
#8815=FACE_OUTER_BOUND('',#8814,.F.);
#8816=ADVANCED_FACE('',(#8815),#8808,.T.);
#8817=CARTESIAN_POINT('',(6.4E-1,-4.5E-2,-4.E-2));
#8818=DIRECTION('',(0.E0,0.E0,1.E0));
#8819=DIRECTION('',(0.E0,-1.E0,0.E0));
#8820=AXIS2_PLACEMENT_3D('',#8817,#8818,#8819);
#8821=PLANE('',#8820);
#8822=ORIENTED_EDGE('',*,*,#7328,.T.);
#8823=ORIENTED_EDGE('',*,*,#8731,.T.);
#8824=ORIENTED_EDGE('',*,*,#8810,.F.);
#8825=ORIENTED_EDGE('',*,*,#8654,.F.);
#8826=EDGE_LOOP('',(#8822,#8823,#8824,#8825));
#8827=FACE_OUTER_BOUND('',#8826,.F.);
#8828=ADVANCED_FACE('',(#8827),#8821,.T.);
#8829=CARTESIAN_POINT('',(6.4E-1,2.85E-1,6.E-2));
#8830=DIRECTION('',(0.E0,0.E0,1.E0));
#8831=DIRECTION('',(0.E0,-1.E0,0.E0));
#8832=AXIS2_PLACEMENT_3D('',#8829,#8830,#8831);
#8833=PLANE('',#8832);
#8834=ORIENTED_EDGE('',*,*,#8162,.F.);
#8835=ORIENTED_EDGE('',*,*,#8673,.F.);
#8837=ORIENTED_EDGE('',*,*,#8836,.T.);
#8838=ORIENTED_EDGE('',*,*,#8742,.T.);
#8839=EDGE_LOOP('',(#8834,#8835,#8837,#8838));
#8840=FACE_OUTER_BOUND('',#8839,.F.);
#8841=ADVANCED_FACE('',(#8840),#8833,.T.);
#8842=CARTESIAN_POINT('',(6.4E-1,2.85E-1,4.E-2));
#8843=DIRECTION('',(0.E0,1.E0,0.E0));
#8844=DIRECTION('',(0.E0,0.E0,1.E0));
#8845=AXIS2_PLACEMENT_3D('',#8842,#8843,#8844);
#8846=PLANE('',#8845);
#8847=ORIENTED_EDGE('',*,*,#8671,.F.);
#8849=ORIENTED_EDGE('',*,*,#8848,.T.);
#8850=ORIENTED_EDGE('',*,*,#8744,.T.);
#8851=ORIENTED_EDGE('',*,*,#8836,.F.);
#8852=EDGE_LOOP('',(#8847,#8849,#8850,#8851));
#8853=FACE_OUTER_BOUND('',#8852,.F.);
#8854=ADVANCED_FACE('',(#8853),#8846,.T.);
#8855=CARTESIAN_POINT('',(6.4E-1,4.5E-2,4.E-2));
#8856=DIRECTION('',(0.E0,0.E0,-1.E0));
#8857=DIRECTION('',(0.E0,1.E0,0.E0));
#8858=AXIS2_PLACEMENT_3D('',#8855,#8856,#8857);
#8859=PLANE('',#8858);
#8860=ORIENTED_EDGE('',*,*,#8166,.T.);
#8861=ORIENTED_EDGE('',*,*,#8746,.T.);
#8862=ORIENTED_EDGE('',*,*,#8848,.F.);
#8863=ORIENTED_EDGE('',*,*,#8669,.F.);
#8864=EDGE_LOOP('',(#8860,#8861,#8862,#8863));
#8865=FACE_OUTER_BOUND('',#8864,.F.);
#8866=ADVANCED_FACE('',(#8865),#8859,.T.);
#8867=CARTESIAN_POINT('',(6.4E-1,2.85E-1,-4.E-2));
#8868=DIRECTION('',(0.E0,0.E0,1.E0));
#8869=DIRECTION('',(0.E0,-1.E0,0.E0));
#8870=AXIS2_PLACEMENT_3D('',#8867,#8868,#8869);
#8871=PLANE('',#8870);
#8872=ORIENTED_EDGE('',*,*,#8172,.F.);
#8873=ORIENTED_EDGE('',*,*,#8688,.F.);
#8875=ORIENTED_EDGE('',*,*,#8874,.T.);
#8876=ORIENTED_EDGE('',*,*,#8757,.T.);
#8877=EDGE_LOOP('',(#8872,#8873,#8875,#8876));
#8878=FACE_OUTER_BOUND('',#8877,.F.);
#8879=ADVANCED_FACE('',(#8878),#8871,.T.);
#8880=CARTESIAN_POINT('',(6.4E-1,2.85E-1,-6.E-2));
#8881=DIRECTION('',(0.E0,1.E0,0.E0));
#8882=DIRECTION('',(0.E0,0.E0,1.E0));
#8883=AXIS2_PLACEMENT_3D('',#8880,#8881,#8882);
#8884=PLANE('',#8883);
#8885=ORIENTED_EDGE('',*,*,#8686,.F.);
#8887=ORIENTED_EDGE('',*,*,#8886,.T.);
#8888=ORIENTED_EDGE('',*,*,#8759,.T.);
#8889=ORIENTED_EDGE('',*,*,#8874,.F.);
#8890=EDGE_LOOP('',(#8885,#8887,#8888,#8889));
#8891=FACE_OUTER_BOUND('',#8890,.F.);
#8892=ADVANCED_FACE('',(#8891),#8884,.T.);
#8893=CARTESIAN_POINT('',(6.4E-1,4.5E-2,-6.E-2));
#8894=DIRECTION('',(0.E0,0.E0,-1.E0));
#8895=DIRECTION('',(0.E0,1.E0,0.E0));
#8896=AXIS2_PLACEMENT_3D('',#8893,#8894,#8895);
#8897=PLANE('',#8896);
#8898=ORIENTED_EDGE('',*,*,#8176,.T.);
#8899=ORIENTED_EDGE('',*,*,#8761,.T.);
#8900=ORIENTED_EDGE('',*,*,#8886,.F.);
#8901=ORIENTED_EDGE('',*,*,#8684,.F.);
#8902=EDGE_LOOP('',(#8898,#8899,#8900,#8901));
#8903=FACE_OUTER_BOUND('',#8902,.F.);
#8904=ADVANCED_FACE('',(#8903),#8897,.T.);
#8905=CARTESIAN_POINT('',(5.4E-1,-4.5E-2,8.E-2));
#8906=DIRECTION('',(1.E0,0.E0,0.E0));
#8907=DIRECTION('',(0.E0,0.E0,-1.E0));
#8908=AXIS2_PLACEMENT_3D('',#8905,#8906,#8907);
#8909=PLANE('',#8908);
#8910=ORIENTED_EDGE('',*,*,#7276,.F.);
#8912=ORIENTED_EDGE('',*,*,#8911,.T.);
#8914=ORIENTED_EDGE('',*,*,#8913,.T.);
#8916=ORIENTED_EDGE('',*,*,#8915,.T.);
#8917=EDGE_LOOP('',(#8910,#8912,#8914,#8916));
#8918=FACE_OUTER_BOUND('',#8917,.F.);
#8919=ADVANCED_FACE('',(#8918),#8909,.F.);
#8920=CARTESIAN_POINT('',(5.4E-1,-4.5E-2,8.E-2));
#8921=DIRECTION('',(1.E0,0.E0,0.E0));
#8922=DIRECTION('',(0.E0,0.E0,-1.E0));
#8923=AXIS2_PLACEMENT_3D('',#8920,#8921,#8922);
#8924=PLANE('',#8923);
#8925=ORIENTED_EDGE('',*,*,#7286,.F.);
#8927=ORIENTED_EDGE('',*,*,#8926,.T.);
#8929=ORIENTED_EDGE('',*,*,#8928,.T.);
#8931=ORIENTED_EDGE('',*,*,#8930,.T.);
#8932=EDGE_LOOP('',(#8925,#8927,#8929,#8931));
#8933=FACE_OUTER_BOUND('',#8932,.F.);
#8934=ADVANCED_FACE('',(#8933),#8924,.F.);
#8935=CARTESIAN_POINT('',(5.4E-1,-4.5E-2,8.E-2));
#8936=DIRECTION('',(1.E0,0.E0,0.E0));
#8937=DIRECTION('',(0.E0,0.E0,-1.E0));
#8938=AXIS2_PLACEMENT_3D('',#8935,#8936,#8937);
#8939=PLANE('',#8938);
#8940=ORIENTED_EDGE('',*,*,#8124,.T.);
#8942=ORIENTED_EDGE('',*,*,#8941,.T.);
#8944=ORIENTED_EDGE('',*,*,#8943,.T.);
#8946=ORIENTED_EDGE('',*,*,#8945,.T.);
#8947=EDGE_LOOP('',(#8940,#8942,#8944,#8946));
#8948=FACE_OUTER_BOUND('',#8947,.F.);
#8949=ADVANCED_FACE('',(#8948),#8939,.F.);
#8950=CARTESIAN_POINT('',(5.4E-1,-4.5E-2,8.E-2));
#8951=DIRECTION('',(1.E0,0.E0,0.E0));
#8952=DIRECTION('',(0.E0,0.E0,-1.E0));
#8953=AXIS2_PLACEMENT_3D('',#8950,#8951,#8952);
#8954=PLANE('',#8953);
#8955=ORIENTED_EDGE('',*,*,#8134,.T.);
#8957=ORIENTED_EDGE('',*,*,#8956,.T.);
#8959=ORIENTED_EDGE('',*,*,#8958,.T.);
#8961=ORIENTED_EDGE('',*,*,#8960,.T.);
#8962=EDGE_LOOP('',(#8955,#8957,#8959,#8961));
#8963=FACE_OUTER_BOUND('',#8962,.F.);
#8964=ADVANCED_FACE('',(#8963),#8954,.F.);
#8965=CARTESIAN_POINT('',(5.4E-1,-4.5E-2,6.E-2));
#8966=DIRECTION('',(0.E0,0.E0,1.E0));
#8967=DIRECTION('',(0.E0,-1.E0,0.E0));
#8968=AXIS2_PLACEMENT_3D('',#8965,#8966,#8967);
#8969=PLANE('',#8968);
#8970=ORIENTED_EDGE('',*,*,#7282,.T.);
#8972=ORIENTED_EDGE('',*,*,#8971,.T.);
#8974=ORIENTED_EDGE('',*,*,#8973,.F.);
#8975=ORIENTED_EDGE('',*,*,#8911,.F.);
#8976=EDGE_LOOP('',(#8970,#8972,#8974,#8975));
#8977=FACE_OUTER_BOUND('',#8976,.F.);
#8978=ADVANCED_FACE('',(#8977),#8969,.T.);
#8979=CARTESIAN_POINT('',(5.6E-1,-4.5E-2,8.E-2));
#8980=DIRECTION('',(1.E0,0.E0,0.E0));
#8981=DIRECTION('',(0.E0,0.E0,-1.E0));
#8982=AXIS2_PLACEMENT_3D('',#8979,#8980,#8981);
#8983=PLANE('',#8982);
#8984=ORIENTED_EDGE('',*,*,#7280,.T.);
#8986=ORIENTED_EDGE('',*,*,#8985,.F.);
#8988=ORIENTED_EDGE('',*,*,#8987,.F.);
#8989=ORIENTED_EDGE('',*,*,#8971,.F.);
#8990=EDGE_LOOP('',(#8984,#8986,#8988,#8989));
#8991=FACE_OUTER_BOUND('',#8990,.F.);
#8992=ADVANCED_FACE('',(#8991),#8983,.T.);
#8993=CARTESIAN_POINT('',(5.6E-1,-4.5E-2,8.E-2));
#8994=DIRECTION('',(1.E0,0.E0,0.E0));
#8995=DIRECTION('',(0.E0,0.E0,-1.E0));
#8996=AXIS2_PLACEMENT_3D('',#8993,#8994,#8995);
#8997=PLANE('',#8996);
#8998=ORIENTED_EDGE('',*,*,#7290,.T.);
#9000=ORIENTED_EDGE('',*,*,#8999,.F.);
#9002=ORIENTED_EDGE('',*,*,#9001,.F.);
#9004=ORIENTED_EDGE('',*,*,#9003,.F.);
#9005=EDGE_LOOP('',(#8998,#9000,#9002,#9004));
#9006=FACE_OUTER_BOUND('',#9005,.F.);
#9007=ADVANCED_FACE('',(#9006),#8997,.T.);
#9008=CARTESIAN_POINT('',(5.6E-1,-4.5E-2,8.E-2));
#9009=DIRECTION('',(1.E0,0.E0,0.E0));
#9010=DIRECTION('',(0.E0,0.E0,-1.E0));
#9011=AXIS2_PLACEMENT_3D('',#9008,#9009,#9010);
#9012=PLANE('',#9011);
#9013=ORIENTED_EDGE('',*,*,#8128,.F.);
#9015=ORIENTED_EDGE('',*,*,#9014,.F.);
#9017=ORIENTED_EDGE('',*,*,#9016,.F.);
#9019=ORIENTED_EDGE('',*,*,#9018,.F.);
#9020=EDGE_LOOP('',(#9013,#9015,#9017,#9019));
#9021=FACE_OUTER_BOUND('',#9020,.F.);
#9022=ADVANCED_FACE('',(#9021),#9012,.T.);
#9023=CARTESIAN_POINT('',(5.6E-1,-4.5E-2,8.E-2));
#9024=DIRECTION('',(1.E0,0.E0,0.E0));
#9025=DIRECTION('',(0.E0,0.E0,-1.E0));
#9026=AXIS2_PLACEMENT_3D('',#9023,#9024,#9025);
#9027=PLANE('',#9026);
#9028=ORIENTED_EDGE('',*,*,#8138,.F.);
#9030=ORIENTED_EDGE('',*,*,#9029,.F.);
#9032=ORIENTED_EDGE('',*,*,#9031,.F.);
#9034=ORIENTED_EDGE('',*,*,#9033,.F.);
#9035=EDGE_LOOP('',(#9028,#9030,#9032,#9034));
#9036=FACE_OUTER_BOUND('',#9035,.F.);
#9037=ADVANCED_FACE('',(#9036),#9027,.T.);
#9038=CARTESIAN_POINT('',(5.4E-1,-1.52E-1,4.E-2));
#9039=DIRECTION('',(0.E0,0.E0,-1.E0));
#9040=DIRECTION('',(0.E0,1.E0,0.E0));
#9041=AXIS2_PLACEMENT_3D('',#9038,#9039,#9040);
#9042=PLANE('',#9041);
#9043=ORIENTED_EDGE('',*,*,#7278,.F.);
#9044=ORIENTED_EDGE('',*,*,#8915,.F.);
#9046=ORIENTED_EDGE('',*,*,#9045,.T.);
#9047=ORIENTED_EDGE('',*,*,#8985,.T.);
#9048=EDGE_LOOP('',(#9043,#9044,#9046,#9047));
#9049=FACE_OUTER_BOUND('',#9048,.F.);
#9050=ADVANCED_FACE('',(#9049),#9042,.T.);
#9051=CARTESIAN_POINT('',(5.4E-1,-1.52E-1,6.E-2));
#9052=DIRECTION('',(0.E0,-1.E0,0.E0));
#9053=DIRECTION('',(0.E0,0.E0,-1.E0));
#9054=AXIS2_PLACEMENT_3D('',#9051,#9052,#9053);
#9055=PLANE('',#9054);
#9056=ORIENTED_EDGE('',*,*,#8913,.F.);
#9057=ORIENTED_EDGE('',*,*,#8973,.T.);
#9058=ORIENTED_EDGE('',*,*,#8987,.T.);
#9059=ORIENTED_EDGE('',*,*,#9045,.F.);
#9060=EDGE_LOOP('',(#9056,#9057,#9058,#9059));
#9061=FACE_OUTER_BOUND('',#9060,.F.);
#9062=ADVANCED_FACE('',(#9061),#9055,.T.);
#9063=CARTESIAN_POINT('',(5.4E-1,-1.52E-1,-6.E-2));
#9064=DIRECTION('',(0.E0,0.E0,-1.E0));
#9065=DIRECTION('',(0.E0,1.E0,0.E0));
#9066=AXIS2_PLACEMENT_3D('',#9063,#9064,#9065);
#9067=PLANE('',#9066);
#9068=ORIENTED_EDGE('',*,*,#7288,.F.);
#9069=ORIENTED_EDGE('',*,*,#8930,.F.);
#9071=ORIENTED_EDGE('',*,*,#9070,.T.);
#9072=ORIENTED_EDGE('',*,*,#8999,.T.);
#9073=EDGE_LOOP('',(#9068,#9069,#9071,#9072));
#9074=FACE_OUTER_BOUND('',#9073,.F.);
#9075=ADVANCED_FACE('',(#9074),#9067,.T.);
#9076=CARTESIAN_POINT('',(5.4E-1,-1.52E-1,-4.E-2));
#9077=DIRECTION('',(0.E0,-1.E0,0.E0));
#9078=DIRECTION('',(0.E0,0.E0,-1.E0));
#9079=AXIS2_PLACEMENT_3D('',#9076,#9077,#9078);
#9080=PLANE('',#9079);
#9081=ORIENTED_EDGE('',*,*,#8928,.F.);
#9083=ORIENTED_EDGE('',*,*,#9082,.T.);
#9084=ORIENTED_EDGE('',*,*,#9001,.T.);
#9085=ORIENTED_EDGE('',*,*,#9070,.F.);
#9086=EDGE_LOOP('',(#9081,#9083,#9084,#9085));
#9087=FACE_OUTER_BOUND('',#9086,.F.);
#9088=ADVANCED_FACE('',(#9087),#9080,.T.);
#9089=CARTESIAN_POINT('',(5.4E-1,-4.5E-2,-4.E-2));
#9090=DIRECTION('',(0.E0,0.E0,1.E0));
#9091=DIRECTION('',(0.E0,-1.E0,0.E0));
#9092=AXIS2_PLACEMENT_3D('',#9089,#9090,#9091);
#9093=PLANE('',#9092);
#9094=ORIENTED_EDGE('',*,*,#7292,.T.);
#9095=ORIENTED_EDGE('',*,*,#9003,.T.);
#9096=ORIENTED_EDGE('',*,*,#9082,.F.);
#9097=ORIENTED_EDGE('',*,*,#8926,.F.);
#9098=EDGE_LOOP('',(#9094,#9095,#9096,#9097));
#9099=FACE_OUTER_BOUND('',#9098,.F.);
#9100=ADVANCED_FACE('',(#9099),#9093,.T.);
#9101=CARTESIAN_POINT('',(5.4E-1,2.85E-1,6.E-2));
#9102=DIRECTION('',(0.E0,0.E0,1.E0));
#9103=DIRECTION('',(0.E0,-1.E0,0.E0));
#9104=AXIS2_PLACEMENT_3D('',#9101,#9102,#9103);
#9105=PLANE('',#9104);
#9106=ORIENTED_EDGE('',*,*,#8126,.F.);
#9107=ORIENTED_EDGE('',*,*,#8945,.F.);
#9109=ORIENTED_EDGE('',*,*,#9108,.T.);
#9110=ORIENTED_EDGE('',*,*,#9014,.T.);
#9111=EDGE_LOOP('',(#9106,#9107,#9109,#9110));
#9112=FACE_OUTER_BOUND('',#9111,.F.);
#9113=ADVANCED_FACE('',(#9112),#9105,.T.);
#9114=CARTESIAN_POINT('',(5.4E-1,2.85E-1,4.E-2));
#9115=DIRECTION('',(0.E0,1.E0,0.E0));
#9116=DIRECTION('',(0.E0,0.E0,1.E0));
#9117=AXIS2_PLACEMENT_3D('',#9114,#9115,#9116);
#9118=PLANE('',#9117);
#9119=ORIENTED_EDGE('',*,*,#8943,.F.);
#9121=ORIENTED_EDGE('',*,*,#9120,.T.);
#9122=ORIENTED_EDGE('',*,*,#9016,.T.);
#9123=ORIENTED_EDGE('',*,*,#9108,.F.);
#9124=EDGE_LOOP('',(#9119,#9121,#9122,#9123));
#9125=FACE_OUTER_BOUND('',#9124,.F.);
#9126=ADVANCED_FACE('',(#9125),#9118,.T.);
#9127=CARTESIAN_POINT('',(5.4E-1,4.5E-2,4.E-2));
#9128=DIRECTION('',(0.E0,0.E0,-1.E0));
#9129=DIRECTION('',(0.E0,1.E0,0.E0));
#9130=AXIS2_PLACEMENT_3D('',#9127,#9128,#9129);
#9131=PLANE('',#9130);
#9132=ORIENTED_EDGE('',*,*,#8130,.T.);
#9133=ORIENTED_EDGE('',*,*,#9018,.T.);
#9134=ORIENTED_EDGE('',*,*,#9120,.F.);
#9135=ORIENTED_EDGE('',*,*,#8941,.F.);
#9136=EDGE_LOOP('',(#9132,#9133,#9134,#9135));
#9137=FACE_OUTER_BOUND('',#9136,.F.);
#9138=ADVANCED_FACE('',(#9137),#9131,.T.);
#9139=CARTESIAN_POINT('',(5.4E-1,2.85E-1,-4.E-2));
#9140=DIRECTION('',(0.E0,0.E0,1.E0));
#9141=DIRECTION('',(0.E0,-1.E0,0.E0));
#9142=AXIS2_PLACEMENT_3D('',#9139,#9140,#9141);
#9143=PLANE('',#9142);
#9144=ORIENTED_EDGE('',*,*,#8136,.F.);
#9145=ORIENTED_EDGE('',*,*,#8960,.F.);
#9147=ORIENTED_EDGE('',*,*,#9146,.T.);
#9148=ORIENTED_EDGE('',*,*,#9029,.T.);
#9149=EDGE_LOOP('',(#9144,#9145,#9147,#9148));
#9150=FACE_OUTER_BOUND('',#9149,.F.);
#9151=ADVANCED_FACE('',(#9150),#9143,.T.);
#9152=CARTESIAN_POINT('',(5.4E-1,2.85E-1,-6.E-2));
#9153=DIRECTION('',(0.E0,1.E0,0.E0));
#9154=DIRECTION('',(0.E0,0.E0,1.E0));
#9155=AXIS2_PLACEMENT_3D('',#9152,#9153,#9154);
#9156=PLANE('',#9155);
#9157=ORIENTED_EDGE('',*,*,#8958,.F.);
#9159=ORIENTED_EDGE('',*,*,#9158,.T.);
#9160=ORIENTED_EDGE('',*,*,#9031,.T.);
#9161=ORIENTED_EDGE('',*,*,#9146,.F.);
#9162=EDGE_LOOP('',(#9157,#9159,#9160,#9161));
#9163=FACE_OUTER_BOUND('',#9162,.F.);
#9164=ADVANCED_FACE('',(#9163),#9156,.T.);
#9165=CARTESIAN_POINT('',(5.4E-1,4.5E-2,-6.E-2));
#9166=DIRECTION('',(0.E0,0.E0,-1.E0));
#9167=DIRECTION('',(0.E0,1.E0,0.E0));
#9168=AXIS2_PLACEMENT_3D('',#9165,#9166,#9167);
#9169=PLANE('',#9168);
#9170=ORIENTED_EDGE('',*,*,#8140,.T.);
#9171=ORIENTED_EDGE('',*,*,#9033,.T.);
#9172=ORIENTED_EDGE('',*,*,#9158,.F.);
#9173=ORIENTED_EDGE('',*,*,#8956,.F.);
#9174=EDGE_LOOP('',(#9170,#9171,#9172,#9173));
#9175=FACE_OUTER_BOUND('',#9174,.F.);
#9176=ADVANCED_FACE('',(#9175),#9169,.T.);
#9177=CARTESIAN_POINT('',(4.4E-1,-4.5E-2,8.E-2));
#9178=DIRECTION('',(1.E0,0.E0,0.E0));
#9179=DIRECTION('',(0.E0,0.E0,-1.E0));
#9180=AXIS2_PLACEMENT_3D('',#9177,#9178,#9179);
#9181=PLANE('',#9180);
#9182=ORIENTED_EDGE('',*,*,#7240,.F.);
#9184=ORIENTED_EDGE('',*,*,#9183,.T.);
#9186=ORIENTED_EDGE('',*,*,#9185,.T.);
#9188=ORIENTED_EDGE('',*,*,#9187,.T.);
#9189=EDGE_LOOP('',(#9182,#9184,#9186,#9188));
#9190=FACE_OUTER_BOUND('',#9189,.F.);
#9191=ADVANCED_FACE('',(#9190),#9181,.F.);
#9192=CARTESIAN_POINT('',(4.4E-1,-4.5E-2,8.E-2));
#9193=DIRECTION('',(1.E0,0.E0,0.E0));
#9194=DIRECTION('',(0.E0,0.E0,-1.E0));
#9195=AXIS2_PLACEMENT_3D('',#9192,#9193,#9194);
#9196=PLANE('',#9195);
#9197=ORIENTED_EDGE('',*,*,#7250,.F.);
#9199=ORIENTED_EDGE('',*,*,#9198,.T.);
#9201=ORIENTED_EDGE('',*,*,#9200,.T.);
#9203=ORIENTED_EDGE('',*,*,#9202,.T.);
#9204=EDGE_LOOP('',(#9197,#9199,#9201,#9203));
#9205=FACE_OUTER_BOUND('',#9204,.F.);
#9206=ADVANCED_FACE('',(#9205),#9196,.F.);
#9207=CARTESIAN_POINT('',(4.4E-1,-4.5E-2,8.E-2));
#9208=DIRECTION('',(1.E0,0.E0,0.E0));
#9209=DIRECTION('',(0.E0,0.E0,-1.E0));
#9210=AXIS2_PLACEMENT_3D('',#9207,#9208,#9209);
#9211=PLANE('',#9210);
#9212=ORIENTED_EDGE('',*,*,#8088,.T.);
#9214=ORIENTED_EDGE('',*,*,#9213,.T.);
#9216=ORIENTED_EDGE('',*,*,#9215,.T.);
#9218=ORIENTED_EDGE('',*,*,#9217,.T.);
#9219=EDGE_LOOP('',(#9212,#9214,#9216,#9218));
#9220=FACE_OUTER_BOUND('',#9219,.F.);
#9221=ADVANCED_FACE('',(#9220),#9211,.F.);
#9222=CARTESIAN_POINT('',(4.4E-1,-4.5E-2,8.E-2));
#9223=DIRECTION('',(1.E0,0.E0,0.E0));
#9224=DIRECTION('',(0.E0,0.E0,-1.E0));
#9225=AXIS2_PLACEMENT_3D('',#9222,#9223,#9224);
#9226=PLANE('',#9225);
#9227=ORIENTED_EDGE('',*,*,#8098,.T.);
#9229=ORIENTED_EDGE('',*,*,#9228,.T.);
#9231=ORIENTED_EDGE('',*,*,#9230,.T.);
#9233=ORIENTED_EDGE('',*,*,#9232,.T.);
#9234=EDGE_LOOP('',(#9227,#9229,#9231,#9233));
#9235=FACE_OUTER_BOUND('',#9234,.F.);
#9236=ADVANCED_FACE('',(#9235),#9226,.F.);
#9237=CARTESIAN_POINT('',(4.4E-1,-4.5E-2,6.E-2));
#9238=DIRECTION('',(0.E0,0.E0,1.E0));
#9239=DIRECTION('',(0.E0,-1.E0,0.E0));
#9240=AXIS2_PLACEMENT_3D('',#9237,#9238,#9239);
#9241=PLANE('',#9240);
#9242=ORIENTED_EDGE('',*,*,#7246,.T.);
#9244=ORIENTED_EDGE('',*,*,#9243,.T.);
#9246=ORIENTED_EDGE('',*,*,#9245,.F.);
#9247=ORIENTED_EDGE('',*,*,#9183,.F.);
#9248=EDGE_LOOP('',(#9242,#9244,#9246,#9247));
#9249=FACE_OUTER_BOUND('',#9248,.F.);
#9250=ADVANCED_FACE('',(#9249),#9241,.T.);
#9251=CARTESIAN_POINT('',(4.6E-1,-4.5E-2,8.E-2));
#9252=DIRECTION('',(1.E0,0.E0,0.E0));
#9253=DIRECTION('',(0.E0,0.E0,-1.E0));
#9254=AXIS2_PLACEMENT_3D('',#9251,#9252,#9253);
#9255=PLANE('',#9254);
#9256=ORIENTED_EDGE('',*,*,#7244,.T.);
#9258=ORIENTED_EDGE('',*,*,#9257,.F.);
#9260=ORIENTED_EDGE('',*,*,#9259,.F.);
#9261=ORIENTED_EDGE('',*,*,#9243,.F.);
#9262=EDGE_LOOP('',(#9256,#9258,#9260,#9261));
#9263=FACE_OUTER_BOUND('',#9262,.F.);
#9264=ADVANCED_FACE('',(#9263),#9255,.T.);
#9265=CARTESIAN_POINT('',(4.6E-1,-4.5E-2,8.E-2));
#9266=DIRECTION('',(1.E0,0.E0,0.E0));
#9267=DIRECTION('',(0.E0,0.E0,-1.E0));
#9268=AXIS2_PLACEMENT_3D('',#9265,#9266,#9267);
#9269=PLANE('',#9268);
#9270=ORIENTED_EDGE('',*,*,#7254,.T.);
#9272=ORIENTED_EDGE('',*,*,#9271,.F.);
#9274=ORIENTED_EDGE('',*,*,#9273,.F.);
#9276=ORIENTED_EDGE('',*,*,#9275,.F.);
#9277=EDGE_LOOP('',(#9270,#9272,#9274,#9276));
#9278=FACE_OUTER_BOUND('',#9277,.F.);
#9279=ADVANCED_FACE('',(#9278),#9269,.T.);
#9280=CARTESIAN_POINT('',(4.6E-1,-4.5E-2,8.E-2));
#9281=DIRECTION('',(1.E0,0.E0,0.E0));
#9282=DIRECTION('',(0.E0,0.E0,-1.E0));
#9283=AXIS2_PLACEMENT_3D('',#9280,#9281,#9282);
#9284=PLANE('',#9283);
#9285=ORIENTED_EDGE('',*,*,#8092,.F.);
#9287=ORIENTED_EDGE('',*,*,#9286,.F.);
#9289=ORIENTED_EDGE('',*,*,#9288,.F.);
#9291=ORIENTED_EDGE('',*,*,#9290,.F.);
#9292=EDGE_LOOP('',(#9285,#9287,#9289,#9291));
#9293=FACE_OUTER_BOUND('',#9292,.F.);
#9294=ADVANCED_FACE('',(#9293),#9284,.T.);
#9295=CARTESIAN_POINT('',(4.6E-1,-4.5E-2,8.E-2));
#9296=DIRECTION('',(1.E0,0.E0,0.E0));
#9297=DIRECTION('',(0.E0,0.E0,-1.E0));
#9298=AXIS2_PLACEMENT_3D('',#9295,#9296,#9297);
#9299=PLANE('',#9298);
#9300=ORIENTED_EDGE('',*,*,#8102,.F.);
#9302=ORIENTED_EDGE('',*,*,#9301,.F.);
#9304=ORIENTED_EDGE('',*,*,#9303,.F.);
#9306=ORIENTED_EDGE('',*,*,#9305,.F.);
#9307=EDGE_LOOP('',(#9300,#9302,#9304,#9306));
#9308=FACE_OUTER_BOUND('',#9307,.F.);
#9309=ADVANCED_FACE('',(#9308),#9299,.T.);
#9310=CARTESIAN_POINT('',(4.4E-1,-1.52E-1,4.E-2));
#9311=DIRECTION('',(0.E0,0.E0,-1.E0));
#9312=DIRECTION('',(0.E0,1.E0,0.E0));
#9313=AXIS2_PLACEMENT_3D('',#9310,#9311,#9312);
#9314=PLANE('',#9313);
#9315=ORIENTED_EDGE('',*,*,#7242,.F.);
#9316=ORIENTED_EDGE('',*,*,#9187,.F.);
#9318=ORIENTED_EDGE('',*,*,#9317,.T.);
#9319=ORIENTED_EDGE('',*,*,#9257,.T.);
#9320=EDGE_LOOP('',(#9315,#9316,#9318,#9319));
#9321=FACE_OUTER_BOUND('',#9320,.F.);
#9322=ADVANCED_FACE('',(#9321),#9314,.T.);
#9323=CARTESIAN_POINT('',(4.4E-1,-1.52E-1,6.E-2));
#9324=DIRECTION('',(0.E0,-1.E0,0.E0));
#9325=DIRECTION('',(0.E0,0.E0,-1.E0));
#9326=AXIS2_PLACEMENT_3D('',#9323,#9324,#9325);
#9327=PLANE('',#9326);
#9328=ORIENTED_EDGE('',*,*,#9185,.F.);
#9329=ORIENTED_EDGE('',*,*,#9245,.T.);
#9330=ORIENTED_EDGE('',*,*,#9259,.T.);
#9331=ORIENTED_EDGE('',*,*,#9317,.F.);
#9332=EDGE_LOOP('',(#9328,#9329,#9330,#9331));
#9333=FACE_OUTER_BOUND('',#9332,.F.);
#9334=ADVANCED_FACE('',(#9333),#9327,.T.);
#9335=CARTESIAN_POINT('',(4.4E-1,-1.52E-1,-6.E-2));
#9336=DIRECTION('',(0.E0,0.E0,-1.E0));
#9337=DIRECTION('',(0.E0,1.E0,0.E0));
#9338=AXIS2_PLACEMENT_3D('',#9335,#9336,#9337);
#9339=PLANE('',#9338);
#9340=ORIENTED_EDGE('',*,*,#7252,.F.);
#9341=ORIENTED_EDGE('',*,*,#9202,.F.);
#9343=ORIENTED_EDGE('',*,*,#9342,.T.);
#9344=ORIENTED_EDGE('',*,*,#9271,.T.);
#9345=EDGE_LOOP('',(#9340,#9341,#9343,#9344));
#9346=FACE_OUTER_BOUND('',#9345,.F.);
#9347=ADVANCED_FACE('',(#9346),#9339,.T.);
#9348=CARTESIAN_POINT('',(4.4E-1,-1.52E-1,-4.E-2));
#9349=DIRECTION('',(0.E0,-1.E0,0.E0));
#9350=DIRECTION('',(0.E0,0.E0,-1.E0));
#9351=AXIS2_PLACEMENT_3D('',#9348,#9349,#9350);
#9352=PLANE('',#9351);
#9353=ORIENTED_EDGE('',*,*,#9200,.F.);
#9355=ORIENTED_EDGE('',*,*,#9354,.T.);
#9356=ORIENTED_EDGE('',*,*,#9273,.T.);
#9357=ORIENTED_EDGE('',*,*,#9342,.F.);
#9358=EDGE_LOOP('',(#9353,#9355,#9356,#9357));
#9359=FACE_OUTER_BOUND('',#9358,.F.);
#9360=ADVANCED_FACE('',(#9359),#9352,.T.);
#9361=CARTESIAN_POINT('',(4.4E-1,-4.5E-2,-4.E-2));
#9362=DIRECTION('',(0.E0,0.E0,1.E0));
#9363=DIRECTION('',(0.E0,-1.E0,0.E0));
#9364=AXIS2_PLACEMENT_3D('',#9361,#9362,#9363);
#9365=PLANE('',#9364);
#9366=ORIENTED_EDGE('',*,*,#7256,.T.);
#9367=ORIENTED_EDGE('',*,*,#9275,.T.);
#9368=ORIENTED_EDGE('',*,*,#9354,.F.);
#9369=ORIENTED_EDGE('',*,*,#9198,.F.);
#9370=EDGE_LOOP('',(#9366,#9367,#9368,#9369));
#9371=FACE_OUTER_BOUND('',#9370,.F.);
#9372=ADVANCED_FACE('',(#9371),#9365,.T.);
#9373=CARTESIAN_POINT('',(4.4E-1,2.85E-1,6.E-2));
#9374=DIRECTION('',(0.E0,0.E0,1.E0));
#9375=DIRECTION('',(0.E0,-1.E0,0.E0));
#9376=AXIS2_PLACEMENT_3D('',#9373,#9374,#9375);
#9377=PLANE('',#9376);
#9378=ORIENTED_EDGE('',*,*,#8090,.F.);
#9379=ORIENTED_EDGE('',*,*,#9217,.F.);
#9381=ORIENTED_EDGE('',*,*,#9380,.T.);
#9382=ORIENTED_EDGE('',*,*,#9286,.T.);
#9383=EDGE_LOOP('',(#9378,#9379,#9381,#9382));
#9384=FACE_OUTER_BOUND('',#9383,.F.);
#9385=ADVANCED_FACE('',(#9384),#9377,.T.);
#9386=CARTESIAN_POINT('',(4.4E-1,2.85E-1,4.E-2));
#9387=DIRECTION('',(0.E0,1.E0,0.E0));
#9388=DIRECTION('',(0.E0,0.E0,1.E0));
#9389=AXIS2_PLACEMENT_3D('',#9386,#9387,#9388);
#9390=PLANE('',#9389);
#9391=ORIENTED_EDGE('',*,*,#9215,.F.);
#9393=ORIENTED_EDGE('',*,*,#9392,.T.);
#9394=ORIENTED_EDGE('',*,*,#9288,.T.);
#9395=ORIENTED_EDGE('',*,*,#9380,.F.);
#9396=EDGE_LOOP('',(#9391,#9393,#9394,#9395));
#9397=FACE_OUTER_BOUND('',#9396,.F.);
#9398=ADVANCED_FACE('',(#9397),#9390,.T.);
#9399=CARTESIAN_POINT('',(4.4E-1,4.5E-2,4.E-2));
#9400=DIRECTION('',(0.E0,0.E0,-1.E0));
#9401=DIRECTION('',(0.E0,1.E0,0.E0));
#9402=AXIS2_PLACEMENT_3D('',#9399,#9400,#9401);
#9403=PLANE('',#9402);
#9404=ORIENTED_EDGE('',*,*,#8094,.T.);
#9405=ORIENTED_EDGE('',*,*,#9290,.T.);
#9406=ORIENTED_EDGE('',*,*,#9392,.F.);
#9407=ORIENTED_EDGE('',*,*,#9213,.F.);
#9408=EDGE_LOOP('',(#9404,#9405,#9406,#9407));
#9409=FACE_OUTER_BOUND('',#9408,.F.);
#9410=ADVANCED_FACE('',(#9409),#9403,.T.);
#9411=CARTESIAN_POINT('',(4.4E-1,2.85E-1,-4.E-2));
#9412=DIRECTION('',(0.E0,0.E0,1.E0));
#9413=DIRECTION('',(0.E0,-1.E0,0.E0));
#9414=AXIS2_PLACEMENT_3D('',#9411,#9412,#9413);
#9415=PLANE('',#9414);
#9416=ORIENTED_EDGE('',*,*,#8100,.F.);
#9417=ORIENTED_EDGE('',*,*,#9232,.F.);
#9419=ORIENTED_EDGE('',*,*,#9418,.T.);
#9420=ORIENTED_EDGE('',*,*,#9301,.T.);
#9421=EDGE_LOOP('',(#9416,#9417,#9419,#9420));
#9422=FACE_OUTER_BOUND('',#9421,.F.);
#9423=ADVANCED_FACE('',(#9422),#9415,.T.);
#9424=CARTESIAN_POINT('',(4.4E-1,2.85E-1,-6.E-2));
#9425=DIRECTION('',(0.E0,1.E0,0.E0));
#9426=DIRECTION('',(0.E0,0.E0,1.E0));
#9427=AXIS2_PLACEMENT_3D('',#9424,#9425,#9426);
#9428=PLANE('',#9427);
#9429=ORIENTED_EDGE('',*,*,#9230,.F.);
#9431=ORIENTED_EDGE('',*,*,#9430,.T.);
#9432=ORIENTED_EDGE('',*,*,#9303,.T.);
#9433=ORIENTED_EDGE('',*,*,#9418,.F.);
#9434=EDGE_LOOP('',(#9429,#9431,#9432,#9433));
#9435=FACE_OUTER_BOUND('',#9434,.F.);
#9436=ADVANCED_FACE('',(#9435),#9428,.T.);
#9437=CARTESIAN_POINT('',(4.4E-1,4.5E-2,-6.E-2));
#9438=DIRECTION('',(0.E0,0.E0,-1.E0));
#9439=DIRECTION('',(0.E0,1.E0,0.E0));
#9440=AXIS2_PLACEMENT_3D('',#9437,#9438,#9439);
#9441=PLANE('',#9440);
#9442=ORIENTED_EDGE('',*,*,#8104,.T.);
#9443=ORIENTED_EDGE('',*,*,#9305,.T.);
#9444=ORIENTED_EDGE('',*,*,#9430,.F.);
#9445=ORIENTED_EDGE('',*,*,#9228,.F.);
#9446=EDGE_LOOP('',(#9442,#9443,#9444,#9445));
#9447=FACE_OUTER_BOUND('',#9446,.F.);
#9448=ADVANCED_FACE('',(#9447),#9441,.T.);
#9449=CARTESIAN_POINT('',(3.4E-1,-4.5E-2,8.E-2));
#9450=DIRECTION('',(1.E0,0.E0,0.E0));
#9451=DIRECTION('',(0.E0,0.E0,-1.E0));
#9452=AXIS2_PLACEMENT_3D('',#9449,#9450,#9451);
#9453=PLANE('',#9452);
#9454=ORIENTED_EDGE('',*,*,#7204,.F.);
#9456=ORIENTED_EDGE('',*,*,#9455,.T.);
#9458=ORIENTED_EDGE('',*,*,#9457,.T.);
#9460=ORIENTED_EDGE('',*,*,#9459,.T.);
#9461=EDGE_LOOP('',(#9454,#9456,#9458,#9460));
#9462=FACE_OUTER_BOUND('',#9461,.F.);
#9463=ADVANCED_FACE('',(#9462),#9453,.F.);
#9464=CARTESIAN_POINT('',(3.4E-1,-4.5E-2,8.E-2));
#9465=DIRECTION('',(1.E0,0.E0,0.E0));
#9466=DIRECTION('',(0.E0,0.E0,-1.E0));
#9467=AXIS2_PLACEMENT_3D('',#9464,#9465,#9466);
#9468=PLANE('',#9467);
#9469=ORIENTED_EDGE('',*,*,#7214,.F.);
#9471=ORIENTED_EDGE('',*,*,#9470,.T.);
#9473=ORIENTED_EDGE('',*,*,#9472,.T.);
#9475=ORIENTED_EDGE('',*,*,#9474,.T.);
#9476=EDGE_LOOP('',(#9469,#9471,#9473,#9475));
#9477=FACE_OUTER_BOUND('',#9476,.F.);
#9478=ADVANCED_FACE('',(#9477),#9468,.F.);
#9479=CARTESIAN_POINT('',(3.4E-1,-4.5E-2,8.E-2));
#9480=DIRECTION('',(1.E0,0.E0,0.E0));
#9481=DIRECTION('',(0.E0,0.E0,-1.E0));
#9482=AXIS2_PLACEMENT_3D('',#9479,#9480,#9481);
#9483=PLANE('',#9482);
#9484=ORIENTED_EDGE('',*,*,#8052,.T.);
#9486=ORIENTED_EDGE('',*,*,#9485,.T.);
#9488=ORIENTED_EDGE('',*,*,#9487,.T.);
#9490=ORIENTED_EDGE('',*,*,#9489,.T.);
#9491=EDGE_LOOP('',(#9484,#9486,#9488,#9490));
#9492=FACE_OUTER_BOUND('',#9491,.F.);
#9493=ADVANCED_FACE('',(#9492),#9483,.F.);
#9494=CARTESIAN_POINT('',(3.4E-1,-4.5E-2,8.E-2));
#9495=DIRECTION('',(1.E0,0.E0,0.E0));
#9496=DIRECTION('',(0.E0,0.E0,-1.E0));
#9497=AXIS2_PLACEMENT_3D('',#9494,#9495,#9496);
#9498=PLANE('',#9497);
#9499=ORIENTED_EDGE('',*,*,#8062,.T.);
#9501=ORIENTED_EDGE('',*,*,#9500,.T.);
#9503=ORIENTED_EDGE('',*,*,#9502,.T.);
#9505=ORIENTED_EDGE('',*,*,#9504,.T.);
#9506=EDGE_LOOP('',(#9499,#9501,#9503,#9505));
#9507=FACE_OUTER_BOUND('',#9506,.F.);
#9508=ADVANCED_FACE('',(#9507),#9498,.F.);
#9509=CARTESIAN_POINT('',(3.4E-1,-4.5E-2,6.E-2));
#9510=DIRECTION('',(0.E0,0.E0,1.E0));
#9511=DIRECTION('',(0.E0,-1.E0,0.E0));
#9512=AXIS2_PLACEMENT_3D('',#9509,#9510,#9511);
#9513=PLANE('',#9512);
#9514=ORIENTED_EDGE('',*,*,#7210,.T.);
#9516=ORIENTED_EDGE('',*,*,#9515,.T.);
#9518=ORIENTED_EDGE('',*,*,#9517,.F.);
#9519=ORIENTED_EDGE('',*,*,#9455,.F.);
#9520=EDGE_LOOP('',(#9514,#9516,#9518,#9519));
#9521=FACE_OUTER_BOUND('',#9520,.F.);
#9522=ADVANCED_FACE('',(#9521),#9513,.T.);
#9523=CARTESIAN_POINT('',(3.6E-1,-4.5E-2,8.E-2));
#9524=DIRECTION('',(1.E0,0.E0,0.E0));
#9525=DIRECTION('',(0.E0,0.E0,-1.E0));
#9526=AXIS2_PLACEMENT_3D('',#9523,#9524,#9525);
#9527=PLANE('',#9526);
#9528=ORIENTED_EDGE('',*,*,#7208,.T.);
#9530=ORIENTED_EDGE('',*,*,#9529,.F.);
#9532=ORIENTED_EDGE('',*,*,#9531,.F.);
#9533=ORIENTED_EDGE('',*,*,#9515,.F.);
#9534=EDGE_LOOP('',(#9528,#9530,#9532,#9533));
#9535=FACE_OUTER_BOUND('',#9534,.F.);
#9536=ADVANCED_FACE('',(#9535),#9527,.T.);
#9537=CARTESIAN_POINT('',(3.6E-1,-4.5E-2,8.E-2));
#9538=DIRECTION('',(1.E0,0.E0,0.E0));
#9539=DIRECTION('',(0.E0,0.E0,-1.E0));
#9540=AXIS2_PLACEMENT_3D('',#9537,#9538,#9539);
#9541=PLANE('',#9540);
#9542=ORIENTED_EDGE('',*,*,#7218,.T.);
#9544=ORIENTED_EDGE('',*,*,#9543,.F.);
#9546=ORIENTED_EDGE('',*,*,#9545,.F.);
#9548=ORIENTED_EDGE('',*,*,#9547,.F.);
#9549=EDGE_LOOP('',(#9542,#9544,#9546,#9548));
#9550=FACE_OUTER_BOUND('',#9549,.F.);
#9551=ADVANCED_FACE('',(#9550),#9541,.T.);
#9552=CARTESIAN_POINT('',(3.6E-1,-4.5E-2,8.E-2));
#9553=DIRECTION('',(1.E0,0.E0,0.E0));
#9554=DIRECTION('',(0.E0,0.E0,-1.E0));
#9555=AXIS2_PLACEMENT_3D('',#9552,#9553,#9554);
#9556=PLANE('',#9555);
#9557=ORIENTED_EDGE('',*,*,#8056,.F.);
#9559=ORIENTED_EDGE('',*,*,#9558,.F.);
#9561=ORIENTED_EDGE('',*,*,#9560,.F.);
#9563=ORIENTED_EDGE('',*,*,#9562,.F.);
#9564=EDGE_LOOP('',(#9557,#9559,#9561,#9563));
#9565=FACE_OUTER_BOUND('',#9564,.F.);
#9566=ADVANCED_FACE('',(#9565),#9556,.T.);
#9567=CARTESIAN_POINT('',(3.6E-1,-4.5E-2,8.E-2));
#9568=DIRECTION('',(1.E0,0.E0,0.E0));
#9569=DIRECTION('',(0.E0,0.E0,-1.E0));
#9570=AXIS2_PLACEMENT_3D('',#9567,#9568,#9569);
#9571=PLANE('',#9570);
#9572=ORIENTED_EDGE('',*,*,#8066,.F.);
#9574=ORIENTED_EDGE('',*,*,#9573,.F.);
#9576=ORIENTED_EDGE('',*,*,#9575,.F.);
#9578=ORIENTED_EDGE('',*,*,#9577,.F.);
#9579=EDGE_LOOP('',(#9572,#9574,#9576,#9578));
#9580=FACE_OUTER_BOUND('',#9579,.F.);
#9581=ADVANCED_FACE('',(#9580),#9571,.T.);
#9582=CARTESIAN_POINT('',(3.4E-1,-1.52E-1,4.E-2));
#9583=DIRECTION('',(0.E0,0.E0,-1.E0));
#9584=DIRECTION('',(0.E0,1.E0,0.E0));
#9585=AXIS2_PLACEMENT_3D('',#9582,#9583,#9584);
#9586=PLANE('',#9585);
#9587=ORIENTED_EDGE('',*,*,#7206,.F.);
#9588=ORIENTED_EDGE('',*,*,#9459,.F.);
#9590=ORIENTED_EDGE('',*,*,#9589,.T.);
#9591=ORIENTED_EDGE('',*,*,#9529,.T.);
#9592=EDGE_LOOP('',(#9587,#9588,#9590,#9591));
#9593=FACE_OUTER_BOUND('',#9592,.F.);
#9594=ADVANCED_FACE('',(#9593),#9586,.T.);
#9595=CARTESIAN_POINT('',(3.4E-1,-1.52E-1,6.E-2));
#9596=DIRECTION('',(0.E0,-1.E0,0.E0));
#9597=DIRECTION('',(0.E0,0.E0,-1.E0));
#9598=AXIS2_PLACEMENT_3D('',#9595,#9596,#9597);
#9599=PLANE('',#9598);
#9600=ORIENTED_EDGE('',*,*,#9457,.F.);
#9601=ORIENTED_EDGE('',*,*,#9517,.T.);
#9602=ORIENTED_EDGE('',*,*,#9531,.T.);
#9603=ORIENTED_EDGE('',*,*,#9589,.F.);
#9604=EDGE_LOOP('',(#9600,#9601,#9602,#9603));
#9605=FACE_OUTER_BOUND('',#9604,.F.);
#9606=ADVANCED_FACE('',(#9605),#9599,.T.);
#9607=CARTESIAN_POINT('',(3.4E-1,-1.52E-1,-6.E-2));
#9608=DIRECTION('',(0.E0,0.E0,-1.E0));
#9609=DIRECTION('',(0.E0,1.E0,0.E0));
#9610=AXIS2_PLACEMENT_3D('',#9607,#9608,#9609);
#9611=PLANE('',#9610);
#9612=ORIENTED_EDGE('',*,*,#7216,.F.);
#9613=ORIENTED_EDGE('',*,*,#9474,.F.);
#9615=ORIENTED_EDGE('',*,*,#9614,.T.);
#9616=ORIENTED_EDGE('',*,*,#9543,.T.);
#9617=EDGE_LOOP('',(#9612,#9613,#9615,#9616));
#9618=FACE_OUTER_BOUND('',#9617,.F.);
#9619=ADVANCED_FACE('',(#9618),#9611,.T.);
#9620=CARTESIAN_POINT('',(3.4E-1,-1.52E-1,-4.E-2));
#9621=DIRECTION('',(0.E0,-1.E0,0.E0));
#9622=DIRECTION('',(0.E0,0.E0,-1.E0));
#9623=AXIS2_PLACEMENT_3D('',#9620,#9621,#9622);
#9624=PLANE('',#9623);
#9625=ORIENTED_EDGE('',*,*,#9472,.F.);
#9627=ORIENTED_EDGE('',*,*,#9626,.T.);
#9628=ORIENTED_EDGE('',*,*,#9545,.T.);
#9629=ORIENTED_EDGE('',*,*,#9614,.F.);
#9630=EDGE_LOOP('',(#9625,#9627,#9628,#9629));
#9631=FACE_OUTER_BOUND('',#9630,.F.);
#9632=ADVANCED_FACE('',(#9631),#9624,.T.);
#9633=CARTESIAN_POINT('',(3.4E-1,-4.5E-2,-4.E-2));
#9634=DIRECTION('',(0.E0,0.E0,1.E0));
#9635=DIRECTION('',(0.E0,-1.E0,0.E0));
#9636=AXIS2_PLACEMENT_3D('',#9633,#9634,#9635);
#9637=PLANE('',#9636);
#9638=ORIENTED_EDGE('',*,*,#7220,.T.);
#9639=ORIENTED_EDGE('',*,*,#9547,.T.);
#9640=ORIENTED_EDGE('',*,*,#9626,.F.);
#9641=ORIENTED_EDGE('',*,*,#9470,.F.);
#9642=EDGE_LOOP('',(#9638,#9639,#9640,#9641));
#9643=FACE_OUTER_BOUND('',#9642,.F.);
#9644=ADVANCED_FACE('',(#9643),#9637,.T.);
#9645=CARTESIAN_POINT('',(3.4E-1,2.85E-1,6.E-2));
#9646=DIRECTION('',(0.E0,0.E0,1.E0));
#9647=DIRECTION('',(0.E0,-1.E0,0.E0));
#9648=AXIS2_PLACEMENT_3D('',#9645,#9646,#9647);
#9649=PLANE('',#9648);
#9650=ORIENTED_EDGE('',*,*,#8054,.F.);
#9651=ORIENTED_EDGE('',*,*,#9489,.F.);
#9653=ORIENTED_EDGE('',*,*,#9652,.T.);
#9654=ORIENTED_EDGE('',*,*,#9558,.T.);
#9655=EDGE_LOOP('',(#9650,#9651,#9653,#9654));
#9656=FACE_OUTER_BOUND('',#9655,.F.);
#9657=ADVANCED_FACE('',(#9656),#9649,.T.);
#9658=CARTESIAN_POINT('',(3.4E-1,2.85E-1,4.E-2));
#9659=DIRECTION('',(0.E0,1.E0,0.E0));
#9660=DIRECTION('',(0.E0,0.E0,1.E0));
#9661=AXIS2_PLACEMENT_3D('',#9658,#9659,#9660);
#9662=PLANE('',#9661);
#9663=ORIENTED_EDGE('',*,*,#9487,.F.);
#9665=ORIENTED_EDGE('',*,*,#9664,.T.);
#9666=ORIENTED_EDGE('',*,*,#9560,.T.);
#9667=ORIENTED_EDGE('',*,*,#9652,.F.);
#9668=EDGE_LOOP('',(#9663,#9665,#9666,#9667));
#9669=FACE_OUTER_BOUND('',#9668,.F.);
#9670=ADVANCED_FACE('',(#9669),#9662,.T.);
#9671=CARTESIAN_POINT('',(3.4E-1,4.5E-2,4.E-2));
#9672=DIRECTION('',(0.E0,0.E0,-1.E0));
#9673=DIRECTION('',(0.E0,1.E0,0.E0));
#9674=AXIS2_PLACEMENT_3D('',#9671,#9672,#9673);
#9675=PLANE('',#9674);
#9676=ORIENTED_EDGE('',*,*,#8058,.T.);
#9677=ORIENTED_EDGE('',*,*,#9562,.T.);
#9678=ORIENTED_EDGE('',*,*,#9664,.F.);
#9679=ORIENTED_EDGE('',*,*,#9485,.F.);
#9680=EDGE_LOOP('',(#9676,#9677,#9678,#9679));
#9681=FACE_OUTER_BOUND('',#9680,.F.);
#9682=ADVANCED_FACE('',(#9681),#9675,.T.);
#9683=CARTESIAN_POINT('',(3.4E-1,2.85E-1,-4.E-2));
#9684=DIRECTION('',(0.E0,0.E0,1.E0));
#9685=DIRECTION('',(0.E0,-1.E0,0.E0));
#9686=AXIS2_PLACEMENT_3D('',#9683,#9684,#9685);
#9687=PLANE('',#9686);
#9688=ORIENTED_EDGE('',*,*,#8064,.F.);
#9689=ORIENTED_EDGE('',*,*,#9504,.F.);
#9691=ORIENTED_EDGE('',*,*,#9690,.T.);
#9692=ORIENTED_EDGE('',*,*,#9573,.T.);
#9693=EDGE_LOOP('',(#9688,#9689,#9691,#9692));
#9694=FACE_OUTER_BOUND('',#9693,.F.);
#9695=ADVANCED_FACE('',(#9694),#9687,.T.);
#9696=CARTESIAN_POINT('',(3.4E-1,2.85E-1,-6.E-2));
#9697=DIRECTION('',(0.E0,1.E0,0.E0));
#9698=DIRECTION('',(0.E0,0.E0,1.E0));
#9699=AXIS2_PLACEMENT_3D('',#9696,#9697,#9698);
#9700=PLANE('',#9699);
#9701=ORIENTED_EDGE('',*,*,#9502,.F.);
#9703=ORIENTED_EDGE('',*,*,#9702,.T.);
#9704=ORIENTED_EDGE('',*,*,#9575,.T.);
#9705=ORIENTED_EDGE('',*,*,#9690,.F.);
#9706=EDGE_LOOP('',(#9701,#9703,#9704,#9705));
#9707=FACE_OUTER_BOUND('',#9706,.F.);
#9708=ADVANCED_FACE('',(#9707),#9700,.T.);
#9709=CARTESIAN_POINT('',(3.4E-1,4.5E-2,-6.E-2));
#9710=DIRECTION('',(0.E0,0.E0,-1.E0));
#9711=DIRECTION('',(0.E0,1.E0,0.E0));
#9712=AXIS2_PLACEMENT_3D('',#9709,#9710,#9711);
#9713=PLANE('',#9712);
#9714=ORIENTED_EDGE('',*,*,#8068,.T.);
#9715=ORIENTED_EDGE('',*,*,#9577,.T.);
#9716=ORIENTED_EDGE('',*,*,#9702,.F.);
#9717=ORIENTED_EDGE('',*,*,#9500,.F.);
#9718=EDGE_LOOP('',(#9714,#9715,#9716,#9717));
#9719=FACE_OUTER_BOUND('',#9718,.F.);
#9720=ADVANCED_FACE('',(#9719),#9713,.T.);
#9721=CARTESIAN_POINT('',(2.4E-1,-4.5E-2,8.E-2));
#9722=DIRECTION('',(1.E0,0.E0,0.E0));
#9723=DIRECTION('',(0.E0,0.E0,-1.E0));
#9724=AXIS2_PLACEMENT_3D('',#9721,#9722,#9723);
#9725=PLANE('',#9724);
#9726=ORIENTED_EDGE('',*,*,#7168,.F.);
#9728=ORIENTED_EDGE('',*,*,#9727,.T.);
#9730=ORIENTED_EDGE('',*,*,#9729,.T.);
#9732=ORIENTED_EDGE('',*,*,#9731,.T.);
#9733=EDGE_LOOP('',(#9726,#9728,#9730,#9732));
#9734=FACE_OUTER_BOUND('',#9733,.F.);
#9735=ADVANCED_FACE('',(#9734),#9725,.F.);
#9736=CARTESIAN_POINT('',(2.4E-1,-4.5E-2,8.E-2));
#9737=DIRECTION('',(1.E0,0.E0,0.E0));
#9738=DIRECTION('',(0.E0,0.E0,-1.E0));
#9739=AXIS2_PLACEMENT_3D('',#9736,#9737,#9738);
#9740=PLANE('',#9739);
#9741=ORIENTED_EDGE('',*,*,#7178,.F.);
#9743=ORIENTED_EDGE('',*,*,#9742,.T.);
#9745=ORIENTED_EDGE('',*,*,#9744,.T.);
#9747=ORIENTED_EDGE('',*,*,#9746,.T.);
#9748=EDGE_LOOP('',(#9741,#9743,#9745,#9747));
#9749=FACE_OUTER_BOUND('',#9748,.F.);
#9750=ADVANCED_FACE('',(#9749),#9740,.F.);
#9751=CARTESIAN_POINT('',(2.4E-1,-4.5E-2,8.E-2));
#9752=DIRECTION('',(1.E0,0.E0,0.E0));
#9753=DIRECTION('',(0.E0,0.E0,-1.E0));
#9754=AXIS2_PLACEMENT_3D('',#9751,#9752,#9753);
#9755=PLANE('',#9754);
#9756=ORIENTED_EDGE('',*,*,#8016,.T.);
#9758=ORIENTED_EDGE('',*,*,#9757,.T.);
#9760=ORIENTED_EDGE('',*,*,#9759,.T.);
#9762=ORIENTED_EDGE('',*,*,#9761,.T.);
#9763=EDGE_LOOP('',(#9756,#9758,#9760,#9762));
#9764=FACE_OUTER_BOUND('',#9763,.F.);
#9765=ADVANCED_FACE('',(#9764),#9755,.F.);
#9766=CARTESIAN_POINT('',(2.4E-1,-4.5E-2,8.E-2));
#9767=DIRECTION('',(1.E0,0.E0,0.E0));
#9768=DIRECTION('',(0.E0,0.E0,-1.E0));
#9769=AXIS2_PLACEMENT_3D('',#9766,#9767,#9768);
#9770=PLANE('',#9769);
#9771=ORIENTED_EDGE('',*,*,#8026,.T.);
#9773=ORIENTED_EDGE('',*,*,#9772,.T.);
#9775=ORIENTED_EDGE('',*,*,#9774,.T.);
#9777=ORIENTED_EDGE('',*,*,#9776,.T.);
#9778=EDGE_LOOP('',(#9771,#9773,#9775,#9777));
#9779=FACE_OUTER_BOUND('',#9778,.F.);
#9780=ADVANCED_FACE('',(#9779),#9770,.F.);
#9781=CARTESIAN_POINT('',(2.4E-1,-4.5E-2,6.E-2));
#9782=DIRECTION('',(0.E0,0.E0,1.E0));
#9783=DIRECTION('',(0.E0,-1.E0,0.E0));
#9784=AXIS2_PLACEMENT_3D('',#9781,#9782,#9783);
#9785=PLANE('',#9784);
#9786=ORIENTED_EDGE('',*,*,#7174,.T.);
#9788=ORIENTED_EDGE('',*,*,#9787,.T.);
#9790=ORIENTED_EDGE('',*,*,#9789,.F.);
#9791=ORIENTED_EDGE('',*,*,#9727,.F.);
#9792=EDGE_LOOP('',(#9786,#9788,#9790,#9791));
#9793=FACE_OUTER_BOUND('',#9792,.F.);
#9794=ADVANCED_FACE('',(#9793),#9785,.T.);
#9795=CARTESIAN_POINT('',(2.6E-1,-4.5E-2,8.E-2));
#9796=DIRECTION('',(1.E0,0.E0,0.E0));
#9797=DIRECTION('',(0.E0,0.E0,-1.E0));
#9798=AXIS2_PLACEMENT_3D('',#9795,#9796,#9797);
#9799=PLANE('',#9798);
#9800=ORIENTED_EDGE('',*,*,#7172,.T.);
#9802=ORIENTED_EDGE('',*,*,#9801,.F.);
#9804=ORIENTED_EDGE('',*,*,#9803,.F.);
#9805=ORIENTED_EDGE('',*,*,#9787,.F.);
#9806=EDGE_LOOP('',(#9800,#9802,#9804,#9805));
#9807=FACE_OUTER_BOUND('',#9806,.F.);
#9808=ADVANCED_FACE('',(#9807),#9799,.T.);
#9809=CARTESIAN_POINT('',(2.6E-1,-4.5E-2,8.E-2));
#9810=DIRECTION('',(1.E0,0.E0,0.E0));
#9811=DIRECTION('',(0.E0,0.E0,-1.E0));
#9812=AXIS2_PLACEMENT_3D('',#9809,#9810,#9811);
#9813=PLANE('',#9812);
#9814=ORIENTED_EDGE('',*,*,#7182,.T.);
#9816=ORIENTED_EDGE('',*,*,#9815,.F.);
#9818=ORIENTED_EDGE('',*,*,#9817,.F.);
#9820=ORIENTED_EDGE('',*,*,#9819,.F.);
#9821=EDGE_LOOP('',(#9814,#9816,#9818,#9820));
#9822=FACE_OUTER_BOUND('',#9821,.F.);
#9823=ADVANCED_FACE('',(#9822),#9813,.T.);
#9824=CARTESIAN_POINT('',(2.6E-1,-4.5E-2,8.E-2));
#9825=DIRECTION('',(1.E0,0.E0,0.E0));
#9826=DIRECTION('',(0.E0,0.E0,-1.E0));
#9827=AXIS2_PLACEMENT_3D('',#9824,#9825,#9826);
#9828=PLANE('',#9827);
#9829=ORIENTED_EDGE('',*,*,#8020,.F.);
#9831=ORIENTED_EDGE('',*,*,#9830,.F.);
#9833=ORIENTED_EDGE('',*,*,#9832,.F.);
#9835=ORIENTED_EDGE('',*,*,#9834,.F.);
#9836=EDGE_LOOP('',(#9829,#9831,#9833,#9835));
#9837=FACE_OUTER_BOUND('',#9836,.F.);
#9838=ADVANCED_FACE('',(#9837),#9828,.T.);
#9839=CARTESIAN_POINT('',(2.6E-1,-4.5E-2,8.E-2));
#9840=DIRECTION('',(1.E0,0.E0,0.E0));
#9841=DIRECTION('',(0.E0,0.E0,-1.E0));
#9842=AXIS2_PLACEMENT_3D('',#9839,#9840,#9841);
#9843=PLANE('',#9842);
#9844=ORIENTED_EDGE('',*,*,#8030,.F.);
#9846=ORIENTED_EDGE('',*,*,#9845,.F.);
#9848=ORIENTED_EDGE('',*,*,#9847,.F.);
#9850=ORIENTED_EDGE('',*,*,#9849,.F.);
#9851=EDGE_LOOP('',(#9844,#9846,#9848,#9850));
#9852=FACE_OUTER_BOUND('',#9851,.F.);
#9853=ADVANCED_FACE('',(#9852),#9843,.T.);
#9854=CARTESIAN_POINT('',(2.4E-1,-1.52E-1,4.E-2));
#9855=DIRECTION('',(0.E0,0.E0,-1.E0));
#9856=DIRECTION('',(0.E0,1.E0,0.E0));
#9857=AXIS2_PLACEMENT_3D('',#9854,#9855,#9856);
#9858=PLANE('',#9857);
#9859=ORIENTED_EDGE('',*,*,#7170,.F.);
#9860=ORIENTED_EDGE('',*,*,#9731,.F.);
#9862=ORIENTED_EDGE('',*,*,#9861,.T.);
#9863=ORIENTED_EDGE('',*,*,#9801,.T.);
#9864=EDGE_LOOP('',(#9859,#9860,#9862,#9863));
#9865=FACE_OUTER_BOUND('',#9864,.F.);
#9866=ADVANCED_FACE('',(#9865),#9858,.T.);
#9867=CARTESIAN_POINT('',(2.4E-1,-1.52E-1,6.E-2));
#9868=DIRECTION('',(0.E0,-1.E0,0.E0));
#9869=DIRECTION('',(0.E0,0.E0,-1.E0));
#9870=AXIS2_PLACEMENT_3D('',#9867,#9868,#9869);
#9871=PLANE('',#9870);
#9872=ORIENTED_EDGE('',*,*,#9729,.F.);
#9873=ORIENTED_EDGE('',*,*,#9789,.T.);
#9874=ORIENTED_EDGE('',*,*,#9803,.T.);
#9875=ORIENTED_EDGE('',*,*,#9861,.F.);
#9876=EDGE_LOOP('',(#9872,#9873,#9874,#9875));
#9877=FACE_OUTER_BOUND('',#9876,.F.);
#9878=ADVANCED_FACE('',(#9877),#9871,.T.);
#9879=CARTESIAN_POINT('',(2.4E-1,-1.52E-1,-6.E-2));
#9880=DIRECTION('',(0.E0,0.E0,-1.E0));
#9881=DIRECTION('',(0.E0,1.E0,0.E0));
#9882=AXIS2_PLACEMENT_3D('',#9879,#9880,#9881);
#9883=PLANE('',#9882);
#9884=ORIENTED_EDGE('',*,*,#7180,.F.);
#9885=ORIENTED_EDGE('',*,*,#9746,.F.);
#9887=ORIENTED_EDGE('',*,*,#9886,.T.);
#9888=ORIENTED_EDGE('',*,*,#9815,.T.);
#9889=EDGE_LOOP('',(#9884,#9885,#9887,#9888));
#9890=FACE_OUTER_BOUND('',#9889,.F.);
#9891=ADVANCED_FACE('',(#9890),#9883,.T.);
#9892=CARTESIAN_POINT('',(2.4E-1,-1.52E-1,-4.E-2));
#9893=DIRECTION('',(0.E0,-1.E0,0.E0));
#9894=DIRECTION('',(0.E0,0.E0,-1.E0));
#9895=AXIS2_PLACEMENT_3D('',#9892,#9893,#9894);
#9896=PLANE('',#9895);
#9897=ORIENTED_EDGE('',*,*,#9744,.F.);
#9899=ORIENTED_EDGE('',*,*,#9898,.T.);
#9900=ORIENTED_EDGE('',*,*,#9817,.T.);
#9901=ORIENTED_EDGE('',*,*,#9886,.F.);
#9902=EDGE_LOOP('',(#9897,#9899,#9900,#9901));
#9903=FACE_OUTER_BOUND('',#9902,.F.);
#9904=ADVANCED_FACE('',(#9903),#9896,.T.);
#9905=CARTESIAN_POINT('',(2.4E-1,-4.5E-2,-4.E-2));
#9906=DIRECTION('',(0.E0,0.E0,1.E0));
#9907=DIRECTION('',(0.E0,-1.E0,0.E0));
#9908=AXIS2_PLACEMENT_3D('',#9905,#9906,#9907);
#9909=PLANE('',#9908);
#9910=ORIENTED_EDGE('',*,*,#7184,.T.);
#9911=ORIENTED_EDGE('',*,*,#9819,.T.);
#9912=ORIENTED_EDGE('',*,*,#9898,.F.);
#9913=ORIENTED_EDGE('',*,*,#9742,.F.);
#9914=EDGE_LOOP('',(#9910,#9911,#9912,#9913));
#9915=FACE_OUTER_BOUND('',#9914,.F.);
#9916=ADVANCED_FACE('',(#9915),#9909,.T.);
#9917=CARTESIAN_POINT('',(2.4E-1,2.85E-1,6.E-2));
#9918=DIRECTION('',(0.E0,0.E0,1.E0));
#9919=DIRECTION('',(0.E0,-1.E0,0.E0));
#9920=AXIS2_PLACEMENT_3D('',#9917,#9918,#9919);
#9921=PLANE('',#9920);
#9922=ORIENTED_EDGE('',*,*,#8018,.F.);
#9923=ORIENTED_EDGE('',*,*,#9761,.F.);
#9925=ORIENTED_EDGE('',*,*,#9924,.T.);
#9926=ORIENTED_EDGE('',*,*,#9830,.T.);
#9927=EDGE_LOOP('',(#9922,#9923,#9925,#9926));
#9928=FACE_OUTER_BOUND('',#9927,.F.);
#9929=ADVANCED_FACE('',(#9928),#9921,.T.);
#9930=CARTESIAN_POINT('',(2.4E-1,2.85E-1,4.E-2));
#9931=DIRECTION('',(0.E0,1.E0,0.E0));
#9932=DIRECTION('',(0.E0,0.E0,1.E0));
#9933=AXIS2_PLACEMENT_3D('',#9930,#9931,#9932);
#9934=PLANE('',#9933);
#9935=ORIENTED_EDGE('',*,*,#9759,.F.);
#9937=ORIENTED_EDGE('',*,*,#9936,.T.);
#9938=ORIENTED_EDGE('',*,*,#9832,.T.);
#9939=ORIENTED_EDGE('',*,*,#9924,.F.);
#9940=EDGE_LOOP('',(#9935,#9937,#9938,#9939));
#9941=FACE_OUTER_BOUND('',#9940,.F.);
#9942=ADVANCED_FACE('',(#9941),#9934,.T.);
#9943=CARTESIAN_POINT('',(2.4E-1,4.5E-2,4.E-2));
#9944=DIRECTION('',(0.E0,0.E0,-1.E0));
#9945=DIRECTION('',(0.E0,1.E0,0.E0));
#9946=AXIS2_PLACEMENT_3D('',#9943,#9944,#9945);
#9947=PLANE('',#9946);
#9948=ORIENTED_EDGE('',*,*,#8022,.T.);
#9949=ORIENTED_EDGE('',*,*,#9834,.T.);
#9950=ORIENTED_EDGE('',*,*,#9936,.F.);
#9951=ORIENTED_EDGE('',*,*,#9757,.F.);
#9952=EDGE_LOOP('',(#9948,#9949,#9950,#9951));
#9953=FACE_OUTER_BOUND('',#9952,.F.);
#9954=ADVANCED_FACE('',(#9953),#9947,.T.);
#9955=CARTESIAN_POINT('',(2.4E-1,2.85E-1,-4.E-2));
#9956=DIRECTION('',(0.E0,0.E0,1.E0));
#9957=DIRECTION('',(0.E0,-1.E0,0.E0));
#9958=AXIS2_PLACEMENT_3D('',#9955,#9956,#9957);
#9959=PLANE('',#9958);
#9960=ORIENTED_EDGE('',*,*,#8028,.F.);
#9961=ORIENTED_EDGE('',*,*,#9776,.F.);
#9963=ORIENTED_EDGE('',*,*,#9962,.T.);
#9964=ORIENTED_EDGE('',*,*,#9845,.T.);
#9965=EDGE_LOOP('',(#9960,#9961,#9963,#9964));
#9966=FACE_OUTER_BOUND('',#9965,.F.);
#9967=ADVANCED_FACE('',(#9966),#9959,.T.);
#9968=CARTESIAN_POINT('',(2.4E-1,2.85E-1,-6.E-2));
#9969=DIRECTION('',(0.E0,1.E0,0.E0));
#9970=DIRECTION('',(0.E0,0.E0,1.E0));
#9971=AXIS2_PLACEMENT_3D('',#9968,#9969,#9970);
#9972=PLANE('',#9971);
#9973=ORIENTED_EDGE('',*,*,#9774,.F.);
#9975=ORIENTED_EDGE('',*,*,#9974,.T.);
#9976=ORIENTED_EDGE('',*,*,#9847,.T.);
#9977=ORIENTED_EDGE('',*,*,#9962,.F.);
#9978=EDGE_LOOP('',(#9973,#9975,#9976,#9977));
#9979=FACE_OUTER_BOUND('',#9978,.F.);
#9980=ADVANCED_FACE('',(#9979),#9972,.T.);
#9981=CARTESIAN_POINT('',(2.4E-1,4.5E-2,-6.E-2));
#9982=DIRECTION('',(0.E0,0.E0,-1.E0));
#9983=DIRECTION('',(0.E0,1.E0,0.E0));
#9984=AXIS2_PLACEMENT_3D('',#9981,#9982,#9983);
#9985=PLANE('',#9984);
#9986=ORIENTED_EDGE('',*,*,#8032,.T.);
#9987=ORIENTED_EDGE('',*,*,#9849,.T.);
#9988=ORIENTED_EDGE('',*,*,#9974,.F.);
#9989=ORIENTED_EDGE('',*,*,#9772,.F.);
#9990=EDGE_LOOP('',(#9986,#9987,#9988,#9989));
#9991=FACE_OUTER_BOUND('',#9990,.F.);
#9992=ADVANCED_FACE('',(#9991),#9985,.T.);
#9993=CARTESIAN_POINT('',(1.4E-1,-4.5E-2,8.E-2));
#9994=DIRECTION('',(1.E0,0.E0,0.E0));
#9995=DIRECTION('',(0.E0,0.E0,-1.E0));
#9996=AXIS2_PLACEMENT_3D('',#9993,#9994,#9995);
#9997=PLANE('',#9996);
#9998=ORIENTED_EDGE('',*,*,#7132,.F.);
#10000=ORIENTED_EDGE('',*,*,#9999,.T.);
#10002=ORIENTED_EDGE('',*,*,#10001,.T.);
#10004=ORIENTED_EDGE('',*,*,#10003,.T.);
#10005=EDGE_LOOP('',(#9998,#10000,#10002,#10004));
#10006=FACE_OUTER_BOUND('',#10005,.F.);
#10007=ADVANCED_FACE('',(#10006),#9997,.F.);
#10008=CARTESIAN_POINT('',(1.4E-1,-4.5E-2,8.E-2));
#10009=DIRECTION('',(1.E0,0.E0,0.E0));
#10010=DIRECTION('',(0.E0,0.E0,-1.E0));
#10011=AXIS2_PLACEMENT_3D('',#10008,#10009,#10010);
#10012=PLANE('',#10011);
#10013=ORIENTED_EDGE('',*,*,#7142,.F.);
#10015=ORIENTED_EDGE('',*,*,#10014,.T.);
#10017=ORIENTED_EDGE('',*,*,#10016,.T.);
#10019=ORIENTED_EDGE('',*,*,#10018,.T.);
#10020=EDGE_LOOP('',(#10013,#10015,#10017,#10019));
#10021=FACE_OUTER_BOUND('',#10020,.F.);
#10022=ADVANCED_FACE('',(#10021),#10012,.F.);
#10023=CARTESIAN_POINT('',(1.4E-1,-4.5E-2,8.E-2));
#10024=DIRECTION('',(1.E0,0.E0,0.E0));
#10025=DIRECTION('',(0.E0,0.E0,-1.E0));
#10026=AXIS2_PLACEMENT_3D('',#10023,#10024,#10025);
#10027=PLANE('',#10026);
#10028=ORIENTED_EDGE('',*,*,#7980,.T.);
#10030=ORIENTED_EDGE('',*,*,#10029,.T.);
#10032=ORIENTED_EDGE('',*,*,#10031,.T.);
#10034=ORIENTED_EDGE('',*,*,#10033,.T.);
#10035=EDGE_LOOP('',(#10028,#10030,#10032,#10034));
#10036=FACE_OUTER_BOUND('',#10035,.F.);
#10037=ADVANCED_FACE('',(#10036),#10027,.F.);
#10038=CARTESIAN_POINT('',(1.4E-1,-4.5E-2,8.E-2));
#10039=DIRECTION('',(1.E0,0.E0,0.E0));
#10040=DIRECTION('',(0.E0,0.E0,-1.E0));
#10041=AXIS2_PLACEMENT_3D('',#10038,#10039,#10040);
#10042=PLANE('',#10041);
#10043=ORIENTED_EDGE('',*,*,#7990,.T.);
#10045=ORIENTED_EDGE('',*,*,#10044,.T.);
#10047=ORIENTED_EDGE('',*,*,#10046,.T.);
#10049=ORIENTED_EDGE('',*,*,#10048,.T.);
#10050=EDGE_LOOP('',(#10043,#10045,#10047,#10049));
#10051=FACE_OUTER_BOUND('',#10050,.F.);
#10052=ADVANCED_FACE('',(#10051),#10042,.F.);
#10053=CARTESIAN_POINT('',(1.4E-1,-4.5E-2,6.E-2));
#10054=DIRECTION('',(0.E0,0.E0,1.E0));
#10055=DIRECTION('',(0.E0,-1.E0,0.E0));
#10056=AXIS2_PLACEMENT_3D('',#10053,#10054,#10055);
#10057=PLANE('',#10056);
#10058=ORIENTED_EDGE('',*,*,#7138,.T.);
#10060=ORIENTED_EDGE('',*,*,#10059,.T.);
#10062=ORIENTED_EDGE('',*,*,#10061,.F.);
#10063=ORIENTED_EDGE('',*,*,#9999,.F.);
#10064=EDGE_LOOP('',(#10058,#10060,#10062,#10063));
#10065=FACE_OUTER_BOUND('',#10064,.F.);
#10066=ADVANCED_FACE('',(#10065),#10057,.T.);
#10067=CARTESIAN_POINT('',(1.6E-1,-4.5E-2,8.E-2));
#10068=DIRECTION('',(1.E0,0.E0,0.E0));
#10069=DIRECTION('',(0.E0,0.E0,-1.E0));
#10070=AXIS2_PLACEMENT_3D('',#10067,#10068,#10069);
#10071=PLANE('',#10070);
#10072=ORIENTED_EDGE('',*,*,#7136,.T.);
#10074=ORIENTED_EDGE('',*,*,#10073,.F.);
#10076=ORIENTED_EDGE('',*,*,#10075,.F.);
#10077=ORIENTED_EDGE('',*,*,#10059,.F.);
#10078=EDGE_LOOP('',(#10072,#10074,#10076,#10077));
#10079=FACE_OUTER_BOUND('',#10078,.F.);
#10080=ADVANCED_FACE('',(#10079),#10071,.T.);
#10081=CARTESIAN_POINT('',(1.6E-1,-4.5E-2,8.E-2));
#10082=DIRECTION('',(1.E0,0.E0,0.E0));
#10083=DIRECTION('',(0.E0,0.E0,-1.E0));
#10084=AXIS2_PLACEMENT_3D('',#10081,#10082,#10083);
#10085=PLANE('',#10084);
#10086=ORIENTED_EDGE('',*,*,#7146,.T.);
#10088=ORIENTED_EDGE('',*,*,#10087,.F.);
#10090=ORIENTED_EDGE('',*,*,#10089,.F.);
#10092=ORIENTED_EDGE('',*,*,#10091,.F.);
#10093=EDGE_LOOP('',(#10086,#10088,#10090,#10092));
#10094=FACE_OUTER_BOUND('',#10093,.F.);
#10095=ADVANCED_FACE('',(#10094),#10085,.T.);
#10096=CARTESIAN_POINT('',(1.6E-1,-4.5E-2,8.E-2));
#10097=DIRECTION('',(1.E0,0.E0,0.E0));
#10098=DIRECTION('',(0.E0,0.E0,-1.E0));
#10099=AXIS2_PLACEMENT_3D('',#10096,#10097,#10098);
#10100=PLANE('',#10099);
#10101=ORIENTED_EDGE('',*,*,#7984,.F.);
#10103=ORIENTED_EDGE('',*,*,#10102,.F.);
#10105=ORIENTED_EDGE('',*,*,#10104,.F.);
#10107=ORIENTED_EDGE('',*,*,#10106,.F.);
#10108=EDGE_LOOP('',(#10101,#10103,#10105,#10107));
#10109=FACE_OUTER_BOUND('',#10108,.F.);
#10110=ADVANCED_FACE('',(#10109),#10100,.T.);
#10111=CARTESIAN_POINT('',(1.6E-1,-4.5E-2,8.E-2));
#10112=DIRECTION('',(1.E0,0.E0,0.E0));
#10113=DIRECTION('',(0.E0,0.E0,-1.E0));
#10114=AXIS2_PLACEMENT_3D('',#10111,#10112,#10113);
#10115=PLANE('',#10114);
#10116=ORIENTED_EDGE('',*,*,#7994,.F.);
#10118=ORIENTED_EDGE('',*,*,#10117,.F.);
#10120=ORIENTED_EDGE('',*,*,#10119,.F.);
#10122=ORIENTED_EDGE('',*,*,#10121,.F.);
#10123=EDGE_LOOP('',(#10116,#10118,#10120,#10122));
#10124=FACE_OUTER_BOUND('',#10123,.F.);
#10125=ADVANCED_FACE('',(#10124),#10115,.T.);
#10126=CARTESIAN_POINT('',(1.4E-1,-1.52E-1,4.E-2));
#10127=DIRECTION('',(0.E0,0.E0,-1.E0));
#10128=DIRECTION('',(0.E0,1.E0,0.E0));
#10129=AXIS2_PLACEMENT_3D('',#10126,#10127,#10128);
#10130=PLANE('',#10129);
#10131=ORIENTED_EDGE('',*,*,#7134,.F.);
#10132=ORIENTED_EDGE('',*,*,#10003,.F.);
#10134=ORIENTED_EDGE('',*,*,#10133,.T.);
#10135=ORIENTED_EDGE('',*,*,#10073,.T.);
#10136=EDGE_LOOP('',(#10131,#10132,#10134,#10135));
#10137=FACE_OUTER_BOUND('',#10136,.F.);
#10138=ADVANCED_FACE('',(#10137),#10130,.T.);
#10139=CARTESIAN_POINT('',(1.4E-1,-1.52E-1,6.E-2));
#10140=DIRECTION('',(0.E0,-1.E0,0.E0));
#10141=DIRECTION('',(0.E0,0.E0,-1.E0));
#10142=AXIS2_PLACEMENT_3D('',#10139,#10140,#10141);
#10143=PLANE('',#10142);
#10144=ORIENTED_EDGE('',*,*,#10001,.F.);
#10145=ORIENTED_EDGE('',*,*,#10061,.T.);
#10146=ORIENTED_EDGE('',*,*,#10075,.T.);
#10147=ORIENTED_EDGE('',*,*,#10133,.F.);
#10148=EDGE_LOOP('',(#10144,#10145,#10146,#10147));
#10149=FACE_OUTER_BOUND('',#10148,.F.);
#10150=ADVANCED_FACE('',(#10149),#10143,.T.);
#10151=CARTESIAN_POINT('',(1.4E-1,-1.52E-1,-6.E-2));
#10152=DIRECTION('',(0.E0,0.E0,-1.E0));
#10153=DIRECTION('',(0.E0,1.E0,0.E0));
#10154=AXIS2_PLACEMENT_3D('',#10151,#10152,#10153);
#10155=PLANE('',#10154);
#10156=ORIENTED_EDGE('',*,*,#7144,.F.);
#10157=ORIENTED_EDGE('',*,*,#10018,.F.);
#10159=ORIENTED_EDGE('',*,*,#10158,.T.);
#10160=ORIENTED_EDGE('',*,*,#10087,.T.);
#10161=EDGE_LOOP('',(#10156,#10157,#10159,#10160));
#10162=FACE_OUTER_BOUND('',#10161,.F.);
#10163=ADVANCED_FACE('',(#10162),#10155,.T.);
#10164=CARTESIAN_POINT('',(1.4E-1,-1.52E-1,-4.E-2));
#10165=DIRECTION('',(0.E0,-1.E0,0.E0));
#10166=DIRECTION('',(0.E0,0.E0,-1.E0));
#10167=AXIS2_PLACEMENT_3D('',#10164,#10165,#10166);
#10168=PLANE('',#10167);
#10169=ORIENTED_EDGE('',*,*,#10016,.F.);
#10171=ORIENTED_EDGE('',*,*,#10170,.T.);
#10172=ORIENTED_EDGE('',*,*,#10089,.T.);
#10173=ORIENTED_EDGE('',*,*,#10158,.F.);
#10174=EDGE_LOOP('',(#10169,#10171,#10172,#10173));
#10175=FACE_OUTER_BOUND('',#10174,.F.);
#10176=ADVANCED_FACE('',(#10175),#10168,.T.);
#10177=CARTESIAN_POINT('',(1.4E-1,-4.5E-2,-4.E-2));
#10178=DIRECTION('',(0.E0,0.E0,1.E0));
#10179=DIRECTION('',(0.E0,-1.E0,0.E0));
#10180=AXIS2_PLACEMENT_3D('',#10177,#10178,#10179);
#10181=PLANE('',#10180);
#10182=ORIENTED_EDGE('',*,*,#7148,.T.);
#10183=ORIENTED_EDGE('',*,*,#10091,.T.);
#10184=ORIENTED_EDGE('',*,*,#10170,.F.);
#10185=ORIENTED_EDGE('',*,*,#10014,.F.);
#10186=EDGE_LOOP('',(#10182,#10183,#10184,#10185));
#10187=FACE_OUTER_BOUND('',#10186,.F.);
#10188=ADVANCED_FACE('',(#10187),#10181,.T.);
#10189=CARTESIAN_POINT('',(1.4E-1,2.85E-1,6.E-2));
#10190=DIRECTION('',(0.E0,0.E0,1.E0));
#10191=DIRECTION('',(0.E0,-1.E0,0.E0));
#10192=AXIS2_PLACEMENT_3D('',#10189,#10190,#10191);
#10193=PLANE('',#10192);
#10194=ORIENTED_EDGE('',*,*,#7982,.F.);
#10195=ORIENTED_EDGE('',*,*,#10033,.F.);
#10197=ORIENTED_EDGE('',*,*,#10196,.T.);
#10198=ORIENTED_EDGE('',*,*,#10102,.T.);
#10199=EDGE_LOOP('',(#10194,#10195,#10197,#10198));
#10200=FACE_OUTER_BOUND('',#10199,.F.);
#10201=ADVANCED_FACE('',(#10200),#10193,.T.);
#10202=CARTESIAN_POINT('',(1.4E-1,2.85E-1,4.E-2));
#10203=DIRECTION('',(0.E0,1.E0,0.E0));
#10204=DIRECTION('',(0.E0,0.E0,1.E0));
#10205=AXIS2_PLACEMENT_3D('',#10202,#10203,#10204);
#10206=PLANE('',#10205);
#10207=ORIENTED_EDGE('',*,*,#10031,.F.);
#10209=ORIENTED_EDGE('',*,*,#10208,.T.);
#10210=ORIENTED_EDGE('',*,*,#10104,.T.);
#10211=ORIENTED_EDGE('',*,*,#10196,.F.);
#10212=EDGE_LOOP('',(#10207,#10209,#10210,#10211));
#10213=FACE_OUTER_BOUND('',#10212,.F.);
#10214=ADVANCED_FACE('',(#10213),#10206,.T.);
#10215=CARTESIAN_POINT('',(1.4E-1,4.5E-2,4.E-2));
#10216=DIRECTION('',(0.E0,0.E0,-1.E0));
#10217=DIRECTION('',(0.E0,1.E0,0.E0));
#10218=AXIS2_PLACEMENT_3D('',#10215,#10216,#10217);
#10219=PLANE('',#10218);
#10220=ORIENTED_EDGE('',*,*,#7986,.T.);
#10221=ORIENTED_EDGE('',*,*,#10106,.T.);
#10222=ORIENTED_EDGE('',*,*,#10208,.F.);
#10223=ORIENTED_EDGE('',*,*,#10029,.F.);
#10224=EDGE_LOOP('',(#10220,#10221,#10222,#10223));
#10225=FACE_OUTER_BOUND('',#10224,.F.);
#10226=ADVANCED_FACE('',(#10225),#10219,.T.);
#10227=CARTESIAN_POINT('',(1.4E-1,2.85E-1,-4.E-2));
#10228=DIRECTION('',(0.E0,0.E0,1.E0));
#10229=DIRECTION('',(0.E0,-1.E0,0.E0));
#10230=AXIS2_PLACEMENT_3D('',#10227,#10228,#10229);
#10231=PLANE('',#10230);
#10232=ORIENTED_EDGE('',*,*,#7992,.F.);
#10233=ORIENTED_EDGE('',*,*,#10048,.F.);
#10235=ORIENTED_EDGE('',*,*,#10234,.T.);
#10236=ORIENTED_EDGE('',*,*,#10117,.T.);
#10237=EDGE_LOOP('',(#10232,#10233,#10235,#10236));
#10238=FACE_OUTER_BOUND('',#10237,.F.);
#10239=ADVANCED_FACE('',(#10238),#10231,.T.);
#10240=CARTESIAN_POINT('',(1.4E-1,2.85E-1,-6.E-2));
#10241=DIRECTION('',(0.E0,1.E0,0.E0));
#10242=DIRECTION('',(0.E0,0.E0,1.E0));
#10243=AXIS2_PLACEMENT_3D('',#10240,#10241,#10242);
#10244=PLANE('',#10243);
#10245=ORIENTED_EDGE('',*,*,#10046,.F.);
#10247=ORIENTED_EDGE('',*,*,#10246,.T.);
#10248=ORIENTED_EDGE('',*,*,#10119,.T.);
#10249=ORIENTED_EDGE('',*,*,#10234,.F.);
#10250=EDGE_LOOP('',(#10245,#10247,#10248,#10249));
#10251=FACE_OUTER_BOUND('',#10250,.F.);
#10252=ADVANCED_FACE('',(#10251),#10244,.T.);
#10253=CARTESIAN_POINT('',(1.4E-1,4.5E-2,-6.E-2));
#10254=DIRECTION('',(0.E0,0.E0,-1.E0));
#10255=DIRECTION('',(0.E0,1.E0,0.E0));
#10256=AXIS2_PLACEMENT_3D('',#10253,#10254,#10255);
#10257=PLANE('',#10256);
#10258=ORIENTED_EDGE('',*,*,#7996,.T.);
#10259=ORIENTED_EDGE('',*,*,#10121,.T.);
#10260=ORIENTED_EDGE('',*,*,#10246,.F.);
#10261=ORIENTED_EDGE('',*,*,#10044,.F.);
#10262=EDGE_LOOP('',(#10258,#10259,#10260,#10261));
#10263=FACE_OUTER_BOUND('',#10262,.F.);
#10264=ADVANCED_FACE('',(#10263),#10257,.T.);
#10265=CARTESIAN_POINT('',(4.E-2,-4.5E-2,8.E-2));
#10266=DIRECTION('',(1.E0,0.E0,0.E0));
#10267=DIRECTION('',(0.E0,0.E0,-1.E0));
#10268=AXIS2_PLACEMENT_3D('',#10265,#10266,#10267);
#10269=PLANE('',#10268);
#10270=ORIENTED_EDGE('',*,*,#7096,.F.);
#10272=ORIENTED_EDGE('',*,*,#10271,.T.);
#10274=ORIENTED_EDGE('',*,*,#10273,.T.);
#10276=ORIENTED_EDGE('',*,*,#10275,.T.);
#10277=EDGE_LOOP('',(#10270,#10272,#10274,#10276));
#10278=FACE_OUTER_BOUND('',#10277,.F.);
#10279=ADVANCED_FACE('',(#10278),#10269,.F.);
#10280=CARTESIAN_POINT('',(4.E-2,-4.5E-2,8.E-2));
#10281=DIRECTION('',(1.E0,0.E0,0.E0));
#10282=DIRECTION('',(0.E0,0.E0,-1.E0));
#10283=AXIS2_PLACEMENT_3D('',#10280,#10281,#10282);
#10284=PLANE('',#10283);
#10285=ORIENTED_EDGE('',*,*,#7106,.F.);
#10287=ORIENTED_EDGE('',*,*,#10286,.T.);
#10289=ORIENTED_EDGE('',*,*,#10288,.T.);
#10291=ORIENTED_EDGE('',*,*,#10290,.T.);
#10292=EDGE_LOOP('',(#10285,#10287,#10289,#10291));
#10293=FACE_OUTER_BOUND('',#10292,.F.);
#10294=ADVANCED_FACE('',(#10293),#10284,.F.);
#10295=CARTESIAN_POINT('',(4.E-2,-4.5E-2,8.E-2));
#10296=DIRECTION('',(1.E0,0.E0,0.E0));
#10297=DIRECTION('',(0.E0,0.E0,-1.E0));
#10298=AXIS2_PLACEMENT_3D('',#10295,#10296,#10297);
#10299=PLANE('',#10298);
#10300=ORIENTED_EDGE('',*,*,#7944,.T.);
#10302=ORIENTED_EDGE('',*,*,#10301,.T.);
#10304=ORIENTED_EDGE('',*,*,#10303,.T.);
#10306=ORIENTED_EDGE('',*,*,#10305,.T.);
#10307=EDGE_LOOP('',(#10300,#10302,#10304,#10306));
#10308=FACE_OUTER_BOUND('',#10307,.F.);
#10309=ADVANCED_FACE('',(#10308),#10299,.F.);
#10310=CARTESIAN_POINT('',(4.E-2,-4.5E-2,8.E-2));
#10311=DIRECTION('',(1.E0,0.E0,0.E0));
#10312=DIRECTION('',(0.E0,0.E0,-1.E0));
#10313=AXIS2_PLACEMENT_3D('',#10310,#10311,#10312);
#10314=PLANE('',#10313);
#10315=ORIENTED_EDGE('',*,*,#7954,.T.);
#10317=ORIENTED_EDGE('',*,*,#10316,.T.);
#10319=ORIENTED_EDGE('',*,*,#10318,.T.);
#10321=ORIENTED_EDGE('',*,*,#10320,.T.);
#10322=EDGE_LOOP('',(#10315,#10317,#10319,#10321));
#10323=FACE_OUTER_BOUND('',#10322,.F.);
#10324=ADVANCED_FACE('',(#10323),#10314,.F.);
#10325=CARTESIAN_POINT('',(4.E-2,-4.5E-2,6.E-2));
#10326=DIRECTION('',(0.E0,0.E0,1.E0));
#10327=DIRECTION('',(0.E0,-1.E0,0.E0));
#10328=AXIS2_PLACEMENT_3D('',#10325,#10326,#10327);
#10329=PLANE('',#10328);
#10330=ORIENTED_EDGE('',*,*,#7102,.T.);
#10332=ORIENTED_EDGE('',*,*,#10331,.T.);
#10334=ORIENTED_EDGE('',*,*,#10333,.F.);
#10335=ORIENTED_EDGE('',*,*,#10271,.F.);
#10336=EDGE_LOOP('',(#10330,#10332,#10334,#10335));
#10337=FACE_OUTER_BOUND('',#10336,.F.);
#10338=ADVANCED_FACE('',(#10337),#10329,.T.);
#10339=CARTESIAN_POINT('',(6.E-2,-4.5E-2,8.E-2));
#10340=DIRECTION('',(1.E0,0.E0,0.E0));
#10341=DIRECTION('',(0.E0,0.E0,-1.E0));
#10342=AXIS2_PLACEMENT_3D('',#10339,#10340,#10341);
#10343=PLANE('',#10342);
#10344=ORIENTED_EDGE('',*,*,#7100,.T.);
#10346=ORIENTED_EDGE('',*,*,#10345,.F.);
#10348=ORIENTED_EDGE('',*,*,#10347,.F.);
#10349=ORIENTED_EDGE('',*,*,#10331,.F.);
#10350=EDGE_LOOP('',(#10344,#10346,#10348,#10349));
#10351=FACE_OUTER_BOUND('',#10350,.F.);
#10352=ADVANCED_FACE('',(#10351),#10343,.T.);
#10353=CARTESIAN_POINT('',(6.E-2,-4.5E-2,8.E-2));
#10354=DIRECTION('',(1.E0,0.E0,0.E0));
#10355=DIRECTION('',(0.E0,0.E0,-1.E0));
#10356=AXIS2_PLACEMENT_3D('',#10353,#10354,#10355);
#10357=PLANE('',#10356);
#10358=ORIENTED_EDGE('',*,*,#7110,.T.);
#10360=ORIENTED_EDGE('',*,*,#10359,.F.);
#10362=ORIENTED_EDGE('',*,*,#10361,.F.);
#10364=ORIENTED_EDGE('',*,*,#10363,.F.);
#10365=EDGE_LOOP('',(#10358,#10360,#10362,#10364));
#10366=FACE_OUTER_BOUND('',#10365,.F.);
#10367=ADVANCED_FACE('',(#10366),#10357,.T.);
#10368=CARTESIAN_POINT('',(6.E-2,-4.5E-2,8.E-2));
#10369=DIRECTION('',(1.E0,0.E0,0.E0));
#10370=DIRECTION('',(0.E0,0.E0,-1.E0));
#10371=AXIS2_PLACEMENT_3D('',#10368,#10369,#10370);
#10372=PLANE('',#10371);
#10373=ORIENTED_EDGE('',*,*,#7948,.F.);
#10375=ORIENTED_EDGE('',*,*,#10374,.F.);
#10377=ORIENTED_EDGE('',*,*,#10376,.F.);
#10379=ORIENTED_EDGE('',*,*,#10378,.F.);
#10380=EDGE_LOOP('',(#10373,#10375,#10377,#10379));
#10381=FACE_OUTER_BOUND('',#10380,.F.);
#10382=ADVANCED_FACE('',(#10381),#10372,.T.);
#10383=CARTESIAN_POINT('',(6.E-2,-4.5E-2,8.E-2));
#10384=DIRECTION('',(1.E0,0.E0,0.E0));
#10385=DIRECTION('',(0.E0,0.E0,-1.E0));
#10386=AXIS2_PLACEMENT_3D('',#10383,#10384,#10385);
#10387=PLANE('',#10386);
#10388=ORIENTED_EDGE('',*,*,#7958,.F.);
#10390=ORIENTED_EDGE('',*,*,#10389,.F.);
#10392=ORIENTED_EDGE('',*,*,#10391,.F.);
#10394=ORIENTED_EDGE('',*,*,#10393,.F.);
#10395=EDGE_LOOP('',(#10388,#10390,#10392,#10394));
#10396=FACE_OUTER_BOUND('',#10395,.F.);
#10397=ADVANCED_FACE('',(#10396),#10387,.T.);
#10398=CARTESIAN_POINT('',(4.E-2,-1.52E-1,4.E-2));
#10399=DIRECTION('',(0.E0,0.E0,-1.E0));
#10400=DIRECTION('',(0.E0,1.E0,0.E0));
#10401=AXIS2_PLACEMENT_3D('',#10398,#10399,#10400);
#10402=PLANE('',#10401);
#10403=ORIENTED_EDGE('',*,*,#7098,.F.);
#10404=ORIENTED_EDGE('',*,*,#10275,.F.);
#10406=ORIENTED_EDGE('',*,*,#10405,.T.);
#10407=ORIENTED_EDGE('',*,*,#10345,.T.);
#10408=EDGE_LOOP('',(#10403,#10404,#10406,#10407));
#10409=FACE_OUTER_BOUND('',#10408,.F.);
#10410=ADVANCED_FACE('',(#10409),#10402,.T.);
#10411=CARTESIAN_POINT('',(4.E-2,-1.52E-1,6.E-2));
#10412=DIRECTION('',(0.E0,-1.E0,0.E0));
#10413=DIRECTION('',(0.E0,0.E0,-1.E0));
#10414=AXIS2_PLACEMENT_3D('',#10411,#10412,#10413);
#10415=PLANE('',#10414);
#10416=ORIENTED_EDGE('',*,*,#10273,.F.);
#10417=ORIENTED_EDGE('',*,*,#10333,.T.);
#10418=ORIENTED_EDGE('',*,*,#10347,.T.);
#10419=ORIENTED_EDGE('',*,*,#10405,.F.);
#10420=EDGE_LOOP('',(#10416,#10417,#10418,#10419));
#10421=FACE_OUTER_BOUND('',#10420,.F.);
#10422=ADVANCED_FACE('',(#10421),#10415,.T.);
#10423=CARTESIAN_POINT('',(4.E-2,-1.52E-1,-6.E-2));
#10424=DIRECTION('',(0.E0,0.E0,-1.E0));
#10425=DIRECTION('',(0.E0,1.E0,0.E0));
#10426=AXIS2_PLACEMENT_3D('',#10423,#10424,#10425);
#10427=PLANE('',#10426);
#10428=ORIENTED_EDGE('',*,*,#7108,.F.);
#10429=ORIENTED_EDGE('',*,*,#10290,.F.);
#10431=ORIENTED_EDGE('',*,*,#10430,.T.);
#10432=ORIENTED_EDGE('',*,*,#10359,.T.);
#10433=EDGE_LOOP('',(#10428,#10429,#10431,#10432));
#10434=FACE_OUTER_BOUND('',#10433,.F.);
#10435=ADVANCED_FACE('',(#10434),#10427,.T.);
#10436=CARTESIAN_POINT('',(4.E-2,-1.52E-1,-4.E-2));
#10437=DIRECTION('',(0.E0,-1.E0,0.E0));
#10438=DIRECTION('',(0.E0,0.E0,-1.E0));
#10439=AXIS2_PLACEMENT_3D('',#10436,#10437,#10438);
#10440=PLANE('',#10439);
#10441=ORIENTED_EDGE('',*,*,#10288,.F.);
#10443=ORIENTED_EDGE('',*,*,#10442,.T.);
#10444=ORIENTED_EDGE('',*,*,#10361,.T.);
#10445=ORIENTED_EDGE('',*,*,#10430,.F.);
#10446=EDGE_LOOP('',(#10441,#10443,#10444,#10445));
#10447=FACE_OUTER_BOUND('',#10446,.F.);
#10448=ADVANCED_FACE('',(#10447),#10440,.T.);
#10449=CARTESIAN_POINT('',(4.E-2,-4.5E-2,-4.E-2));
#10450=DIRECTION('',(0.E0,0.E0,1.E0));
#10451=DIRECTION('',(0.E0,-1.E0,0.E0));
#10452=AXIS2_PLACEMENT_3D('',#10449,#10450,#10451);
#10453=PLANE('',#10452);
#10454=ORIENTED_EDGE('',*,*,#7112,.T.);
#10455=ORIENTED_EDGE('',*,*,#10363,.T.);
#10456=ORIENTED_EDGE('',*,*,#10442,.F.);
#10457=ORIENTED_EDGE('',*,*,#10286,.F.);
#10458=EDGE_LOOP('',(#10454,#10455,#10456,#10457));
#10459=FACE_OUTER_BOUND('',#10458,.F.);
#10460=ADVANCED_FACE('',(#10459),#10453,.T.);
#10461=CARTESIAN_POINT('',(4.E-2,2.85E-1,6.E-2));
#10462=DIRECTION('',(0.E0,0.E0,1.E0));
#10463=DIRECTION('',(0.E0,-1.E0,0.E0));
#10464=AXIS2_PLACEMENT_3D('',#10461,#10462,#10463);
#10465=PLANE('',#10464);
#10466=ORIENTED_EDGE('',*,*,#7946,.F.);
#10467=ORIENTED_EDGE('',*,*,#10305,.F.);
#10469=ORIENTED_EDGE('',*,*,#10468,.T.);
#10470=ORIENTED_EDGE('',*,*,#10374,.T.);
#10471=EDGE_LOOP('',(#10466,#10467,#10469,#10470));
#10472=FACE_OUTER_BOUND('',#10471,.F.);
#10473=ADVANCED_FACE('',(#10472),#10465,.T.);
#10474=CARTESIAN_POINT('',(4.E-2,2.85E-1,4.E-2));
#10475=DIRECTION('',(0.E0,1.E0,0.E0));
#10476=DIRECTION('',(0.E0,0.E0,1.E0));
#10477=AXIS2_PLACEMENT_3D('',#10474,#10475,#10476);
#10478=PLANE('',#10477);
#10479=ORIENTED_EDGE('',*,*,#10303,.F.);
#10481=ORIENTED_EDGE('',*,*,#10480,.T.);
#10482=ORIENTED_EDGE('',*,*,#10376,.T.);
#10483=ORIENTED_EDGE('',*,*,#10468,.F.);
#10484=EDGE_LOOP('',(#10479,#10481,#10482,#10483));
#10485=FACE_OUTER_BOUND('',#10484,.F.);
#10486=ADVANCED_FACE('',(#10485),#10478,.T.);
#10487=CARTESIAN_POINT('',(4.E-2,4.5E-2,4.E-2));
#10488=DIRECTION('',(0.E0,0.E0,-1.E0));
#10489=DIRECTION('',(0.E0,1.E0,0.E0));
#10490=AXIS2_PLACEMENT_3D('',#10487,#10488,#10489);
#10491=PLANE('',#10490);
#10492=ORIENTED_EDGE('',*,*,#7950,.T.);
#10493=ORIENTED_EDGE('',*,*,#10378,.T.);
#10494=ORIENTED_EDGE('',*,*,#10480,.F.);
#10495=ORIENTED_EDGE('',*,*,#10301,.F.);
#10496=EDGE_LOOP('',(#10492,#10493,#10494,#10495));
#10497=FACE_OUTER_BOUND('',#10496,.F.);
#10498=ADVANCED_FACE('',(#10497),#10491,.T.);
#10499=CARTESIAN_POINT('',(4.E-2,2.85E-1,-4.E-2));
#10500=DIRECTION('',(0.E0,0.E0,1.E0));
#10501=DIRECTION('',(0.E0,-1.E0,0.E0));
#10502=AXIS2_PLACEMENT_3D('',#10499,#10500,#10501);
#10503=PLANE('',#10502);
#10504=ORIENTED_EDGE('',*,*,#7956,.F.);
#10505=ORIENTED_EDGE('',*,*,#10320,.F.);
#10507=ORIENTED_EDGE('',*,*,#10506,.T.);
#10508=ORIENTED_EDGE('',*,*,#10389,.T.);
#10509=EDGE_LOOP('',(#10504,#10505,#10507,#10508));
#10510=FACE_OUTER_BOUND('',#10509,.F.);
#10511=ADVANCED_FACE('',(#10510),#10503,.T.);
#10512=CARTESIAN_POINT('',(4.E-2,2.85E-1,-6.E-2));
#10513=DIRECTION('',(0.E0,1.E0,0.E0));
#10514=DIRECTION('',(0.E0,0.E0,1.E0));
#10515=AXIS2_PLACEMENT_3D('',#10512,#10513,#10514);
#10516=PLANE('',#10515);
#10517=ORIENTED_EDGE('',*,*,#10318,.F.);
#10519=ORIENTED_EDGE('',*,*,#10518,.T.);
#10520=ORIENTED_EDGE('',*,*,#10391,.T.);
#10521=ORIENTED_EDGE('',*,*,#10506,.F.);
#10522=EDGE_LOOP('',(#10517,#10519,#10520,#10521));
#10523=FACE_OUTER_BOUND('',#10522,.F.);
#10524=ADVANCED_FACE('',(#10523),#10516,.T.);
#10525=CARTESIAN_POINT('',(4.E-2,4.5E-2,-6.E-2));
#10526=DIRECTION('',(0.E0,0.E0,-1.E0));
#10527=DIRECTION('',(0.E0,1.E0,0.E0));
#10528=AXIS2_PLACEMENT_3D('',#10525,#10526,#10527);
#10529=PLANE('',#10528);
#10530=ORIENTED_EDGE('',*,*,#7960,.T.);
#10531=ORIENTED_EDGE('',*,*,#10393,.T.);
#10532=ORIENTED_EDGE('',*,*,#10518,.F.);
#10533=ORIENTED_EDGE('',*,*,#10316,.F.);
#10534=EDGE_LOOP('',(#10530,#10531,#10532,#10533));
#10535=FACE_OUTER_BOUND('',#10534,.F.);
#10536=ADVANCED_FACE('',(#10535),#10529,.T.);
#10537=CARTESIAN_POINT('',(-6.E-2,-4.5E-2,8.E-2));
#10538=DIRECTION('',(1.E0,0.E0,0.E0));
#10539=DIRECTION('',(0.E0,0.E0,-1.E0));
#10540=AXIS2_PLACEMENT_3D('',#10537,#10538,#10539);
#10541=PLANE('',#10540);
#10542=ORIENTED_EDGE('',*,*,#7060,.F.);
#10544=ORIENTED_EDGE('',*,*,#10543,.T.);
#10546=ORIENTED_EDGE('',*,*,#10545,.T.);
#10548=ORIENTED_EDGE('',*,*,#10547,.T.);
#10549=EDGE_LOOP('',(#10542,#10544,#10546,#10548));
#10550=FACE_OUTER_BOUND('',#10549,.F.);
#10551=ADVANCED_FACE('',(#10550),#10541,.F.);
#10552=CARTESIAN_POINT('',(-6.E-2,-4.5E-2,8.E-2));
#10553=DIRECTION('',(1.E0,0.E0,0.E0));
#10554=DIRECTION('',(0.E0,0.E0,-1.E0));
#10555=AXIS2_PLACEMENT_3D('',#10552,#10553,#10554);
#10556=PLANE('',#10555);
#10557=ORIENTED_EDGE('',*,*,#7070,.F.);
#10559=ORIENTED_EDGE('',*,*,#10558,.T.);
#10561=ORIENTED_EDGE('',*,*,#10560,.T.);
#10563=ORIENTED_EDGE('',*,*,#10562,.T.);
#10564=EDGE_LOOP('',(#10557,#10559,#10561,#10563));
#10565=FACE_OUTER_BOUND('',#10564,.F.);
#10566=ADVANCED_FACE('',(#10565),#10556,.F.);
#10567=CARTESIAN_POINT('',(-6.E-2,-4.5E-2,8.E-2));
#10568=DIRECTION('',(1.E0,0.E0,0.E0));
#10569=DIRECTION('',(0.E0,0.E0,-1.E0));
#10570=AXIS2_PLACEMENT_3D('',#10567,#10568,#10569);
#10571=PLANE('',#10570);
#10572=ORIENTED_EDGE('',*,*,#7908,.T.);
#10574=ORIENTED_EDGE('',*,*,#10573,.T.);
#10576=ORIENTED_EDGE('',*,*,#10575,.T.);
#10578=ORIENTED_EDGE('',*,*,#10577,.T.);
#10579=EDGE_LOOP('',(#10572,#10574,#10576,#10578));
#10580=FACE_OUTER_BOUND('',#10579,.F.);
#10581=ADVANCED_FACE('',(#10580),#10571,.F.);
#10582=CARTESIAN_POINT('',(-6.E-2,-4.5E-2,8.E-2));
#10583=DIRECTION('',(1.E0,0.E0,0.E0));
#10584=DIRECTION('',(0.E0,0.E0,-1.E0));
#10585=AXIS2_PLACEMENT_3D('',#10582,#10583,#10584);
#10586=PLANE('',#10585);
#10587=ORIENTED_EDGE('',*,*,#7918,.T.);
#10589=ORIENTED_EDGE('',*,*,#10588,.T.);
#10591=ORIENTED_EDGE('',*,*,#10590,.T.);
#10593=ORIENTED_EDGE('',*,*,#10592,.T.);
#10594=EDGE_LOOP('',(#10587,#10589,#10591,#10593));
#10595=FACE_OUTER_BOUND('',#10594,.F.);
#10596=ADVANCED_FACE('',(#10595),#10586,.F.);
#10597=CARTESIAN_POINT('',(-6.E-2,-4.5E-2,6.E-2));
#10598=DIRECTION('',(0.E0,0.E0,1.E0));
#10599=DIRECTION('',(0.E0,-1.E0,0.E0));
#10600=AXIS2_PLACEMENT_3D('',#10597,#10598,#10599);
#10601=PLANE('',#10600);
#10602=ORIENTED_EDGE('',*,*,#7066,.T.);
#10604=ORIENTED_EDGE('',*,*,#10603,.T.);
#10606=ORIENTED_EDGE('',*,*,#10605,.F.);
#10607=ORIENTED_EDGE('',*,*,#10543,.F.);
#10608=EDGE_LOOP('',(#10602,#10604,#10606,#10607));
#10609=FACE_OUTER_BOUND('',#10608,.F.);
#10610=ADVANCED_FACE('',(#10609),#10601,.T.);
#10611=CARTESIAN_POINT('',(-4.E-2,-4.5E-2,8.E-2));
#10612=DIRECTION('',(1.E0,0.E0,0.E0));
#10613=DIRECTION('',(0.E0,0.E0,-1.E0));
#10614=AXIS2_PLACEMENT_3D('',#10611,#10612,#10613);
#10615=PLANE('',#10614);
#10616=ORIENTED_EDGE('',*,*,#7064,.T.);
#10618=ORIENTED_EDGE('',*,*,#10617,.F.);
#10620=ORIENTED_EDGE('',*,*,#10619,.F.);
#10621=ORIENTED_EDGE('',*,*,#10603,.F.);
#10622=EDGE_LOOP('',(#10616,#10618,#10620,#10621));
#10623=FACE_OUTER_BOUND('',#10622,.F.);
#10624=ADVANCED_FACE('',(#10623),#10615,.T.);
#10625=CARTESIAN_POINT('',(-4.E-2,-4.5E-2,8.E-2));
#10626=DIRECTION('',(1.E0,0.E0,0.E0));
#10627=DIRECTION('',(0.E0,0.E0,-1.E0));
#10628=AXIS2_PLACEMENT_3D('',#10625,#10626,#10627);
#10629=PLANE('',#10628);
#10630=ORIENTED_EDGE('',*,*,#7074,.T.);
#10632=ORIENTED_EDGE('',*,*,#10631,.F.);
#10634=ORIENTED_EDGE('',*,*,#10633,.F.);
#10636=ORIENTED_EDGE('',*,*,#10635,.F.);
#10637=EDGE_LOOP('',(#10630,#10632,#10634,#10636));
#10638=FACE_OUTER_BOUND('',#10637,.F.);
#10639=ADVANCED_FACE('',(#10638),#10629,.T.);
#10640=CARTESIAN_POINT('',(-4.E-2,-4.5E-2,8.E-2));
#10641=DIRECTION('',(1.E0,0.E0,0.E0));
#10642=DIRECTION('',(0.E0,0.E0,-1.E0));
#10643=AXIS2_PLACEMENT_3D('',#10640,#10641,#10642);
#10644=PLANE('',#10643);
#10645=ORIENTED_EDGE('',*,*,#7912,.F.);
#10647=ORIENTED_EDGE('',*,*,#10646,.F.);
#10649=ORIENTED_EDGE('',*,*,#10648,.F.);
#10651=ORIENTED_EDGE('',*,*,#10650,.F.);
#10652=EDGE_LOOP('',(#10645,#10647,#10649,#10651));
#10653=FACE_OUTER_BOUND('',#10652,.F.);
#10654=ADVANCED_FACE('',(#10653),#10644,.T.);
#10655=CARTESIAN_POINT('',(-4.E-2,-4.5E-2,8.E-2));
#10656=DIRECTION('',(1.E0,0.E0,0.E0));
#10657=DIRECTION('',(0.E0,0.E0,-1.E0));
#10658=AXIS2_PLACEMENT_3D('',#10655,#10656,#10657);
#10659=PLANE('',#10658);
#10660=ORIENTED_EDGE('',*,*,#7922,.F.);
#10662=ORIENTED_EDGE('',*,*,#10661,.F.);
#10664=ORIENTED_EDGE('',*,*,#10663,.F.);
#10666=ORIENTED_EDGE('',*,*,#10665,.F.);
#10667=EDGE_LOOP('',(#10660,#10662,#10664,#10666));
#10668=FACE_OUTER_BOUND('',#10667,.F.);
#10669=ADVANCED_FACE('',(#10668),#10659,.T.);
#10670=CARTESIAN_POINT('',(-6.E-2,-1.52E-1,4.E-2));
#10671=DIRECTION('',(0.E0,0.E0,-1.E0));
#10672=DIRECTION('',(0.E0,1.E0,0.E0));
#10673=AXIS2_PLACEMENT_3D('',#10670,#10671,#10672);
#10674=PLANE('',#10673);
#10675=ORIENTED_EDGE('',*,*,#7062,.F.);
#10676=ORIENTED_EDGE('',*,*,#10547,.F.);
#10678=ORIENTED_EDGE('',*,*,#10677,.T.);
#10679=ORIENTED_EDGE('',*,*,#10617,.T.);
#10680=EDGE_LOOP('',(#10675,#10676,#10678,#10679));
#10681=FACE_OUTER_BOUND('',#10680,.F.);
#10682=ADVANCED_FACE('',(#10681),#10674,.T.);
#10683=CARTESIAN_POINT('',(-6.E-2,-1.52E-1,6.E-2));
#10684=DIRECTION('',(0.E0,-1.E0,0.E0));
#10685=DIRECTION('',(0.E0,0.E0,-1.E0));
#10686=AXIS2_PLACEMENT_3D('',#10683,#10684,#10685);
#10687=PLANE('',#10686);
#10688=ORIENTED_EDGE('',*,*,#10545,.F.);
#10689=ORIENTED_EDGE('',*,*,#10605,.T.);
#10690=ORIENTED_EDGE('',*,*,#10619,.T.);
#10691=ORIENTED_EDGE('',*,*,#10677,.F.);
#10692=EDGE_LOOP('',(#10688,#10689,#10690,#10691));
#10693=FACE_OUTER_BOUND('',#10692,.F.);
#10694=ADVANCED_FACE('',(#10693),#10687,.T.);
#10695=CARTESIAN_POINT('',(-6.E-2,-1.52E-1,-6.E-2));
#10696=DIRECTION('',(0.E0,0.E0,-1.E0));
#10697=DIRECTION('',(0.E0,1.E0,0.E0));
#10698=AXIS2_PLACEMENT_3D('',#10695,#10696,#10697);
#10699=PLANE('',#10698);
#10700=ORIENTED_EDGE('',*,*,#7072,.F.);
#10701=ORIENTED_EDGE('',*,*,#10562,.F.);
#10703=ORIENTED_EDGE('',*,*,#10702,.T.);
#10704=ORIENTED_EDGE('',*,*,#10631,.T.);
#10705=EDGE_LOOP('',(#10700,#10701,#10703,#10704));
#10706=FACE_OUTER_BOUND('',#10705,.F.);
#10707=ADVANCED_FACE('',(#10706),#10699,.T.);
#10708=CARTESIAN_POINT('',(-6.E-2,-1.52E-1,-4.E-2));
#10709=DIRECTION('',(0.E0,-1.E0,0.E0));
#10710=DIRECTION('',(0.E0,0.E0,-1.E0));
#10711=AXIS2_PLACEMENT_3D('',#10708,#10709,#10710);
#10712=PLANE('',#10711);
#10713=ORIENTED_EDGE('',*,*,#10560,.F.);
#10715=ORIENTED_EDGE('',*,*,#10714,.T.);
#10716=ORIENTED_EDGE('',*,*,#10633,.T.);
#10717=ORIENTED_EDGE('',*,*,#10702,.F.);
#10718=EDGE_LOOP('',(#10713,#10715,#10716,#10717));
#10719=FACE_OUTER_BOUND('',#10718,.F.);
#10720=ADVANCED_FACE('',(#10719),#10712,.T.);
#10721=CARTESIAN_POINT('',(-6.E-2,-4.5E-2,-4.E-2));
#10722=DIRECTION('',(0.E0,0.E0,1.E0));
#10723=DIRECTION('',(0.E0,-1.E0,0.E0));
#10724=AXIS2_PLACEMENT_3D('',#10721,#10722,#10723);
#10725=PLANE('',#10724);
#10726=ORIENTED_EDGE('',*,*,#7076,.T.);
#10727=ORIENTED_EDGE('',*,*,#10635,.T.);
#10728=ORIENTED_EDGE('',*,*,#10714,.F.);
#10729=ORIENTED_EDGE('',*,*,#10558,.F.);
#10730=EDGE_LOOP('',(#10726,#10727,#10728,#10729));
#10731=FACE_OUTER_BOUND('',#10730,.F.);
#10732=ADVANCED_FACE('',(#10731),#10725,.T.);
#10733=CARTESIAN_POINT('',(-6.E-2,2.85E-1,6.E-2));
#10734=DIRECTION('',(0.E0,0.E0,1.E0));
#10735=DIRECTION('',(0.E0,-1.E0,0.E0));
#10736=AXIS2_PLACEMENT_3D('',#10733,#10734,#10735);
#10737=PLANE('',#10736);
#10738=ORIENTED_EDGE('',*,*,#7910,.F.);
#10739=ORIENTED_EDGE('',*,*,#10577,.F.);
#10741=ORIENTED_EDGE('',*,*,#10740,.T.);
#10742=ORIENTED_EDGE('',*,*,#10646,.T.);
#10743=EDGE_LOOP('',(#10738,#10739,#10741,#10742));
#10744=FACE_OUTER_BOUND('',#10743,.F.);
#10745=ADVANCED_FACE('',(#10744),#10737,.T.);
#10746=CARTESIAN_POINT('',(-6.E-2,2.85E-1,4.E-2));
#10747=DIRECTION('',(0.E0,1.E0,0.E0));
#10748=DIRECTION('',(0.E0,0.E0,1.E0));
#10749=AXIS2_PLACEMENT_3D('',#10746,#10747,#10748);
#10750=PLANE('',#10749);
#10751=ORIENTED_EDGE('',*,*,#10575,.F.);
#10753=ORIENTED_EDGE('',*,*,#10752,.T.);
#10754=ORIENTED_EDGE('',*,*,#10648,.T.);
#10755=ORIENTED_EDGE('',*,*,#10740,.F.);
#10756=EDGE_LOOP('',(#10751,#10753,#10754,#10755));
#10757=FACE_OUTER_BOUND('',#10756,.F.);
#10758=ADVANCED_FACE('',(#10757),#10750,.T.);
#10759=CARTESIAN_POINT('',(-6.E-2,4.5E-2,4.E-2));
#10760=DIRECTION('',(0.E0,0.E0,-1.E0));
#10761=DIRECTION('',(0.E0,1.E0,0.E0));
#10762=AXIS2_PLACEMENT_3D('',#10759,#10760,#10761);
#10763=PLANE('',#10762);
#10764=ORIENTED_EDGE('',*,*,#7914,.T.);
#10765=ORIENTED_EDGE('',*,*,#10650,.T.);
#10766=ORIENTED_EDGE('',*,*,#10752,.F.);
#10767=ORIENTED_EDGE('',*,*,#10573,.F.);
#10768=EDGE_LOOP('',(#10764,#10765,#10766,#10767));
#10769=FACE_OUTER_BOUND('',#10768,.F.);
#10770=ADVANCED_FACE('',(#10769),#10763,.T.);
#10771=CARTESIAN_POINT('',(-6.E-2,2.85E-1,-4.E-2));
#10772=DIRECTION('',(0.E0,0.E0,1.E0));
#10773=DIRECTION('',(0.E0,-1.E0,0.E0));
#10774=AXIS2_PLACEMENT_3D('',#10771,#10772,#10773);
#10775=PLANE('',#10774);
#10776=ORIENTED_EDGE('',*,*,#7920,.F.);
#10777=ORIENTED_EDGE('',*,*,#10592,.F.);
#10779=ORIENTED_EDGE('',*,*,#10778,.T.);
#10780=ORIENTED_EDGE('',*,*,#10661,.T.);
#10781=EDGE_LOOP('',(#10776,#10777,#10779,#10780));
#10782=FACE_OUTER_BOUND('',#10781,.F.);
#10783=ADVANCED_FACE('',(#10782),#10775,.T.);
#10784=CARTESIAN_POINT('',(-6.E-2,2.85E-1,-6.E-2));
#10785=DIRECTION('',(0.E0,1.E0,0.E0));
#10786=DIRECTION('',(0.E0,0.E0,1.E0));
#10787=AXIS2_PLACEMENT_3D('',#10784,#10785,#10786);
#10788=PLANE('',#10787);
#10789=ORIENTED_EDGE('',*,*,#10590,.F.);
#10791=ORIENTED_EDGE('',*,*,#10790,.T.);
#10792=ORIENTED_EDGE('',*,*,#10663,.T.);
#10793=ORIENTED_EDGE('',*,*,#10778,.F.);
#10794=EDGE_LOOP('',(#10789,#10791,#10792,#10793));
#10795=FACE_OUTER_BOUND('',#10794,.F.);
#10796=ADVANCED_FACE('',(#10795),#10788,.T.);
#10797=CARTESIAN_POINT('',(-6.E-2,4.5E-2,-6.E-2));
#10798=DIRECTION('',(0.E0,0.E0,-1.E0));
#10799=DIRECTION('',(0.E0,1.E0,0.E0));
#10800=AXIS2_PLACEMENT_3D('',#10797,#10798,#10799);
#10801=PLANE('',#10800);
#10802=ORIENTED_EDGE('',*,*,#7924,.T.);
#10803=ORIENTED_EDGE('',*,*,#10665,.T.);
#10804=ORIENTED_EDGE('',*,*,#10790,.F.);
#10805=ORIENTED_EDGE('',*,*,#10588,.F.);
#10806=EDGE_LOOP('',(#10802,#10803,#10804,#10805));
#10807=FACE_OUTER_BOUND('',#10806,.F.);
#10808=ADVANCED_FACE('',(#10807),#10801,.T.);
#10809=CARTESIAN_POINT('',(-1.6E-1,-4.5E-2,8.E-2));
#10810=DIRECTION('',(1.E0,0.E0,0.E0));
#10811=DIRECTION('',(0.E0,0.E0,-1.E0));
#10812=AXIS2_PLACEMENT_3D('',#10809,#10810,#10811);
#10813=PLANE('',#10812);
#10814=ORIENTED_EDGE('',*,*,#7024,.F.);
#10816=ORIENTED_EDGE('',*,*,#10815,.T.);
#10818=ORIENTED_EDGE('',*,*,#10817,.T.);
#10820=ORIENTED_EDGE('',*,*,#10819,.T.);
#10821=EDGE_LOOP('',(#10814,#10816,#10818,#10820));
#10822=FACE_OUTER_BOUND('',#10821,.F.);
#10823=ADVANCED_FACE('',(#10822),#10813,.F.);
#10824=CARTESIAN_POINT('',(-1.6E-1,-4.5E-2,8.E-2));
#10825=DIRECTION('',(1.E0,0.E0,0.E0));
#10826=DIRECTION('',(0.E0,0.E0,-1.E0));
#10827=AXIS2_PLACEMENT_3D('',#10824,#10825,#10826);
#10828=PLANE('',#10827);
#10829=ORIENTED_EDGE('',*,*,#7034,.F.);
#10831=ORIENTED_EDGE('',*,*,#10830,.T.);
#10833=ORIENTED_EDGE('',*,*,#10832,.T.);
#10835=ORIENTED_EDGE('',*,*,#10834,.T.);
#10836=EDGE_LOOP('',(#10829,#10831,#10833,#10835));
#10837=FACE_OUTER_BOUND('',#10836,.F.);
#10838=ADVANCED_FACE('',(#10837),#10828,.F.);
#10839=CARTESIAN_POINT('',(-1.6E-1,-4.5E-2,8.E-2));
#10840=DIRECTION('',(1.E0,0.E0,0.E0));
#10841=DIRECTION('',(0.E0,0.E0,-1.E0));
#10842=AXIS2_PLACEMENT_3D('',#10839,#10840,#10841);
#10843=PLANE('',#10842);
#10844=ORIENTED_EDGE('',*,*,#7872,.T.);
#10846=ORIENTED_EDGE('',*,*,#10845,.T.);
#10848=ORIENTED_EDGE('',*,*,#10847,.T.);
#10850=ORIENTED_EDGE('',*,*,#10849,.T.);
#10851=EDGE_LOOP('',(#10844,#10846,#10848,#10850));
#10852=FACE_OUTER_BOUND('',#10851,.F.);
#10853=ADVANCED_FACE('',(#10852),#10843,.F.);
#10854=CARTESIAN_POINT('',(-1.6E-1,-4.5E-2,8.E-2));
#10855=DIRECTION('',(1.E0,0.E0,0.E0));
#10856=DIRECTION('',(0.E0,0.E0,-1.E0));
#10857=AXIS2_PLACEMENT_3D('',#10854,#10855,#10856);
#10858=PLANE('',#10857);
#10859=ORIENTED_EDGE('',*,*,#7882,.T.);
#10861=ORIENTED_EDGE('',*,*,#10860,.T.);
#10863=ORIENTED_EDGE('',*,*,#10862,.T.);
#10865=ORIENTED_EDGE('',*,*,#10864,.T.);
#10866=EDGE_LOOP('',(#10859,#10861,#10863,#10865));
#10867=FACE_OUTER_BOUND('',#10866,.F.);
#10868=ADVANCED_FACE('',(#10867),#10858,.F.);
#10869=CARTESIAN_POINT('',(-1.6E-1,-4.5E-2,6.E-2));
#10870=DIRECTION('',(0.E0,0.E0,1.E0));
#10871=DIRECTION('',(0.E0,-1.E0,0.E0));
#10872=AXIS2_PLACEMENT_3D('',#10869,#10870,#10871);
#10873=PLANE('',#10872);
#10874=ORIENTED_EDGE('',*,*,#7030,.T.);
#10876=ORIENTED_EDGE('',*,*,#10875,.T.);
#10878=ORIENTED_EDGE('',*,*,#10877,.F.);
#10879=ORIENTED_EDGE('',*,*,#10815,.F.);
#10880=EDGE_LOOP('',(#10874,#10876,#10878,#10879));
#10881=FACE_OUTER_BOUND('',#10880,.F.);
#10882=ADVANCED_FACE('',(#10881),#10873,.T.);
#10883=CARTESIAN_POINT('',(-1.4E-1,-4.5E-2,8.E-2));
#10884=DIRECTION('',(1.E0,0.E0,0.E0));
#10885=DIRECTION('',(0.E0,0.E0,-1.E0));
#10886=AXIS2_PLACEMENT_3D('',#10883,#10884,#10885);
#10887=PLANE('',#10886);
#10888=ORIENTED_EDGE('',*,*,#7028,.T.);
#10890=ORIENTED_EDGE('',*,*,#10889,.F.);
#10892=ORIENTED_EDGE('',*,*,#10891,.F.);
#10893=ORIENTED_EDGE('',*,*,#10875,.F.);
#10894=EDGE_LOOP('',(#10888,#10890,#10892,#10893));
#10895=FACE_OUTER_BOUND('',#10894,.F.);
#10896=ADVANCED_FACE('',(#10895),#10887,.T.);
#10897=CARTESIAN_POINT('',(-1.4E-1,-4.5E-2,8.E-2));
#10898=DIRECTION('',(1.E0,0.E0,0.E0));
#10899=DIRECTION('',(0.E0,0.E0,-1.E0));
#10900=AXIS2_PLACEMENT_3D('',#10897,#10898,#10899);
#10901=PLANE('',#10900);
#10902=ORIENTED_EDGE('',*,*,#7038,.T.);
#10904=ORIENTED_EDGE('',*,*,#10903,.F.);
#10906=ORIENTED_EDGE('',*,*,#10905,.F.);
#10908=ORIENTED_EDGE('',*,*,#10907,.F.);
#10909=EDGE_LOOP('',(#10902,#10904,#10906,#10908));
#10910=FACE_OUTER_BOUND('',#10909,.F.);
#10911=ADVANCED_FACE('',(#10910),#10901,.T.);
#10912=CARTESIAN_POINT('',(-1.4E-1,-4.5E-2,8.E-2));
#10913=DIRECTION('',(1.E0,0.E0,0.E0));
#10914=DIRECTION('',(0.E0,0.E0,-1.E0));
#10915=AXIS2_PLACEMENT_3D('',#10912,#10913,#10914);
#10916=PLANE('',#10915);
#10917=ORIENTED_EDGE('',*,*,#7876,.F.);
#10919=ORIENTED_EDGE('',*,*,#10918,.F.);
#10921=ORIENTED_EDGE('',*,*,#10920,.F.);
#10923=ORIENTED_EDGE('',*,*,#10922,.F.);
#10924=EDGE_LOOP('',(#10917,#10919,#10921,#10923));
#10925=FACE_OUTER_BOUND('',#10924,.F.);
#10926=ADVANCED_FACE('',(#10925),#10916,.T.);
#10927=CARTESIAN_POINT('',(-1.4E-1,-4.5E-2,8.E-2));
#10928=DIRECTION('',(1.E0,0.E0,0.E0));
#10929=DIRECTION('',(0.E0,0.E0,-1.E0));
#10930=AXIS2_PLACEMENT_3D('',#10927,#10928,#10929);
#10931=PLANE('',#10930);
#10932=ORIENTED_EDGE('',*,*,#7886,.F.);
#10934=ORIENTED_EDGE('',*,*,#10933,.F.);
#10936=ORIENTED_EDGE('',*,*,#10935,.F.);
#10938=ORIENTED_EDGE('',*,*,#10937,.F.);
#10939=EDGE_LOOP('',(#10932,#10934,#10936,#10938));
#10940=FACE_OUTER_BOUND('',#10939,.F.);
#10941=ADVANCED_FACE('',(#10940),#10931,.T.);
#10942=CARTESIAN_POINT('',(-1.6E-1,-1.52E-1,4.E-2));
#10943=DIRECTION('',(0.E0,0.E0,-1.E0));
#10944=DIRECTION('',(0.E0,1.E0,0.E0));
#10945=AXIS2_PLACEMENT_3D('',#10942,#10943,#10944);
#10946=PLANE('',#10945);
#10947=ORIENTED_EDGE('',*,*,#7026,.F.);
#10948=ORIENTED_EDGE('',*,*,#10819,.F.);
#10950=ORIENTED_EDGE('',*,*,#10949,.T.);
#10951=ORIENTED_EDGE('',*,*,#10889,.T.);
#10952=EDGE_LOOP('',(#10947,#10948,#10950,#10951));
#10953=FACE_OUTER_BOUND('',#10952,.F.);
#10954=ADVANCED_FACE('',(#10953),#10946,.T.);
#10955=CARTESIAN_POINT('',(-1.6E-1,-1.52E-1,6.E-2));
#10956=DIRECTION('',(0.E0,-1.E0,0.E0));
#10957=DIRECTION('',(0.E0,0.E0,-1.E0));
#10958=AXIS2_PLACEMENT_3D('',#10955,#10956,#10957);
#10959=PLANE('',#10958);
#10960=ORIENTED_EDGE('',*,*,#10817,.F.);
#10961=ORIENTED_EDGE('',*,*,#10877,.T.);
#10962=ORIENTED_EDGE('',*,*,#10891,.T.);
#10963=ORIENTED_EDGE('',*,*,#10949,.F.);
#10964=EDGE_LOOP('',(#10960,#10961,#10962,#10963));
#10965=FACE_OUTER_BOUND('',#10964,.F.);
#10966=ADVANCED_FACE('',(#10965),#10959,.T.);
#10967=CARTESIAN_POINT('',(-1.6E-1,-1.52E-1,-6.E-2));
#10968=DIRECTION('',(0.E0,0.E0,-1.E0));
#10969=DIRECTION('',(0.E0,1.E0,0.E0));
#10970=AXIS2_PLACEMENT_3D('',#10967,#10968,#10969);
#10971=PLANE('',#10970);
#10972=ORIENTED_EDGE('',*,*,#7036,.F.);
#10973=ORIENTED_EDGE('',*,*,#10834,.F.);
#10975=ORIENTED_EDGE('',*,*,#10974,.T.);
#10976=ORIENTED_EDGE('',*,*,#10903,.T.);
#10977=EDGE_LOOP('',(#10972,#10973,#10975,#10976));
#10978=FACE_OUTER_BOUND('',#10977,.F.);
#10979=ADVANCED_FACE('',(#10978),#10971,.T.);
#10980=CARTESIAN_POINT('',(-1.6E-1,-1.52E-1,-4.E-2));
#10981=DIRECTION('',(0.E0,-1.E0,0.E0));
#10982=DIRECTION('',(0.E0,0.E0,-1.E0));
#10983=AXIS2_PLACEMENT_3D('',#10980,#10981,#10982);
#10984=PLANE('',#10983);
#10985=ORIENTED_EDGE('',*,*,#10832,.F.);
#10987=ORIENTED_EDGE('',*,*,#10986,.T.);
#10988=ORIENTED_EDGE('',*,*,#10905,.T.);
#10989=ORIENTED_EDGE('',*,*,#10974,.F.);
#10990=EDGE_LOOP('',(#10985,#10987,#10988,#10989));
#10991=FACE_OUTER_BOUND('',#10990,.F.);
#10992=ADVANCED_FACE('',(#10991),#10984,.T.);
#10993=CARTESIAN_POINT('',(-1.6E-1,-4.5E-2,-4.E-2));
#10994=DIRECTION('',(0.E0,0.E0,1.E0));
#10995=DIRECTION('',(0.E0,-1.E0,0.E0));
#10996=AXIS2_PLACEMENT_3D('',#10993,#10994,#10995);
#10997=PLANE('',#10996);
#10998=ORIENTED_EDGE('',*,*,#7040,.T.);
#10999=ORIENTED_EDGE('',*,*,#10907,.T.);
#11000=ORIENTED_EDGE('',*,*,#10986,.F.);
#11001=ORIENTED_EDGE('',*,*,#10830,.F.);
#11002=EDGE_LOOP('',(#10998,#10999,#11000,#11001));
#11003=FACE_OUTER_BOUND('',#11002,.F.);
#11004=ADVANCED_FACE('',(#11003),#10997,.T.);
#11005=CARTESIAN_POINT('',(-1.6E-1,2.85E-1,6.E-2));
#11006=DIRECTION('',(0.E0,0.E0,1.E0));
#11007=DIRECTION('',(0.E0,-1.E0,0.E0));
#11008=AXIS2_PLACEMENT_3D('',#11005,#11006,#11007);
#11009=PLANE('',#11008);
#11010=ORIENTED_EDGE('',*,*,#7874,.F.);
#11011=ORIENTED_EDGE('',*,*,#10849,.F.);
#11013=ORIENTED_EDGE('',*,*,#11012,.T.);
#11014=ORIENTED_EDGE('',*,*,#10918,.T.);
#11015=EDGE_LOOP('',(#11010,#11011,#11013,#11014));
#11016=FACE_OUTER_BOUND('',#11015,.F.);
#11017=ADVANCED_FACE('',(#11016),#11009,.T.);
#11018=CARTESIAN_POINT('',(-1.6E-1,2.85E-1,4.E-2));
#11019=DIRECTION('',(0.E0,1.E0,0.E0));
#11020=DIRECTION('',(0.E0,0.E0,1.E0));
#11021=AXIS2_PLACEMENT_3D('',#11018,#11019,#11020);
#11022=PLANE('',#11021);
#11023=ORIENTED_EDGE('',*,*,#10847,.F.);
#11025=ORIENTED_EDGE('',*,*,#11024,.T.);
#11026=ORIENTED_EDGE('',*,*,#10920,.T.);
#11027=ORIENTED_EDGE('',*,*,#11012,.F.);
#11028=EDGE_LOOP('',(#11023,#11025,#11026,#11027));
#11029=FACE_OUTER_BOUND('',#11028,.F.);
#11030=ADVANCED_FACE('',(#11029),#11022,.T.);
#11031=CARTESIAN_POINT('',(-1.6E-1,4.5E-2,4.E-2));
#11032=DIRECTION('',(0.E0,0.E0,-1.E0));
#11033=DIRECTION('',(0.E0,1.E0,0.E0));
#11034=AXIS2_PLACEMENT_3D('',#11031,#11032,#11033);
#11035=PLANE('',#11034);
#11036=ORIENTED_EDGE('',*,*,#7878,.T.);
#11037=ORIENTED_EDGE('',*,*,#10922,.T.);
#11038=ORIENTED_EDGE('',*,*,#11024,.F.);
#11039=ORIENTED_EDGE('',*,*,#10845,.F.);
#11040=EDGE_LOOP('',(#11036,#11037,#11038,#11039));
#11041=FACE_OUTER_BOUND('',#11040,.F.);
#11042=ADVANCED_FACE('',(#11041),#11035,.T.);
#11043=CARTESIAN_POINT('',(-1.6E-1,2.85E-1,-4.E-2));
#11044=DIRECTION('',(0.E0,0.E0,1.E0));
#11045=DIRECTION('',(0.E0,-1.E0,0.E0));
#11046=AXIS2_PLACEMENT_3D('',#11043,#11044,#11045);
#11047=PLANE('',#11046);
#11048=ORIENTED_EDGE('',*,*,#7884,.F.);
#11049=ORIENTED_EDGE('',*,*,#10864,.F.);
#11051=ORIENTED_EDGE('',*,*,#11050,.T.);
#11052=ORIENTED_EDGE('',*,*,#10933,.T.);
#11053=EDGE_LOOP('',(#11048,#11049,#11051,#11052));
#11054=FACE_OUTER_BOUND('',#11053,.F.);
#11055=ADVANCED_FACE('',(#11054),#11047,.T.);
#11056=CARTESIAN_POINT('',(-1.6E-1,2.85E-1,-6.E-2));
#11057=DIRECTION('',(0.E0,1.E0,0.E0));
#11058=DIRECTION('',(0.E0,0.E0,1.E0));
#11059=AXIS2_PLACEMENT_3D('',#11056,#11057,#11058);
#11060=PLANE('',#11059);
#11061=ORIENTED_EDGE('',*,*,#10862,.F.);
#11063=ORIENTED_EDGE('',*,*,#11062,.T.);
#11064=ORIENTED_EDGE('',*,*,#10935,.T.);
#11065=ORIENTED_EDGE('',*,*,#11050,.F.);
#11066=EDGE_LOOP('',(#11061,#11063,#11064,#11065));
#11067=FACE_OUTER_BOUND('',#11066,.F.);
#11068=ADVANCED_FACE('',(#11067),#11060,.T.);
#11069=CARTESIAN_POINT('',(-1.6E-1,4.5E-2,-6.E-2));
#11070=DIRECTION('',(0.E0,0.E0,-1.E0));
#11071=DIRECTION('',(0.E0,1.E0,0.E0));
#11072=AXIS2_PLACEMENT_3D('',#11069,#11070,#11071);
#11073=PLANE('',#11072);
#11074=ORIENTED_EDGE('',*,*,#7888,.T.);
#11075=ORIENTED_EDGE('',*,*,#10937,.T.);
#11076=ORIENTED_EDGE('',*,*,#11062,.F.);
#11077=ORIENTED_EDGE('',*,*,#10860,.F.);
#11078=EDGE_LOOP('',(#11074,#11075,#11076,#11077));
#11079=FACE_OUTER_BOUND('',#11078,.F.);
#11080=ADVANCED_FACE('',(#11079),#11073,.T.);
#11081=CARTESIAN_POINT('',(-2.6E-1,-4.5E-2,8.E-2));
#11082=DIRECTION('',(1.E0,0.E0,0.E0));
#11083=DIRECTION('',(0.E0,0.E0,-1.E0));
#11084=AXIS2_PLACEMENT_3D('',#11081,#11082,#11083);
#11085=PLANE('',#11084);
#11086=ORIENTED_EDGE('',*,*,#6988,.F.);
#11088=ORIENTED_EDGE('',*,*,#11087,.T.);
#11090=ORIENTED_EDGE('',*,*,#11089,.T.);
#11092=ORIENTED_EDGE('',*,*,#11091,.T.);
#11093=EDGE_LOOP('',(#11086,#11088,#11090,#11092));
#11094=FACE_OUTER_BOUND('',#11093,.F.);
#11095=ADVANCED_FACE('',(#11094),#11085,.F.);
#11096=CARTESIAN_POINT('',(-2.6E-1,-4.5E-2,8.E-2));
#11097=DIRECTION('',(1.E0,0.E0,0.E0));
#11098=DIRECTION('',(0.E0,0.E0,-1.E0));
#11099=AXIS2_PLACEMENT_3D('',#11096,#11097,#11098);
#11100=PLANE('',#11099);
#11101=ORIENTED_EDGE('',*,*,#6998,.F.);
#11103=ORIENTED_EDGE('',*,*,#11102,.T.);
#11105=ORIENTED_EDGE('',*,*,#11104,.T.);
#11107=ORIENTED_EDGE('',*,*,#11106,.T.);
#11108=EDGE_LOOP('',(#11101,#11103,#11105,#11107));
#11109=FACE_OUTER_BOUND('',#11108,.F.);
#11110=ADVANCED_FACE('',(#11109),#11100,.F.);
#11111=CARTESIAN_POINT('',(-2.6E-1,-4.5E-2,8.E-2));
#11112=DIRECTION('',(1.E0,0.E0,0.E0));
#11113=DIRECTION('',(0.E0,0.E0,-1.E0));
#11114=AXIS2_PLACEMENT_3D('',#11111,#11112,#11113);
#11115=PLANE('',#11114);
#11116=ORIENTED_EDGE('',*,*,#7836,.T.);
#11118=ORIENTED_EDGE('',*,*,#11117,.T.);
#11120=ORIENTED_EDGE('',*,*,#11119,.T.);
#11122=ORIENTED_EDGE('',*,*,#11121,.T.);
#11123=EDGE_LOOP('',(#11116,#11118,#11120,#11122));
#11124=FACE_OUTER_BOUND('',#11123,.F.);
#11125=ADVANCED_FACE('',(#11124),#11115,.F.);
#11126=CARTESIAN_POINT('',(-2.6E-1,-4.5E-2,8.E-2));
#11127=DIRECTION('',(1.E0,0.E0,0.E0));
#11128=DIRECTION('',(0.E0,0.E0,-1.E0));
#11129=AXIS2_PLACEMENT_3D('',#11126,#11127,#11128);
#11130=PLANE('',#11129);
#11131=ORIENTED_EDGE('',*,*,#7846,.T.);
#11133=ORIENTED_EDGE('',*,*,#11132,.T.);
#11135=ORIENTED_EDGE('',*,*,#11134,.T.);
#11137=ORIENTED_EDGE('',*,*,#11136,.T.);
#11138=EDGE_LOOP('',(#11131,#11133,#11135,#11137));
#11139=FACE_OUTER_BOUND('',#11138,.F.);
#11140=ADVANCED_FACE('',(#11139),#11130,.F.);
#11141=CARTESIAN_POINT('',(-2.6E-1,-4.5E-2,6.E-2));
#11142=DIRECTION('',(0.E0,0.E0,1.E0));
#11143=DIRECTION('',(0.E0,-1.E0,0.E0));
#11144=AXIS2_PLACEMENT_3D('',#11141,#11142,#11143);
#11145=PLANE('',#11144);
#11146=ORIENTED_EDGE('',*,*,#6994,.T.);
#11148=ORIENTED_EDGE('',*,*,#11147,.T.);
#11150=ORIENTED_EDGE('',*,*,#11149,.F.);
#11151=ORIENTED_EDGE('',*,*,#11087,.F.);
#11152=EDGE_LOOP('',(#11146,#11148,#11150,#11151));
#11153=FACE_OUTER_BOUND('',#11152,.F.);
#11154=ADVANCED_FACE('',(#11153),#11145,.T.);
#11155=CARTESIAN_POINT('',(-2.4E-1,-4.5E-2,8.E-2));
#11156=DIRECTION('',(1.E0,0.E0,0.E0));
#11157=DIRECTION('',(0.E0,0.E0,-1.E0));
#11158=AXIS2_PLACEMENT_3D('',#11155,#11156,#11157);
#11159=PLANE('',#11158);
#11160=ORIENTED_EDGE('',*,*,#6992,.T.);
#11162=ORIENTED_EDGE('',*,*,#11161,.F.);
#11164=ORIENTED_EDGE('',*,*,#11163,.F.);
#11165=ORIENTED_EDGE('',*,*,#11147,.F.);
#11166=EDGE_LOOP('',(#11160,#11162,#11164,#11165));
#11167=FACE_OUTER_BOUND('',#11166,.F.);
#11168=ADVANCED_FACE('',(#11167),#11159,.T.);
#11169=CARTESIAN_POINT('',(-2.4E-1,-4.5E-2,8.E-2));
#11170=DIRECTION('',(1.E0,0.E0,0.E0));
#11171=DIRECTION('',(0.E0,0.E0,-1.E0));
#11172=AXIS2_PLACEMENT_3D('',#11169,#11170,#11171);
#11173=PLANE('',#11172);
#11174=ORIENTED_EDGE('',*,*,#7002,.T.);
#11176=ORIENTED_EDGE('',*,*,#11175,.F.);
#11178=ORIENTED_EDGE('',*,*,#11177,.F.);
#11180=ORIENTED_EDGE('',*,*,#11179,.F.);
#11181=EDGE_LOOP('',(#11174,#11176,#11178,#11180));
#11182=FACE_OUTER_BOUND('',#11181,.F.);
#11183=ADVANCED_FACE('',(#11182),#11173,.T.);
#11184=CARTESIAN_POINT('',(-2.4E-1,-4.5E-2,8.E-2));
#11185=DIRECTION('',(1.E0,0.E0,0.E0));
#11186=DIRECTION('',(0.E0,0.E0,-1.E0));
#11187=AXIS2_PLACEMENT_3D('',#11184,#11185,#11186);
#11188=PLANE('',#11187);
#11189=ORIENTED_EDGE('',*,*,#7840,.F.);
#11191=ORIENTED_EDGE('',*,*,#11190,.F.);
#11193=ORIENTED_EDGE('',*,*,#11192,.F.);
#11195=ORIENTED_EDGE('',*,*,#11194,.F.);
#11196=EDGE_LOOP('',(#11189,#11191,#11193,#11195));
#11197=FACE_OUTER_BOUND('',#11196,.F.);
#11198=ADVANCED_FACE('',(#11197),#11188,.T.);
#11199=CARTESIAN_POINT('',(-2.4E-1,-4.5E-2,8.E-2));
#11200=DIRECTION('',(1.E0,0.E0,0.E0));
#11201=DIRECTION('',(0.E0,0.E0,-1.E0));
#11202=AXIS2_PLACEMENT_3D('',#11199,#11200,#11201);
#11203=PLANE('',#11202);
#11204=ORIENTED_EDGE('',*,*,#7850,.F.);
#11206=ORIENTED_EDGE('',*,*,#11205,.F.);
#11208=ORIENTED_EDGE('',*,*,#11207,.F.);
#11210=ORIENTED_EDGE('',*,*,#11209,.F.);
#11211=EDGE_LOOP('',(#11204,#11206,#11208,#11210));
#11212=FACE_OUTER_BOUND('',#11211,.F.);
#11213=ADVANCED_FACE('',(#11212),#11203,.T.);
#11214=CARTESIAN_POINT('',(-2.6E-1,-1.52E-1,4.E-2));
#11215=DIRECTION('',(0.E0,0.E0,-1.E0));
#11216=DIRECTION('',(0.E0,1.E0,0.E0));
#11217=AXIS2_PLACEMENT_3D('',#11214,#11215,#11216);
#11218=PLANE('',#11217);
#11219=ORIENTED_EDGE('',*,*,#6990,.F.);
#11220=ORIENTED_EDGE('',*,*,#11091,.F.);
#11222=ORIENTED_EDGE('',*,*,#11221,.T.);
#11223=ORIENTED_EDGE('',*,*,#11161,.T.);
#11224=EDGE_LOOP('',(#11219,#11220,#11222,#11223));
#11225=FACE_OUTER_BOUND('',#11224,.F.);
#11226=ADVANCED_FACE('',(#11225),#11218,.T.);
#11227=CARTESIAN_POINT('',(-2.6E-1,-1.52E-1,6.E-2));
#11228=DIRECTION('',(0.E0,-1.E0,0.E0));
#11229=DIRECTION('',(0.E0,0.E0,-1.E0));
#11230=AXIS2_PLACEMENT_3D('',#11227,#11228,#11229);
#11231=PLANE('',#11230);
#11232=ORIENTED_EDGE('',*,*,#11089,.F.);
#11233=ORIENTED_EDGE('',*,*,#11149,.T.);
#11234=ORIENTED_EDGE('',*,*,#11163,.T.);
#11235=ORIENTED_EDGE('',*,*,#11221,.F.);
#11236=EDGE_LOOP('',(#11232,#11233,#11234,#11235));
#11237=FACE_OUTER_BOUND('',#11236,.F.);
#11238=ADVANCED_FACE('',(#11237),#11231,.T.);
#11239=CARTESIAN_POINT('',(-2.6E-1,-1.52E-1,-6.E-2));
#11240=DIRECTION('',(0.E0,0.E0,-1.E0));
#11241=DIRECTION('',(0.E0,1.E0,0.E0));
#11242=AXIS2_PLACEMENT_3D('',#11239,#11240,#11241);
#11243=PLANE('',#11242);
#11244=ORIENTED_EDGE('',*,*,#7000,.F.);
#11245=ORIENTED_EDGE('',*,*,#11106,.F.);
#11247=ORIENTED_EDGE('',*,*,#11246,.T.);
#11248=ORIENTED_EDGE('',*,*,#11175,.T.);
#11249=EDGE_LOOP('',(#11244,#11245,#11247,#11248));
#11250=FACE_OUTER_BOUND('',#11249,.F.);
#11251=ADVANCED_FACE('',(#11250),#11243,.T.);
#11252=CARTESIAN_POINT('',(-2.6E-1,-1.52E-1,-4.E-2));
#11253=DIRECTION('',(0.E0,-1.E0,0.E0));
#11254=DIRECTION('',(0.E0,0.E0,-1.E0));
#11255=AXIS2_PLACEMENT_3D('',#11252,#11253,#11254);
#11256=PLANE('',#11255);
#11257=ORIENTED_EDGE('',*,*,#11104,.F.);
#11259=ORIENTED_EDGE('',*,*,#11258,.T.);
#11260=ORIENTED_EDGE('',*,*,#11177,.T.);
#11261=ORIENTED_EDGE('',*,*,#11246,.F.);
#11262=EDGE_LOOP('',(#11257,#11259,#11260,#11261));
#11263=FACE_OUTER_BOUND('',#11262,.F.);
#11264=ADVANCED_FACE('',(#11263),#11256,.T.);
#11265=CARTESIAN_POINT('',(-2.6E-1,-4.5E-2,-4.E-2));
#11266=DIRECTION('',(0.E0,0.E0,1.E0));
#11267=DIRECTION('',(0.E0,-1.E0,0.E0));
#11268=AXIS2_PLACEMENT_3D('',#11265,#11266,#11267);
#11269=PLANE('',#11268);
#11270=ORIENTED_EDGE('',*,*,#7004,.T.);
#11271=ORIENTED_EDGE('',*,*,#11179,.T.);
#11272=ORIENTED_EDGE('',*,*,#11258,.F.);
#11273=ORIENTED_EDGE('',*,*,#11102,.F.);
#11274=EDGE_LOOP('',(#11270,#11271,#11272,#11273));
#11275=FACE_OUTER_BOUND('',#11274,.F.);
#11276=ADVANCED_FACE('',(#11275),#11269,.T.);
#11277=CARTESIAN_POINT('',(-2.6E-1,2.85E-1,6.E-2));
#11278=DIRECTION('',(0.E0,0.E0,1.E0));
#11279=DIRECTION('',(0.E0,-1.E0,0.E0));
#11280=AXIS2_PLACEMENT_3D('',#11277,#11278,#11279);
#11281=PLANE('',#11280);
#11282=ORIENTED_EDGE('',*,*,#7838,.F.);
#11283=ORIENTED_EDGE('',*,*,#11121,.F.);
#11285=ORIENTED_EDGE('',*,*,#11284,.T.);
#11286=ORIENTED_EDGE('',*,*,#11190,.T.);
#11287=EDGE_LOOP('',(#11282,#11283,#11285,#11286));
#11288=FACE_OUTER_BOUND('',#11287,.F.);
#11289=ADVANCED_FACE('',(#11288),#11281,.T.);
#11290=CARTESIAN_POINT('',(-2.6E-1,2.85E-1,4.E-2));
#11291=DIRECTION('',(0.E0,1.E0,0.E0));
#11292=DIRECTION('',(0.E0,0.E0,1.E0));
#11293=AXIS2_PLACEMENT_3D('',#11290,#11291,#11292);
#11294=PLANE('',#11293);
#11295=ORIENTED_EDGE('',*,*,#11119,.F.);
#11297=ORIENTED_EDGE('',*,*,#11296,.T.);
#11298=ORIENTED_EDGE('',*,*,#11192,.T.);
#11299=ORIENTED_EDGE('',*,*,#11284,.F.);
#11300=EDGE_LOOP('',(#11295,#11297,#11298,#11299));
#11301=FACE_OUTER_BOUND('',#11300,.F.);
#11302=ADVANCED_FACE('',(#11301),#11294,.T.);
#11303=CARTESIAN_POINT('',(-2.6E-1,4.5E-2,4.E-2));
#11304=DIRECTION('',(0.E0,0.E0,-1.E0));
#11305=DIRECTION('',(0.E0,1.E0,0.E0));
#11306=AXIS2_PLACEMENT_3D('',#11303,#11304,#11305);
#11307=PLANE('',#11306);
#11308=ORIENTED_EDGE('',*,*,#7842,.T.);
#11309=ORIENTED_EDGE('',*,*,#11194,.T.);
#11310=ORIENTED_EDGE('',*,*,#11296,.F.);
#11311=ORIENTED_EDGE('',*,*,#11117,.F.);
#11312=EDGE_LOOP('',(#11308,#11309,#11310,#11311));
#11313=FACE_OUTER_BOUND('',#11312,.F.);
#11314=ADVANCED_FACE('',(#11313),#11307,.T.);
#11315=CARTESIAN_POINT('',(-2.6E-1,2.85E-1,-4.E-2));
#11316=DIRECTION('',(0.E0,0.E0,1.E0));
#11317=DIRECTION('',(0.E0,-1.E0,0.E0));
#11318=AXIS2_PLACEMENT_3D('',#11315,#11316,#11317);
#11319=PLANE('',#11318);
#11320=ORIENTED_EDGE('',*,*,#7848,.F.);
#11321=ORIENTED_EDGE('',*,*,#11136,.F.);
#11323=ORIENTED_EDGE('',*,*,#11322,.T.);
#11324=ORIENTED_EDGE('',*,*,#11205,.T.);
#11325=EDGE_LOOP('',(#11320,#11321,#11323,#11324));
#11326=FACE_OUTER_BOUND('',#11325,.F.);
#11327=ADVANCED_FACE('',(#11326),#11319,.T.);
#11328=CARTESIAN_POINT('',(-2.6E-1,2.85E-1,-6.E-2));
#11329=DIRECTION('',(0.E0,1.E0,0.E0));
#11330=DIRECTION('',(0.E0,0.E0,1.E0));
#11331=AXIS2_PLACEMENT_3D('',#11328,#11329,#11330);
#11332=PLANE('',#11331);
#11333=ORIENTED_EDGE('',*,*,#11134,.F.);
#11335=ORIENTED_EDGE('',*,*,#11334,.T.);
#11336=ORIENTED_EDGE('',*,*,#11207,.T.);
#11337=ORIENTED_EDGE('',*,*,#11322,.F.);
#11338=EDGE_LOOP('',(#11333,#11335,#11336,#11337));
#11339=FACE_OUTER_BOUND('',#11338,.F.);
#11340=ADVANCED_FACE('',(#11339),#11332,.T.);
#11341=CARTESIAN_POINT('',(-2.6E-1,4.5E-2,-6.E-2));
#11342=DIRECTION('',(0.E0,0.E0,-1.E0));
#11343=DIRECTION('',(0.E0,1.E0,0.E0));
#11344=AXIS2_PLACEMENT_3D('',#11341,#11342,#11343);
#11345=PLANE('',#11344);
#11346=ORIENTED_EDGE('',*,*,#7852,.T.);
#11347=ORIENTED_EDGE('',*,*,#11209,.T.);
#11348=ORIENTED_EDGE('',*,*,#11334,.F.);
#11349=ORIENTED_EDGE('',*,*,#11132,.F.);
#11350=EDGE_LOOP('',(#11346,#11347,#11348,#11349));
#11351=FACE_OUTER_BOUND('',#11350,.F.);
#11352=ADVANCED_FACE('',(#11351),#11345,.T.);
#11353=CARTESIAN_POINT('',(-3.6E-1,-4.5E-2,8.E-2));
#11354=DIRECTION('',(1.E0,0.E0,0.E0));
#11355=DIRECTION('',(0.E0,0.E0,-1.E0));
#11356=AXIS2_PLACEMENT_3D('',#11353,#11354,#11355);
#11357=PLANE('',#11356);
#11358=ORIENTED_EDGE('',*,*,#6952,.F.);
#11360=ORIENTED_EDGE('',*,*,#11359,.T.);
#11362=ORIENTED_EDGE('',*,*,#11361,.T.);
#11364=ORIENTED_EDGE('',*,*,#11363,.T.);
#11365=EDGE_LOOP('',(#11358,#11360,#11362,#11364));
#11366=FACE_OUTER_BOUND('',#11365,.F.);
#11367=ADVANCED_FACE('',(#11366),#11357,.F.);
#11368=CARTESIAN_POINT('',(-3.6E-1,-4.5E-2,8.E-2));
#11369=DIRECTION('',(1.E0,0.E0,0.E0));
#11370=DIRECTION('',(0.E0,0.E0,-1.E0));
#11371=AXIS2_PLACEMENT_3D('',#11368,#11369,#11370);
#11372=PLANE('',#11371);
#11373=ORIENTED_EDGE('',*,*,#6962,.F.);
#11375=ORIENTED_EDGE('',*,*,#11374,.T.);
#11377=ORIENTED_EDGE('',*,*,#11376,.T.);
#11379=ORIENTED_EDGE('',*,*,#11378,.T.);
#11380=EDGE_LOOP('',(#11373,#11375,#11377,#11379));
#11381=FACE_OUTER_BOUND('',#11380,.F.);
#11382=ADVANCED_FACE('',(#11381),#11372,.F.);
#11383=CARTESIAN_POINT('',(-3.6E-1,-4.5E-2,8.E-2));
#11384=DIRECTION('',(1.E0,0.E0,0.E0));
#11385=DIRECTION('',(0.E0,0.E0,-1.E0));
#11386=AXIS2_PLACEMENT_3D('',#11383,#11384,#11385);
#11387=PLANE('',#11386);
#11388=ORIENTED_EDGE('',*,*,#7800,.T.);
#11390=ORIENTED_EDGE('',*,*,#11389,.T.);
#11392=ORIENTED_EDGE('',*,*,#11391,.T.);
#11394=ORIENTED_EDGE('',*,*,#11393,.T.);
#11395=EDGE_LOOP('',(#11388,#11390,#11392,#11394));
#11396=FACE_OUTER_BOUND('',#11395,.F.);
#11397=ADVANCED_FACE('',(#11396),#11387,.F.);
#11398=CARTESIAN_POINT('',(-3.6E-1,-4.5E-2,8.E-2));
#11399=DIRECTION('',(1.E0,0.E0,0.E0));
#11400=DIRECTION('',(0.E0,0.E0,-1.E0));
#11401=AXIS2_PLACEMENT_3D('',#11398,#11399,#11400);
#11402=PLANE('',#11401);
#11403=ORIENTED_EDGE('',*,*,#7810,.T.);
#11405=ORIENTED_EDGE('',*,*,#11404,.T.);
#11407=ORIENTED_EDGE('',*,*,#11406,.T.);
#11409=ORIENTED_EDGE('',*,*,#11408,.T.);
#11410=EDGE_LOOP('',(#11403,#11405,#11407,#11409));
#11411=FACE_OUTER_BOUND('',#11410,.F.);
#11412=ADVANCED_FACE('',(#11411),#11402,.F.);
#11413=CARTESIAN_POINT('',(-3.6E-1,-4.5E-2,6.E-2));
#11414=DIRECTION('',(0.E0,0.E0,1.E0));
#11415=DIRECTION('',(0.E0,-1.E0,0.E0));
#11416=AXIS2_PLACEMENT_3D('',#11413,#11414,#11415);
#11417=PLANE('',#11416);
#11418=ORIENTED_EDGE('',*,*,#6958,.T.);
#11420=ORIENTED_EDGE('',*,*,#11419,.T.);
#11422=ORIENTED_EDGE('',*,*,#11421,.F.);
#11423=ORIENTED_EDGE('',*,*,#11359,.F.);
#11424=EDGE_LOOP('',(#11418,#11420,#11422,#11423));
#11425=FACE_OUTER_BOUND('',#11424,.F.);
#11426=ADVANCED_FACE('',(#11425),#11417,.T.);
#11427=CARTESIAN_POINT('',(-3.4E-1,-4.5E-2,8.E-2));
#11428=DIRECTION('',(1.E0,0.E0,0.E0));
#11429=DIRECTION('',(0.E0,0.E0,-1.E0));
#11430=AXIS2_PLACEMENT_3D('',#11427,#11428,#11429);
#11431=PLANE('',#11430);
#11432=ORIENTED_EDGE('',*,*,#6956,.T.);
#11434=ORIENTED_EDGE('',*,*,#11433,.F.);
#11436=ORIENTED_EDGE('',*,*,#11435,.F.);
#11437=ORIENTED_EDGE('',*,*,#11419,.F.);
#11438=EDGE_LOOP('',(#11432,#11434,#11436,#11437));
#11439=FACE_OUTER_BOUND('',#11438,.F.);
#11440=ADVANCED_FACE('',(#11439),#11431,.T.);
#11441=CARTESIAN_POINT('',(-3.4E-1,-4.5E-2,8.E-2));
#11442=DIRECTION('',(1.E0,0.E0,0.E0));
#11443=DIRECTION('',(0.E0,0.E0,-1.E0));
#11444=AXIS2_PLACEMENT_3D('',#11441,#11442,#11443);
#11445=PLANE('',#11444);
#11446=ORIENTED_EDGE('',*,*,#6966,.T.);
#11448=ORIENTED_EDGE('',*,*,#11447,.F.);
#11450=ORIENTED_EDGE('',*,*,#11449,.F.);
#11452=ORIENTED_EDGE('',*,*,#11451,.F.);
#11453=EDGE_LOOP('',(#11446,#11448,#11450,#11452));
#11454=FACE_OUTER_BOUND('',#11453,.F.);
#11455=ADVANCED_FACE('',(#11454),#11445,.T.);
#11456=CARTESIAN_POINT('',(-3.4E-1,-4.5E-2,8.E-2));
#11457=DIRECTION('',(1.E0,0.E0,0.E0));
#11458=DIRECTION('',(0.E0,0.E0,-1.E0));
#11459=AXIS2_PLACEMENT_3D('',#11456,#11457,#11458);
#11460=PLANE('',#11459);
#11461=ORIENTED_EDGE('',*,*,#7804,.F.);
#11463=ORIENTED_EDGE('',*,*,#11462,.F.);
#11465=ORIENTED_EDGE('',*,*,#11464,.F.);
#11467=ORIENTED_EDGE('',*,*,#11466,.F.);
#11468=EDGE_LOOP('',(#11461,#11463,#11465,#11467));
#11469=FACE_OUTER_BOUND('',#11468,.F.);
#11470=ADVANCED_FACE('',(#11469),#11460,.T.);
#11471=CARTESIAN_POINT('',(-3.4E-1,-4.5E-2,8.E-2));
#11472=DIRECTION('',(1.E0,0.E0,0.E0));
#11473=DIRECTION('',(0.E0,0.E0,-1.E0));
#11474=AXIS2_PLACEMENT_3D('',#11471,#11472,#11473);
#11475=PLANE('',#11474);
#11476=ORIENTED_EDGE('',*,*,#7814,.F.);
#11478=ORIENTED_EDGE('',*,*,#11477,.F.);
#11480=ORIENTED_EDGE('',*,*,#11479,.F.);
#11482=ORIENTED_EDGE('',*,*,#11481,.F.);
#11483=EDGE_LOOP('',(#11476,#11478,#11480,#11482));
#11484=FACE_OUTER_BOUND('',#11483,.F.);
#11485=ADVANCED_FACE('',(#11484),#11475,.T.);
#11486=CARTESIAN_POINT('',(-3.6E-1,-1.52E-1,4.E-2));
#11487=DIRECTION('',(0.E0,0.E0,-1.E0));
#11488=DIRECTION('',(0.E0,1.E0,0.E0));
#11489=AXIS2_PLACEMENT_3D('',#11486,#11487,#11488);
#11490=PLANE('',#11489);
#11491=ORIENTED_EDGE('',*,*,#6954,.F.);
#11492=ORIENTED_EDGE('',*,*,#11363,.F.);
#11494=ORIENTED_EDGE('',*,*,#11493,.T.);
#11495=ORIENTED_EDGE('',*,*,#11433,.T.);
#11496=EDGE_LOOP('',(#11491,#11492,#11494,#11495));
#11497=FACE_OUTER_BOUND('',#11496,.F.);
#11498=ADVANCED_FACE('',(#11497),#11490,.T.);
#11499=CARTESIAN_POINT('',(-3.6E-1,-1.52E-1,6.E-2));
#11500=DIRECTION('',(0.E0,-1.E0,0.E0));
#11501=DIRECTION('',(0.E0,0.E0,-1.E0));
#11502=AXIS2_PLACEMENT_3D('',#11499,#11500,#11501);
#11503=PLANE('',#11502);
#11504=ORIENTED_EDGE('',*,*,#11361,.F.);
#11505=ORIENTED_EDGE('',*,*,#11421,.T.);
#11506=ORIENTED_EDGE('',*,*,#11435,.T.);
#11507=ORIENTED_EDGE('',*,*,#11493,.F.);
#11508=EDGE_LOOP('',(#11504,#11505,#11506,#11507));
#11509=FACE_OUTER_BOUND('',#11508,.F.);
#11510=ADVANCED_FACE('',(#11509),#11503,.T.);
#11511=CARTESIAN_POINT('',(-3.6E-1,-1.52E-1,-6.E-2));
#11512=DIRECTION('',(0.E0,0.E0,-1.E0));
#11513=DIRECTION('',(0.E0,1.E0,0.E0));
#11514=AXIS2_PLACEMENT_3D('',#11511,#11512,#11513);
#11515=PLANE('',#11514);
#11516=ORIENTED_EDGE('',*,*,#6964,.F.);
#11517=ORIENTED_EDGE('',*,*,#11378,.F.);
#11519=ORIENTED_EDGE('',*,*,#11518,.T.);
#11520=ORIENTED_EDGE('',*,*,#11447,.T.);
#11521=EDGE_LOOP('',(#11516,#11517,#11519,#11520));
#11522=FACE_OUTER_BOUND('',#11521,.F.);
#11523=ADVANCED_FACE('',(#11522),#11515,.T.);
#11524=CARTESIAN_POINT('',(-3.6E-1,-1.52E-1,-4.E-2));
#11525=DIRECTION('',(0.E0,-1.E0,0.E0));
#11526=DIRECTION('',(0.E0,0.E0,-1.E0));
#11527=AXIS2_PLACEMENT_3D('',#11524,#11525,#11526);
#11528=PLANE('',#11527);
#11529=ORIENTED_EDGE('',*,*,#11376,.F.);
#11531=ORIENTED_EDGE('',*,*,#11530,.T.);
#11532=ORIENTED_EDGE('',*,*,#11449,.T.);
#11533=ORIENTED_EDGE('',*,*,#11518,.F.);
#11534=EDGE_LOOP('',(#11529,#11531,#11532,#11533));
#11535=FACE_OUTER_BOUND('',#11534,.F.);
#11536=ADVANCED_FACE('',(#11535),#11528,.T.);
#11537=CARTESIAN_POINT('',(-3.6E-1,-4.5E-2,-4.E-2));
#11538=DIRECTION('',(0.E0,0.E0,1.E0));
#11539=DIRECTION('',(0.E0,-1.E0,0.E0));
#11540=AXIS2_PLACEMENT_3D('',#11537,#11538,#11539);
#11541=PLANE('',#11540);
#11542=ORIENTED_EDGE('',*,*,#6968,.T.);
#11543=ORIENTED_EDGE('',*,*,#11451,.T.);
#11544=ORIENTED_EDGE('',*,*,#11530,.F.);
#11545=ORIENTED_EDGE('',*,*,#11374,.F.);
#11546=EDGE_LOOP('',(#11542,#11543,#11544,#11545));
#11547=FACE_OUTER_BOUND('',#11546,.F.);
#11548=ADVANCED_FACE('',(#11547),#11541,.T.);
#11549=CARTESIAN_POINT('',(-3.6E-1,2.85E-1,6.E-2));
#11550=DIRECTION('',(0.E0,0.E0,1.E0));
#11551=DIRECTION('',(0.E0,-1.E0,0.E0));
#11552=AXIS2_PLACEMENT_3D('',#11549,#11550,#11551);
#11553=PLANE('',#11552);
#11554=ORIENTED_EDGE('',*,*,#7802,.F.);
#11555=ORIENTED_EDGE('',*,*,#11393,.F.);
#11557=ORIENTED_EDGE('',*,*,#11556,.T.);
#11558=ORIENTED_EDGE('',*,*,#11462,.T.);
#11559=EDGE_LOOP('',(#11554,#11555,#11557,#11558));
#11560=FACE_OUTER_BOUND('',#11559,.F.);
#11561=ADVANCED_FACE('',(#11560),#11553,.T.);
#11562=CARTESIAN_POINT('',(-3.6E-1,2.85E-1,4.E-2));
#11563=DIRECTION('',(0.E0,1.E0,0.E0));
#11564=DIRECTION('',(0.E0,0.E0,1.E0));
#11565=AXIS2_PLACEMENT_3D('',#11562,#11563,#11564);
#11566=PLANE('',#11565);
#11567=ORIENTED_EDGE('',*,*,#11391,.F.);
#11569=ORIENTED_EDGE('',*,*,#11568,.T.);
#11570=ORIENTED_EDGE('',*,*,#11464,.T.);
#11571=ORIENTED_EDGE('',*,*,#11556,.F.);
#11572=EDGE_LOOP('',(#11567,#11569,#11570,#11571));
#11573=FACE_OUTER_BOUND('',#11572,.F.);
#11574=ADVANCED_FACE('',(#11573),#11566,.T.);
#11575=CARTESIAN_POINT('',(-3.6E-1,4.5E-2,4.E-2));
#11576=DIRECTION('',(0.E0,0.E0,-1.E0));
#11577=DIRECTION('',(0.E0,1.E0,0.E0));
#11578=AXIS2_PLACEMENT_3D('',#11575,#11576,#11577);
#11579=PLANE('',#11578);
#11580=ORIENTED_EDGE('',*,*,#7806,.T.);
#11581=ORIENTED_EDGE('',*,*,#11466,.T.);
#11582=ORIENTED_EDGE('',*,*,#11568,.F.);
#11583=ORIENTED_EDGE('',*,*,#11389,.F.);
#11584=EDGE_LOOP('',(#11580,#11581,#11582,#11583));
#11585=FACE_OUTER_BOUND('',#11584,.F.);
#11586=ADVANCED_FACE('',(#11585),#11579,.T.);
#11587=CARTESIAN_POINT('',(-3.6E-1,2.85E-1,-4.E-2));
#11588=DIRECTION('',(0.E0,0.E0,1.E0));
#11589=DIRECTION('',(0.E0,-1.E0,0.E0));
#11590=AXIS2_PLACEMENT_3D('',#11587,#11588,#11589);
#11591=PLANE('',#11590);
#11592=ORIENTED_EDGE('',*,*,#7812,.F.);
#11593=ORIENTED_EDGE('',*,*,#11408,.F.);
#11595=ORIENTED_EDGE('',*,*,#11594,.T.);
#11596=ORIENTED_EDGE('',*,*,#11477,.T.);
#11597=EDGE_LOOP('',(#11592,#11593,#11595,#11596));
#11598=FACE_OUTER_BOUND('',#11597,.F.);
#11599=ADVANCED_FACE('',(#11598),#11591,.T.);
#11600=CARTESIAN_POINT('',(-3.6E-1,2.85E-1,-6.E-2));
#11601=DIRECTION('',(0.E0,1.E0,0.E0));
#11602=DIRECTION('',(0.E0,0.E0,1.E0));
#11603=AXIS2_PLACEMENT_3D('',#11600,#11601,#11602);
#11604=PLANE('',#11603);
#11605=ORIENTED_EDGE('',*,*,#11406,.F.);
#11607=ORIENTED_EDGE('',*,*,#11606,.T.);
#11608=ORIENTED_EDGE('',*,*,#11479,.T.);
#11609=ORIENTED_EDGE('',*,*,#11594,.F.);
#11610=EDGE_LOOP('',(#11605,#11607,#11608,#11609));
#11611=FACE_OUTER_BOUND('',#11610,.F.);
#11612=ADVANCED_FACE('',(#11611),#11604,.T.);
#11613=CARTESIAN_POINT('',(-3.6E-1,4.5E-2,-6.E-2));
#11614=DIRECTION('',(0.E0,0.E0,-1.E0));
#11615=DIRECTION('',(0.E0,1.E0,0.E0));
#11616=AXIS2_PLACEMENT_3D('',#11613,#11614,#11615);
#11617=PLANE('',#11616);
#11618=ORIENTED_EDGE('',*,*,#7816,.T.);
#11619=ORIENTED_EDGE('',*,*,#11481,.T.);
#11620=ORIENTED_EDGE('',*,*,#11606,.F.);
#11621=ORIENTED_EDGE('',*,*,#11404,.F.);
#11622=EDGE_LOOP('',(#11618,#11619,#11620,#11621));
#11623=FACE_OUTER_BOUND('',#11622,.F.);
#11624=ADVANCED_FACE('',(#11623),#11617,.T.);
#11625=CARTESIAN_POINT('',(-4.6E-1,-4.5E-2,8.E-2));
#11626=DIRECTION('',(1.E0,0.E0,0.E0));
#11627=DIRECTION('',(0.E0,0.E0,-1.E0));
#11628=AXIS2_PLACEMENT_3D('',#11625,#11626,#11627);
#11629=PLANE('',#11628);
#11630=ORIENTED_EDGE('',*,*,#6916,.F.);
#11632=ORIENTED_EDGE('',*,*,#11631,.T.);
#11634=ORIENTED_EDGE('',*,*,#11633,.T.);
#11636=ORIENTED_EDGE('',*,*,#11635,.T.);
#11637=EDGE_LOOP('',(#11630,#11632,#11634,#11636));
#11638=FACE_OUTER_BOUND('',#11637,.F.);
#11639=ADVANCED_FACE('',(#11638),#11629,.F.);
#11640=CARTESIAN_POINT('',(-4.6E-1,-4.5E-2,8.E-2));
#11641=DIRECTION('',(1.E0,0.E0,0.E0));
#11642=DIRECTION('',(0.E0,0.E0,-1.E0));
#11643=AXIS2_PLACEMENT_3D('',#11640,#11641,#11642);
#11644=PLANE('',#11643);
#11645=ORIENTED_EDGE('',*,*,#6926,.F.);
#11647=ORIENTED_EDGE('',*,*,#11646,.T.);
#11649=ORIENTED_EDGE('',*,*,#11648,.T.);
#11651=ORIENTED_EDGE('',*,*,#11650,.T.);
#11652=EDGE_LOOP('',(#11645,#11647,#11649,#11651));
#11653=FACE_OUTER_BOUND('',#11652,.F.);
#11654=ADVANCED_FACE('',(#11653),#11644,.F.);
#11655=CARTESIAN_POINT('',(-4.6E-1,-4.5E-2,8.E-2));
#11656=DIRECTION('',(1.E0,0.E0,0.E0));
#11657=DIRECTION('',(0.E0,0.E0,-1.E0));
#11658=AXIS2_PLACEMENT_3D('',#11655,#11656,#11657);
#11659=PLANE('',#11658);
#11660=ORIENTED_EDGE('',*,*,#7764,.T.);
#11662=ORIENTED_EDGE('',*,*,#11661,.T.);
#11664=ORIENTED_EDGE('',*,*,#11663,.T.);
#11666=ORIENTED_EDGE('',*,*,#11665,.T.);
#11667=EDGE_LOOP('',(#11660,#11662,#11664,#11666));
#11668=FACE_OUTER_BOUND('',#11667,.F.);
#11669=ADVANCED_FACE('',(#11668),#11659,.F.);
#11670=CARTESIAN_POINT('',(-4.6E-1,-4.5E-2,8.E-2));
#11671=DIRECTION('',(1.E0,0.E0,0.E0));
#11672=DIRECTION('',(0.E0,0.E0,-1.E0));
#11673=AXIS2_PLACEMENT_3D('',#11670,#11671,#11672);
#11674=PLANE('',#11673);
#11675=ORIENTED_EDGE('',*,*,#7774,.T.);
#11677=ORIENTED_EDGE('',*,*,#11676,.T.);
#11679=ORIENTED_EDGE('',*,*,#11678,.T.);
#11681=ORIENTED_EDGE('',*,*,#11680,.T.);
#11682=EDGE_LOOP('',(#11675,#11677,#11679,#11681));
#11683=FACE_OUTER_BOUND('',#11682,.F.);
#11684=ADVANCED_FACE('',(#11683),#11674,.F.);
#11685=CARTESIAN_POINT('',(-4.6E-1,-4.5E-2,6.E-2));
#11686=DIRECTION('',(0.E0,0.E0,1.E0));
#11687=DIRECTION('',(0.E0,-1.E0,0.E0));
#11688=AXIS2_PLACEMENT_3D('',#11685,#11686,#11687);
#11689=PLANE('',#11688);
#11690=ORIENTED_EDGE('',*,*,#6922,.T.);
#11692=ORIENTED_EDGE('',*,*,#11691,.T.);
#11694=ORIENTED_EDGE('',*,*,#11693,.F.);
#11695=ORIENTED_EDGE('',*,*,#11631,.F.);
#11696=EDGE_LOOP('',(#11690,#11692,#11694,#11695));
#11697=FACE_OUTER_BOUND('',#11696,.F.);
#11698=ADVANCED_FACE('',(#11697),#11689,.T.);
#11699=CARTESIAN_POINT('',(-4.4E-1,-4.5E-2,8.E-2));
#11700=DIRECTION('',(1.E0,0.E0,0.E0));
#11701=DIRECTION('',(0.E0,0.E0,-1.E0));
#11702=AXIS2_PLACEMENT_3D('',#11699,#11700,#11701);
#11703=PLANE('',#11702);
#11704=ORIENTED_EDGE('',*,*,#6920,.T.);
#11706=ORIENTED_EDGE('',*,*,#11705,.F.);
#11708=ORIENTED_EDGE('',*,*,#11707,.F.);
#11709=ORIENTED_EDGE('',*,*,#11691,.F.);
#11710=EDGE_LOOP('',(#11704,#11706,#11708,#11709));
#11711=FACE_OUTER_BOUND('',#11710,.F.);
#11712=ADVANCED_FACE('',(#11711),#11703,.T.);
#11713=CARTESIAN_POINT('',(-4.4E-1,-4.5E-2,8.E-2));
#11714=DIRECTION('',(1.E0,0.E0,0.E0));
#11715=DIRECTION('',(0.E0,0.E0,-1.E0));
#11716=AXIS2_PLACEMENT_3D('',#11713,#11714,#11715);
#11717=PLANE('',#11716);
#11718=ORIENTED_EDGE('',*,*,#6930,.T.);
#11720=ORIENTED_EDGE('',*,*,#11719,.F.);
#11722=ORIENTED_EDGE('',*,*,#11721,.F.);
#11724=ORIENTED_EDGE('',*,*,#11723,.F.);
#11725=EDGE_LOOP('',(#11718,#11720,#11722,#11724));
#11726=FACE_OUTER_BOUND('',#11725,.F.);
#11727=ADVANCED_FACE('',(#11726),#11717,.T.);
#11728=CARTESIAN_POINT('',(-4.4E-1,-4.5E-2,8.E-2));
#11729=DIRECTION('',(1.E0,0.E0,0.E0));
#11730=DIRECTION('',(0.E0,0.E0,-1.E0));
#11731=AXIS2_PLACEMENT_3D('',#11728,#11729,#11730);
#11732=PLANE('',#11731);
#11733=ORIENTED_EDGE('',*,*,#7768,.F.);
#11735=ORIENTED_EDGE('',*,*,#11734,.F.);
#11737=ORIENTED_EDGE('',*,*,#11736,.F.);
#11739=ORIENTED_EDGE('',*,*,#11738,.F.);
#11740=EDGE_LOOP('',(#11733,#11735,#11737,#11739));
#11741=FACE_OUTER_BOUND('',#11740,.F.);
#11742=ADVANCED_FACE('',(#11741),#11732,.T.);
#11743=CARTESIAN_POINT('',(-4.4E-1,-4.5E-2,8.E-2));
#11744=DIRECTION('',(1.E0,0.E0,0.E0));
#11745=DIRECTION('',(0.E0,0.E0,-1.E0));
#11746=AXIS2_PLACEMENT_3D('',#11743,#11744,#11745);
#11747=PLANE('',#11746);
#11748=ORIENTED_EDGE('',*,*,#7778,.F.);
#11750=ORIENTED_EDGE('',*,*,#11749,.F.);
#11752=ORIENTED_EDGE('',*,*,#11751,.F.);
#11754=ORIENTED_EDGE('',*,*,#11753,.F.);
#11755=EDGE_LOOP('',(#11748,#11750,#11752,#11754));
#11756=FACE_OUTER_BOUND('',#11755,.F.);
#11757=ADVANCED_FACE('',(#11756),#11747,.T.);
#11758=CARTESIAN_POINT('',(-4.6E-1,-1.52E-1,4.E-2));
#11759=DIRECTION('',(0.E0,0.E0,-1.E0));
#11760=DIRECTION('',(0.E0,1.E0,0.E0));
#11761=AXIS2_PLACEMENT_3D('',#11758,#11759,#11760);
#11762=PLANE('',#11761);
#11763=ORIENTED_EDGE('',*,*,#6918,.F.);
#11764=ORIENTED_EDGE('',*,*,#11635,.F.);
#11766=ORIENTED_EDGE('',*,*,#11765,.T.);
#11767=ORIENTED_EDGE('',*,*,#11705,.T.);
#11768=EDGE_LOOP('',(#11763,#11764,#11766,#11767));
#11769=FACE_OUTER_BOUND('',#11768,.F.);
#11770=ADVANCED_FACE('',(#11769),#11762,.T.);
#11771=CARTESIAN_POINT('',(-4.6E-1,-1.52E-1,6.E-2));
#11772=DIRECTION('',(0.E0,-1.E0,0.E0));
#11773=DIRECTION('',(0.E0,0.E0,-1.E0));
#11774=AXIS2_PLACEMENT_3D('',#11771,#11772,#11773);
#11775=PLANE('',#11774);
#11776=ORIENTED_EDGE('',*,*,#11633,.F.);
#11777=ORIENTED_EDGE('',*,*,#11693,.T.);
#11778=ORIENTED_EDGE('',*,*,#11707,.T.);
#11779=ORIENTED_EDGE('',*,*,#11765,.F.);
#11780=EDGE_LOOP('',(#11776,#11777,#11778,#11779));
#11781=FACE_OUTER_BOUND('',#11780,.F.);
#11782=ADVANCED_FACE('',(#11781),#11775,.T.);
#11783=CARTESIAN_POINT('',(-4.6E-1,-1.52E-1,-6.E-2));
#11784=DIRECTION('',(0.E0,0.E0,-1.E0));
#11785=DIRECTION('',(0.E0,1.E0,0.E0));
#11786=AXIS2_PLACEMENT_3D('',#11783,#11784,#11785);
#11787=PLANE('',#11786);
#11788=ORIENTED_EDGE('',*,*,#6928,.F.);
#11789=ORIENTED_EDGE('',*,*,#11650,.F.);
#11791=ORIENTED_EDGE('',*,*,#11790,.T.);
#11792=ORIENTED_EDGE('',*,*,#11719,.T.);
#11793=EDGE_LOOP('',(#11788,#11789,#11791,#11792));
#11794=FACE_OUTER_BOUND('',#11793,.F.);
#11795=ADVANCED_FACE('',(#11794),#11787,.T.);
#11796=CARTESIAN_POINT('',(-4.6E-1,-1.52E-1,-4.E-2));
#11797=DIRECTION('',(0.E0,-1.E0,0.E0));
#11798=DIRECTION('',(0.E0,0.E0,-1.E0));
#11799=AXIS2_PLACEMENT_3D('',#11796,#11797,#11798);
#11800=PLANE('',#11799);
#11801=ORIENTED_EDGE('',*,*,#11648,.F.);
#11803=ORIENTED_EDGE('',*,*,#11802,.T.);
#11804=ORIENTED_EDGE('',*,*,#11721,.T.);
#11805=ORIENTED_EDGE('',*,*,#11790,.F.);
#11806=EDGE_LOOP('',(#11801,#11803,#11804,#11805));
#11807=FACE_OUTER_BOUND('',#11806,.F.);
#11808=ADVANCED_FACE('',(#11807),#11800,.T.);
#11809=CARTESIAN_POINT('',(-4.6E-1,-4.5E-2,-4.E-2));
#11810=DIRECTION('',(0.E0,0.E0,1.E0));
#11811=DIRECTION('',(0.E0,-1.E0,0.E0));
#11812=AXIS2_PLACEMENT_3D('',#11809,#11810,#11811);
#11813=PLANE('',#11812);
#11814=ORIENTED_EDGE('',*,*,#6932,.T.);
#11815=ORIENTED_EDGE('',*,*,#11723,.T.);
#11816=ORIENTED_EDGE('',*,*,#11802,.F.);
#11817=ORIENTED_EDGE('',*,*,#11646,.F.);
#11818=EDGE_LOOP('',(#11814,#11815,#11816,#11817));
#11819=FACE_OUTER_BOUND('',#11818,.F.);
#11820=ADVANCED_FACE('',(#11819),#11813,.T.);
#11821=CARTESIAN_POINT('',(-4.6E-1,2.85E-1,6.E-2));
#11822=DIRECTION('',(0.E0,0.E0,1.E0));
#11823=DIRECTION('',(0.E0,-1.E0,0.E0));
#11824=AXIS2_PLACEMENT_3D('',#11821,#11822,#11823);
#11825=PLANE('',#11824);
#11826=ORIENTED_EDGE('',*,*,#7766,.F.);
#11827=ORIENTED_EDGE('',*,*,#11665,.F.);
#11829=ORIENTED_EDGE('',*,*,#11828,.T.);
#11830=ORIENTED_EDGE('',*,*,#11734,.T.);
#11831=EDGE_LOOP('',(#11826,#11827,#11829,#11830));
#11832=FACE_OUTER_BOUND('',#11831,.F.);
#11833=ADVANCED_FACE('',(#11832),#11825,.T.);
#11834=CARTESIAN_POINT('',(-4.6E-1,2.85E-1,4.E-2));
#11835=DIRECTION('',(0.E0,1.E0,0.E0));
#11836=DIRECTION('',(0.E0,0.E0,1.E0));
#11837=AXIS2_PLACEMENT_3D('',#11834,#11835,#11836);
#11838=PLANE('',#11837);
#11839=ORIENTED_EDGE('',*,*,#11663,.F.);
#11841=ORIENTED_EDGE('',*,*,#11840,.T.);
#11842=ORIENTED_EDGE('',*,*,#11736,.T.);
#11843=ORIENTED_EDGE('',*,*,#11828,.F.);
#11844=EDGE_LOOP('',(#11839,#11841,#11842,#11843));
#11845=FACE_OUTER_BOUND('',#11844,.F.);
#11846=ADVANCED_FACE('',(#11845),#11838,.T.);
#11847=CARTESIAN_POINT('',(-4.6E-1,4.5E-2,4.E-2));
#11848=DIRECTION('',(0.E0,0.E0,-1.E0));
#11849=DIRECTION('',(0.E0,1.E0,0.E0));
#11850=AXIS2_PLACEMENT_3D('',#11847,#11848,#11849);
#11851=PLANE('',#11850);
#11852=ORIENTED_EDGE('',*,*,#7770,.T.);
#11853=ORIENTED_EDGE('',*,*,#11738,.T.);
#11854=ORIENTED_EDGE('',*,*,#11840,.F.);
#11855=ORIENTED_EDGE('',*,*,#11661,.F.);
#11856=EDGE_LOOP('',(#11852,#11853,#11854,#11855));
#11857=FACE_OUTER_BOUND('',#11856,.F.);
#11858=ADVANCED_FACE('',(#11857),#11851,.T.);
#11859=CARTESIAN_POINT('',(-4.6E-1,2.85E-1,-4.E-2));
#11860=DIRECTION('',(0.E0,0.E0,1.E0));
#11861=DIRECTION('',(0.E0,-1.E0,0.E0));
#11862=AXIS2_PLACEMENT_3D('',#11859,#11860,#11861);
#11863=PLANE('',#11862);
#11864=ORIENTED_EDGE('',*,*,#7776,.F.);
#11865=ORIENTED_EDGE('',*,*,#11680,.F.);
#11867=ORIENTED_EDGE('',*,*,#11866,.T.);
#11868=ORIENTED_EDGE('',*,*,#11749,.T.);
#11869=EDGE_LOOP('',(#11864,#11865,#11867,#11868));
#11870=FACE_OUTER_BOUND('',#11869,.F.);
#11871=ADVANCED_FACE('',(#11870),#11863,.T.);
#11872=CARTESIAN_POINT('',(-4.6E-1,2.85E-1,-6.E-2));
#11873=DIRECTION('',(0.E0,1.E0,0.E0));
#11874=DIRECTION('',(0.E0,0.E0,1.E0));
#11875=AXIS2_PLACEMENT_3D('',#11872,#11873,#11874);
#11876=PLANE('',#11875);
#11877=ORIENTED_EDGE('',*,*,#11678,.F.);
#11879=ORIENTED_EDGE('',*,*,#11878,.T.);
#11880=ORIENTED_EDGE('',*,*,#11751,.T.);
#11881=ORIENTED_EDGE('',*,*,#11866,.F.);
#11882=EDGE_LOOP('',(#11877,#11879,#11880,#11881));
#11883=FACE_OUTER_BOUND('',#11882,.F.);
#11884=ADVANCED_FACE('',(#11883),#11876,.T.);
#11885=CARTESIAN_POINT('',(-4.6E-1,4.5E-2,-6.E-2));
#11886=DIRECTION('',(0.E0,0.E0,-1.E0));
#11887=DIRECTION('',(0.E0,1.E0,0.E0));
#11888=AXIS2_PLACEMENT_3D('',#11885,#11886,#11887);
#11889=PLANE('',#11888);
#11890=ORIENTED_EDGE('',*,*,#7780,.T.);
#11891=ORIENTED_EDGE('',*,*,#11753,.T.);
#11892=ORIENTED_EDGE('',*,*,#11878,.F.);
#11893=ORIENTED_EDGE('',*,*,#11676,.F.);
#11894=EDGE_LOOP('',(#11890,#11891,#11892,#11893));
#11895=FACE_OUTER_BOUND('',#11894,.F.);
#11896=ADVANCED_FACE('',(#11895),#11889,.T.);
#11897=CARTESIAN_POINT('',(-5.6E-1,-4.5E-2,8.E-2));
#11898=DIRECTION('',(1.E0,0.E0,0.E0));
#11899=DIRECTION('',(0.E0,0.E0,-1.E0));
#11900=AXIS2_PLACEMENT_3D('',#11897,#11898,#11899);
#11901=PLANE('',#11900);
#11902=ORIENTED_EDGE('',*,*,#6880,.F.);
#11904=ORIENTED_EDGE('',*,*,#11903,.T.);
#11906=ORIENTED_EDGE('',*,*,#11905,.T.);
#11908=ORIENTED_EDGE('',*,*,#11907,.T.);
#11909=EDGE_LOOP('',(#11902,#11904,#11906,#11908));
#11910=FACE_OUTER_BOUND('',#11909,.F.);
#11911=ADVANCED_FACE('',(#11910),#11901,.F.);
#11912=CARTESIAN_POINT('',(-5.6E-1,-4.5E-2,8.E-2));
#11913=DIRECTION('',(1.E0,0.E0,0.E0));
#11914=DIRECTION('',(0.E0,0.E0,-1.E0));
#11915=AXIS2_PLACEMENT_3D('',#11912,#11913,#11914);
#11916=PLANE('',#11915);
#11917=ORIENTED_EDGE('',*,*,#6890,.F.);
#11919=ORIENTED_EDGE('',*,*,#11918,.T.);
#11921=ORIENTED_EDGE('',*,*,#11920,.T.);
#11923=ORIENTED_EDGE('',*,*,#11922,.T.);
#11924=EDGE_LOOP('',(#11917,#11919,#11921,#11923));
#11925=FACE_OUTER_BOUND('',#11924,.F.);
#11926=ADVANCED_FACE('',(#11925),#11916,.F.);
#11927=CARTESIAN_POINT('',(-5.6E-1,-4.5E-2,8.E-2));
#11928=DIRECTION('',(1.E0,0.E0,0.E0));
#11929=DIRECTION('',(0.E0,0.E0,-1.E0));
#11930=AXIS2_PLACEMENT_3D('',#11927,#11928,#11929);
#11931=PLANE('',#11930);
#11932=ORIENTED_EDGE('',*,*,#7728,.T.);
#11934=ORIENTED_EDGE('',*,*,#11933,.T.);
#11936=ORIENTED_EDGE('',*,*,#11935,.T.);
#11938=ORIENTED_EDGE('',*,*,#11937,.T.);
#11939=EDGE_LOOP('',(#11932,#11934,#11936,#11938));
#11940=FACE_OUTER_BOUND('',#11939,.F.);
#11941=ADVANCED_FACE('',(#11940),#11931,.F.);
#11942=CARTESIAN_POINT('',(-5.6E-1,-4.5E-2,8.E-2));
#11943=DIRECTION('',(1.E0,0.E0,0.E0));
#11944=DIRECTION('',(0.E0,0.E0,-1.E0));
#11945=AXIS2_PLACEMENT_3D('',#11942,#11943,#11944);
#11946=PLANE('',#11945);
#11947=ORIENTED_EDGE('',*,*,#7738,.T.);
#11949=ORIENTED_EDGE('',*,*,#11948,.T.);
#11951=ORIENTED_EDGE('',*,*,#11950,.T.);
#11953=ORIENTED_EDGE('',*,*,#11952,.T.);
#11954=EDGE_LOOP('',(#11947,#11949,#11951,#11953));
#11955=FACE_OUTER_BOUND('',#11954,.F.);
#11956=ADVANCED_FACE('',(#11955),#11946,.F.);
#11957=CARTESIAN_POINT('',(-5.6E-1,-4.5E-2,6.E-2));
#11958=DIRECTION('',(0.E0,0.E0,1.E0));
#11959=DIRECTION('',(0.E0,-1.E0,0.E0));
#11960=AXIS2_PLACEMENT_3D('',#11957,#11958,#11959);
#11961=PLANE('',#11960);
#11962=ORIENTED_EDGE('',*,*,#6886,.T.);
#11964=ORIENTED_EDGE('',*,*,#11963,.T.);
#11966=ORIENTED_EDGE('',*,*,#11965,.F.);
#11967=ORIENTED_EDGE('',*,*,#11903,.F.);
#11968=EDGE_LOOP('',(#11962,#11964,#11966,#11967));
#11969=FACE_OUTER_BOUND('',#11968,.F.);
#11970=ADVANCED_FACE('',(#11969),#11961,.T.);
#11971=CARTESIAN_POINT('',(-5.4E-1,-4.5E-2,8.E-2));
#11972=DIRECTION('',(1.E0,0.E0,0.E0));
#11973=DIRECTION('',(0.E0,0.E0,-1.E0));
#11974=AXIS2_PLACEMENT_3D('',#11971,#11972,#11973);
#11975=PLANE('',#11974);
#11976=ORIENTED_EDGE('',*,*,#6884,.T.);
#11978=ORIENTED_EDGE('',*,*,#11977,.F.);
#11980=ORIENTED_EDGE('',*,*,#11979,.F.);
#11981=ORIENTED_EDGE('',*,*,#11963,.F.);
#11982=EDGE_LOOP('',(#11976,#11978,#11980,#11981));
#11983=FACE_OUTER_BOUND('',#11982,.F.);
#11984=ADVANCED_FACE('',(#11983),#11975,.T.);
#11985=CARTESIAN_POINT('',(-5.4E-1,-4.5E-2,8.E-2));
#11986=DIRECTION('',(1.E0,0.E0,0.E0));
#11987=DIRECTION('',(0.E0,0.E0,-1.E0));
#11988=AXIS2_PLACEMENT_3D('',#11985,#11986,#11987);
#11989=PLANE('',#11988);
#11990=ORIENTED_EDGE('',*,*,#6894,.T.);
#11992=ORIENTED_EDGE('',*,*,#11991,.F.);
#11994=ORIENTED_EDGE('',*,*,#11993,.F.);
#11996=ORIENTED_EDGE('',*,*,#11995,.F.);
#11997=EDGE_LOOP('',(#11990,#11992,#11994,#11996));
#11998=FACE_OUTER_BOUND('',#11997,.F.);
#11999=ADVANCED_FACE('',(#11998),#11989,.T.);
#12000=CARTESIAN_POINT('',(-5.4E-1,-4.5E-2,8.E-2));
#12001=DIRECTION('',(1.E0,0.E0,0.E0));
#12002=DIRECTION('',(0.E0,0.E0,-1.E0));
#12003=AXIS2_PLACEMENT_3D('',#12000,#12001,#12002);
#12004=PLANE('',#12003);
#12005=ORIENTED_EDGE('',*,*,#7732,.F.);
#12007=ORIENTED_EDGE('',*,*,#12006,.F.);
#12009=ORIENTED_EDGE('',*,*,#12008,.F.);
#12011=ORIENTED_EDGE('',*,*,#12010,.F.);
#12012=EDGE_LOOP('',(#12005,#12007,#12009,#12011));
#12013=FACE_OUTER_BOUND('',#12012,.F.);
#12014=ADVANCED_FACE('',(#12013),#12004,.T.);
#12015=CARTESIAN_POINT('',(-5.4E-1,-4.5E-2,8.E-2));
#12016=DIRECTION('',(1.E0,0.E0,0.E0));
#12017=DIRECTION('',(0.E0,0.E0,-1.E0));
#12018=AXIS2_PLACEMENT_3D('',#12015,#12016,#12017);
#12019=PLANE('',#12018);
#12020=ORIENTED_EDGE('',*,*,#7742,.F.);
#12022=ORIENTED_EDGE('',*,*,#12021,.F.);
#12024=ORIENTED_EDGE('',*,*,#12023,.F.);
#12026=ORIENTED_EDGE('',*,*,#12025,.F.);
#12027=EDGE_LOOP('',(#12020,#12022,#12024,#12026));
#12028=FACE_OUTER_BOUND('',#12027,.F.);
#12029=ADVANCED_FACE('',(#12028),#12019,.T.);
#12030=CARTESIAN_POINT('',(-5.6E-1,-1.52E-1,4.E-2));
#12031=DIRECTION('',(0.E0,0.E0,-1.E0));
#12032=DIRECTION('',(0.E0,1.E0,0.E0));
#12033=AXIS2_PLACEMENT_3D('',#12030,#12031,#12032);
#12034=PLANE('',#12033);
#12035=ORIENTED_EDGE('',*,*,#6882,.F.);
#12036=ORIENTED_EDGE('',*,*,#11907,.F.);
#12038=ORIENTED_EDGE('',*,*,#12037,.T.);
#12039=ORIENTED_EDGE('',*,*,#11977,.T.);
#12040=EDGE_LOOP('',(#12035,#12036,#12038,#12039));
#12041=FACE_OUTER_BOUND('',#12040,.F.);
#12042=ADVANCED_FACE('',(#12041),#12034,.T.);
#12043=CARTESIAN_POINT('',(-5.6E-1,-1.52E-1,6.E-2));
#12044=DIRECTION('',(0.E0,-1.E0,0.E0));
#12045=DIRECTION('',(0.E0,0.E0,-1.E0));
#12046=AXIS2_PLACEMENT_3D('',#12043,#12044,#12045);
#12047=PLANE('',#12046);
#12048=ORIENTED_EDGE('',*,*,#11905,.F.);
#12049=ORIENTED_EDGE('',*,*,#11965,.T.);
#12050=ORIENTED_EDGE('',*,*,#11979,.T.);
#12051=ORIENTED_EDGE('',*,*,#12037,.F.);
#12052=EDGE_LOOP('',(#12048,#12049,#12050,#12051));
#12053=FACE_OUTER_BOUND('',#12052,.F.);
#12054=ADVANCED_FACE('',(#12053),#12047,.T.);
#12055=CARTESIAN_POINT('',(-5.6E-1,-1.52E-1,-6.E-2));
#12056=DIRECTION('',(0.E0,0.E0,-1.E0));
#12057=DIRECTION('',(0.E0,1.E0,0.E0));
#12058=AXIS2_PLACEMENT_3D('',#12055,#12056,#12057);
#12059=PLANE('',#12058);
#12060=ORIENTED_EDGE('',*,*,#6892,.F.);
#12061=ORIENTED_EDGE('',*,*,#11922,.F.);
#12063=ORIENTED_EDGE('',*,*,#12062,.T.);
#12064=ORIENTED_EDGE('',*,*,#11991,.T.);
#12065=EDGE_LOOP('',(#12060,#12061,#12063,#12064));
#12066=FACE_OUTER_BOUND('',#12065,.F.);
#12067=ADVANCED_FACE('',(#12066),#12059,.T.);
#12068=CARTESIAN_POINT('',(-5.6E-1,-1.52E-1,-4.E-2));
#12069=DIRECTION('',(0.E0,-1.E0,0.E0));
#12070=DIRECTION('',(0.E0,0.E0,-1.E0));
#12071=AXIS2_PLACEMENT_3D('',#12068,#12069,#12070);
#12072=PLANE('',#12071);
#12073=ORIENTED_EDGE('',*,*,#11920,.F.);
#12075=ORIENTED_EDGE('',*,*,#12074,.T.);
#12076=ORIENTED_EDGE('',*,*,#11993,.T.);
#12077=ORIENTED_EDGE('',*,*,#12062,.F.);
#12078=EDGE_LOOP('',(#12073,#12075,#12076,#12077));
#12079=FACE_OUTER_BOUND('',#12078,.F.);
#12080=ADVANCED_FACE('',(#12079),#12072,.T.);
#12081=CARTESIAN_POINT('',(-5.6E-1,-4.5E-2,-4.E-2));
#12082=DIRECTION('',(0.E0,0.E0,1.E0));
#12083=DIRECTION('',(0.E0,-1.E0,0.E0));
#12084=AXIS2_PLACEMENT_3D('',#12081,#12082,#12083);
#12085=PLANE('',#12084);
#12086=ORIENTED_EDGE('',*,*,#6896,.T.);
#12087=ORIENTED_EDGE('',*,*,#11995,.T.);
#12088=ORIENTED_EDGE('',*,*,#12074,.F.);
#12089=ORIENTED_EDGE('',*,*,#11918,.F.);
#12090=EDGE_LOOP('',(#12086,#12087,#12088,#12089));
#12091=FACE_OUTER_BOUND('',#12090,.F.);
#12092=ADVANCED_FACE('',(#12091),#12085,.T.);
#12093=CARTESIAN_POINT('',(-5.6E-1,2.85E-1,6.E-2));
#12094=DIRECTION('',(0.E0,0.E0,1.E0));
#12095=DIRECTION('',(0.E0,-1.E0,0.E0));
#12096=AXIS2_PLACEMENT_3D('',#12093,#12094,#12095);
#12097=PLANE('',#12096);
#12098=ORIENTED_EDGE('',*,*,#7730,.F.);
#12099=ORIENTED_EDGE('',*,*,#11937,.F.);
#12101=ORIENTED_EDGE('',*,*,#12100,.T.);
#12102=ORIENTED_EDGE('',*,*,#12006,.T.);
#12103=EDGE_LOOP('',(#12098,#12099,#12101,#12102));
#12104=FACE_OUTER_BOUND('',#12103,.F.);
#12105=ADVANCED_FACE('',(#12104),#12097,.T.);
#12106=CARTESIAN_POINT('',(-5.6E-1,2.85E-1,4.E-2));
#12107=DIRECTION('',(0.E0,1.E0,0.E0));
#12108=DIRECTION('',(0.E0,0.E0,1.E0));
#12109=AXIS2_PLACEMENT_3D('',#12106,#12107,#12108);
#12110=PLANE('',#12109);
#12111=ORIENTED_EDGE('',*,*,#11935,.F.);
#12113=ORIENTED_EDGE('',*,*,#12112,.T.);
#12114=ORIENTED_EDGE('',*,*,#12008,.T.);
#12115=ORIENTED_EDGE('',*,*,#12100,.F.);
#12116=EDGE_LOOP('',(#12111,#12113,#12114,#12115));
#12117=FACE_OUTER_BOUND('',#12116,.F.);
#12118=ADVANCED_FACE('',(#12117),#12110,.T.);
#12119=CARTESIAN_POINT('',(-5.6E-1,4.5E-2,4.E-2));
#12120=DIRECTION('',(0.E0,0.E0,-1.E0));
#12121=DIRECTION('',(0.E0,1.E0,0.E0));
#12122=AXIS2_PLACEMENT_3D('',#12119,#12120,#12121);
#12123=PLANE('',#12122);
#12124=ORIENTED_EDGE('',*,*,#7734,.T.);
#12125=ORIENTED_EDGE('',*,*,#12010,.T.);
#12126=ORIENTED_EDGE('',*,*,#12112,.F.);
#12127=ORIENTED_EDGE('',*,*,#11933,.F.);
#12128=EDGE_LOOP('',(#12124,#12125,#12126,#12127));
#12129=FACE_OUTER_BOUND('',#12128,.F.);
#12130=ADVANCED_FACE('',(#12129),#12123,.T.);
#12131=CARTESIAN_POINT('',(-5.6E-1,2.85E-1,-4.E-2));
#12132=DIRECTION('',(0.E0,0.E0,1.E0));
#12133=DIRECTION('',(0.E0,-1.E0,0.E0));
#12134=AXIS2_PLACEMENT_3D('',#12131,#12132,#12133);
#12135=PLANE('',#12134);
#12136=ORIENTED_EDGE('',*,*,#7740,.F.);
#12137=ORIENTED_EDGE('',*,*,#11952,.F.);
#12139=ORIENTED_EDGE('',*,*,#12138,.T.);
#12140=ORIENTED_EDGE('',*,*,#12021,.T.);
#12141=EDGE_LOOP('',(#12136,#12137,#12139,#12140));
#12142=FACE_OUTER_BOUND('',#12141,.F.);
#12143=ADVANCED_FACE('',(#12142),#12135,.T.);
#12144=CARTESIAN_POINT('',(-5.6E-1,2.85E-1,-6.E-2));
#12145=DIRECTION('',(0.E0,1.E0,0.E0));
#12146=DIRECTION('',(0.E0,0.E0,1.E0));
#12147=AXIS2_PLACEMENT_3D('',#12144,#12145,#12146);
#12148=PLANE('',#12147);
#12149=ORIENTED_EDGE('',*,*,#11950,.F.);
#12151=ORIENTED_EDGE('',*,*,#12150,.T.);
#12152=ORIENTED_EDGE('',*,*,#12023,.T.);
#12153=ORIENTED_EDGE('',*,*,#12138,.F.);
#12154=EDGE_LOOP('',(#12149,#12151,#12152,#12153));
#12155=FACE_OUTER_BOUND('',#12154,.F.);
#12156=ADVANCED_FACE('',(#12155),#12148,.T.);
#12157=CARTESIAN_POINT('',(-5.6E-1,4.5E-2,-6.E-2));
#12158=DIRECTION('',(0.E0,0.E0,-1.E0));
#12159=DIRECTION('',(0.E0,1.E0,0.E0));
#12160=AXIS2_PLACEMENT_3D('',#12157,#12158,#12159);
#12161=PLANE('',#12160);
#12162=ORIENTED_EDGE('',*,*,#7744,.T.);
#12163=ORIENTED_EDGE('',*,*,#12025,.T.);
#12164=ORIENTED_EDGE('',*,*,#12150,.F.);
#12165=ORIENTED_EDGE('',*,*,#11948,.F.);
#12166=EDGE_LOOP('',(#12162,#12163,#12164,#12165));
#12167=FACE_OUTER_BOUND('',#12166,.F.);
#12168=ADVANCED_FACE('',(#12167),#12161,.T.);
#12169=CARTESIAN_POINT('',(-6.6E-1,-4.5E-2,8.E-2));
#12170=DIRECTION('',(1.E0,0.E0,0.E0));
#12171=DIRECTION('',(0.E0,0.E0,-1.E0));
#12172=AXIS2_PLACEMENT_3D('',#12169,#12170,#12171);
#12173=PLANE('',#12172);
#12174=ORIENTED_EDGE('',*,*,#6844,.F.);
#12176=ORIENTED_EDGE('',*,*,#12175,.T.);
#12178=ORIENTED_EDGE('',*,*,#12177,.T.);
#12180=ORIENTED_EDGE('',*,*,#12179,.T.);
#12181=EDGE_LOOP('',(#12174,#12176,#12178,#12180));
#12182=FACE_OUTER_BOUND('',#12181,.F.);
#12183=ADVANCED_FACE('',(#12182),#12173,.F.);
#12184=CARTESIAN_POINT('',(-6.6E-1,-4.5E-2,8.E-2));
#12185=DIRECTION('',(1.E0,0.E0,0.E0));
#12186=DIRECTION('',(0.E0,0.E0,-1.E0));
#12187=AXIS2_PLACEMENT_3D('',#12184,#12185,#12186);
#12188=PLANE('',#12187);
#12189=ORIENTED_EDGE('',*,*,#6854,.F.);
#12191=ORIENTED_EDGE('',*,*,#12190,.T.);
#12193=ORIENTED_EDGE('',*,*,#12192,.T.);
#12195=ORIENTED_EDGE('',*,*,#12194,.T.);
#12196=EDGE_LOOP('',(#12189,#12191,#12193,#12195));
#12197=FACE_OUTER_BOUND('',#12196,.F.);
#12198=ADVANCED_FACE('',(#12197),#12188,.F.);
#12199=CARTESIAN_POINT('',(-6.6E-1,-4.5E-2,8.E-2));
#12200=DIRECTION('',(1.E0,0.E0,0.E0));
#12201=DIRECTION('',(0.E0,0.E0,-1.E0));
#12202=AXIS2_PLACEMENT_3D('',#12199,#12200,#12201);
#12203=PLANE('',#12202);
#12204=ORIENTED_EDGE('',*,*,#7692,.T.);
#12206=ORIENTED_EDGE('',*,*,#12205,.T.);
#12208=ORIENTED_EDGE('',*,*,#12207,.T.);
#12210=ORIENTED_EDGE('',*,*,#12209,.T.);
#12211=EDGE_LOOP('',(#12204,#12206,#12208,#12210));
#12212=FACE_OUTER_BOUND('',#12211,.F.);
#12213=ADVANCED_FACE('',(#12212),#12203,.F.);
#12214=CARTESIAN_POINT('',(-6.6E-1,-4.5E-2,8.E-2));
#12215=DIRECTION('',(1.E0,0.E0,0.E0));
#12216=DIRECTION('',(0.E0,0.E0,-1.E0));
#12217=AXIS2_PLACEMENT_3D('',#12214,#12215,#12216);
#12218=PLANE('',#12217);
#12219=ORIENTED_EDGE('',*,*,#7702,.T.);
#12221=ORIENTED_EDGE('',*,*,#12220,.T.);
#12223=ORIENTED_EDGE('',*,*,#12222,.T.);
#12225=ORIENTED_EDGE('',*,*,#12224,.T.);
#12226=EDGE_LOOP('',(#12219,#12221,#12223,#12225));
#12227=FACE_OUTER_BOUND('',#12226,.F.);
#12228=ADVANCED_FACE('',(#12227),#12218,.F.);
#12229=CARTESIAN_POINT('',(-6.6E-1,-4.5E-2,6.E-2));
#12230=DIRECTION('',(0.E0,0.E0,1.E0));
#12231=DIRECTION('',(0.E0,-1.E0,0.E0));
#12232=AXIS2_PLACEMENT_3D('',#12229,#12230,#12231);
#12233=PLANE('',#12232);
#12234=ORIENTED_EDGE('',*,*,#6850,.T.);
#12236=ORIENTED_EDGE('',*,*,#12235,.T.);
#12238=ORIENTED_EDGE('',*,*,#12237,.F.);
#12239=ORIENTED_EDGE('',*,*,#12175,.F.);
#12240=EDGE_LOOP('',(#12234,#12236,#12238,#12239));
#12241=FACE_OUTER_BOUND('',#12240,.F.);
#12242=ADVANCED_FACE('',(#12241),#12233,.T.);
#12243=CARTESIAN_POINT('',(-6.4E-1,-4.5E-2,8.E-2));
#12244=DIRECTION('',(1.E0,0.E0,0.E0));
#12245=DIRECTION('',(0.E0,0.E0,-1.E0));
#12246=AXIS2_PLACEMENT_3D('',#12243,#12244,#12245);
#12247=PLANE('',#12246);
#12248=ORIENTED_EDGE('',*,*,#6848,.T.);
#12250=ORIENTED_EDGE('',*,*,#12249,.F.);
#12252=ORIENTED_EDGE('',*,*,#12251,.F.);
#12253=ORIENTED_EDGE('',*,*,#12235,.F.);
#12254=EDGE_LOOP('',(#12248,#12250,#12252,#12253));
#12255=FACE_OUTER_BOUND('',#12254,.F.);
#12256=ADVANCED_FACE('',(#12255),#12247,.T.);
#12257=CARTESIAN_POINT('',(-6.4E-1,-4.5E-2,8.E-2));
#12258=DIRECTION('',(1.E0,0.E0,0.E0));
#12259=DIRECTION('',(0.E0,0.E0,-1.E0));
#12260=AXIS2_PLACEMENT_3D('',#12257,#12258,#12259);
#12261=PLANE('',#12260);
#12262=ORIENTED_EDGE('',*,*,#6858,.T.);
#12264=ORIENTED_EDGE('',*,*,#12263,.F.);
#12266=ORIENTED_EDGE('',*,*,#12265,.F.);
#12268=ORIENTED_EDGE('',*,*,#12267,.F.);
#12269=EDGE_LOOP('',(#12262,#12264,#12266,#12268));
#12270=FACE_OUTER_BOUND('',#12269,.F.);
#12271=ADVANCED_FACE('',(#12270),#12261,.T.);
#12272=CARTESIAN_POINT('',(-6.4E-1,-4.5E-2,8.E-2));
#12273=DIRECTION('',(1.E0,0.E0,0.E0));
#12274=DIRECTION('',(0.E0,0.E0,-1.E0));
#12275=AXIS2_PLACEMENT_3D('',#12272,#12273,#12274);
#12276=PLANE('',#12275);
#12277=ORIENTED_EDGE('',*,*,#7696,.F.);
#12279=ORIENTED_EDGE('',*,*,#12278,.F.);
#12281=ORIENTED_EDGE('',*,*,#12280,.F.);
#12283=ORIENTED_EDGE('',*,*,#12282,.F.);
#12284=EDGE_LOOP('',(#12277,#12279,#12281,#12283));
#12285=FACE_OUTER_BOUND('',#12284,.F.);
#12286=ADVANCED_FACE('',(#12285),#12276,.T.);
#12287=CARTESIAN_POINT('',(-6.4E-1,-4.5E-2,8.E-2));
#12288=DIRECTION('',(1.E0,0.E0,0.E0));
#12289=DIRECTION('',(0.E0,0.E0,-1.E0));
#12290=AXIS2_PLACEMENT_3D('',#12287,#12288,#12289);
#12291=PLANE('',#12290);
#12292=ORIENTED_EDGE('',*,*,#7706,.F.);
#12294=ORIENTED_EDGE('',*,*,#12293,.F.);
#12296=ORIENTED_EDGE('',*,*,#12295,.F.);
#12298=ORIENTED_EDGE('',*,*,#12297,.F.);
#12299=EDGE_LOOP('',(#12292,#12294,#12296,#12298));
#12300=FACE_OUTER_BOUND('',#12299,.F.);
#12301=ADVANCED_FACE('',(#12300),#12291,.T.);
#12302=CARTESIAN_POINT('',(-6.6E-1,-1.52E-1,4.E-2));
#12303=DIRECTION('',(0.E0,0.E0,-1.E0));
#12304=DIRECTION('',(0.E0,1.E0,0.E0));
#12305=AXIS2_PLACEMENT_3D('',#12302,#12303,#12304);
#12306=PLANE('',#12305);
#12307=ORIENTED_EDGE('',*,*,#6846,.F.);
#12308=ORIENTED_EDGE('',*,*,#12179,.F.);
#12310=ORIENTED_EDGE('',*,*,#12309,.T.);
#12311=ORIENTED_EDGE('',*,*,#12249,.T.);
#12312=EDGE_LOOP('',(#12307,#12308,#12310,#12311));
#12313=FACE_OUTER_BOUND('',#12312,.F.);
#12314=ADVANCED_FACE('',(#12313),#12306,.T.);
#12315=CARTESIAN_POINT('',(-6.6E-1,-1.52E-1,6.E-2));
#12316=DIRECTION('',(0.E0,-1.E0,0.E0));
#12317=DIRECTION('',(0.E0,0.E0,-1.E0));
#12318=AXIS2_PLACEMENT_3D('',#12315,#12316,#12317);
#12319=PLANE('',#12318);
#12320=ORIENTED_EDGE('',*,*,#12177,.F.);
#12321=ORIENTED_EDGE('',*,*,#12237,.T.);
#12322=ORIENTED_EDGE('',*,*,#12251,.T.);
#12323=ORIENTED_EDGE('',*,*,#12309,.F.);
#12324=EDGE_LOOP('',(#12320,#12321,#12322,#12323));
#12325=FACE_OUTER_BOUND('',#12324,.F.);
#12326=ADVANCED_FACE('',(#12325),#12319,.T.);
#12327=CARTESIAN_POINT('',(-6.6E-1,-1.52E-1,-6.E-2));
#12328=DIRECTION('',(0.E0,0.E0,-1.E0));
#12329=DIRECTION('',(0.E0,1.E0,0.E0));
#12330=AXIS2_PLACEMENT_3D('',#12327,#12328,#12329);
#12331=PLANE('',#12330);
#12332=ORIENTED_EDGE('',*,*,#6856,.F.);
#12333=ORIENTED_EDGE('',*,*,#12194,.F.);
#12335=ORIENTED_EDGE('',*,*,#12334,.T.);
#12336=ORIENTED_EDGE('',*,*,#12263,.T.);
#12337=EDGE_LOOP('',(#12332,#12333,#12335,#12336));
#12338=FACE_OUTER_BOUND('',#12337,.F.);
#12339=ADVANCED_FACE('',(#12338),#12331,.T.);
#12340=CARTESIAN_POINT('',(-6.6E-1,-1.52E-1,-4.E-2));
#12341=DIRECTION('',(0.E0,-1.E0,0.E0));
#12342=DIRECTION('',(0.E0,0.E0,-1.E0));
#12343=AXIS2_PLACEMENT_3D('',#12340,#12341,#12342);
#12344=PLANE('',#12343);
#12345=ORIENTED_EDGE('',*,*,#12192,.F.);
#12347=ORIENTED_EDGE('',*,*,#12346,.T.);
#12348=ORIENTED_EDGE('',*,*,#12265,.T.);
#12349=ORIENTED_EDGE('',*,*,#12334,.F.);
#12350=EDGE_LOOP('',(#12345,#12347,#12348,#12349));
#12351=FACE_OUTER_BOUND('',#12350,.F.);
#12352=ADVANCED_FACE('',(#12351),#12344,.T.);
#12353=CARTESIAN_POINT('',(-6.6E-1,-4.5E-2,-4.E-2));
#12354=DIRECTION('',(0.E0,0.E0,1.E0));
#12355=DIRECTION('',(0.E0,-1.E0,0.E0));
#12356=AXIS2_PLACEMENT_3D('',#12353,#12354,#12355);
#12357=PLANE('',#12356);
#12358=ORIENTED_EDGE('',*,*,#6860,.T.);
#12359=ORIENTED_EDGE('',*,*,#12267,.T.);
#12360=ORIENTED_EDGE('',*,*,#12346,.F.);
#12361=ORIENTED_EDGE('',*,*,#12190,.F.);
#12362=EDGE_LOOP('',(#12358,#12359,#12360,#12361));
#12363=FACE_OUTER_BOUND('',#12362,.F.);
#12364=ADVANCED_FACE('',(#12363),#12357,.T.);
#12365=CARTESIAN_POINT('',(-6.6E-1,2.85E-1,6.E-2));
#12366=DIRECTION('',(0.E0,0.E0,1.E0));
#12367=DIRECTION('',(0.E0,-1.E0,0.E0));
#12368=AXIS2_PLACEMENT_3D('',#12365,#12366,#12367);
#12369=PLANE('',#12368);
#12370=ORIENTED_EDGE('',*,*,#7694,.F.);
#12371=ORIENTED_EDGE('',*,*,#12209,.F.);
#12373=ORIENTED_EDGE('',*,*,#12372,.T.);
#12374=ORIENTED_EDGE('',*,*,#12278,.T.);
#12375=EDGE_LOOP('',(#12370,#12371,#12373,#12374));
#12376=FACE_OUTER_BOUND('',#12375,.F.);
#12377=ADVANCED_FACE('',(#12376),#12369,.T.);
#12378=CARTESIAN_POINT('',(-6.6E-1,2.85E-1,4.E-2));
#12379=DIRECTION('',(0.E0,1.E0,0.E0));
#12380=DIRECTION('',(0.E0,0.E0,1.E0));
#12381=AXIS2_PLACEMENT_3D('',#12378,#12379,#12380);
#12382=PLANE('',#12381);
#12383=ORIENTED_EDGE('',*,*,#12207,.F.);
#12385=ORIENTED_EDGE('',*,*,#12384,.T.);
#12386=ORIENTED_EDGE('',*,*,#12280,.T.);
#12387=ORIENTED_EDGE('',*,*,#12372,.F.);
#12388=EDGE_LOOP('',(#12383,#12385,#12386,#12387));
#12389=FACE_OUTER_BOUND('',#12388,.F.);
#12390=ADVANCED_FACE('',(#12389),#12382,.T.);
#12391=CARTESIAN_POINT('',(-6.6E-1,4.5E-2,4.E-2));
#12392=DIRECTION('',(0.E0,0.E0,-1.E0));
#12393=DIRECTION('',(0.E0,1.E0,0.E0));
#12394=AXIS2_PLACEMENT_3D('',#12391,#12392,#12393);
#12395=PLANE('',#12394);
#12396=ORIENTED_EDGE('',*,*,#7698,.T.);
#12397=ORIENTED_EDGE('',*,*,#12282,.T.);
#12398=ORIENTED_EDGE('',*,*,#12384,.F.);
#12399=ORIENTED_EDGE('',*,*,#12205,.F.);
#12400=EDGE_LOOP('',(#12396,#12397,#12398,#12399));
#12401=FACE_OUTER_BOUND('',#12400,.F.);
#12402=ADVANCED_FACE('',(#12401),#12395,.T.);
#12403=CARTESIAN_POINT('',(-6.6E-1,2.85E-1,-4.E-2));
#12404=DIRECTION('',(0.E0,0.E0,1.E0));
#12405=DIRECTION('',(0.E0,-1.E0,0.E0));
#12406=AXIS2_PLACEMENT_3D('',#12403,#12404,#12405);
#12407=PLANE('',#12406);
#12408=ORIENTED_EDGE('',*,*,#7704,.F.);
#12409=ORIENTED_EDGE('',*,*,#12224,.F.);
#12411=ORIENTED_EDGE('',*,*,#12410,.T.);
#12412=ORIENTED_EDGE('',*,*,#12293,.T.);
#12413=EDGE_LOOP('',(#12408,#12409,#12411,#12412));
#12414=FACE_OUTER_BOUND('',#12413,.F.);
#12415=ADVANCED_FACE('',(#12414),#12407,.T.);
#12416=CARTESIAN_POINT('',(-6.6E-1,2.85E-1,-6.E-2));
#12417=DIRECTION('',(0.E0,1.E0,0.E0));
#12418=DIRECTION('',(0.E0,0.E0,1.E0));
#12419=AXIS2_PLACEMENT_3D('',#12416,#12417,#12418);
#12420=PLANE('',#12419);
#12421=ORIENTED_EDGE('',*,*,#12222,.F.);
#12423=ORIENTED_EDGE('',*,*,#12422,.T.);
#12424=ORIENTED_EDGE('',*,*,#12295,.T.);
#12425=ORIENTED_EDGE('',*,*,#12410,.F.);
#12426=EDGE_LOOP('',(#12421,#12423,#12424,#12425));
#12427=FACE_OUTER_BOUND('',#12426,.F.);
#12428=ADVANCED_FACE('',(#12427),#12420,.T.);
#12429=CARTESIAN_POINT('',(-6.6E-1,4.5E-2,-6.E-2));
#12430=DIRECTION('',(0.E0,0.E0,-1.E0));
#12431=DIRECTION('',(0.E0,1.E0,0.E0));
#12432=AXIS2_PLACEMENT_3D('',#12429,#12430,#12431);
#12433=PLANE('',#12432);
#12434=ORIENTED_EDGE('',*,*,#7708,.T.);
#12435=ORIENTED_EDGE('',*,*,#12297,.T.);
#12436=ORIENTED_EDGE('',*,*,#12422,.F.);
#12437=ORIENTED_EDGE('',*,*,#12220,.F.);
#12438=EDGE_LOOP('',(#12434,#12435,#12436,#12437));
#12439=FACE_OUTER_BOUND('',#12438,.F.);
#12440=ADVANCED_FACE('',(#12439),#12433,.T.);
#12441=CARTESIAN_POINT('',(-7.6E-1,-4.5E-2,8.E-2));
#12442=DIRECTION('',(1.E0,0.E0,0.E0));
#12443=DIRECTION('',(0.E0,0.E0,-1.E0));
#12444=AXIS2_PLACEMENT_3D('',#12441,#12442,#12443);
#12445=PLANE('',#12444);
#12446=ORIENTED_EDGE('',*,*,#6808,.F.);
#12448=ORIENTED_EDGE('',*,*,#12447,.T.);
#12450=ORIENTED_EDGE('',*,*,#12449,.T.);
#12452=ORIENTED_EDGE('',*,*,#12451,.T.);
#12453=EDGE_LOOP('',(#12446,#12448,#12450,#12452));
#12454=FACE_OUTER_BOUND('',#12453,.F.);
#12455=ADVANCED_FACE('',(#12454),#12445,.F.);
#12456=CARTESIAN_POINT('',(-7.6E-1,-4.5E-2,8.E-2));
#12457=DIRECTION('',(1.E0,0.E0,0.E0));
#12458=DIRECTION('',(0.E0,0.E0,-1.E0));
#12459=AXIS2_PLACEMENT_3D('',#12456,#12457,#12458);
#12460=PLANE('',#12459);
#12461=ORIENTED_EDGE('',*,*,#6818,.F.);
#12463=ORIENTED_EDGE('',*,*,#12462,.T.);
#12465=ORIENTED_EDGE('',*,*,#12464,.T.);
#12467=ORIENTED_EDGE('',*,*,#12466,.T.);
#12468=EDGE_LOOP('',(#12461,#12463,#12465,#12467));
#12469=FACE_OUTER_BOUND('',#12468,.F.);
#12470=ADVANCED_FACE('',(#12469),#12460,.F.);
#12471=CARTESIAN_POINT('',(-7.6E-1,-4.5E-2,8.E-2));
#12472=DIRECTION('',(1.E0,0.E0,0.E0));
#12473=DIRECTION('',(0.E0,0.E0,-1.E0));
#12474=AXIS2_PLACEMENT_3D('',#12471,#12472,#12473);
#12475=PLANE('',#12474);
#12476=ORIENTED_EDGE('',*,*,#7656,.T.);
#12478=ORIENTED_EDGE('',*,*,#12477,.T.);
#12480=ORIENTED_EDGE('',*,*,#12479,.T.);
#12482=ORIENTED_EDGE('',*,*,#12481,.T.);
#12483=EDGE_LOOP('',(#12476,#12478,#12480,#12482));
#12484=FACE_OUTER_BOUND('',#12483,.F.);
#12485=ADVANCED_FACE('',(#12484),#12475,.F.);
#12486=CARTESIAN_POINT('',(-7.6E-1,-4.5E-2,8.E-2));
#12487=DIRECTION('',(1.E0,0.E0,0.E0));
#12488=DIRECTION('',(0.E0,0.E0,-1.E0));
#12489=AXIS2_PLACEMENT_3D('',#12486,#12487,#12488);
#12490=PLANE('',#12489);
#12491=ORIENTED_EDGE('',*,*,#7666,.T.);
#12493=ORIENTED_EDGE('',*,*,#12492,.T.);
#12495=ORIENTED_EDGE('',*,*,#12494,.T.);
#12497=ORIENTED_EDGE('',*,*,#12496,.T.);
#12498=EDGE_LOOP('',(#12491,#12493,#12495,#12497));
#12499=FACE_OUTER_BOUND('',#12498,.F.);
#12500=ADVANCED_FACE('',(#12499),#12490,.F.);
#12501=CARTESIAN_POINT('',(-7.6E-1,-4.5E-2,6.E-2));
#12502=DIRECTION('',(0.E0,0.E0,1.E0));
#12503=DIRECTION('',(0.E0,-1.E0,0.E0));
#12504=AXIS2_PLACEMENT_3D('',#12501,#12502,#12503);
#12505=PLANE('',#12504);
#12506=ORIENTED_EDGE('',*,*,#6814,.T.);
#12508=ORIENTED_EDGE('',*,*,#12507,.T.);
#12510=ORIENTED_EDGE('',*,*,#12509,.F.);
#12511=ORIENTED_EDGE('',*,*,#12447,.F.);
#12512=EDGE_LOOP('',(#12506,#12508,#12510,#12511));
#12513=FACE_OUTER_BOUND('',#12512,.F.);
#12514=ADVANCED_FACE('',(#12513),#12505,.T.);
#12515=CARTESIAN_POINT('',(-7.4E-1,-4.5E-2,8.E-2));
#12516=DIRECTION('',(1.E0,0.E0,0.E0));
#12517=DIRECTION('',(0.E0,0.E0,-1.E0));
#12518=AXIS2_PLACEMENT_3D('',#12515,#12516,#12517);
#12519=PLANE('',#12518);
#12520=ORIENTED_EDGE('',*,*,#6812,.T.);
#12522=ORIENTED_EDGE('',*,*,#12521,.F.);
#12524=ORIENTED_EDGE('',*,*,#12523,.F.);
#12525=ORIENTED_EDGE('',*,*,#12507,.F.);
#12526=EDGE_LOOP('',(#12520,#12522,#12524,#12525));
#12527=FACE_OUTER_BOUND('',#12526,.F.);
#12528=ADVANCED_FACE('',(#12527),#12519,.T.);
#12529=CARTESIAN_POINT('',(-7.4E-1,-4.5E-2,8.E-2));
#12530=DIRECTION('',(1.E0,0.E0,0.E0));
#12531=DIRECTION('',(0.E0,0.E0,-1.E0));
#12532=AXIS2_PLACEMENT_3D('',#12529,#12530,#12531);
#12533=PLANE('',#12532);
#12534=ORIENTED_EDGE('',*,*,#6822,.T.);
#12536=ORIENTED_EDGE('',*,*,#12535,.F.);
#12538=ORIENTED_EDGE('',*,*,#12537,.F.);
#12540=ORIENTED_EDGE('',*,*,#12539,.F.);
#12541=EDGE_LOOP('',(#12534,#12536,#12538,#12540));
#12542=FACE_OUTER_BOUND('',#12541,.F.);
#12543=ADVANCED_FACE('',(#12542),#12533,.T.);
#12544=CARTESIAN_POINT('',(-7.4E-1,-4.5E-2,8.E-2));
#12545=DIRECTION('',(1.E0,0.E0,0.E0));
#12546=DIRECTION('',(0.E0,0.E0,-1.E0));
#12547=AXIS2_PLACEMENT_3D('',#12544,#12545,#12546);
#12548=PLANE('',#12547);
#12549=ORIENTED_EDGE('',*,*,#7660,.F.);
#12551=ORIENTED_EDGE('',*,*,#12550,.F.);
#12553=ORIENTED_EDGE('',*,*,#12552,.F.);
#12555=ORIENTED_EDGE('',*,*,#12554,.F.);
#12556=EDGE_LOOP('',(#12549,#12551,#12553,#12555));
#12557=FACE_OUTER_BOUND('',#12556,.F.);
#12558=ADVANCED_FACE('',(#12557),#12548,.T.);
#12559=CARTESIAN_POINT('',(-7.4E-1,-4.5E-2,8.E-2));
#12560=DIRECTION('',(1.E0,0.E0,0.E0));
#12561=DIRECTION('',(0.E0,0.E0,-1.E0));
#12562=AXIS2_PLACEMENT_3D('',#12559,#12560,#12561);
#12563=PLANE('',#12562);
#12564=ORIENTED_EDGE('',*,*,#7670,.F.);
#12566=ORIENTED_EDGE('',*,*,#12565,.F.);
#12568=ORIENTED_EDGE('',*,*,#12567,.F.);
#12570=ORIENTED_EDGE('',*,*,#12569,.F.);
#12571=EDGE_LOOP('',(#12564,#12566,#12568,#12570));
#12572=FACE_OUTER_BOUND('',#12571,.F.);
#12573=ADVANCED_FACE('',(#12572),#12563,.T.);
#12574=CARTESIAN_POINT('',(-7.6E-1,-1.52E-1,4.E-2));
#12575=DIRECTION('',(0.E0,0.E0,-1.E0));
#12576=DIRECTION('',(0.E0,1.E0,0.E0));
#12577=AXIS2_PLACEMENT_3D('',#12574,#12575,#12576);
#12578=PLANE('',#12577);
#12579=ORIENTED_EDGE('',*,*,#6810,.F.);
#12580=ORIENTED_EDGE('',*,*,#12451,.F.);
#12582=ORIENTED_EDGE('',*,*,#12581,.T.);
#12583=ORIENTED_EDGE('',*,*,#12521,.T.);
#12584=EDGE_LOOP('',(#12579,#12580,#12582,#12583));
#12585=FACE_OUTER_BOUND('',#12584,.F.);
#12586=ADVANCED_FACE('',(#12585),#12578,.T.);
#12587=CARTESIAN_POINT('',(-7.6E-1,-1.52E-1,6.E-2));
#12588=DIRECTION('',(0.E0,-1.E0,0.E0));
#12589=DIRECTION('',(0.E0,0.E0,-1.E0));
#12590=AXIS2_PLACEMENT_3D('',#12587,#12588,#12589);
#12591=PLANE('',#12590);
#12592=ORIENTED_EDGE('',*,*,#12449,.F.);
#12593=ORIENTED_EDGE('',*,*,#12509,.T.);
#12594=ORIENTED_EDGE('',*,*,#12523,.T.);
#12595=ORIENTED_EDGE('',*,*,#12581,.F.);
#12596=EDGE_LOOP('',(#12592,#12593,#12594,#12595));
#12597=FACE_OUTER_BOUND('',#12596,.F.);
#12598=ADVANCED_FACE('',(#12597),#12591,.T.);
#12599=CARTESIAN_POINT('',(-7.6E-1,-1.52E-1,-6.E-2));
#12600=DIRECTION('',(0.E0,0.E0,-1.E0));
#12601=DIRECTION('',(0.E0,1.E0,0.E0));
#12602=AXIS2_PLACEMENT_3D('',#12599,#12600,#12601);
#12603=PLANE('',#12602);
#12604=ORIENTED_EDGE('',*,*,#6820,.F.);
#12605=ORIENTED_EDGE('',*,*,#12466,.F.);
#12607=ORIENTED_EDGE('',*,*,#12606,.T.);
#12608=ORIENTED_EDGE('',*,*,#12535,.T.);
#12609=EDGE_LOOP('',(#12604,#12605,#12607,#12608));
#12610=FACE_OUTER_BOUND('',#12609,.F.);
#12611=ADVANCED_FACE('',(#12610),#12603,.T.);
#12612=CARTESIAN_POINT('',(-7.6E-1,-1.52E-1,-4.E-2));
#12613=DIRECTION('',(0.E0,-1.E0,0.E0));
#12614=DIRECTION('',(0.E0,0.E0,-1.E0));
#12615=AXIS2_PLACEMENT_3D('',#12612,#12613,#12614);
#12616=PLANE('',#12615);
#12617=ORIENTED_EDGE('',*,*,#12464,.F.);
#12619=ORIENTED_EDGE('',*,*,#12618,.T.);
#12620=ORIENTED_EDGE('',*,*,#12537,.T.);
#12621=ORIENTED_EDGE('',*,*,#12606,.F.);
#12622=EDGE_LOOP('',(#12617,#12619,#12620,#12621));
#12623=FACE_OUTER_BOUND('',#12622,.F.);
#12624=ADVANCED_FACE('',(#12623),#12616,.T.);
#12625=CARTESIAN_POINT('',(-7.6E-1,-4.5E-2,-4.E-2));
#12626=DIRECTION('',(0.E0,0.E0,1.E0));
#12627=DIRECTION('',(0.E0,-1.E0,0.E0));
#12628=AXIS2_PLACEMENT_3D('',#12625,#12626,#12627);
#12629=PLANE('',#12628);
#12630=ORIENTED_EDGE('',*,*,#6824,.T.);
#12631=ORIENTED_EDGE('',*,*,#12539,.T.);
#12632=ORIENTED_EDGE('',*,*,#12618,.F.);
#12633=ORIENTED_EDGE('',*,*,#12462,.F.);
#12634=EDGE_LOOP('',(#12630,#12631,#12632,#12633));
#12635=FACE_OUTER_BOUND('',#12634,.F.);
#12636=ADVANCED_FACE('',(#12635),#12629,.T.);
#12637=CARTESIAN_POINT('',(-7.6E-1,2.85E-1,6.E-2));
#12638=DIRECTION('',(0.E0,0.E0,1.E0));
#12639=DIRECTION('',(0.E0,-1.E0,0.E0));
#12640=AXIS2_PLACEMENT_3D('',#12637,#12638,#12639);
#12641=PLANE('',#12640);
#12642=ORIENTED_EDGE('',*,*,#7658,.F.);
#12643=ORIENTED_EDGE('',*,*,#12481,.F.);
#12645=ORIENTED_EDGE('',*,*,#12644,.T.);
#12646=ORIENTED_EDGE('',*,*,#12550,.T.);
#12647=EDGE_LOOP('',(#12642,#12643,#12645,#12646));
#12648=FACE_OUTER_BOUND('',#12647,.F.);
#12649=ADVANCED_FACE('',(#12648),#12641,.T.);
#12650=CARTESIAN_POINT('',(-7.6E-1,2.85E-1,4.E-2));
#12651=DIRECTION('',(0.E0,1.E0,0.E0));
#12652=DIRECTION('',(0.E0,0.E0,1.E0));
#12653=AXIS2_PLACEMENT_3D('',#12650,#12651,#12652);
#12654=PLANE('',#12653);
#12655=ORIENTED_EDGE('',*,*,#12479,.F.);
#12657=ORIENTED_EDGE('',*,*,#12656,.T.);
#12658=ORIENTED_EDGE('',*,*,#12552,.T.);
#12659=ORIENTED_EDGE('',*,*,#12644,.F.);
#12660=EDGE_LOOP('',(#12655,#12657,#12658,#12659));
#12661=FACE_OUTER_BOUND('',#12660,.F.);
#12662=ADVANCED_FACE('',(#12661),#12654,.T.);
#12663=CARTESIAN_POINT('',(-7.6E-1,4.5E-2,4.E-2));
#12664=DIRECTION('',(0.E0,0.E0,-1.E0));
#12665=DIRECTION('',(0.E0,1.E0,0.E0));
#12666=AXIS2_PLACEMENT_3D('',#12663,#12664,#12665);
#12667=PLANE('',#12666);
#12668=ORIENTED_EDGE('',*,*,#7662,.T.);
#12669=ORIENTED_EDGE('',*,*,#12554,.T.);
#12670=ORIENTED_EDGE('',*,*,#12656,.F.);
#12671=ORIENTED_EDGE('',*,*,#12477,.F.);
#12672=EDGE_LOOP('',(#12668,#12669,#12670,#12671));
#12673=FACE_OUTER_BOUND('',#12672,.F.);
#12674=ADVANCED_FACE('',(#12673),#12667,.T.);
#12675=CARTESIAN_POINT('',(-7.6E-1,2.85E-1,-4.E-2));
#12676=DIRECTION('',(0.E0,0.E0,1.E0));
#12677=DIRECTION('',(0.E0,-1.E0,0.E0));
#12678=AXIS2_PLACEMENT_3D('',#12675,#12676,#12677);
#12679=PLANE('',#12678);
#12680=ORIENTED_EDGE('',*,*,#7668,.F.);
#12681=ORIENTED_EDGE('',*,*,#12496,.F.);
#12683=ORIENTED_EDGE('',*,*,#12682,.T.);
#12684=ORIENTED_EDGE('',*,*,#12565,.T.);
#12685=EDGE_LOOP('',(#12680,#12681,#12683,#12684));
#12686=FACE_OUTER_BOUND('',#12685,.F.);
#12687=ADVANCED_FACE('',(#12686),#12679,.T.);
#12688=CARTESIAN_POINT('',(-7.6E-1,2.85E-1,-6.E-2));
#12689=DIRECTION('',(0.E0,1.E0,0.E0));
#12690=DIRECTION('',(0.E0,0.E0,1.E0));
#12691=AXIS2_PLACEMENT_3D('',#12688,#12689,#12690);
#12692=PLANE('',#12691);
#12693=ORIENTED_EDGE('',*,*,#12494,.F.);
#12695=ORIENTED_EDGE('',*,*,#12694,.T.);
#12696=ORIENTED_EDGE('',*,*,#12567,.T.);
#12697=ORIENTED_EDGE('',*,*,#12682,.F.);
#12698=EDGE_LOOP('',(#12693,#12695,#12696,#12697));
#12699=FACE_OUTER_BOUND('',#12698,.F.);
#12700=ADVANCED_FACE('',(#12699),#12692,.T.);
#12701=CARTESIAN_POINT('',(-7.6E-1,4.5E-2,-6.E-2));
#12702=DIRECTION('',(0.E0,0.E0,-1.E0));
#12703=DIRECTION('',(0.E0,1.E0,0.E0));
#12704=AXIS2_PLACEMENT_3D('',#12701,#12702,#12703);
#12705=PLANE('',#12704);
#12706=ORIENTED_EDGE('',*,*,#7672,.T.);
#12707=ORIENTED_EDGE('',*,*,#12569,.T.);
#12708=ORIENTED_EDGE('',*,*,#12694,.F.);
#12709=ORIENTED_EDGE('',*,*,#12492,.F.);
#12710=EDGE_LOOP('',(#12706,#12707,#12708,#12709));
#12711=FACE_OUTER_BOUND('',#12710,.F.);
#12712=ADVANCED_FACE('',(#12711),#12705,.T.);
#12713=CARTESIAN_POINT('',(-8.6E-1,-4.5E-2,8.E-2));
#12714=DIRECTION('',(1.E0,0.E0,0.E0));
#12715=DIRECTION('',(0.E0,0.E0,-1.E0));
#12716=AXIS2_PLACEMENT_3D('',#12713,#12714,#12715);
#12717=PLANE('',#12716);
#12718=ORIENTED_EDGE('',*,*,#7420,.F.);
#12720=ORIENTED_EDGE('',*,*,#12719,.T.);
#12722=ORIENTED_EDGE('',*,*,#12721,.T.);
#12724=ORIENTED_EDGE('',*,*,#12723,.T.);
#12725=EDGE_LOOP('',(#12718,#12720,#12722,#12724));
#12726=FACE_OUTER_BOUND('',#12725,.F.);
#12727=ADVANCED_FACE('',(#12726),#12717,.F.);
#12728=CARTESIAN_POINT('',(-8.6E-1,-4.5E-2,8.E-2));
#12729=DIRECTION('',(1.E0,0.E0,0.E0));
#12730=DIRECTION('',(0.E0,0.E0,-1.E0));
#12731=AXIS2_PLACEMENT_3D('',#12728,#12729,#12730);
#12732=PLANE('',#12731);
#12733=ORIENTED_EDGE('',*,*,#7430,.F.);
#12735=ORIENTED_EDGE('',*,*,#12734,.T.);
#12737=ORIENTED_EDGE('',*,*,#12736,.T.);
#12739=ORIENTED_EDGE('',*,*,#12738,.T.);
#12740=EDGE_LOOP('',(#12733,#12735,#12737,#12739));
#12741=FACE_OUTER_BOUND('',#12740,.F.);
#12742=ADVANCED_FACE('',(#12741),#12732,.F.);
#12743=CARTESIAN_POINT('',(-8.6E-1,-4.5E-2,8.E-2));
#12744=DIRECTION('',(1.E0,0.E0,0.E0));
#12745=DIRECTION('',(0.E0,0.E0,-1.E0));
#12746=AXIS2_PLACEMENT_3D('',#12743,#12744,#12745);
#12747=PLANE('',#12746);
#12748=ORIENTED_EDGE('',*,*,#8264,.T.);
#12750=ORIENTED_EDGE('',*,*,#12749,.T.);
#12752=ORIENTED_EDGE('',*,*,#12751,.T.);
#12754=ORIENTED_EDGE('',*,*,#12753,.T.);
#12755=EDGE_LOOP('',(#12748,#12750,#12752,#12754));
#12756=FACE_OUTER_BOUND('',#12755,.F.);
#12757=ADVANCED_FACE('',(#12756),#12747,.F.);
#12758=CARTESIAN_POINT('',(-8.6E-1,-4.5E-2,8.E-2));
#12759=DIRECTION('',(1.E0,0.E0,0.E0));
#12760=DIRECTION('',(0.E0,0.E0,-1.E0));
#12761=AXIS2_PLACEMENT_3D('',#12758,#12759,#12760);
#12762=PLANE('',#12761);
#12763=ORIENTED_EDGE('',*,*,#8274,.T.);
#12765=ORIENTED_EDGE('',*,*,#12764,.T.);
#12767=ORIENTED_EDGE('',*,*,#12766,.T.);
#12769=ORIENTED_EDGE('',*,*,#12768,.T.);
#12770=EDGE_LOOP('',(#12763,#12765,#12767,#12769));
#12771=FACE_OUTER_BOUND('',#12770,.F.);
#12772=ADVANCED_FACE('',(#12771),#12762,.F.);
#12773=CARTESIAN_POINT('',(-8.6E-1,-4.5E-2,6.E-2));
#12774=DIRECTION('',(0.E0,0.E0,1.E0));
#12775=DIRECTION('',(0.E0,-1.E0,0.E0));
#12776=AXIS2_PLACEMENT_3D('',#12773,#12774,#12775);
#12777=PLANE('',#12776);
#12778=ORIENTED_EDGE('',*,*,#7426,.T.);
#12780=ORIENTED_EDGE('',*,*,#12779,.T.);
#12782=ORIENTED_EDGE('',*,*,#12781,.F.);
#12783=ORIENTED_EDGE('',*,*,#12719,.F.);
#12784=EDGE_LOOP('',(#12778,#12780,#12782,#12783));
#12785=FACE_OUTER_BOUND('',#12784,.F.);
#12786=ADVANCED_FACE('',(#12785),#12777,.T.);
#12787=CARTESIAN_POINT('',(-8.4E-1,-4.5E-2,8.E-2));
#12788=DIRECTION('',(1.E0,0.E0,0.E0));
#12789=DIRECTION('',(0.E0,0.E0,-1.E0));
#12790=AXIS2_PLACEMENT_3D('',#12787,#12788,#12789);
#12791=PLANE('',#12790);
#12792=ORIENTED_EDGE('',*,*,#7424,.T.);
#12794=ORIENTED_EDGE('',*,*,#12793,.F.);
#12796=ORIENTED_EDGE('',*,*,#12795,.F.);
#12797=ORIENTED_EDGE('',*,*,#12779,.F.);
#12798=EDGE_LOOP('',(#12792,#12794,#12796,#12797));
#12799=FACE_OUTER_BOUND('',#12798,.F.);
#12800=ADVANCED_FACE('',(#12799),#12791,.T.);
#12801=CARTESIAN_POINT('',(-8.4E-1,-4.5E-2,8.E-2));
#12802=DIRECTION('',(1.E0,0.E0,0.E0));
#12803=DIRECTION('',(0.E0,0.E0,-1.E0));
#12804=AXIS2_PLACEMENT_3D('',#12801,#12802,#12803);
#12805=PLANE('',#12804);
#12806=ORIENTED_EDGE('',*,*,#7434,.T.);
#12808=ORIENTED_EDGE('',*,*,#12807,.F.);
#12810=ORIENTED_EDGE('',*,*,#12809,.F.);
#12812=ORIENTED_EDGE('',*,*,#12811,.F.);
#12813=EDGE_LOOP('',(#12806,#12808,#12810,#12812));
#12814=FACE_OUTER_BOUND('',#12813,.F.);
#12815=ADVANCED_FACE('',(#12814),#12805,.T.);
#12816=CARTESIAN_POINT('',(-8.4E-1,-4.5E-2,8.E-2));
#12817=DIRECTION('',(1.E0,0.E0,0.E0));
#12818=DIRECTION('',(0.E0,0.E0,-1.E0));
#12819=AXIS2_PLACEMENT_3D('',#12816,#12817,#12818);
#12820=PLANE('',#12819);
#12821=ORIENTED_EDGE('',*,*,#8268,.F.);
#12823=ORIENTED_EDGE('',*,*,#12822,.F.);
#12825=ORIENTED_EDGE('',*,*,#12824,.F.);
#12827=ORIENTED_EDGE('',*,*,#12826,.F.);
#12828=EDGE_LOOP('',(#12821,#12823,#12825,#12827));
#12829=FACE_OUTER_BOUND('',#12828,.F.);
#12830=ADVANCED_FACE('',(#12829),#12820,.T.);
#12831=CARTESIAN_POINT('',(-8.4E-1,-4.5E-2,8.E-2));
#12832=DIRECTION('',(1.E0,0.E0,0.E0));
#12833=DIRECTION('',(0.E0,0.E0,-1.E0));
#12834=AXIS2_PLACEMENT_3D('',#12831,#12832,#12833);
#12835=PLANE('',#12834);
#12836=ORIENTED_EDGE('',*,*,#8278,.F.);
#12838=ORIENTED_EDGE('',*,*,#12837,.F.);
#12840=ORIENTED_EDGE('',*,*,#12839,.F.);
#12842=ORIENTED_EDGE('',*,*,#12841,.F.);
#12843=EDGE_LOOP('',(#12836,#12838,#12840,#12842));
#12844=FACE_OUTER_BOUND('',#12843,.F.);
#12845=ADVANCED_FACE('',(#12844),#12835,.T.);
#12846=CARTESIAN_POINT('',(-8.6E-1,-1.52E-1,4.E-2));
#12847=DIRECTION('',(0.E0,0.E0,-1.E0));
#12848=DIRECTION('',(0.E0,1.E0,0.E0));
#12849=AXIS2_PLACEMENT_3D('',#12846,#12847,#12848);
#12850=PLANE('',#12849);
#12851=ORIENTED_EDGE('',*,*,#7422,.F.);
#12852=ORIENTED_EDGE('',*,*,#12723,.F.);
#12854=ORIENTED_EDGE('',*,*,#12853,.T.);
#12855=ORIENTED_EDGE('',*,*,#12793,.T.);
#12856=EDGE_LOOP('',(#12851,#12852,#12854,#12855));
#12857=FACE_OUTER_BOUND('',#12856,.F.);
#12858=ADVANCED_FACE('',(#12857),#12850,.T.);
#12859=CARTESIAN_POINT('',(-8.6E-1,-1.52E-1,6.E-2));
#12860=DIRECTION('',(0.E0,-1.E0,0.E0));
#12861=DIRECTION('',(0.E0,0.E0,-1.E0));
#12862=AXIS2_PLACEMENT_3D('',#12859,#12860,#12861);
#12863=PLANE('',#12862);
#12864=ORIENTED_EDGE('',*,*,#12721,.F.);
#12865=ORIENTED_EDGE('',*,*,#12781,.T.);
#12866=ORIENTED_EDGE('',*,*,#12795,.T.);
#12867=ORIENTED_EDGE('',*,*,#12853,.F.);
#12868=EDGE_LOOP('',(#12864,#12865,#12866,#12867));
#12869=FACE_OUTER_BOUND('',#12868,.F.);
#12870=ADVANCED_FACE('',(#12869),#12863,.T.);
#12871=CARTESIAN_POINT('',(-8.6E-1,-1.52E-1,-6.E-2));
#12872=DIRECTION('',(0.E0,0.E0,-1.E0));
#12873=DIRECTION('',(0.E0,1.E0,0.E0));
#12874=AXIS2_PLACEMENT_3D('',#12871,#12872,#12873);
#12875=PLANE('',#12874);
#12876=ORIENTED_EDGE('',*,*,#7432,.F.);
#12877=ORIENTED_EDGE('',*,*,#12738,.F.);
#12879=ORIENTED_EDGE('',*,*,#12878,.T.);
#12880=ORIENTED_EDGE('',*,*,#12807,.T.);
#12881=EDGE_LOOP('',(#12876,#12877,#12879,#12880));
#12882=FACE_OUTER_BOUND('',#12881,.F.);
#12883=ADVANCED_FACE('',(#12882),#12875,.T.);
#12884=CARTESIAN_POINT('',(-8.6E-1,-1.52E-1,-4.E-2));
#12885=DIRECTION('',(0.E0,-1.E0,0.E0));
#12886=DIRECTION('',(0.E0,0.E0,-1.E0));
#12887=AXIS2_PLACEMENT_3D('',#12884,#12885,#12886);
#12888=PLANE('',#12887);
#12889=ORIENTED_EDGE('',*,*,#12736,.F.);
#12891=ORIENTED_EDGE('',*,*,#12890,.T.);
#12892=ORIENTED_EDGE('',*,*,#12809,.T.);
#12893=ORIENTED_EDGE('',*,*,#12878,.F.);
#12894=EDGE_LOOP('',(#12889,#12891,#12892,#12893));
#12895=FACE_OUTER_BOUND('',#12894,.F.);
#12896=ADVANCED_FACE('',(#12895),#12888,.T.);
#12897=CARTESIAN_POINT('',(-8.6E-1,-4.5E-2,-4.E-2));
#12898=DIRECTION('',(0.E0,0.E0,1.E0));
#12899=DIRECTION('',(0.E0,-1.E0,0.E0));
#12900=AXIS2_PLACEMENT_3D('',#12897,#12898,#12899);
#12901=PLANE('',#12900);
#12902=ORIENTED_EDGE('',*,*,#7436,.T.);
#12903=ORIENTED_EDGE('',*,*,#12811,.T.);
#12904=ORIENTED_EDGE('',*,*,#12890,.F.);
#12905=ORIENTED_EDGE('',*,*,#12734,.F.);
#12906=EDGE_LOOP('',(#12902,#12903,#12904,#12905));
#12907=FACE_OUTER_BOUND('',#12906,.F.);
#12908=ADVANCED_FACE('',(#12907),#12901,.T.);
#12909=CARTESIAN_POINT('',(-8.6E-1,2.85E-1,6.E-2));
#12910=DIRECTION('',(0.E0,0.E0,1.E0));
#12911=DIRECTION('',(0.E0,-1.E0,0.E0));
#12912=AXIS2_PLACEMENT_3D('',#12909,#12910,#12911);
#12913=PLANE('',#12912);
#12914=ORIENTED_EDGE('',*,*,#8266,.F.);
#12915=ORIENTED_EDGE('',*,*,#12753,.F.);
#12917=ORIENTED_EDGE('',*,*,#12916,.T.);
#12918=ORIENTED_EDGE('',*,*,#12822,.T.);
#12919=EDGE_LOOP('',(#12914,#12915,#12917,#12918));
#12920=FACE_OUTER_BOUND('',#12919,.F.);
#12921=ADVANCED_FACE('',(#12920),#12913,.T.);
#12922=CARTESIAN_POINT('',(-8.6E-1,2.85E-1,4.E-2));
#12923=DIRECTION('',(0.E0,1.E0,0.E0));
#12924=DIRECTION('',(0.E0,0.E0,1.E0));
#12925=AXIS2_PLACEMENT_3D('',#12922,#12923,#12924);
#12926=PLANE('',#12925);
#12927=ORIENTED_EDGE('',*,*,#12751,.F.);
#12929=ORIENTED_EDGE('',*,*,#12928,.T.);
#12930=ORIENTED_EDGE('',*,*,#12824,.T.);
#12931=ORIENTED_EDGE('',*,*,#12916,.F.);
#12932=EDGE_LOOP('',(#12927,#12929,#12930,#12931));
#12933=FACE_OUTER_BOUND('',#12932,.F.);
#12934=ADVANCED_FACE('',(#12933),#12926,.T.);
#12935=CARTESIAN_POINT('',(-8.6E-1,4.5E-2,4.E-2));
#12936=DIRECTION('',(0.E0,0.E0,-1.E0));
#12937=DIRECTION('',(0.E0,1.E0,0.E0));
#12938=AXIS2_PLACEMENT_3D('',#12935,#12936,#12937);
#12939=PLANE('',#12938);
#12940=ORIENTED_EDGE('',*,*,#8270,.T.);
#12941=ORIENTED_EDGE('',*,*,#12826,.T.);
#12942=ORIENTED_EDGE('',*,*,#12928,.F.);
#12943=ORIENTED_EDGE('',*,*,#12749,.F.);
#12944=EDGE_LOOP('',(#12940,#12941,#12942,#12943));
#12945=FACE_OUTER_BOUND('',#12944,.F.);
#12946=ADVANCED_FACE('',(#12945),#12939,.T.);
#12947=CARTESIAN_POINT('',(-8.6E-1,2.85E-1,-4.E-2));
#12948=DIRECTION('',(0.E0,0.E0,1.E0));
#12949=DIRECTION('',(0.E0,-1.E0,0.E0));
#12950=AXIS2_PLACEMENT_3D('',#12947,#12948,#12949);
#12951=PLANE('',#12950);
#12952=ORIENTED_EDGE('',*,*,#8276,.F.);
#12953=ORIENTED_EDGE('',*,*,#12768,.F.);
#12955=ORIENTED_EDGE('',*,*,#12954,.T.);
#12956=ORIENTED_EDGE('',*,*,#12837,.T.);
#12957=EDGE_LOOP('',(#12952,#12953,#12955,#12956));
#12958=FACE_OUTER_BOUND('',#12957,.F.);
#12959=ADVANCED_FACE('',(#12958),#12951,.T.);
#12960=CARTESIAN_POINT('',(-8.6E-1,2.85E-1,-6.E-2));
#12961=DIRECTION('',(0.E0,1.E0,0.E0));
#12962=DIRECTION('',(0.E0,0.E0,1.E0));
#12963=AXIS2_PLACEMENT_3D('',#12960,#12961,#12962);
#12964=PLANE('',#12963);
#12965=ORIENTED_EDGE('',*,*,#12766,.F.);
#12967=ORIENTED_EDGE('',*,*,#12966,.T.);
#12968=ORIENTED_EDGE('',*,*,#12839,.T.);
#12969=ORIENTED_EDGE('',*,*,#12954,.F.);
#12970=EDGE_LOOP('',(#12965,#12967,#12968,#12969));
#12971=FACE_OUTER_BOUND('',#12970,.F.);
#12972=ADVANCED_FACE('',(#12971),#12964,.T.);
#12973=CARTESIAN_POINT('',(-8.6E-1,4.5E-2,-6.E-2));
#12974=DIRECTION('',(0.E0,0.E0,-1.E0));
#12975=DIRECTION('',(0.E0,1.E0,0.E0));
#12976=AXIS2_PLACEMENT_3D('',#12973,#12974,#12975);
#12977=PLANE('',#12976);
#12978=ORIENTED_EDGE('',*,*,#8280,.T.);
#12979=ORIENTED_EDGE('',*,*,#12841,.T.);
#12980=ORIENTED_EDGE('',*,*,#12966,.F.);
#12981=ORIENTED_EDGE('',*,*,#12764,.F.);
#12982=EDGE_LOOP('',(#12978,#12979,#12980,#12981));
#12983=FACE_OUTER_BOUND('',#12982,.F.);
#12984=ADVANCED_FACE('',(#12983),#12977,.T.);
#12985=CARTESIAN_POINT('',(-7.175E-1,4.5E-2,1.E-1));
#12986=DIRECTION('',(-8.660254037844E-1,-5.E-1,0.E0));
#12987=DIRECTION('',(5.E-1,-8.660254037844E-1,0.E0));
#12988=AXIS2_PLACEMENT_3D('',#12985,#12986,#12987);
#12989=PLANE('',#12988);
#12990=ORIENTED_EDGE('',*,*,#7646,.F.);
#12992=ORIENTED_EDGE('',*,*,#12991,.T.);
#12994=ORIENTED_EDGE('',*,*,#12993,.F.);
#12996=ORIENTED_EDGE('',*,*,#12995,.T.);
#12997=EDGE_LOOP('',(#12990,#12992,#12994,#12996));
#12998=FACE_OUTER_BOUND('',#12997,.F.);
#12999=ADVANCED_FACE('',(#12998),#12989,.F.);
#13000=CARTESIAN_POINT('',(-7.175E-1,4.5E-2,-1.E-1));
#13001=DIRECTION('',(-8.660254037844E-1,0.E0,5.E-1));
#13002=DIRECTION('',(5.E-1,0.E0,8.660254037844E-1));
#13003=AXIS2_PLACEMENT_3D('',#13000,#13001,#13002);
#13004=PLANE('',#13003);
#13005=ORIENTED_EDGE('',*,*,#12991,.F.);
#13007=ORIENTED_EDGE('',*,*,#13006,.F.);
#13009=ORIENTED_EDGE('',*,*,#13008,.T.);
#13011=ORIENTED_EDGE('',*,*,#13010,.F.);
#13012=EDGE_LOOP('',(#13005,#13007,#13009,#13011));
#13013=FACE_OUTER_BOUND('',#13012,.F.);
#13014=ADVANCED_FACE('',(#13013),#13004,.F.);
#13015=CARTESIAN_POINT('',(8.875E-1,-4.5E-2,-1.E-1));
#13016=DIRECTION('',(0.E0,0.E0,-1.E0));
#13017=DIRECTION('',(-1.E0,0.E0,0.E0));
#13018=AXIS2_PLACEMENT_3D('',#13015,#13016,#13017);
#13019=PLANE('',#13018);
#13020=ORIENTED_EDGE('',*,*,#13006,.T.);
#13021=ORIENTED_EDGE('',*,*,#7652,.T.);
#13023=ORIENTED_EDGE('',*,*,#13022,.F.);
#13024=ORIENTED_EDGE('',*,*,#6800,.F.);
#13025=EDGE_LOOP('',(#13020,#13021,#13023,#13024));
#13026=FACE_OUTER_BOUND('',#13025,.F.);
#13027=ADVANCED_FACE('',(#13026),#13019,.T.);
#13028=CARTESIAN_POINT('',(8.875E-1,-4.5E-2,-1.E-1));
#13029=DIRECTION('',(0.E0,0.E0,-1.E0));
#13030=DIRECTION('',(-1.E0,0.E0,0.E0));
#13031=AXIS2_PLACEMENT_3D('',#13028,#13029,#13030);
#13032=PLANE('',#13031);
#13034=ORIENTED_EDGE('',*,*,#13033,.T.);
#13035=ORIENTED_EDGE('',*,*,#7688,.T.);
#13037=ORIENTED_EDGE('',*,*,#13036,.F.);
#13038=ORIENTED_EDGE('',*,*,#6836,.F.);
#13039=EDGE_LOOP('',(#13034,#13035,#13037,#13038));
#13040=FACE_OUTER_BOUND('',#13039,.F.);
#13041=ADVANCED_FACE('',(#13040),#13032,.T.);
#13042=CARTESIAN_POINT('',(8.875E-1,-4.5E-2,-1.E-1));
#13043=DIRECTION('',(0.E0,0.E0,-1.E0));
#13044=DIRECTION('',(-1.E0,0.E0,0.E0));
#13045=AXIS2_PLACEMENT_3D('',#13042,#13043,#13044);
#13046=PLANE('',#13045);
#13048=ORIENTED_EDGE('',*,*,#13047,.T.);
#13049=ORIENTED_EDGE('',*,*,#7724,.T.);
#13051=ORIENTED_EDGE('',*,*,#13050,.F.);
#13052=ORIENTED_EDGE('',*,*,#6872,.F.);
#13053=EDGE_LOOP('',(#13048,#13049,#13051,#13052));
#13054=FACE_OUTER_BOUND('',#13053,.F.);
#13055=ADVANCED_FACE('',(#13054),#13046,.T.);
#13056=CARTESIAN_POINT('',(8.875E-1,-4.5E-2,-1.E-1));
#13057=DIRECTION('',(0.E0,0.E0,-1.E0));
#13058=DIRECTION('',(-1.E0,0.E0,0.E0));
#13059=AXIS2_PLACEMENT_3D('',#13056,#13057,#13058);
#13060=PLANE('',#13059);
#13062=ORIENTED_EDGE('',*,*,#13061,.T.);
#13063=ORIENTED_EDGE('',*,*,#7760,.T.);
#13065=ORIENTED_EDGE('',*,*,#13064,.F.);
#13066=ORIENTED_EDGE('',*,*,#6908,.F.);
#13067=EDGE_LOOP('',(#13062,#13063,#13065,#13066));
#13068=FACE_OUTER_BOUND('',#13067,.F.);
#13069=ADVANCED_FACE('',(#13068),#13060,.T.);
#13070=CARTESIAN_POINT('',(8.875E-1,-4.5E-2,-1.E-1));
#13071=DIRECTION('',(0.E0,0.E0,-1.E0));
#13072=DIRECTION('',(-1.E0,0.E0,0.E0));
#13073=AXIS2_PLACEMENT_3D('',#13070,#13071,#13072);
#13074=PLANE('',#13073);
#13076=ORIENTED_EDGE('',*,*,#13075,.T.);
#13077=ORIENTED_EDGE('',*,*,#7796,.T.);
#13079=ORIENTED_EDGE('',*,*,#13078,.F.);
#13080=ORIENTED_EDGE('',*,*,#6944,.F.);
#13081=EDGE_LOOP('',(#13076,#13077,#13079,#13080));
#13082=FACE_OUTER_BOUND('',#13081,.F.);
#13083=ADVANCED_FACE('',(#13082),#13074,.T.);
#13084=CARTESIAN_POINT('',(8.875E-1,-4.5E-2,-1.E-1));
#13085=DIRECTION('',(0.E0,0.E0,-1.E0));
#13086=DIRECTION('',(-1.E0,0.E0,0.E0));
#13087=AXIS2_PLACEMENT_3D('',#13084,#13085,#13086);
#13088=PLANE('',#13087);
#13090=ORIENTED_EDGE('',*,*,#13089,.T.);
#13091=ORIENTED_EDGE('',*,*,#7832,.T.);
#13093=ORIENTED_EDGE('',*,*,#13092,.F.);
#13094=ORIENTED_EDGE('',*,*,#6980,.F.);
#13095=EDGE_LOOP('',(#13090,#13091,#13093,#13094));
#13096=FACE_OUTER_BOUND('',#13095,.F.);
#13097=ADVANCED_FACE('',(#13096),#13088,.T.);
#13098=CARTESIAN_POINT('',(8.875E-1,-4.5E-2,-1.E-1));
#13099=DIRECTION('',(0.E0,0.E0,-1.E0));
#13100=DIRECTION('',(-1.E0,0.E0,0.E0));
#13101=AXIS2_PLACEMENT_3D('',#13098,#13099,#13100);
#13102=PLANE('',#13101);
#13104=ORIENTED_EDGE('',*,*,#13103,.T.);
#13105=ORIENTED_EDGE('',*,*,#7868,.T.);
#13107=ORIENTED_EDGE('',*,*,#13106,.F.);
#13108=ORIENTED_EDGE('',*,*,#7016,.F.);
#13109=EDGE_LOOP('',(#13104,#13105,#13107,#13108));
#13110=FACE_OUTER_BOUND('',#13109,.F.);
#13111=ADVANCED_FACE('',(#13110),#13102,.T.);
#13112=CARTESIAN_POINT('',(8.875E-1,-4.5E-2,-1.E-1));
#13113=DIRECTION('',(0.E0,0.E0,-1.E0));
#13114=DIRECTION('',(-1.E0,0.E0,0.E0));
#13115=AXIS2_PLACEMENT_3D('',#13112,#13113,#13114);
#13116=PLANE('',#13115);
#13118=ORIENTED_EDGE('',*,*,#13117,.T.);
#13119=ORIENTED_EDGE('',*,*,#7904,.T.);
#13121=ORIENTED_EDGE('',*,*,#13120,.F.);
#13122=ORIENTED_EDGE('',*,*,#7052,.F.);
#13123=EDGE_LOOP('',(#13118,#13119,#13121,#13122));
#13124=FACE_OUTER_BOUND('',#13123,.F.);
#13125=ADVANCED_FACE('',(#13124),#13116,.T.);
#13126=CARTESIAN_POINT('',(8.875E-1,-4.5E-2,-1.E-1));
#13127=DIRECTION('',(0.E0,0.E0,-1.E0));
#13128=DIRECTION('',(-1.E0,0.E0,0.E0));
#13129=AXIS2_PLACEMENT_3D('',#13126,#13127,#13128);
#13130=PLANE('',#13129);
#13132=ORIENTED_EDGE('',*,*,#13131,.T.);
#13133=ORIENTED_EDGE('',*,*,#7940,.T.);
#13135=ORIENTED_EDGE('',*,*,#13134,.F.);
#13136=ORIENTED_EDGE('',*,*,#7088,.F.);
#13137=EDGE_LOOP('',(#13132,#13133,#13135,#13136));
#13138=FACE_OUTER_BOUND('',#13137,.F.);
#13139=ADVANCED_FACE('',(#13138),#13130,.T.);
#13140=CARTESIAN_POINT('',(8.875E-1,-4.5E-2,-1.E-1));
#13141=DIRECTION('',(0.E0,0.E0,-1.E0));
#13142=DIRECTION('',(-1.E0,0.E0,0.E0));
#13143=AXIS2_PLACEMENT_3D('',#13140,#13141,#13142);
#13144=PLANE('',#13143);
#13146=ORIENTED_EDGE('',*,*,#13145,.T.);
#13147=ORIENTED_EDGE('',*,*,#7976,.T.);
#13149=ORIENTED_EDGE('',*,*,#13148,.F.);
#13150=ORIENTED_EDGE('',*,*,#7124,.F.);
#13151=EDGE_LOOP('',(#13146,#13147,#13149,#13150));
#13152=FACE_OUTER_BOUND('',#13151,.F.);
#13153=ADVANCED_FACE('',(#13152),#13144,.T.);
#13154=CARTESIAN_POINT('',(8.875E-1,-4.5E-2,-1.E-1));
#13155=DIRECTION('',(0.E0,0.E0,-1.E0));
#13156=DIRECTION('',(-1.E0,0.E0,0.E0));
#13157=AXIS2_PLACEMENT_3D('',#13154,#13155,#13156);
#13158=PLANE('',#13157);
#13160=ORIENTED_EDGE('',*,*,#13159,.T.);
#13161=ORIENTED_EDGE('',*,*,#8012,.T.);
#13163=ORIENTED_EDGE('',*,*,#13162,.F.);
#13164=ORIENTED_EDGE('',*,*,#7160,.F.);
#13165=EDGE_LOOP('',(#13160,#13161,#13163,#13164));
#13166=FACE_OUTER_BOUND('',#13165,.F.);
#13167=ADVANCED_FACE('',(#13166),#13158,.T.);
#13168=CARTESIAN_POINT('',(8.875E-1,-4.5E-2,-1.E-1));
#13169=DIRECTION('',(0.E0,0.E0,-1.E0));
#13170=DIRECTION('',(-1.E0,0.E0,0.E0));
#13171=AXIS2_PLACEMENT_3D('',#13168,#13169,#13170);
#13172=PLANE('',#13171);
#13174=ORIENTED_EDGE('',*,*,#13173,.T.);
#13175=ORIENTED_EDGE('',*,*,#8048,.T.);
#13177=ORIENTED_EDGE('',*,*,#13176,.F.);
#13178=ORIENTED_EDGE('',*,*,#7196,.F.);
#13179=EDGE_LOOP('',(#13174,#13175,#13177,#13178));
#13180=FACE_OUTER_BOUND('',#13179,.F.);
#13181=ADVANCED_FACE('',(#13180),#13172,.T.);
#13182=CARTESIAN_POINT('',(8.875E-1,-4.5E-2,-1.E-1));
#13183=DIRECTION('',(0.E0,0.E0,-1.E0));
#13184=DIRECTION('',(-1.E0,0.E0,0.E0));
#13185=AXIS2_PLACEMENT_3D('',#13182,#13183,#13184);
#13186=PLANE('',#13185);
#13188=ORIENTED_EDGE('',*,*,#13187,.T.);
#13189=ORIENTED_EDGE('',*,*,#8084,.T.);
#13191=ORIENTED_EDGE('',*,*,#13190,.F.);
#13192=ORIENTED_EDGE('',*,*,#7232,.F.);
#13193=EDGE_LOOP('',(#13188,#13189,#13191,#13192));
#13194=FACE_OUTER_BOUND('',#13193,.F.);
#13195=ADVANCED_FACE('',(#13194),#13186,.T.);
#13196=CARTESIAN_POINT('',(8.875E-1,-4.5E-2,-1.E-1));
#13197=DIRECTION('',(0.E0,0.E0,-1.E0));
#13198=DIRECTION('',(-1.E0,0.E0,0.E0));
#13199=AXIS2_PLACEMENT_3D('',#13196,#13197,#13198);
#13200=PLANE('',#13199);
#13202=ORIENTED_EDGE('',*,*,#13201,.T.);
#13203=ORIENTED_EDGE('',*,*,#8120,.T.);
#13205=ORIENTED_EDGE('',*,*,#13204,.F.);
#13206=ORIENTED_EDGE('',*,*,#7268,.F.);
#13207=EDGE_LOOP('',(#13202,#13203,#13205,#13206));
#13208=FACE_OUTER_BOUND('',#13207,.F.);
#13209=ADVANCED_FACE('',(#13208),#13200,.T.);
#13210=CARTESIAN_POINT('',(8.875E-1,-4.5E-2,-1.E-1));
#13211=DIRECTION('',(0.E0,0.E0,-1.E0));
#13212=DIRECTION('',(-1.E0,0.E0,0.E0));
#13213=AXIS2_PLACEMENT_3D('',#13210,#13211,#13212);
#13214=PLANE('',#13213);
#13216=ORIENTED_EDGE('',*,*,#13215,.T.);
#13217=ORIENTED_EDGE('',*,*,#8156,.T.);
#13219=ORIENTED_EDGE('',*,*,#13218,.F.);
#13220=ORIENTED_EDGE('',*,*,#7304,.F.);
#13221=EDGE_LOOP('',(#13216,#13217,#13219,#13220));
#13222=FACE_OUTER_BOUND('',#13221,.F.);
#13223=ADVANCED_FACE('',(#13222),#13214,.T.);
#13224=CARTESIAN_POINT('',(8.875E-1,-4.5E-2,-1.E-1));
#13225=DIRECTION('',(0.E0,0.E0,-1.E0));
#13226=DIRECTION('',(-1.E0,0.E0,0.E0));
#13227=AXIS2_PLACEMENT_3D('',#13224,#13225,#13226);
#13228=PLANE('',#13227);
#13230=ORIENTED_EDGE('',*,*,#13229,.T.);
#13231=ORIENTED_EDGE('',*,*,#8192,.T.);
#13233=ORIENTED_EDGE('',*,*,#13232,.F.);
#13234=ORIENTED_EDGE('',*,*,#7340,.F.);
#13235=EDGE_LOOP('',(#13230,#13231,#13233,#13234));
#13236=FACE_OUTER_BOUND('',#13235,.F.);
#13237=ADVANCED_FACE('',(#13236),#13228,.T.);
#13238=CARTESIAN_POINT('',(8.875E-1,-4.5E-2,-1.E-1));
#13239=DIRECTION('',(0.E0,0.E0,-1.E0));
#13240=DIRECTION('',(-1.E0,0.E0,0.E0));
#13241=AXIS2_PLACEMENT_3D('',#13238,#13239,#13240);
#13242=PLANE('',#13241);
#13244=ORIENTED_EDGE('',*,*,#13243,.T.);
#13245=ORIENTED_EDGE('',*,*,#8228,.T.);
#13247=ORIENTED_EDGE('',*,*,#13246,.F.);
#13248=ORIENTED_EDGE('',*,*,#7376,.F.);
#13249=EDGE_LOOP('',(#13244,#13245,#13247,#13248));
#13250=FACE_OUTER_BOUND('',#13249,.F.);
#13251=ADVANCED_FACE('',(#13250),#13242,.T.);
#13252=CARTESIAN_POINT('',(8.875E-1,-4.5E-2,-1.E-1));
#13253=DIRECTION('',(0.E0,0.E0,-1.E0));
#13254=DIRECTION('',(-1.E0,0.E0,0.E0));
#13255=AXIS2_PLACEMENT_3D('',#13252,#13253,#13254);
#13256=PLANE('',#13255);
#13258=ORIENTED_EDGE('',*,*,#13257,.F.);
#13259=ORIENTED_EDGE('',*,*,#7416,.F.);
#13261=ORIENTED_EDGE('',*,*,#13260,.T.);
#13262=ORIENTED_EDGE('',*,*,#8256,.T.);
#13263=EDGE_LOOP('',(#13258,#13259,#13261,#13262));
#13264=FACE_OUTER_BOUND('',#13263,.F.);
#13265=ADVANCED_FACE('',(#13264),#13256,.T.);
#13266=CARTESIAN_POINT('',(-8.05E-1,4.5E-2,-7.834936490539E-2));
#13267=DIRECTION('',(8.660254037844E-1,0.E0,5.E-1));
#13268=DIRECTION('',(5.E-1,0.E0,-8.660254037844E-1));
#13269=AXIS2_PLACEMENT_3D('',#13266,#13267,#13268);
#13270=PLANE('',#13269);
#13272=ORIENTED_EDGE('',*,*,#13271,.F.);
#13274=ORIENTED_EDGE('',*,*,#13273,.T.);
#13276=ORIENTED_EDGE('',*,*,#13275,.T.);
#13277=ORIENTED_EDGE('',*,*,#13022,.T.);
#13278=EDGE_LOOP('',(#13272,#13274,#13276,#13277));
#13279=FACE_OUTER_BOUND('',#13278,.F.);
#13280=ADVANCED_FACE('',(#13279),#13270,.F.);
#13281=CARTESIAN_POINT('',(-8.05E-1,2.334936490539E-2,1.E-1));
#13282=DIRECTION('',(8.660254037844E-1,-5.E-1,0.E0));
#13283=DIRECTION('',(5.E-1,8.660254037844E-1,0.E0));
#13284=AXIS2_PLACEMENT_3D('',#13281,#13282,#13283);
#13285=PLANE('',#13284);
#13286=ORIENTED_EDGE('',*,*,#7650,.T.);
#13288=ORIENTED_EDGE('',*,*,#13287,.T.);
#13290=ORIENTED_EDGE('',*,*,#13289,.T.);
#13291=ORIENTED_EDGE('',*,*,#13271,.T.);
#13292=EDGE_LOOP('',(#13286,#13288,#13290,#13291));
#13293=FACE_OUTER_BOUND('',#13292,.F.);
#13294=ADVANCED_FACE('',(#13293),#13285,.F.);
#13295=CARTESIAN_POINT('',(-7.925E-1,4.5E-2,1.E-1));
#13296=DIRECTION('',(8.660254037844E-1,0.E0,-5.E-1));
#13297=DIRECTION('',(-5.E-1,0.E0,-8.660254037844E-1));
#13298=AXIS2_PLACEMENT_3D('',#13295,#13296,#13297);
#13299=PLANE('',#13298);
#13300=ORIENTED_EDGE('',*,*,#13287,.F.);
#13302=ORIENTED_EDGE('',*,*,#13301,.F.);
#13304=ORIENTED_EDGE('',*,*,#13303,.T.);
#13306=ORIENTED_EDGE('',*,*,#13305,.F.);
#13307=EDGE_LOOP('',(#13300,#13302,#13304,#13306));
#13308=FACE_OUTER_BOUND('',#13307,.F.);
#13309=ADVANCED_FACE('',(#13308),#13299,.F.);
#13310=CARTESIAN_POINT('',(-8.875E-1,-4.5E-2,1.E-1));
#13311=DIRECTION('',(0.E0,0.E0,1.E0));
#13312=DIRECTION('',(1.E0,0.E0,0.E0));
#13313=AXIS2_PLACEMENT_3D('',#13310,#13311,#13312);
#13314=PLANE('',#13313);
#13316=ORIENTED_EDGE('',*,*,#13315,.F.);
#13317=ORIENTED_EDGE('',*,*,#6804,.F.);
#13318=ORIENTED_EDGE('',*,*,#13301,.T.);
#13319=ORIENTED_EDGE('',*,*,#7648,.T.);
#13320=EDGE_LOOP('',(#13316,#13317,#13318,#13319));
#13321=FACE_OUTER_BOUND('',#13320,.F.);
#13322=ADVANCED_FACE('',(#13321),#13314,.T.);
#13323=CARTESIAN_POINT('',(-8.875E-1,-4.5E-2,1.E-1));
#13324=DIRECTION('',(0.E0,0.E0,1.E0));
#13325=DIRECTION('',(1.E0,0.E0,0.E0));
#13326=AXIS2_PLACEMENT_3D('',#13323,#13324,#13325);
#13327=PLANE('',#13326);
#13329=ORIENTED_EDGE('',*,*,#13328,.F.);
#13330=ORIENTED_EDGE('',*,*,#6840,.F.);
#13332=ORIENTED_EDGE('',*,*,#13331,.T.);
#13333=ORIENTED_EDGE('',*,*,#7684,.T.);
#13334=EDGE_LOOP('',(#13329,#13330,#13332,#13333));
#13335=FACE_OUTER_BOUND('',#13334,.F.);
#13336=ADVANCED_FACE('',(#13335),#13327,.T.);
#13337=CARTESIAN_POINT('',(-8.875E-1,-4.5E-2,1.E-1));
#13338=DIRECTION('',(0.E0,0.E0,1.E0));
#13339=DIRECTION('',(1.E0,0.E0,0.E0));
#13340=AXIS2_PLACEMENT_3D('',#13337,#13338,#13339);
#13341=PLANE('',#13340);
#13343=ORIENTED_EDGE('',*,*,#13342,.F.);
#13344=ORIENTED_EDGE('',*,*,#6876,.F.);
#13346=ORIENTED_EDGE('',*,*,#13345,.T.);
#13347=ORIENTED_EDGE('',*,*,#7720,.T.);
#13348=EDGE_LOOP('',(#13343,#13344,#13346,#13347));
#13349=FACE_OUTER_BOUND('',#13348,.F.);
#13350=ADVANCED_FACE('',(#13349),#13341,.T.);
#13351=CARTESIAN_POINT('',(-8.875E-1,-4.5E-2,1.E-1));
#13352=DIRECTION('',(0.E0,0.E0,1.E0));
#13353=DIRECTION('',(1.E0,0.E0,0.E0));
#13354=AXIS2_PLACEMENT_3D('',#13351,#13352,#13353);
#13355=PLANE('',#13354);
#13357=ORIENTED_EDGE('',*,*,#13356,.F.);
#13358=ORIENTED_EDGE('',*,*,#6912,.F.);
#13360=ORIENTED_EDGE('',*,*,#13359,.T.);
#13361=ORIENTED_EDGE('',*,*,#7756,.T.);
#13362=EDGE_LOOP('',(#13357,#13358,#13360,#13361));
#13363=FACE_OUTER_BOUND('',#13362,.F.);
#13364=ADVANCED_FACE('',(#13363),#13355,.T.);
#13365=CARTESIAN_POINT('',(-8.875E-1,-4.5E-2,1.E-1));
#13366=DIRECTION('',(0.E0,0.E0,1.E0));
#13367=DIRECTION('',(1.E0,0.E0,0.E0));
#13368=AXIS2_PLACEMENT_3D('',#13365,#13366,#13367);
#13369=PLANE('',#13368);
#13371=ORIENTED_EDGE('',*,*,#13370,.F.);
#13372=ORIENTED_EDGE('',*,*,#6948,.F.);
#13374=ORIENTED_EDGE('',*,*,#13373,.T.);
#13375=ORIENTED_EDGE('',*,*,#7792,.T.);
#13376=EDGE_LOOP('',(#13371,#13372,#13374,#13375));
#13377=FACE_OUTER_BOUND('',#13376,.F.);
#13378=ADVANCED_FACE('',(#13377),#13369,.T.);
#13379=CARTESIAN_POINT('',(-8.875E-1,-4.5E-2,1.E-1));
#13380=DIRECTION('',(0.E0,0.E0,1.E0));
#13381=DIRECTION('',(1.E0,0.E0,0.E0));
#13382=AXIS2_PLACEMENT_3D('',#13379,#13380,#13381);
#13383=PLANE('',#13382);
#13385=ORIENTED_EDGE('',*,*,#13384,.F.);
#13386=ORIENTED_EDGE('',*,*,#6984,.F.);
#13388=ORIENTED_EDGE('',*,*,#13387,.T.);
#13389=ORIENTED_EDGE('',*,*,#7828,.T.);
#13390=EDGE_LOOP('',(#13385,#13386,#13388,#13389));
#13391=FACE_OUTER_BOUND('',#13390,.F.);
#13392=ADVANCED_FACE('',(#13391),#13383,.T.);
#13393=CARTESIAN_POINT('',(-8.875E-1,-4.5E-2,1.E-1));
#13394=DIRECTION('',(0.E0,0.E0,1.E0));
#13395=DIRECTION('',(1.E0,0.E0,0.E0));
#13396=AXIS2_PLACEMENT_3D('',#13393,#13394,#13395);
#13397=PLANE('',#13396);
#13399=ORIENTED_EDGE('',*,*,#13398,.F.);
#13400=ORIENTED_EDGE('',*,*,#7020,.F.);
#13402=ORIENTED_EDGE('',*,*,#13401,.T.);
#13403=ORIENTED_EDGE('',*,*,#7864,.T.);
#13404=EDGE_LOOP('',(#13399,#13400,#13402,#13403));
#13405=FACE_OUTER_BOUND('',#13404,.F.);
#13406=ADVANCED_FACE('',(#13405),#13397,.T.);
#13407=CARTESIAN_POINT('',(-8.875E-1,-4.5E-2,1.E-1));
#13408=DIRECTION('',(0.E0,0.E0,1.E0));
#13409=DIRECTION('',(1.E0,0.E0,0.E0));
#13410=AXIS2_PLACEMENT_3D('',#13407,#13408,#13409);
#13411=PLANE('',#13410);
#13413=ORIENTED_EDGE('',*,*,#13412,.F.);
#13414=ORIENTED_EDGE('',*,*,#7056,.F.);
#13416=ORIENTED_EDGE('',*,*,#13415,.T.);
#13417=ORIENTED_EDGE('',*,*,#7900,.T.);
#13418=EDGE_LOOP('',(#13413,#13414,#13416,#13417));
#13419=FACE_OUTER_BOUND('',#13418,.F.);
#13420=ADVANCED_FACE('',(#13419),#13411,.T.);
#13421=CARTESIAN_POINT('',(-8.875E-1,-4.5E-2,1.E-1));
#13422=DIRECTION('',(0.E0,0.E0,1.E0));
#13423=DIRECTION('',(1.E0,0.E0,0.E0));
#13424=AXIS2_PLACEMENT_3D('',#13421,#13422,#13423);
#13425=PLANE('',#13424);
#13427=ORIENTED_EDGE('',*,*,#13426,.F.);
#13428=ORIENTED_EDGE('',*,*,#7092,.F.);
#13430=ORIENTED_EDGE('',*,*,#13429,.T.);
#13431=ORIENTED_EDGE('',*,*,#7936,.T.);
#13432=EDGE_LOOP('',(#13427,#13428,#13430,#13431));
#13433=FACE_OUTER_BOUND('',#13432,.F.);
#13434=ADVANCED_FACE('',(#13433),#13425,.T.);
#13435=CARTESIAN_POINT('',(-8.875E-1,-4.5E-2,1.E-1));
#13436=DIRECTION('',(0.E0,0.E0,1.E0));
#13437=DIRECTION('',(1.E0,0.E0,0.E0));
#13438=AXIS2_PLACEMENT_3D('',#13435,#13436,#13437);
#13439=PLANE('',#13438);
#13441=ORIENTED_EDGE('',*,*,#13440,.F.);
#13442=ORIENTED_EDGE('',*,*,#7128,.F.);
#13444=ORIENTED_EDGE('',*,*,#13443,.T.);
#13445=ORIENTED_EDGE('',*,*,#7972,.T.);
#13446=EDGE_LOOP('',(#13441,#13442,#13444,#13445));
#13447=FACE_OUTER_BOUND('',#13446,.F.);
#13448=ADVANCED_FACE('',(#13447),#13439,.T.);
#13449=CARTESIAN_POINT('',(-8.875E-1,-4.5E-2,1.E-1));
#13450=DIRECTION('',(0.E0,0.E0,1.E0));
#13451=DIRECTION('',(1.E0,0.E0,0.E0));
#13452=AXIS2_PLACEMENT_3D('',#13449,#13450,#13451);
#13453=PLANE('',#13452);
#13455=ORIENTED_EDGE('',*,*,#13454,.F.);
#13456=ORIENTED_EDGE('',*,*,#7164,.F.);
#13458=ORIENTED_EDGE('',*,*,#13457,.T.);
#13459=ORIENTED_EDGE('',*,*,#8008,.T.);
#13460=EDGE_LOOP('',(#13455,#13456,#13458,#13459));
#13461=FACE_OUTER_BOUND('',#13460,.F.);
#13462=ADVANCED_FACE('',(#13461),#13453,.T.);
#13463=CARTESIAN_POINT('',(-8.875E-1,-4.5E-2,1.E-1));
#13464=DIRECTION('',(0.E0,0.E0,1.E0));
#13465=DIRECTION('',(1.E0,0.E0,0.E0));
#13466=AXIS2_PLACEMENT_3D('',#13463,#13464,#13465);
#13467=PLANE('',#13466);
#13469=ORIENTED_EDGE('',*,*,#13468,.F.);
#13470=ORIENTED_EDGE('',*,*,#7200,.F.);
#13472=ORIENTED_EDGE('',*,*,#13471,.T.);
#13473=ORIENTED_EDGE('',*,*,#8044,.T.);
#13474=EDGE_LOOP('',(#13469,#13470,#13472,#13473));
#13475=FACE_OUTER_BOUND('',#13474,.F.);
#13476=ADVANCED_FACE('',(#13475),#13467,.T.);
#13477=CARTESIAN_POINT('',(-8.875E-1,-4.5E-2,1.E-1));
#13478=DIRECTION('',(0.E0,0.E0,1.E0));
#13479=DIRECTION('',(1.E0,0.E0,0.E0));
#13480=AXIS2_PLACEMENT_3D('',#13477,#13478,#13479);
#13481=PLANE('',#13480);
#13483=ORIENTED_EDGE('',*,*,#13482,.F.);
#13484=ORIENTED_EDGE('',*,*,#7236,.F.);
#13486=ORIENTED_EDGE('',*,*,#13485,.T.);
#13487=ORIENTED_EDGE('',*,*,#8080,.T.);
#13488=EDGE_LOOP('',(#13483,#13484,#13486,#13487));
#13489=FACE_OUTER_BOUND('',#13488,.F.);
#13490=ADVANCED_FACE('',(#13489),#13481,.T.);
#13491=CARTESIAN_POINT('',(-8.875E-1,-4.5E-2,1.E-1));
#13492=DIRECTION('',(0.E0,0.E0,1.E0));
#13493=DIRECTION('',(1.E0,0.E0,0.E0));
#13494=AXIS2_PLACEMENT_3D('',#13491,#13492,#13493);
#13495=PLANE('',#13494);
#13497=ORIENTED_EDGE('',*,*,#13496,.F.);
#13498=ORIENTED_EDGE('',*,*,#7272,.F.);
#13500=ORIENTED_EDGE('',*,*,#13499,.T.);
#13501=ORIENTED_EDGE('',*,*,#8116,.T.);
#13502=EDGE_LOOP('',(#13497,#13498,#13500,#13501));
#13503=FACE_OUTER_BOUND('',#13502,.F.);
#13504=ADVANCED_FACE('',(#13503),#13495,.T.);
#13505=CARTESIAN_POINT('',(-8.875E-1,-4.5E-2,1.E-1));
#13506=DIRECTION('',(0.E0,0.E0,1.E0));
#13507=DIRECTION('',(1.E0,0.E0,0.E0));
#13508=AXIS2_PLACEMENT_3D('',#13505,#13506,#13507);
#13509=PLANE('',#13508);
#13511=ORIENTED_EDGE('',*,*,#13510,.F.);
#13512=ORIENTED_EDGE('',*,*,#7308,.F.);
#13514=ORIENTED_EDGE('',*,*,#13513,.T.);
#13515=ORIENTED_EDGE('',*,*,#8152,.T.);
#13516=EDGE_LOOP('',(#13511,#13512,#13514,#13515));
#13517=FACE_OUTER_BOUND('',#13516,.F.);
#13518=ADVANCED_FACE('',(#13517),#13509,.T.);
#13519=CARTESIAN_POINT('',(-8.875E-1,-4.5E-2,1.E-1));
#13520=DIRECTION('',(0.E0,0.E0,1.E0));
#13521=DIRECTION('',(1.E0,0.E0,0.E0));
#13522=AXIS2_PLACEMENT_3D('',#13519,#13520,#13521);
#13523=PLANE('',#13522);
#13525=ORIENTED_EDGE('',*,*,#13524,.F.);
#13526=ORIENTED_EDGE('',*,*,#7344,.F.);
#13528=ORIENTED_EDGE('',*,*,#13527,.T.);
#13529=ORIENTED_EDGE('',*,*,#8188,.T.);
#13530=EDGE_LOOP('',(#13525,#13526,#13528,#13529));
#13531=FACE_OUTER_BOUND('',#13530,.F.);
#13532=ADVANCED_FACE('',(#13531),#13523,.T.);
#13533=CARTESIAN_POINT('',(-8.875E-1,-4.5E-2,1.E-1));
#13534=DIRECTION('',(0.E0,0.E0,1.E0));
#13535=DIRECTION('',(1.E0,0.E0,0.E0));
#13536=AXIS2_PLACEMENT_3D('',#13533,#13534,#13535);
#13537=PLANE('',#13536);
#13539=ORIENTED_EDGE('',*,*,#13538,.F.);
#13540=ORIENTED_EDGE('',*,*,#7380,.F.);
#13542=ORIENTED_EDGE('',*,*,#13541,.T.);
#13543=ORIENTED_EDGE('',*,*,#8224,.T.);
#13544=EDGE_LOOP('',(#13539,#13540,#13542,#13543));
#13545=FACE_OUTER_BOUND('',#13544,.F.);
#13546=ADVANCED_FACE('',(#13545),#13537,.T.);
#13547=CARTESIAN_POINT('',(-8.875E-1,-4.5E-2,1.E-1));
#13548=DIRECTION('',(0.E0,0.E0,1.E0));
#13549=DIRECTION('',(1.E0,0.E0,0.E0));
#13550=AXIS2_PLACEMENT_3D('',#13547,#13548,#13549);
#13551=PLANE('',#13550);
#13553=ORIENTED_EDGE('',*,*,#13552,.T.);
#13554=ORIENTED_EDGE('',*,*,#8260,.T.);
#13556=ORIENTED_EDGE('',*,*,#13555,.F.);
#13557=ORIENTED_EDGE('',*,*,#7412,.F.);
#13558=EDGE_LOOP('',(#13553,#13554,#13556,#13557));
#13559=FACE_OUTER_BOUND('',#13558,.F.);
#13560=ADVANCED_FACE('',(#13559),#13551,.T.);
#13561=CARTESIAN_POINT('',(-7.05E-1,4.5E-2,7.834936490539E-2));
#13562=DIRECTION('',(-8.660254037844E-1,0.E0,-5.E-1));
#13563=DIRECTION('',(-5.E-1,0.E0,8.660254037844E-1));
#13564=AXIS2_PLACEMENT_3D('',#13561,#13562,#13563);
#13565=PLANE('',#13564);
#13566=ORIENTED_EDGE('',*,*,#12995,.F.);
#13568=ORIENTED_EDGE('',*,*,#13567,.T.);
#13570=ORIENTED_EDGE('',*,*,#13569,.T.);
#13571=ORIENTED_EDGE('',*,*,#13315,.T.);
#13572=EDGE_LOOP('',(#13566,#13568,#13570,#13571));
#13573=FACE_OUTER_BOUND('',#13572,.F.);
#13574=ADVANCED_FACE('',(#13573),#13565,.F.);
#13575=CARTESIAN_POINT('',(-6.925E-1,4.5E-2,1.E-1));
#13576=DIRECTION('',(8.660254037844E-1,0.E0,-5.E-1));
#13577=DIRECTION('',(-5.E-1,0.E0,-8.660254037844E-1));
#13578=AXIS2_PLACEMENT_3D('',#13575,#13576,#13577);
#13579=PLANE('',#13578);
#13581=ORIENTED_EDGE('',*,*,#13580,.F.);
#13582=ORIENTED_EDGE('',*,*,#13331,.F.);
#13584=ORIENTED_EDGE('',*,*,#13583,.T.);
#13585=ORIENTED_EDGE('',*,*,#13567,.F.);
#13586=EDGE_LOOP('',(#13581,#13582,#13584,#13585));
#13587=FACE_OUTER_BOUND('',#13586,.F.);
#13588=ADVANCED_FACE('',(#13587),#13579,.F.);
#13589=CARTESIAN_POINT('',(-7.05E-1,2.334936490539E-2,1.E-1));
#13590=DIRECTION('',(8.660254037844E-1,-5.E-1,0.E0));
#13591=DIRECTION('',(5.E-1,8.660254037844E-1,0.E0));
#13592=AXIS2_PLACEMENT_3D('',#13589,#13590,#13591);
#13593=PLANE('',#13592);
#13594=ORIENTED_EDGE('',*,*,#7686,.T.);
#13595=ORIENTED_EDGE('',*,*,#13580,.T.);
#13596=ORIENTED_EDGE('',*,*,#12993,.T.);
#13598=ORIENTED_EDGE('',*,*,#13597,.T.);
#13599=EDGE_LOOP('',(#13594,#13595,#13596,#13598));
#13600=FACE_OUTER_BOUND('',#13599,.F.);
#13601=ADVANCED_FACE('',(#13600),#13593,.F.);
#13602=CARTESIAN_POINT('',(-7.05E-1,4.5E-2,-7.834936490539E-2));
#13603=DIRECTION('',(8.660254037844E-1,0.E0,5.E-1));
#13604=DIRECTION('',(5.E-1,0.E0,-8.660254037844E-1));
#13605=AXIS2_PLACEMENT_3D('',#13602,#13603,#13604);
#13606=PLANE('',#13605);
#13607=ORIENTED_EDGE('',*,*,#13597,.F.);
#13608=ORIENTED_EDGE('',*,*,#13010,.T.);
#13610=ORIENTED_EDGE('',*,*,#13609,.T.);
#13611=ORIENTED_EDGE('',*,*,#13036,.T.);
#13612=EDGE_LOOP('',(#13607,#13608,#13610,#13611));
#13613=FACE_OUTER_BOUND('',#13612,.F.);
#13614=ADVANCED_FACE('',(#13613),#13606,.F.);
#13615=CARTESIAN_POINT('',(-6.925E-1,-4.5E-2,1.E-1));
#13616=DIRECTION('',(8.660254037844E-1,5.E-1,0.E0));
#13617=DIRECTION('',(-5.E-1,8.660254037844E-1,0.E0));
#13618=AXIS2_PLACEMENT_3D('',#13615,#13616,#13617);
#13619=PLANE('',#13618);
#13620=ORIENTED_EDGE('',*,*,#6838,.F.);
#13621=ORIENTED_EDGE('',*,*,#13609,.F.);
#13623=ORIENTED_EDGE('',*,*,#13622,.F.);
#13624=ORIENTED_EDGE('',*,*,#13583,.F.);
#13625=EDGE_LOOP('',(#13620,#13621,#13623,#13624));
#13626=FACE_OUTER_BOUND('',#13625,.F.);
#13627=ADVANCED_FACE('',(#13626),#13619,.F.);
#13628=CARTESIAN_POINT('',(-7.05E-1,-2.334936490539E-2,1.E-1));
#13629=DIRECTION('',(-8.660254037844E-1,5.E-1,0.E0));
#13630=DIRECTION('',(-5.E-1,-8.660254037844E-1,0.E0));
#13631=AXIS2_PLACEMENT_3D('',#13628,#13629,#13630);
#13632=PLANE('',#13631);
#13633=ORIENTED_EDGE('',*,*,#6798,.T.);
#13634=ORIENTED_EDGE('',*,*,#13569,.F.);
#13635=ORIENTED_EDGE('',*,*,#13622,.T.);
#13636=ORIENTED_EDGE('',*,*,#13008,.F.);
#13637=EDGE_LOOP('',(#13633,#13634,#13635,#13636));
#13638=FACE_OUTER_BOUND('',#13637,.F.);
#13639=ADVANCED_FACE('',(#13638),#13632,.F.);
#13640=CARTESIAN_POINT('',(-6.05E-1,4.5E-2,7.834936490539E-2));
#13641=DIRECTION('',(-8.660254037844E-1,0.E0,-5.E-1));
#13642=DIRECTION('',(-5.E-1,0.E0,8.660254037844E-1));
#13643=AXIS2_PLACEMENT_3D('',#13640,#13641,#13642);
#13644=PLANE('',#13643);
#13646=ORIENTED_EDGE('',*,*,#13645,.F.);
#13648=ORIENTED_EDGE('',*,*,#13647,.T.);
#13650=ORIENTED_EDGE('',*,*,#13649,.T.);
#13651=ORIENTED_EDGE('',*,*,#13328,.T.);
#13652=EDGE_LOOP('',(#13646,#13648,#13650,#13651));
#13653=FACE_OUTER_BOUND('',#13652,.F.);
#13654=ADVANCED_FACE('',(#13653),#13644,.F.);
#13655=CARTESIAN_POINT('',(-6.175E-1,4.5E-2,1.E-1));
#13656=DIRECTION('',(-8.660254037844E-1,-5.E-1,0.E0));
#13657=DIRECTION('',(5.E-1,-8.660254037844E-1,0.E0));
#13658=AXIS2_PLACEMENT_3D('',#13655,#13656,#13657);
#13659=PLANE('',#13658);
#13660=ORIENTED_EDGE('',*,*,#7682,.F.);
#13662=ORIENTED_EDGE('',*,*,#13661,.T.);
#13664=ORIENTED_EDGE('',*,*,#13663,.F.);
#13665=ORIENTED_EDGE('',*,*,#13645,.T.);
#13666=EDGE_LOOP('',(#13660,#13662,#13664,#13665));
#13667=FACE_OUTER_BOUND('',#13666,.F.);
#13668=ADVANCED_FACE('',(#13667),#13659,.F.);
#13669=CARTESIAN_POINT('',(-6.175E-1,4.5E-2,-1.E-1));
#13670=DIRECTION('',(-8.660254037844E-1,0.E0,5.E-1));
#13671=DIRECTION('',(5.E-1,0.E0,8.660254037844E-1));
#13672=AXIS2_PLACEMENT_3D('',#13669,#13670,#13671);
#13673=PLANE('',#13672);
#13674=ORIENTED_EDGE('',*,*,#13661,.F.);
#13675=ORIENTED_EDGE('',*,*,#13033,.F.);
#13677=ORIENTED_EDGE('',*,*,#13676,.T.);
#13679=ORIENTED_EDGE('',*,*,#13678,.F.);
#13680=EDGE_LOOP('',(#13674,#13675,#13677,#13679));
#13681=FACE_OUTER_BOUND('',#13680,.F.);
#13682=ADVANCED_FACE('',(#13681),#13673,.F.);
#13683=CARTESIAN_POINT('',(-6.05E-1,-2.334936490539E-2,1.E-1));
#13684=DIRECTION('',(-8.660254037844E-1,5.E-1,0.E0));
#13685=DIRECTION('',(-5.E-1,-8.660254037844E-1,0.E0));
#13686=AXIS2_PLACEMENT_3D('',#13683,#13684,#13685);
#13687=PLANE('',#13686);
#13688=ORIENTED_EDGE('',*,*,#6834,.T.);
#13689=ORIENTED_EDGE('',*,*,#13649,.F.);
#13691=ORIENTED_EDGE('',*,*,#13690,.T.);
#13692=ORIENTED_EDGE('',*,*,#13676,.F.);
#13693=EDGE_LOOP('',(#13688,#13689,#13691,#13692));
#13694=FACE_OUTER_BOUND('',#13693,.F.);
#13695=ADVANCED_FACE('',(#13694),#13687,.F.);
#13696=CARTESIAN_POINT('',(-5.925E-1,-4.5E-2,1.E-1));
#13697=DIRECTION('',(8.660254037844E-1,5.E-1,0.E0));
#13698=DIRECTION('',(-5.E-1,8.660254037844E-1,0.E0));
#13699=AXIS2_PLACEMENT_3D('',#13696,#13697,#13698);
#13700=PLANE('',#13699);
#13701=ORIENTED_EDGE('',*,*,#6874,.F.);
#13703=ORIENTED_EDGE('',*,*,#13702,.F.);
#13704=ORIENTED_EDGE('',*,*,#13690,.F.);
#13706=ORIENTED_EDGE('',*,*,#13705,.F.);
#13707=EDGE_LOOP('',(#13701,#13703,#13704,#13706));
#13708=FACE_OUTER_BOUND('',#13707,.F.);
#13709=ADVANCED_FACE('',(#13708),#13700,.F.);
#13710=CARTESIAN_POINT('',(-6.05E-1,4.5E-2,-7.834936490539E-2));
#13711=DIRECTION('',(8.660254037844E-1,0.E0,5.E-1));
#13712=DIRECTION('',(5.E-1,0.E0,-8.660254037844E-1));
#13713=AXIS2_PLACEMENT_3D('',#13710,#13711,#13712);
#13714=PLANE('',#13713);
#13716=ORIENTED_EDGE('',*,*,#13715,.F.);
#13717=ORIENTED_EDGE('',*,*,#13678,.T.);
#13718=ORIENTED_EDGE('',*,*,#13702,.T.);
#13719=ORIENTED_EDGE('',*,*,#13050,.T.);
#13720=EDGE_LOOP('',(#13716,#13717,#13718,#13719));
#13721=FACE_OUTER_BOUND('',#13720,.F.);
#13722=ADVANCED_FACE('',(#13721),#13714,.F.);
#13723=CARTESIAN_POINT('',(-6.05E-1,2.334936490539E-2,1.E-1));
#13724=DIRECTION('',(8.660254037844E-1,-5.E-1,0.E0));
#13725=DIRECTION('',(5.E-1,8.660254037844E-1,0.E0));
#13726=AXIS2_PLACEMENT_3D('',#13723,#13724,#13725);
#13727=PLANE('',#13726);
#13728=ORIENTED_EDGE('',*,*,#7722,.T.);
#13730=ORIENTED_EDGE('',*,*,#13729,.T.);
#13731=ORIENTED_EDGE('',*,*,#13663,.T.);
#13732=ORIENTED_EDGE('',*,*,#13715,.T.);
#13733=EDGE_LOOP('',(#13728,#13730,#13731,#13732));
#13734=FACE_OUTER_BOUND('',#13733,.F.);
#13735=ADVANCED_FACE('',(#13734),#13727,.F.);
#13736=CARTESIAN_POINT('',(-5.925E-1,4.5E-2,1.E-1));
#13737=DIRECTION('',(8.660254037844E-1,0.E0,-5.E-1));
#13738=DIRECTION('',(-5.E-1,0.E0,-8.660254037844E-1));
#13739=AXIS2_PLACEMENT_3D('',#13736,#13737,#13738);
#13740=PLANE('',#13739);
#13741=ORIENTED_EDGE('',*,*,#13729,.F.);
#13742=ORIENTED_EDGE('',*,*,#13345,.F.);
#13743=ORIENTED_EDGE('',*,*,#13705,.T.);
#13744=ORIENTED_EDGE('',*,*,#13647,.F.);
#13745=EDGE_LOOP('',(#13741,#13742,#13743,#13744));
#13746=FACE_OUTER_BOUND('',#13745,.F.);
#13747=ADVANCED_FACE('',(#13746),#13740,.F.);
#13748=CARTESIAN_POINT('',(-5.05E-1,4.5E-2,7.834936490539E-2));
#13749=DIRECTION('',(-8.660254037844E-1,0.E0,-5.E-1));
#13750=DIRECTION('',(-5.E-1,0.E0,8.660254037844E-1));
#13751=AXIS2_PLACEMENT_3D('',#13748,#13749,#13750);
#13752=PLANE('',#13751);
#13754=ORIENTED_EDGE('',*,*,#13753,.F.);
#13756=ORIENTED_EDGE('',*,*,#13755,.T.);
#13758=ORIENTED_EDGE('',*,*,#13757,.T.);
#13759=ORIENTED_EDGE('',*,*,#13342,.T.);
#13760=EDGE_LOOP('',(#13754,#13756,#13758,#13759));
#13761=FACE_OUTER_BOUND('',#13760,.F.);
#13762=ADVANCED_FACE('',(#13761),#13752,.F.);
#13763=CARTESIAN_POINT('',(-5.175E-1,4.5E-2,1.E-1));
#13764=DIRECTION('',(-8.660254037844E-1,-5.E-1,0.E0));
#13765=DIRECTION('',(5.E-1,-8.660254037844E-1,0.E0));
#13766=AXIS2_PLACEMENT_3D('',#13763,#13764,#13765);
#13767=PLANE('',#13766);
#13768=ORIENTED_EDGE('',*,*,#7718,.F.);
#13770=ORIENTED_EDGE('',*,*,#13769,.T.);
#13772=ORIENTED_EDGE('',*,*,#13771,.F.);
#13773=ORIENTED_EDGE('',*,*,#13753,.T.);
#13774=EDGE_LOOP('',(#13768,#13770,#13772,#13773));
#13775=FACE_OUTER_BOUND('',#13774,.F.);
#13776=ADVANCED_FACE('',(#13775),#13767,.F.);
#13777=CARTESIAN_POINT('',(-5.175E-1,4.5E-2,-1.E-1));
#13778=DIRECTION('',(-8.660254037844E-1,0.E0,5.E-1));
#13779=DIRECTION('',(5.E-1,0.E0,8.660254037844E-1));
#13780=AXIS2_PLACEMENT_3D('',#13777,#13778,#13779);
#13781=PLANE('',#13780);
#13782=ORIENTED_EDGE('',*,*,#13769,.F.);
#13783=ORIENTED_EDGE('',*,*,#13047,.F.);
#13785=ORIENTED_EDGE('',*,*,#13784,.T.);
#13787=ORIENTED_EDGE('',*,*,#13786,.F.);
#13788=EDGE_LOOP('',(#13782,#13783,#13785,#13787));
#13789=FACE_OUTER_BOUND('',#13788,.F.);
#13790=ADVANCED_FACE('',(#13789),#13781,.F.);
#13791=CARTESIAN_POINT('',(-5.05E-1,-2.334936490539E-2,1.E-1));
#13792=DIRECTION('',(-8.660254037844E-1,5.E-1,0.E0));
#13793=DIRECTION('',(-5.E-1,-8.660254037844E-1,0.E0));
#13794=AXIS2_PLACEMENT_3D('',#13791,#13792,#13793);
#13795=PLANE('',#13794);
#13796=ORIENTED_EDGE('',*,*,#6870,.T.);
#13797=ORIENTED_EDGE('',*,*,#13757,.F.);
#13799=ORIENTED_EDGE('',*,*,#13798,.T.);
#13800=ORIENTED_EDGE('',*,*,#13784,.F.);
#13801=EDGE_LOOP('',(#13796,#13797,#13799,#13800));
#13802=FACE_OUTER_BOUND('',#13801,.F.);
#13803=ADVANCED_FACE('',(#13802),#13795,.F.);
#13804=CARTESIAN_POINT('',(-4.925E-1,-4.5E-2,1.E-1));
#13805=DIRECTION('',(8.660254037844E-1,5.E-1,0.E0));
#13806=DIRECTION('',(-5.E-1,8.660254037844E-1,0.E0));
#13807=AXIS2_PLACEMENT_3D('',#13804,#13805,#13806);
#13808=PLANE('',#13807);
#13809=ORIENTED_EDGE('',*,*,#6910,.F.);
#13811=ORIENTED_EDGE('',*,*,#13810,.F.);
#13812=ORIENTED_EDGE('',*,*,#13798,.F.);
#13814=ORIENTED_EDGE('',*,*,#13813,.F.);
#13815=EDGE_LOOP('',(#13809,#13811,#13812,#13814));
#13816=FACE_OUTER_BOUND('',#13815,.F.);
#13817=ADVANCED_FACE('',(#13816),#13808,.F.);
#13818=CARTESIAN_POINT('',(-5.05E-1,4.5E-2,-7.834936490539E-2));
#13819=DIRECTION('',(8.660254037844E-1,0.E0,5.E-1));
#13820=DIRECTION('',(5.E-1,0.E0,-8.660254037844E-1));
#13821=AXIS2_PLACEMENT_3D('',#13818,#13819,#13820);
#13822=PLANE('',#13821);
#13824=ORIENTED_EDGE('',*,*,#13823,.F.);
#13825=ORIENTED_EDGE('',*,*,#13786,.T.);
#13826=ORIENTED_EDGE('',*,*,#13810,.T.);
#13827=ORIENTED_EDGE('',*,*,#13064,.T.);
#13828=EDGE_LOOP('',(#13824,#13825,#13826,#13827));
#13829=FACE_OUTER_BOUND('',#13828,.F.);
#13830=ADVANCED_FACE('',(#13829),#13822,.F.);
#13831=CARTESIAN_POINT('',(-5.05E-1,2.334936490539E-2,1.E-1));
#13832=DIRECTION('',(8.660254037844E-1,-5.E-1,0.E0));
#13833=DIRECTION('',(5.E-1,8.660254037844E-1,0.E0));
#13834=AXIS2_PLACEMENT_3D('',#13831,#13832,#13833);
#13835=PLANE('',#13834);
#13836=ORIENTED_EDGE('',*,*,#7758,.T.);
#13838=ORIENTED_EDGE('',*,*,#13837,.T.);
#13839=ORIENTED_EDGE('',*,*,#13771,.T.);
#13840=ORIENTED_EDGE('',*,*,#13823,.T.);
#13841=EDGE_LOOP('',(#13836,#13838,#13839,#13840));
#13842=FACE_OUTER_BOUND('',#13841,.F.);
#13843=ADVANCED_FACE('',(#13842),#13835,.F.);
#13844=CARTESIAN_POINT('',(-4.925E-1,4.5E-2,1.E-1));
#13845=DIRECTION('',(8.660254037844E-1,0.E0,-5.E-1));
#13846=DIRECTION('',(-5.E-1,0.E0,-8.660254037844E-1));
#13847=AXIS2_PLACEMENT_3D('',#13844,#13845,#13846);
#13848=PLANE('',#13847);
#13849=ORIENTED_EDGE('',*,*,#13837,.F.);
#13850=ORIENTED_EDGE('',*,*,#13359,.F.);
#13851=ORIENTED_EDGE('',*,*,#13813,.T.);
#13852=ORIENTED_EDGE('',*,*,#13755,.F.);
#13853=EDGE_LOOP('',(#13849,#13850,#13851,#13852));
#13854=FACE_OUTER_BOUND('',#13853,.F.);
#13855=ADVANCED_FACE('',(#13854),#13848,.F.);
#13856=CARTESIAN_POINT('',(-4.05E-1,4.5E-2,7.834936490539E-2));
#13857=DIRECTION('',(-8.660254037844E-1,0.E0,-5.E-1));
#13858=DIRECTION('',(-5.E-1,0.E0,8.660254037844E-1));
#13859=AXIS2_PLACEMENT_3D('',#13856,#13857,#13858);
#13860=PLANE('',#13859);
#13862=ORIENTED_EDGE('',*,*,#13861,.F.);
#13864=ORIENTED_EDGE('',*,*,#13863,.T.);
#13866=ORIENTED_EDGE('',*,*,#13865,.T.);
#13867=ORIENTED_EDGE('',*,*,#13356,.T.);
#13868=EDGE_LOOP('',(#13862,#13864,#13866,#13867));
#13869=FACE_OUTER_BOUND('',#13868,.F.);
#13870=ADVANCED_FACE('',(#13869),#13860,.F.);
#13871=CARTESIAN_POINT('',(-4.175E-1,4.5E-2,1.E-1));
#13872=DIRECTION('',(-8.660254037844E-1,-5.E-1,0.E0));
#13873=DIRECTION('',(5.E-1,-8.660254037844E-1,0.E0));
#13874=AXIS2_PLACEMENT_3D('',#13871,#13872,#13873);
#13875=PLANE('',#13874);
#13876=ORIENTED_EDGE('',*,*,#7754,.F.);
#13878=ORIENTED_EDGE('',*,*,#13877,.T.);
#13880=ORIENTED_EDGE('',*,*,#13879,.F.);
#13881=ORIENTED_EDGE('',*,*,#13861,.T.);
#13882=EDGE_LOOP('',(#13876,#13878,#13880,#13881));
#13883=FACE_OUTER_BOUND('',#13882,.F.);
#13884=ADVANCED_FACE('',(#13883),#13875,.F.);
#13885=CARTESIAN_POINT('',(-4.175E-1,4.5E-2,-1.E-1));
#13886=DIRECTION('',(-8.660254037844E-1,0.E0,5.E-1));
#13887=DIRECTION('',(5.E-1,0.E0,8.660254037844E-1));
#13888=AXIS2_PLACEMENT_3D('',#13885,#13886,#13887);
#13889=PLANE('',#13888);
#13890=ORIENTED_EDGE('',*,*,#13877,.F.);
#13891=ORIENTED_EDGE('',*,*,#13061,.F.);
#13893=ORIENTED_EDGE('',*,*,#13892,.T.);
#13895=ORIENTED_EDGE('',*,*,#13894,.F.);
#13896=EDGE_LOOP('',(#13890,#13891,#13893,#13895));
#13897=FACE_OUTER_BOUND('',#13896,.F.);
#13898=ADVANCED_FACE('',(#13897),#13889,.F.);
#13899=CARTESIAN_POINT('',(-4.05E-1,-2.334936490539E-2,1.E-1));
#13900=DIRECTION('',(-8.660254037844E-1,5.E-1,0.E0));
#13901=DIRECTION('',(-5.E-1,-8.660254037844E-1,0.E0));
#13902=AXIS2_PLACEMENT_3D('',#13899,#13900,#13901);
#13903=PLANE('',#13902);
#13904=ORIENTED_EDGE('',*,*,#6906,.T.);
#13905=ORIENTED_EDGE('',*,*,#13865,.F.);
#13907=ORIENTED_EDGE('',*,*,#13906,.T.);
#13908=ORIENTED_EDGE('',*,*,#13892,.F.);
#13909=EDGE_LOOP('',(#13904,#13905,#13907,#13908));
#13910=FACE_OUTER_BOUND('',#13909,.F.);
#13911=ADVANCED_FACE('',(#13910),#13903,.F.);
#13912=CARTESIAN_POINT('',(-3.925E-1,-4.5E-2,1.E-1));
#13913=DIRECTION('',(8.660254037844E-1,5.E-1,0.E0));
#13914=DIRECTION('',(-5.E-1,8.660254037844E-1,0.E0));
#13915=AXIS2_PLACEMENT_3D('',#13912,#13913,#13914);
#13916=PLANE('',#13915);
#13917=ORIENTED_EDGE('',*,*,#6946,.F.);
#13919=ORIENTED_EDGE('',*,*,#13918,.F.);
#13920=ORIENTED_EDGE('',*,*,#13906,.F.);
#13922=ORIENTED_EDGE('',*,*,#13921,.F.);
#13923=EDGE_LOOP('',(#13917,#13919,#13920,#13922));
#13924=FACE_OUTER_BOUND('',#13923,.F.);
#13925=ADVANCED_FACE('',(#13924),#13916,.F.);
#13926=CARTESIAN_POINT('',(-4.05E-1,4.5E-2,-7.834936490539E-2));
#13927=DIRECTION('',(8.660254037844E-1,0.E0,5.E-1));
#13928=DIRECTION('',(5.E-1,0.E0,-8.660254037844E-1));
#13929=AXIS2_PLACEMENT_3D('',#13926,#13927,#13928);
#13930=PLANE('',#13929);
#13932=ORIENTED_EDGE('',*,*,#13931,.F.);
#13933=ORIENTED_EDGE('',*,*,#13894,.T.);
#13934=ORIENTED_EDGE('',*,*,#13918,.T.);
#13935=ORIENTED_EDGE('',*,*,#13078,.T.);
#13936=EDGE_LOOP('',(#13932,#13933,#13934,#13935));
#13937=FACE_OUTER_BOUND('',#13936,.F.);
#13938=ADVANCED_FACE('',(#13937),#13930,.F.);
#13939=CARTESIAN_POINT('',(-4.05E-1,2.334936490539E-2,1.E-1));
#13940=DIRECTION('',(8.660254037844E-1,-5.E-1,0.E0));
#13941=DIRECTION('',(5.E-1,8.660254037844E-1,0.E0));
#13942=AXIS2_PLACEMENT_3D('',#13939,#13940,#13941);
#13943=PLANE('',#13942);
#13944=ORIENTED_EDGE('',*,*,#7794,.T.);
#13946=ORIENTED_EDGE('',*,*,#13945,.T.);
#13947=ORIENTED_EDGE('',*,*,#13879,.T.);
#13948=ORIENTED_EDGE('',*,*,#13931,.T.);
#13949=EDGE_LOOP('',(#13944,#13946,#13947,#13948));
#13950=FACE_OUTER_BOUND('',#13949,.F.);
#13951=ADVANCED_FACE('',(#13950),#13943,.F.);
#13952=CARTESIAN_POINT('',(-3.925E-1,4.5E-2,1.E-1));
#13953=DIRECTION('',(8.660254037844E-1,0.E0,-5.E-1));
#13954=DIRECTION('',(-5.E-1,0.E0,-8.660254037844E-1));
#13955=AXIS2_PLACEMENT_3D('',#13952,#13953,#13954);
#13956=PLANE('',#13955);
#13957=ORIENTED_EDGE('',*,*,#13945,.F.);
#13958=ORIENTED_EDGE('',*,*,#13373,.F.);
#13959=ORIENTED_EDGE('',*,*,#13921,.T.);
#13960=ORIENTED_EDGE('',*,*,#13863,.F.);
#13961=EDGE_LOOP('',(#13957,#13958,#13959,#13960));
#13962=FACE_OUTER_BOUND('',#13961,.F.);
#13963=ADVANCED_FACE('',(#13962),#13956,.F.);
#13964=CARTESIAN_POINT('',(-3.05E-1,4.5E-2,7.834936490539E-2));
#13965=DIRECTION('',(-8.660254037844E-1,0.E0,-5.E-1));
#13966=DIRECTION('',(-5.E-1,0.E0,8.660254037844E-1));
#13967=AXIS2_PLACEMENT_3D('',#13964,#13965,#13966);
#13968=PLANE('',#13967);
#13970=ORIENTED_EDGE('',*,*,#13969,.F.);
#13972=ORIENTED_EDGE('',*,*,#13971,.T.);
#13974=ORIENTED_EDGE('',*,*,#13973,.T.);
#13975=ORIENTED_EDGE('',*,*,#13370,.T.);
#13976=EDGE_LOOP('',(#13970,#13972,#13974,#13975));
#13977=FACE_OUTER_BOUND('',#13976,.F.);
#13978=ADVANCED_FACE('',(#13977),#13968,.F.);
#13979=CARTESIAN_POINT('',(-3.175E-1,4.5E-2,1.E-1));
#13980=DIRECTION('',(-8.660254037844E-1,-5.E-1,0.E0));
#13981=DIRECTION('',(5.E-1,-8.660254037844E-1,0.E0));
#13982=AXIS2_PLACEMENT_3D('',#13979,#13980,#13981);
#13983=PLANE('',#13982);
#13984=ORIENTED_EDGE('',*,*,#7790,.F.);
#13986=ORIENTED_EDGE('',*,*,#13985,.T.);
#13988=ORIENTED_EDGE('',*,*,#13987,.F.);
#13989=ORIENTED_EDGE('',*,*,#13969,.T.);
#13990=EDGE_LOOP('',(#13984,#13986,#13988,#13989));
#13991=FACE_OUTER_BOUND('',#13990,.F.);
#13992=ADVANCED_FACE('',(#13991),#13983,.F.);
#13993=CARTESIAN_POINT('',(-3.175E-1,4.5E-2,-1.E-1));
#13994=DIRECTION('',(-8.660254037844E-1,0.E0,5.E-1));
#13995=DIRECTION('',(5.E-1,0.E0,8.660254037844E-1));
#13996=AXIS2_PLACEMENT_3D('',#13993,#13994,#13995);
#13997=PLANE('',#13996);
#13998=ORIENTED_EDGE('',*,*,#13985,.F.);
#13999=ORIENTED_EDGE('',*,*,#13075,.F.);
#14001=ORIENTED_EDGE('',*,*,#14000,.T.);
#14003=ORIENTED_EDGE('',*,*,#14002,.F.);
#14004=EDGE_LOOP('',(#13998,#13999,#14001,#14003));
#14005=FACE_OUTER_BOUND('',#14004,.F.);
#14006=ADVANCED_FACE('',(#14005),#13997,.F.);
#14007=CARTESIAN_POINT('',(-3.05E-1,-2.334936490539E-2,1.E-1));
#14008=DIRECTION('',(-8.660254037844E-1,5.E-1,0.E0));
#14009=DIRECTION('',(-5.E-1,-8.660254037844E-1,0.E0));
#14010=AXIS2_PLACEMENT_3D('',#14007,#14008,#14009);
#14011=PLANE('',#14010);
#14012=ORIENTED_EDGE('',*,*,#6942,.T.);
#14013=ORIENTED_EDGE('',*,*,#13973,.F.);
#14015=ORIENTED_EDGE('',*,*,#14014,.T.);
#14016=ORIENTED_EDGE('',*,*,#14000,.F.);
#14017=EDGE_LOOP('',(#14012,#14013,#14015,#14016));
#14018=FACE_OUTER_BOUND('',#14017,.F.);
#14019=ADVANCED_FACE('',(#14018),#14011,.F.);
#14020=CARTESIAN_POINT('',(-2.925E-1,-4.5E-2,1.E-1));
#14021=DIRECTION('',(8.660254037844E-1,5.E-1,0.E0));
#14022=DIRECTION('',(-5.E-1,8.660254037844E-1,0.E0));
#14023=AXIS2_PLACEMENT_3D('',#14020,#14021,#14022);
#14024=PLANE('',#14023);
#14025=ORIENTED_EDGE('',*,*,#6982,.F.);
#14027=ORIENTED_EDGE('',*,*,#14026,.F.);
#14028=ORIENTED_EDGE('',*,*,#14014,.F.);
#14030=ORIENTED_EDGE('',*,*,#14029,.F.);
#14031=EDGE_LOOP('',(#14025,#14027,#14028,#14030));
#14032=FACE_OUTER_BOUND('',#14031,.F.);
#14033=ADVANCED_FACE('',(#14032),#14024,.F.);
#14034=CARTESIAN_POINT('',(-3.05E-1,4.5E-2,-7.834936490539E-2));
#14035=DIRECTION('',(8.660254037844E-1,0.E0,5.E-1));
#14036=DIRECTION('',(5.E-1,0.E0,-8.660254037844E-1));
#14037=AXIS2_PLACEMENT_3D('',#14034,#14035,#14036);
#14038=PLANE('',#14037);
#14040=ORIENTED_EDGE('',*,*,#14039,.F.);
#14041=ORIENTED_EDGE('',*,*,#14002,.T.);
#14042=ORIENTED_EDGE('',*,*,#14026,.T.);
#14043=ORIENTED_EDGE('',*,*,#13092,.T.);
#14044=EDGE_LOOP('',(#14040,#14041,#14042,#14043));
#14045=FACE_OUTER_BOUND('',#14044,.F.);
#14046=ADVANCED_FACE('',(#14045),#14038,.F.);
#14047=CARTESIAN_POINT('',(-3.05E-1,2.334936490539E-2,1.E-1));
#14048=DIRECTION('',(8.660254037844E-1,-5.E-1,0.E0));
#14049=DIRECTION('',(5.E-1,8.660254037844E-1,0.E0));
#14050=AXIS2_PLACEMENT_3D('',#14047,#14048,#14049);
#14051=PLANE('',#14050);
#14052=ORIENTED_EDGE('',*,*,#7830,.T.);
#14054=ORIENTED_EDGE('',*,*,#14053,.T.);
#14055=ORIENTED_EDGE('',*,*,#13987,.T.);
#14056=ORIENTED_EDGE('',*,*,#14039,.T.);
#14057=EDGE_LOOP('',(#14052,#14054,#14055,#14056));
#14058=FACE_OUTER_BOUND('',#14057,.F.);
#14059=ADVANCED_FACE('',(#14058),#14051,.F.);
#14060=CARTESIAN_POINT('',(-2.925E-1,4.5E-2,1.E-1));
#14061=DIRECTION('',(8.660254037844E-1,0.E0,-5.E-1));
#14062=DIRECTION('',(-5.E-1,0.E0,-8.660254037844E-1));
#14063=AXIS2_PLACEMENT_3D('',#14060,#14061,#14062);
#14064=PLANE('',#14063);
#14065=ORIENTED_EDGE('',*,*,#14053,.F.);
#14066=ORIENTED_EDGE('',*,*,#13387,.F.);
#14067=ORIENTED_EDGE('',*,*,#14029,.T.);
#14068=ORIENTED_EDGE('',*,*,#13971,.F.);
#14069=EDGE_LOOP('',(#14065,#14066,#14067,#14068));
#14070=FACE_OUTER_BOUND('',#14069,.F.);
#14071=ADVANCED_FACE('',(#14070),#14064,.F.);
#14072=CARTESIAN_POINT('',(-2.05E-1,4.5E-2,7.834936490539E-2));
#14073=DIRECTION('',(-8.660254037844E-1,0.E0,-5.E-1));
#14074=DIRECTION('',(-5.E-1,0.E0,8.660254037844E-1));
#14075=AXIS2_PLACEMENT_3D('',#14072,#14073,#14074);
#14076=PLANE('',#14075);
#14078=ORIENTED_EDGE('',*,*,#14077,.F.);
#14080=ORIENTED_EDGE('',*,*,#14079,.T.);
#14082=ORIENTED_EDGE('',*,*,#14081,.T.);
#14083=ORIENTED_EDGE('',*,*,#13384,.T.);
#14084=EDGE_LOOP('',(#14078,#14080,#14082,#14083));
#14085=FACE_OUTER_BOUND('',#14084,.F.);
#14086=ADVANCED_FACE('',(#14085),#14076,.F.);
#14087=CARTESIAN_POINT('',(-2.175E-1,4.5E-2,1.E-1));
#14088=DIRECTION('',(-8.660254037844E-1,-5.E-1,0.E0));
#14089=DIRECTION('',(5.E-1,-8.660254037844E-1,0.E0));
#14090=AXIS2_PLACEMENT_3D('',#14087,#14088,#14089);
#14091=PLANE('',#14090);
#14092=ORIENTED_EDGE('',*,*,#7826,.F.);
#14094=ORIENTED_EDGE('',*,*,#14093,.T.);
#14096=ORIENTED_EDGE('',*,*,#14095,.F.);
#14097=ORIENTED_EDGE('',*,*,#14077,.T.);
#14098=EDGE_LOOP('',(#14092,#14094,#14096,#14097));
#14099=FACE_OUTER_BOUND('',#14098,.F.);
#14100=ADVANCED_FACE('',(#14099),#14091,.F.);
#14101=CARTESIAN_POINT('',(-2.175E-1,4.5E-2,-1.E-1));
#14102=DIRECTION('',(-8.660254037844E-1,0.E0,5.E-1));
#14103=DIRECTION('',(5.E-1,0.E0,8.660254037844E-1));
#14104=AXIS2_PLACEMENT_3D('',#14101,#14102,#14103);
#14105=PLANE('',#14104);
#14106=ORIENTED_EDGE('',*,*,#14093,.F.);
#14107=ORIENTED_EDGE('',*,*,#13089,.F.);
#14109=ORIENTED_EDGE('',*,*,#14108,.T.);
#14111=ORIENTED_EDGE('',*,*,#14110,.F.);
#14112=EDGE_LOOP('',(#14106,#14107,#14109,#14111));
#14113=FACE_OUTER_BOUND('',#14112,.F.);
#14114=ADVANCED_FACE('',(#14113),#14105,.F.);
#14115=CARTESIAN_POINT('',(-2.05E-1,-2.334936490539E-2,1.E-1));
#14116=DIRECTION('',(-8.660254037844E-1,5.E-1,0.E0));
#14117=DIRECTION('',(-5.E-1,-8.660254037844E-1,0.E0));
#14118=AXIS2_PLACEMENT_3D('',#14115,#14116,#14117);
#14119=PLANE('',#14118);
#14120=ORIENTED_EDGE('',*,*,#6978,.T.);
#14121=ORIENTED_EDGE('',*,*,#14081,.F.);
#14123=ORIENTED_EDGE('',*,*,#14122,.T.);
#14124=ORIENTED_EDGE('',*,*,#14108,.F.);
#14125=EDGE_LOOP('',(#14120,#14121,#14123,#14124));
#14126=FACE_OUTER_BOUND('',#14125,.F.);
#14127=ADVANCED_FACE('',(#14126),#14119,.F.);
#14128=CARTESIAN_POINT('',(-1.925E-1,-4.5E-2,1.E-1));
#14129=DIRECTION('',(8.660254037844E-1,5.E-1,0.E0));
#14130=DIRECTION('',(-5.E-1,8.660254037844E-1,0.E0));
#14131=AXIS2_PLACEMENT_3D('',#14128,#14129,#14130);
#14132=PLANE('',#14131);
#14133=ORIENTED_EDGE('',*,*,#7018,.F.);
#14135=ORIENTED_EDGE('',*,*,#14134,.F.);
#14136=ORIENTED_EDGE('',*,*,#14122,.F.);
#14138=ORIENTED_EDGE('',*,*,#14137,.F.);
#14139=EDGE_LOOP('',(#14133,#14135,#14136,#14138));
#14140=FACE_OUTER_BOUND('',#14139,.F.);
#14141=ADVANCED_FACE('',(#14140),#14132,.F.);
#14142=CARTESIAN_POINT('',(-2.05E-1,4.5E-2,-7.834936490539E-2));
#14143=DIRECTION('',(8.660254037844E-1,0.E0,5.E-1));
#14144=DIRECTION('',(5.E-1,0.E0,-8.660254037844E-1));
#14145=AXIS2_PLACEMENT_3D('',#14142,#14143,#14144);
#14146=PLANE('',#14145);
#14148=ORIENTED_EDGE('',*,*,#14147,.F.);
#14149=ORIENTED_EDGE('',*,*,#14110,.T.);
#14150=ORIENTED_EDGE('',*,*,#14134,.T.);
#14151=ORIENTED_EDGE('',*,*,#13106,.T.);
#14152=EDGE_LOOP('',(#14148,#14149,#14150,#14151));
#14153=FACE_OUTER_BOUND('',#14152,.F.);
#14154=ADVANCED_FACE('',(#14153),#14146,.F.);
#14155=CARTESIAN_POINT('',(-2.05E-1,2.334936490539E-2,1.E-1));
#14156=DIRECTION('',(8.660254037844E-1,-5.E-1,0.E0));
#14157=DIRECTION('',(5.E-1,8.660254037844E-1,0.E0));
#14158=AXIS2_PLACEMENT_3D('',#14155,#14156,#14157);
#14159=PLANE('',#14158);
#14160=ORIENTED_EDGE('',*,*,#7866,.T.);
#14162=ORIENTED_EDGE('',*,*,#14161,.T.);
#14163=ORIENTED_EDGE('',*,*,#14095,.T.);
#14164=ORIENTED_EDGE('',*,*,#14147,.T.);
#14165=EDGE_LOOP('',(#14160,#14162,#14163,#14164));
#14166=FACE_OUTER_BOUND('',#14165,.F.);
#14167=ADVANCED_FACE('',(#14166),#14159,.F.);
#14168=CARTESIAN_POINT('',(-1.925E-1,4.5E-2,1.E-1));
#14169=DIRECTION('',(8.660254037844E-1,0.E0,-5.E-1));
#14170=DIRECTION('',(-5.E-1,0.E0,-8.660254037844E-1));
#14171=AXIS2_PLACEMENT_3D('',#14168,#14169,#14170);
#14172=PLANE('',#14171);
#14173=ORIENTED_EDGE('',*,*,#14161,.F.);
#14174=ORIENTED_EDGE('',*,*,#13401,.F.);
#14175=ORIENTED_EDGE('',*,*,#14137,.T.);
#14176=ORIENTED_EDGE('',*,*,#14079,.F.);
#14177=EDGE_LOOP('',(#14173,#14174,#14175,#14176));
#14178=FACE_OUTER_BOUND('',#14177,.F.);
#14179=ADVANCED_FACE('',(#14178),#14172,.F.);
#14180=CARTESIAN_POINT('',(-1.05E-1,4.5E-2,7.834936490539E-2));
#14181=DIRECTION('',(-8.660254037844E-1,0.E0,-5.E-1));
#14182=DIRECTION('',(-5.E-1,0.E0,8.660254037844E-1));
#14183=AXIS2_PLACEMENT_3D('',#14180,#14181,#14182);
#14184=PLANE('',#14183);
#14186=ORIENTED_EDGE('',*,*,#14185,.F.);
#14188=ORIENTED_EDGE('',*,*,#14187,.T.);
#14190=ORIENTED_EDGE('',*,*,#14189,.T.);
#14191=ORIENTED_EDGE('',*,*,#13398,.T.);
#14192=EDGE_LOOP('',(#14186,#14188,#14190,#14191));
#14193=FACE_OUTER_BOUND('',#14192,.F.);
#14194=ADVANCED_FACE('',(#14193),#14184,.F.);
#14195=CARTESIAN_POINT('',(-1.175E-1,4.5E-2,1.E-1));
#14196=DIRECTION('',(-8.660254037844E-1,-5.E-1,0.E0));
#14197=DIRECTION('',(5.E-1,-8.660254037844E-1,0.E0));
#14198=AXIS2_PLACEMENT_3D('',#14195,#14196,#14197);
#14199=PLANE('',#14198);
#14200=ORIENTED_EDGE('',*,*,#7862,.F.);
#14202=ORIENTED_EDGE('',*,*,#14201,.T.);
#14204=ORIENTED_EDGE('',*,*,#14203,.F.);
#14205=ORIENTED_EDGE('',*,*,#14185,.T.);
#14206=EDGE_LOOP('',(#14200,#14202,#14204,#14205));
#14207=FACE_OUTER_BOUND('',#14206,.F.);
#14208=ADVANCED_FACE('',(#14207),#14199,.F.);
#14209=CARTESIAN_POINT('',(-1.175E-1,4.5E-2,-1.E-1));
#14210=DIRECTION('',(-8.660254037844E-1,0.E0,5.E-1));
#14211=DIRECTION('',(5.E-1,0.E0,8.660254037844E-1));
#14212=AXIS2_PLACEMENT_3D('',#14209,#14210,#14211);
#14213=PLANE('',#14212);
#14214=ORIENTED_EDGE('',*,*,#14201,.F.);
#14215=ORIENTED_EDGE('',*,*,#13103,.F.);
#14217=ORIENTED_EDGE('',*,*,#14216,.T.);
#14219=ORIENTED_EDGE('',*,*,#14218,.F.);
#14220=EDGE_LOOP('',(#14214,#14215,#14217,#14219));
#14221=FACE_OUTER_BOUND('',#14220,.F.);
#14222=ADVANCED_FACE('',(#14221),#14213,.F.);
#14223=CARTESIAN_POINT('',(-1.05E-1,-2.334936490539E-2,1.E-1));
#14224=DIRECTION('',(-8.660254037844E-1,5.E-1,0.E0));
#14225=DIRECTION('',(-5.E-1,-8.660254037844E-1,0.E0));
#14226=AXIS2_PLACEMENT_3D('',#14223,#14224,#14225);
#14227=PLANE('',#14226);
#14228=ORIENTED_EDGE('',*,*,#7014,.T.);
#14229=ORIENTED_EDGE('',*,*,#14189,.F.);
#14231=ORIENTED_EDGE('',*,*,#14230,.T.);
#14232=ORIENTED_EDGE('',*,*,#14216,.F.);
#14233=EDGE_LOOP('',(#14228,#14229,#14231,#14232));
#14234=FACE_OUTER_BOUND('',#14233,.F.);
#14235=ADVANCED_FACE('',(#14234),#14227,.F.);
#14236=CARTESIAN_POINT('',(-9.25E-2,-4.5E-2,1.E-1));
#14237=DIRECTION('',(8.660254037844E-1,5.E-1,0.E0));
#14238=DIRECTION('',(-5.E-1,8.660254037844E-1,0.E0));
#14239=AXIS2_PLACEMENT_3D('',#14236,#14237,#14238);
#14240=PLANE('',#14239);
#14241=ORIENTED_EDGE('',*,*,#7054,.F.);
#14243=ORIENTED_EDGE('',*,*,#14242,.F.);
#14244=ORIENTED_EDGE('',*,*,#14230,.F.);
#14246=ORIENTED_EDGE('',*,*,#14245,.F.);
#14247=EDGE_LOOP('',(#14241,#14243,#14244,#14246));
#14248=FACE_OUTER_BOUND('',#14247,.F.);
#14249=ADVANCED_FACE('',(#14248),#14240,.F.);
#14250=CARTESIAN_POINT('',(-1.05E-1,4.5E-2,-7.834936490539E-2));
#14251=DIRECTION('',(8.660254037844E-1,0.E0,5.E-1));
#14252=DIRECTION('',(5.E-1,0.E0,-8.660254037844E-1));
#14253=AXIS2_PLACEMENT_3D('',#14250,#14251,#14252);
#14254=PLANE('',#14253);
#14256=ORIENTED_EDGE('',*,*,#14255,.F.);
#14257=ORIENTED_EDGE('',*,*,#14218,.T.);
#14258=ORIENTED_EDGE('',*,*,#14242,.T.);
#14259=ORIENTED_EDGE('',*,*,#13120,.T.);
#14260=EDGE_LOOP('',(#14256,#14257,#14258,#14259));
#14261=FACE_OUTER_BOUND('',#14260,.F.);
#14262=ADVANCED_FACE('',(#14261),#14254,.F.);
#14263=CARTESIAN_POINT('',(-1.05E-1,2.334936490539E-2,1.E-1));
#14264=DIRECTION('',(8.660254037844E-1,-5.E-1,0.E0));
#14265=DIRECTION('',(5.E-1,8.660254037844E-1,0.E0));
#14266=AXIS2_PLACEMENT_3D('',#14263,#14264,#14265);
#14267=PLANE('',#14266);
#14268=ORIENTED_EDGE('',*,*,#7902,.T.);
#14270=ORIENTED_EDGE('',*,*,#14269,.T.);
#14271=ORIENTED_EDGE('',*,*,#14203,.T.);
#14272=ORIENTED_EDGE('',*,*,#14255,.T.);
#14273=EDGE_LOOP('',(#14268,#14270,#14271,#14272));
#14274=FACE_OUTER_BOUND('',#14273,.F.);
#14275=ADVANCED_FACE('',(#14274),#14267,.F.);
#14276=CARTESIAN_POINT('',(-9.25E-2,4.5E-2,1.E-1));
#14277=DIRECTION('',(8.660254037844E-1,0.E0,-5.E-1));
#14278=DIRECTION('',(-5.E-1,0.E0,-8.660254037844E-1));
#14279=AXIS2_PLACEMENT_3D('',#14276,#14277,#14278);
#14280=PLANE('',#14279);
#14281=ORIENTED_EDGE('',*,*,#14269,.F.);
#14282=ORIENTED_EDGE('',*,*,#13415,.F.);
#14283=ORIENTED_EDGE('',*,*,#14245,.T.);
#14284=ORIENTED_EDGE('',*,*,#14187,.F.);
#14285=EDGE_LOOP('',(#14281,#14282,#14283,#14284));
#14286=FACE_OUTER_BOUND('',#14285,.F.);
#14287=ADVANCED_FACE('',(#14286),#14280,.F.);
#14288=CARTESIAN_POINT('',(-5.E-3,4.5E-2,7.834936490539E-2));
#14289=DIRECTION('',(-8.660254037844E-1,0.E0,-5.E-1));
#14290=DIRECTION('',(-5.E-1,0.E0,8.660254037844E-1));
#14291=AXIS2_PLACEMENT_3D('',#14288,#14289,#14290);
#14292=PLANE('',#14291);
#14294=ORIENTED_EDGE('',*,*,#14293,.F.);
#14296=ORIENTED_EDGE('',*,*,#14295,.T.);
#14298=ORIENTED_EDGE('',*,*,#14297,.T.);
#14299=ORIENTED_EDGE('',*,*,#13412,.T.);
#14300=EDGE_LOOP('',(#14294,#14296,#14298,#14299));
#14301=FACE_OUTER_BOUND('',#14300,.F.);
#14302=ADVANCED_FACE('',(#14301),#14292,.F.);
#14303=CARTESIAN_POINT('',(-1.75E-2,4.5E-2,1.E-1));
#14304=DIRECTION('',(-8.660254037844E-1,-5.E-1,0.E0));
#14305=DIRECTION('',(5.E-1,-8.660254037844E-1,0.E0));
#14306=AXIS2_PLACEMENT_3D('',#14303,#14304,#14305);
#14307=PLANE('',#14306);
#14308=ORIENTED_EDGE('',*,*,#7898,.F.);
#14310=ORIENTED_EDGE('',*,*,#14309,.T.);
#14312=ORIENTED_EDGE('',*,*,#14311,.F.);
#14313=ORIENTED_EDGE('',*,*,#14293,.T.);
#14314=EDGE_LOOP('',(#14308,#14310,#14312,#14313));
#14315=FACE_OUTER_BOUND('',#14314,.F.);
#14316=ADVANCED_FACE('',(#14315),#14307,.F.);
#14317=CARTESIAN_POINT('',(-1.75E-2,4.5E-2,-1.E-1));
#14318=DIRECTION('',(-8.660254037844E-1,0.E0,5.E-1));
#14319=DIRECTION('',(5.E-1,0.E0,8.660254037844E-1));
#14320=AXIS2_PLACEMENT_3D('',#14317,#14318,#14319);
#14321=PLANE('',#14320);
#14322=ORIENTED_EDGE('',*,*,#14309,.F.);
#14323=ORIENTED_EDGE('',*,*,#13117,.F.);
#14325=ORIENTED_EDGE('',*,*,#14324,.T.);
#14327=ORIENTED_EDGE('',*,*,#14326,.F.);
#14328=EDGE_LOOP('',(#14322,#14323,#14325,#14327));
#14329=FACE_OUTER_BOUND('',#14328,.F.);
#14330=ADVANCED_FACE('',(#14329),#14321,.F.);
#14331=CARTESIAN_POINT('',(-5.E-3,-2.334936490539E-2,1.E-1));
#14332=DIRECTION('',(-8.660254037844E-1,5.E-1,0.E0));
#14333=DIRECTION('',(-5.E-1,-8.660254037844E-1,0.E0));
#14334=AXIS2_PLACEMENT_3D('',#14331,#14332,#14333);
#14335=PLANE('',#14334);
#14336=ORIENTED_EDGE('',*,*,#7050,.T.);
#14337=ORIENTED_EDGE('',*,*,#14297,.F.);
#14339=ORIENTED_EDGE('',*,*,#14338,.T.);
#14340=ORIENTED_EDGE('',*,*,#14324,.F.);
#14341=EDGE_LOOP('',(#14336,#14337,#14339,#14340));
#14342=FACE_OUTER_BOUND('',#14341,.F.);
#14343=ADVANCED_FACE('',(#14342),#14335,.F.);
#14344=CARTESIAN_POINT('',(7.5E-3,-4.5E-2,1.E-1));
#14345=DIRECTION('',(8.660254037844E-1,5.E-1,0.E0));
#14346=DIRECTION('',(-5.E-1,8.660254037844E-1,0.E0));
#14347=AXIS2_PLACEMENT_3D('',#14344,#14345,#14346);
#14348=PLANE('',#14347);
#14349=ORIENTED_EDGE('',*,*,#7090,.F.);
#14351=ORIENTED_EDGE('',*,*,#14350,.F.);
#14352=ORIENTED_EDGE('',*,*,#14338,.F.);
#14354=ORIENTED_EDGE('',*,*,#14353,.F.);
#14355=EDGE_LOOP('',(#14349,#14351,#14352,#14354));
#14356=FACE_OUTER_BOUND('',#14355,.F.);
#14357=ADVANCED_FACE('',(#14356),#14348,.F.);
#14358=CARTESIAN_POINT('',(-5.E-3,4.5E-2,-7.834936490539E-2));
#14359=DIRECTION('',(8.660254037844E-1,0.E0,5.E-1));
#14360=DIRECTION('',(5.E-1,0.E0,-8.660254037844E-1));
#14361=AXIS2_PLACEMENT_3D('',#14358,#14359,#14360);
#14362=PLANE('',#14361);
#14364=ORIENTED_EDGE('',*,*,#14363,.F.);
#14365=ORIENTED_EDGE('',*,*,#14326,.T.);
#14366=ORIENTED_EDGE('',*,*,#14350,.T.);
#14367=ORIENTED_EDGE('',*,*,#13134,.T.);
#14368=EDGE_LOOP('',(#14364,#14365,#14366,#14367));
#14369=FACE_OUTER_BOUND('',#14368,.F.);
#14370=ADVANCED_FACE('',(#14369),#14362,.F.);
#14371=CARTESIAN_POINT('',(-5.E-3,2.334936490539E-2,1.E-1));
#14372=DIRECTION('',(8.660254037844E-1,-5.E-1,0.E0));
#14373=DIRECTION('',(5.E-1,8.660254037844E-1,0.E0));
#14374=AXIS2_PLACEMENT_3D('',#14371,#14372,#14373);
#14375=PLANE('',#14374);
#14376=ORIENTED_EDGE('',*,*,#7938,.T.);
#14378=ORIENTED_EDGE('',*,*,#14377,.T.);
#14379=ORIENTED_EDGE('',*,*,#14311,.T.);
#14380=ORIENTED_EDGE('',*,*,#14363,.T.);
#14381=EDGE_LOOP('',(#14376,#14378,#14379,#14380));
#14382=FACE_OUTER_BOUND('',#14381,.F.);
#14383=ADVANCED_FACE('',(#14382),#14375,.F.);
#14384=CARTESIAN_POINT('',(7.5E-3,4.5E-2,1.E-1));
#14385=DIRECTION('',(8.660254037844E-1,0.E0,-5.E-1));
#14386=DIRECTION('',(-5.E-1,0.E0,-8.660254037844E-1));
#14387=AXIS2_PLACEMENT_3D('',#14384,#14385,#14386);
#14388=PLANE('',#14387);
#14389=ORIENTED_EDGE('',*,*,#14377,.F.);
#14390=ORIENTED_EDGE('',*,*,#13429,.F.);
#14391=ORIENTED_EDGE('',*,*,#14353,.T.);
#14392=ORIENTED_EDGE('',*,*,#14295,.F.);
#14393=EDGE_LOOP('',(#14389,#14390,#14391,#14392));
#14394=FACE_OUTER_BOUND('',#14393,.F.);
#14395=ADVANCED_FACE('',(#14394),#14388,.F.);
#14396=CARTESIAN_POINT('',(9.5E-2,4.5E-2,7.834936490539E-2));
#14397=DIRECTION('',(-8.660254037844E-1,0.E0,-5.E-1));
#14398=DIRECTION('',(-5.E-1,0.E0,8.660254037844E-1));
#14399=AXIS2_PLACEMENT_3D('',#14396,#14397,#14398);
#14400=PLANE('',#14399);
#14402=ORIENTED_EDGE('',*,*,#14401,.F.);
#14404=ORIENTED_EDGE('',*,*,#14403,.T.);
#14406=ORIENTED_EDGE('',*,*,#14405,.T.);
#14407=ORIENTED_EDGE('',*,*,#13426,.T.);
#14408=EDGE_LOOP('',(#14402,#14404,#14406,#14407));
#14409=FACE_OUTER_BOUND('',#14408,.F.);
#14410=ADVANCED_FACE('',(#14409),#14400,.F.);
#14411=CARTESIAN_POINT('',(8.25E-2,4.5E-2,1.E-1));
#14412=DIRECTION('',(-8.660254037844E-1,-5.E-1,0.E0));
#14413=DIRECTION('',(5.E-1,-8.660254037844E-1,0.E0));
#14414=AXIS2_PLACEMENT_3D('',#14411,#14412,#14413);
#14415=PLANE('',#14414);
#14416=ORIENTED_EDGE('',*,*,#7934,.F.);
#14418=ORIENTED_EDGE('',*,*,#14417,.T.);
#14420=ORIENTED_EDGE('',*,*,#14419,.F.);
#14421=ORIENTED_EDGE('',*,*,#14401,.T.);
#14422=EDGE_LOOP('',(#14416,#14418,#14420,#14421));
#14423=FACE_OUTER_BOUND('',#14422,.F.);
#14424=ADVANCED_FACE('',(#14423),#14415,.F.);
#14425=CARTESIAN_POINT('',(8.25E-2,4.5E-2,-1.E-1));
#14426=DIRECTION('',(-8.660254037844E-1,0.E0,5.E-1));
#14427=DIRECTION('',(5.E-1,0.E0,8.660254037844E-1));
#14428=AXIS2_PLACEMENT_3D('',#14425,#14426,#14427);
#14429=PLANE('',#14428);
#14430=ORIENTED_EDGE('',*,*,#14417,.F.);
#14431=ORIENTED_EDGE('',*,*,#13131,.F.);
#14433=ORIENTED_EDGE('',*,*,#14432,.T.);
#14435=ORIENTED_EDGE('',*,*,#14434,.F.);
#14436=EDGE_LOOP('',(#14430,#14431,#14433,#14435));
#14437=FACE_OUTER_BOUND('',#14436,.F.);
#14438=ADVANCED_FACE('',(#14437),#14429,.F.);
#14439=CARTESIAN_POINT('',(9.5E-2,-2.334936490539E-2,1.E-1));
#14440=DIRECTION('',(-8.660254037844E-1,5.E-1,0.E0));
#14441=DIRECTION('',(-5.E-1,-8.660254037844E-1,0.E0));
#14442=AXIS2_PLACEMENT_3D('',#14439,#14440,#14441);
#14443=PLANE('',#14442);
#14444=ORIENTED_EDGE('',*,*,#7086,.T.);
#14445=ORIENTED_EDGE('',*,*,#14405,.F.);
#14447=ORIENTED_EDGE('',*,*,#14446,.T.);
#14448=ORIENTED_EDGE('',*,*,#14432,.F.);
#14449=EDGE_LOOP('',(#14444,#14445,#14447,#14448));
#14450=FACE_OUTER_BOUND('',#14449,.F.);
#14451=ADVANCED_FACE('',(#14450),#14443,.F.);
#14452=CARTESIAN_POINT('',(1.075E-1,-4.5E-2,1.E-1));
#14453=DIRECTION('',(8.660254037844E-1,5.E-1,0.E0));
#14454=DIRECTION('',(-5.E-1,8.660254037844E-1,0.E0));
#14455=AXIS2_PLACEMENT_3D('',#14452,#14453,#14454);
#14456=PLANE('',#14455);
#14457=ORIENTED_EDGE('',*,*,#7126,.F.);
#14459=ORIENTED_EDGE('',*,*,#14458,.F.);
#14460=ORIENTED_EDGE('',*,*,#14446,.F.);
#14462=ORIENTED_EDGE('',*,*,#14461,.F.);
#14463=EDGE_LOOP('',(#14457,#14459,#14460,#14462));
#14464=FACE_OUTER_BOUND('',#14463,.F.);
#14465=ADVANCED_FACE('',(#14464),#14456,.F.);
#14466=CARTESIAN_POINT('',(9.5E-2,4.5E-2,-7.834936490539E-2));
#14467=DIRECTION('',(8.660254037844E-1,0.E0,5.E-1));
#14468=DIRECTION('',(5.E-1,0.E0,-8.660254037844E-1));
#14469=AXIS2_PLACEMENT_3D('',#14466,#14467,#14468);
#14470=PLANE('',#14469);
#14472=ORIENTED_EDGE('',*,*,#14471,.F.);
#14473=ORIENTED_EDGE('',*,*,#14434,.T.);
#14474=ORIENTED_EDGE('',*,*,#14458,.T.);
#14475=ORIENTED_EDGE('',*,*,#13148,.T.);
#14476=EDGE_LOOP('',(#14472,#14473,#14474,#14475));
#14477=FACE_OUTER_BOUND('',#14476,.F.);
#14478=ADVANCED_FACE('',(#14477),#14470,.F.);
#14479=CARTESIAN_POINT('',(9.5E-2,2.334936490539E-2,1.E-1));
#14480=DIRECTION('',(8.660254037844E-1,-5.E-1,0.E0));
#14481=DIRECTION('',(5.E-1,8.660254037844E-1,0.E0));
#14482=AXIS2_PLACEMENT_3D('',#14479,#14480,#14481);
#14483=PLANE('',#14482);
#14484=ORIENTED_EDGE('',*,*,#7974,.T.);
#14486=ORIENTED_EDGE('',*,*,#14485,.T.);
#14487=ORIENTED_EDGE('',*,*,#14419,.T.);
#14488=ORIENTED_EDGE('',*,*,#14471,.T.);
#14489=EDGE_LOOP('',(#14484,#14486,#14487,#14488));
#14490=FACE_OUTER_BOUND('',#14489,.F.);
#14491=ADVANCED_FACE('',(#14490),#14483,.F.);
#14492=CARTESIAN_POINT('',(1.075E-1,4.5E-2,1.E-1));
#14493=DIRECTION('',(8.660254037844E-1,0.E0,-5.E-1));
#14494=DIRECTION('',(-5.E-1,0.E0,-8.660254037844E-1));
#14495=AXIS2_PLACEMENT_3D('',#14492,#14493,#14494);
#14496=PLANE('',#14495);
#14497=ORIENTED_EDGE('',*,*,#14485,.F.);
#14498=ORIENTED_EDGE('',*,*,#13443,.F.);
#14499=ORIENTED_EDGE('',*,*,#14461,.T.);
#14500=ORIENTED_EDGE('',*,*,#14403,.F.);
#14501=EDGE_LOOP('',(#14497,#14498,#14499,#14500));
#14502=FACE_OUTER_BOUND('',#14501,.F.);
#14503=ADVANCED_FACE('',(#14502),#14496,.F.);
#14504=CARTESIAN_POINT('',(1.95E-1,4.5E-2,7.834936490539E-2));
#14505=DIRECTION('',(-8.660254037844E-1,0.E0,-5.E-1));
#14506=DIRECTION('',(-5.E-1,0.E0,8.660254037844E-1));
#14507=AXIS2_PLACEMENT_3D('',#14504,#14505,#14506);
#14508=PLANE('',#14507);
#14510=ORIENTED_EDGE('',*,*,#14509,.F.);
#14512=ORIENTED_EDGE('',*,*,#14511,.T.);
#14514=ORIENTED_EDGE('',*,*,#14513,.T.);
#14515=ORIENTED_EDGE('',*,*,#13440,.T.);
#14516=EDGE_LOOP('',(#14510,#14512,#14514,#14515));
#14517=FACE_OUTER_BOUND('',#14516,.F.);
#14518=ADVANCED_FACE('',(#14517),#14508,.F.);
#14519=CARTESIAN_POINT('',(1.825E-1,4.5E-2,1.E-1));
#14520=DIRECTION('',(-8.660254037844E-1,-5.E-1,0.E0));
#14521=DIRECTION('',(5.E-1,-8.660254037844E-1,0.E0));
#14522=AXIS2_PLACEMENT_3D('',#14519,#14520,#14521);
#14523=PLANE('',#14522);
#14524=ORIENTED_EDGE('',*,*,#7970,.F.);
#14526=ORIENTED_EDGE('',*,*,#14525,.T.);
#14528=ORIENTED_EDGE('',*,*,#14527,.F.);
#14529=ORIENTED_EDGE('',*,*,#14509,.T.);
#14530=EDGE_LOOP('',(#14524,#14526,#14528,#14529));
#14531=FACE_OUTER_BOUND('',#14530,.F.);
#14532=ADVANCED_FACE('',(#14531),#14523,.F.);
#14533=CARTESIAN_POINT('',(1.825E-1,4.5E-2,-1.E-1));
#14534=DIRECTION('',(-8.660254037844E-1,0.E0,5.E-1));
#14535=DIRECTION('',(5.E-1,0.E0,8.660254037844E-1));
#14536=AXIS2_PLACEMENT_3D('',#14533,#14534,#14535);
#14537=PLANE('',#14536);
#14538=ORIENTED_EDGE('',*,*,#14525,.F.);
#14539=ORIENTED_EDGE('',*,*,#13145,.F.);
#14541=ORIENTED_EDGE('',*,*,#14540,.T.);
#14543=ORIENTED_EDGE('',*,*,#14542,.F.);
#14544=EDGE_LOOP('',(#14538,#14539,#14541,#14543));
#14545=FACE_OUTER_BOUND('',#14544,.F.);
#14546=ADVANCED_FACE('',(#14545),#14537,.F.);
#14547=CARTESIAN_POINT('',(1.95E-1,-2.334936490539E-2,1.E-1));
#14548=DIRECTION('',(-8.660254037844E-1,5.E-1,0.E0));
#14549=DIRECTION('',(-5.E-1,-8.660254037844E-1,0.E0));
#14550=AXIS2_PLACEMENT_3D('',#14547,#14548,#14549);
#14551=PLANE('',#14550);
#14552=ORIENTED_EDGE('',*,*,#7122,.T.);
#14553=ORIENTED_EDGE('',*,*,#14513,.F.);
#14555=ORIENTED_EDGE('',*,*,#14554,.T.);
#14556=ORIENTED_EDGE('',*,*,#14540,.F.);
#14557=EDGE_LOOP('',(#14552,#14553,#14555,#14556));
#14558=FACE_OUTER_BOUND('',#14557,.F.);
#14559=ADVANCED_FACE('',(#14558),#14551,.F.);
#14560=CARTESIAN_POINT('',(2.075E-1,-4.5E-2,1.E-1));
#14561=DIRECTION('',(8.660254037844E-1,5.E-1,0.E0));
#14562=DIRECTION('',(-5.E-1,8.660254037844E-1,0.E0));
#14563=AXIS2_PLACEMENT_3D('',#14560,#14561,#14562);
#14564=PLANE('',#14563);
#14565=ORIENTED_EDGE('',*,*,#7162,.F.);
#14567=ORIENTED_EDGE('',*,*,#14566,.F.);
#14568=ORIENTED_EDGE('',*,*,#14554,.F.);
#14570=ORIENTED_EDGE('',*,*,#14569,.F.);
#14571=EDGE_LOOP('',(#14565,#14567,#14568,#14570));
#14572=FACE_OUTER_BOUND('',#14571,.F.);
#14573=ADVANCED_FACE('',(#14572),#14564,.F.);
#14574=CARTESIAN_POINT('',(1.95E-1,4.5E-2,-7.834936490539E-2));
#14575=DIRECTION('',(8.660254037844E-1,0.E0,5.E-1));
#14576=DIRECTION('',(5.E-1,0.E0,-8.660254037844E-1));
#14577=AXIS2_PLACEMENT_3D('',#14574,#14575,#14576);
#14578=PLANE('',#14577);
#14580=ORIENTED_EDGE('',*,*,#14579,.F.);
#14581=ORIENTED_EDGE('',*,*,#14542,.T.);
#14582=ORIENTED_EDGE('',*,*,#14566,.T.);
#14583=ORIENTED_EDGE('',*,*,#13162,.T.);
#14584=EDGE_LOOP('',(#14580,#14581,#14582,#14583));
#14585=FACE_OUTER_BOUND('',#14584,.F.);
#14586=ADVANCED_FACE('',(#14585),#14578,.F.);
#14587=CARTESIAN_POINT('',(1.95E-1,2.334936490539E-2,1.E-1));
#14588=DIRECTION('',(8.660254037844E-1,-5.E-1,0.E0));
#14589=DIRECTION('',(5.E-1,8.660254037844E-1,0.E0));
#14590=AXIS2_PLACEMENT_3D('',#14587,#14588,#14589);
#14591=PLANE('',#14590);
#14592=ORIENTED_EDGE('',*,*,#8010,.T.);
#14594=ORIENTED_EDGE('',*,*,#14593,.T.);
#14595=ORIENTED_EDGE('',*,*,#14527,.T.);
#14596=ORIENTED_EDGE('',*,*,#14579,.T.);
#14597=EDGE_LOOP('',(#14592,#14594,#14595,#14596));
#14598=FACE_OUTER_BOUND('',#14597,.F.);
#14599=ADVANCED_FACE('',(#14598),#14591,.F.);
#14600=CARTESIAN_POINT('',(2.075E-1,4.5E-2,1.E-1));
#14601=DIRECTION('',(8.660254037844E-1,0.E0,-5.E-1));
#14602=DIRECTION('',(-5.E-1,0.E0,-8.660254037844E-1));
#14603=AXIS2_PLACEMENT_3D('',#14600,#14601,#14602);
#14604=PLANE('',#14603);
#14605=ORIENTED_EDGE('',*,*,#14593,.F.);
#14606=ORIENTED_EDGE('',*,*,#13457,.F.);
#14607=ORIENTED_EDGE('',*,*,#14569,.T.);
#14608=ORIENTED_EDGE('',*,*,#14511,.F.);
#14609=EDGE_LOOP('',(#14605,#14606,#14607,#14608));
#14610=FACE_OUTER_BOUND('',#14609,.F.);
#14611=ADVANCED_FACE('',(#14610),#14604,.F.);
#14612=CARTESIAN_POINT('',(2.95E-1,4.5E-2,7.834936490539E-2));
#14613=DIRECTION('',(-8.660254037844E-1,0.E0,-5.E-1));
#14614=DIRECTION('',(-5.E-1,0.E0,8.660254037844E-1));
#14615=AXIS2_PLACEMENT_3D('',#14612,#14613,#14614);
#14616=PLANE('',#14615);
#14618=ORIENTED_EDGE('',*,*,#14617,.F.);
#14620=ORIENTED_EDGE('',*,*,#14619,.T.);
#14622=ORIENTED_EDGE('',*,*,#14621,.T.);
#14623=ORIENTED_EDGE('',*,*,#13454,.T.);
#14624=EDGE_LOOP('',(#14618,#14620,#14622,#14623));
#14625=FACE_OUTER_BOUND('',#14624,.F.);
#14626=ADVANCED_FACE('',(#14625),#14616,.F.);
#14627=CARTESIAN_POINT('',(2.825E-1,4.5E-2,1.E-1));
#14628=DIRECTION('',(-8.660254037844E-1,-5.E-1,0.E0));
#14629=DIRECTION('',(5.E-1,-8.660254037844E-1,0.E0));
#14630=AXIS2_PLACEMENT_3D('',#14627,#14628,#14629);
#14631=PLANE('',#14630);
#14632=ORIENTED_EDGE('',*,*,#8006,.F.);
#14634=ORIENTED_EDGE('',*,*,#14633,.T.);
#14636=ORIENTED_EDGE('',*,*,#14635,.F.);
#14637=ORIENTED_EDGE('',*,*,#14617,.T.);
#14638=EDGE_LOOP('',(#14632,#14634,#14636,#14637));
#14639=FACE_OUTER_BOUND('',#14638,.F.);
#14640=ADVANCED_FACE('',(#14639),#14631,.F.);
#14641=CARTESIAN_POINT('',(2.825E-1,4.5E-2,-1.E-1));
#14642=DIRECTION('',(-8.660254037844E-1,0.E0,5.E-1));
#14643=DIRECTION('',(5.E-1,0.E0,8.660254037844E-1));
#14644=AXIS2_PLACEMENT_3D('',#14641,#14642,#14643);
#14645=PLANE('',#14644);
#14646=ORIENTED_EDGE('',*,*,#14633,.F.);
#14647=ORIENTED_EDGE('',*,*,#13159,.F.);
#14649=ORIENTED_EDGE('',*,*,#14648,.T.);
#14651=ORIENTED_EDGE('',*,*,#14650,.F.);
#14652=EDGE_LOOP('',(#14646,#14647,#14649,#14651));
#14653=FACE_OUTER_BOUND('',#14652,.F.);
#14654=ADVANCED_FACE('',(#14653),#14645,.F.);
#14655=CARTESIAN_POINT('',(2.95E-1,-2.334936490539E-2,1.E-1));
#14656=DIRECTION('',(-8.660254037844E-1,5.E-1,0.E0));
#14657=DIRECTION('',(-5.E-1,-8.660254037844E-1,0.E0));
#14658=AXIS2_PLACEMENT_3D('',#14655,#14656,#14657);
#14659=PLANE('',#14658);
#14660=ORIENTED_EDGE('',*,*,#7158,.T.);
#14661=ORIENTED_EDGE('',*,*,#14621,.F.);
#14663=ORIENTED_EDGE('',*,*,#14662,.T.);
#14664=ORIENTED_EDGE('',*,*,#14648,.F.);
#14665=EDGE_LOOP('',(#14660,#14661,#14663,#14664));
#14666=FACE_OUTER_BOUND('',#14665,.F.);
#14667=ADVANCED_FACE('',(#14666),#14659,.F.);
#14668=CARTESIAN_POINT('',(3.075E-1,-4.5E-2,1.E-1));
#14669=DIRECTION('',(8.660254037844E-1,5.E-1,0.E0));
#14670=DIRECTION('',(-5.E-1,8.660254037844E-1,0.E0));
#14671=AXIS2_PLACEMENT_3D('',#14668,#14669,#14670);
#14672=PLANE('',#14671);
#14673=ORIENTED_EDGE('',*,*,#7198,.F.);
#14675=ORIENTED_EDGE('',*,*,#14674,.F.);
#14676=ORIENTED_EDGE('',*,*,#14662,.F.);
#14678=ORIENTED_EDGE('',*,*,#14677,.F.);
#14679=EDGE_LOOP('',(#14673,#14675,#14676,#14678));
#14680=FACE_OUTER_BOUND('',#14679,.F.);
#14681=ADVANCED_FACE('',(#14680),#14672,.F.);
#14682=CARTESIAN_POINT('',(2.95E-1,4.5E-2,-7.834936490539E-2));
#14683=DIRECTION('',(8.660254037844E-1,0.E0,5.E-1));
#14684=DIRECTION('',(5.E-1,0.E0,-8.660254037844E-1));
#14685=AXIS2_PLACEMENT_3D('',#14682,#14683,#14684);
#14686=PLANE('',#14685);
#14688=ORIENTED_EDGE('',*,*,#14687,.F.);
#14689=ORIENTED_EDGE('',*,*,#14650,.T.);
#14690=ORIENTED_EDGE('',*,*,#14674,.T.);
#14691=ORIENTED_EDGE('',*,*,#13176,.T.);
#14692=EDGE_LOOP('',(#14688,#14689,#14690,#14691));
#14693=FACE_OUTER_BOUND('',#14692,.F.);
#14694=ADVANCED_FACE('',(#14693),#14686,.F.);
#14695=CARTESIAN_POINT('',(2.95E-1,2.334936490539E-2,1.E-1));
#14696=DIRECTION('',(8.660254037844E-1,-5.E-1,0.E0));
#14697=DIRECTION('',(5.E-1,8.660254037844E-1,0.E0));
#14698=AXIS2_PLACEMENT_3D('',#14695,#14696,#14697);
#14699=PLANE('',#14698);
#14700=ORIENTED_EDGE('',*,*,#8046,.T.);
#14702=ORIENTED_EDGE('',*,*,#14701,.T.);
#14703=ORIENTED_EDGE('',*,*,#14635,.T.);
#14704=ORIENTED_EDGE('',*,*,#14687,.T.);
#14705=EDGE_LOOP('',(#14700,#14702,#14703,#14704));
#14706=FACE_OUTER_BOUND('',#14705,.F.);
#14707=ADVANCED_FACE('',(#14706),#14699,.F.);
#14708=CARTESIAN_POINT('',(3.075E-1,4.5E-2,1.E-1));
#14709=DIRECTION('',(8.660254037844E-1,0.E0,-5.E-1));
#14710=DIRECTION('',(-5.E-1,0.E0,-8.660254037844E-1));
#14711=AXIS2_PLACEMENT_3D('',#14708,#14709,#14710);
#14712=PLANE('',#14711);
#14713=ORIENTED_EDGE('',*,*,#14701,.F.);
#14714=ORIENTED_EDGE('',*,*,#13471,.F.);
#14715=ORIENTED_EDGE('',*,*,#14677,.T.);
#14716=ORIENTED_EDGE('',*,*,#14619,.F.);
#14717=EDGE_LOOP('',(#14713,#14714,#14715,#14716));
#14718=FACE_OUTER_BOUND('',#14717,.F.);
#14719=ADVANCED_FACE('',(#14718),#14712,.F.);
#14720=CARTESIAN_POINT('',(3.95E-1,4.5E-2,7.834936490539E-2));
#14721=DIRECTION('',(-8.660254037844E-1,0.E0,-5.E-1));
#14722=DIRECTION('',(-5.E-1,0.E0,8.660254037844E-1));
#14723=AXIS2_PLACEMENT_3D('',#14720,#14721,#14722);
#14724=PLANE('',#14723);
#14726=ORIENTED_EDGE('',*,*,#14725,.F.);
#14728=ORIENTED_EDGE('',*,*,#14727,.T.);
#14730=ORIENTED_EDGE('',*,*,#14729,.T.);
#14731=ORIENTED_EDGE('',*,*,#13468,.T.);
#14732=EDGE_LOOP('',(#14726,#14728,#14730,#14731));
#14733=FACE_OUTER_BOUND('',#14732,.F.);
#14734=ADVANCED_FACE('',(#14733),#14724,.F.);
#14735=CARTESIAN_POINT('',(3.825E-1,4.5E-2,1.E-1));
#14736=DIRECTION('',(-8.660254037844E-1,-5.E-1,0.E0));
#14737=DIRECTION('',(5.E-1,-8.660254037844E-1,0.E0));
#14738=AXIS2_PLACEMENT_3D('',#14735,#14736,#14737);
#14739=PLANE('',#14738);
#14740=ORIENTED_EDGE('',*,*,#8042,.F.);
#14742=ORIENTED_EDGE('',*,*,#14741,.T.);
#14744=ORIENTED_EDGE('',*,*,#14743,.F.);
#14745=ORIENTED_EDGE('',*,*,#14725,.T.);
#14746=EDGE_LOOP('',(#14740,#14742,#14744,#14745));
#14747=FACE_OUTER_BOUND('',#14746,.F.);
#14748=ADVANCED_FACE('',(#14747),#14739,.F.);
#14749=CARTESIAN_POINT('',(3.825E-1,4.5E-2,-1.E-1));
#14750=DIRECTION('',(-8.660254037844E-1,0.E0,5.E-1));
#14751=DIRECTION('',(5.E-1,0.E0,8.660254037844E-1));
#14752=AXIS2_PLACEMENT_3D('',#14749,#14750,#14751);
#14753=PLANE('',#14752);
#14754=ORIENTED_EDGE('',*,*,#14741,.F.);
#14755=ORIENTED_EDGE('',*,*,#13173,.F.);
#14757=ORIENTED_EDGE('',*,*,#14756,.T.);
#14759=ORIENTED_EDGE('',*,*,#14758,.F.);
#14760=EDGE_LOOP('',(#14754,#14755,#14757,#14759));
#14761=FACE_OUTER_BOUND('',#14760,.F.);
#14762=ADVANCED_FACE('',(#14761),#14753,.F.);
#14763=CARTESIAN_POINT('',(3.95E-1,-2.334936490539E-2,1.E-1));
#14764=DIRECTION('',(-8.660254037844E-1,5.E-1,0.E0));
#14765=DIRECTION('',(-5.E-1,-8.660254037844E-1,0.E0));
#14766=AXIS2_PLACEMENT_3D('',#14763,#14764,#14765);
#14767=PLANE('',#14766);
#14768=ORIENTED_EDGE('',*,*,#7194,.T.);
#14769=ORIENTED_EDGE('',*,*,#14729,.F.);
#14771=ORIENTED_EDGE('',*,*,#14770,.T.);
#14772=ORIENTED_EDGE('',*,*,#14756,.F.);
#14773=EDGE_LOOP('',(#14768,#14769,#14771,#14772));
#14774=FACE_OUTER_BOUND('',#14773,.F.);
#14775=ADVANCED_FACE('',(#14774),#14767,.F.);
#14776=CARTESIAN_POINT('',(4.075E-1,-4.5E-2,1.E-1));
#14777=DIRECTION('',(8.660254037844E-1,5.E-1,0.E0));
#14778=DIRECTION('',(-5.E-1,8.660254037844E-1,0.E0));
#14779=AXIS2_PLACEMENT_3D('',#14776,#14777,#14778);
#14780=PLANE('',#14779);
#14781=ORIENTED_EDGE('',*,*,#7234,.F.);
#14783=ORIENTED_EDGE('',*,*,#14782,.F.);
#14784=ORIENTED_EDGE('',*,*,#14770,.F.);
#14786=ORIENTED_EDGE('',*,*,#14785,.F.);
#14787=EDGE_LOOP('',(#14781,#14783,#14784,#14786));
#14788=FACE_OUTER_BOUND('',#14787,.F.);
#14789=ADVANCED_FACE('',(#14788),#14780,.F.);
#14790=CARTESIAN_POINT('',(3.95E-1,4.5E-2,-7.834936490539E-2));
#14791=DIRECTION('',(8.660254037844E-1,0.E0,5.E-1));
#14792=DIRECTION('',(5.E-1,0.E0,-8.660254037844E-1));
#14793=AXIS2_PLACEMENT_3D('',#14790,#14791,#14792);
#14794=PLANE('',#14793);
#14796=ORIENTED_EDGE('',*,*,#14795,.F.);
#14797=ORIENTED_EDGE('',*,*,#14758,.T.);
#14798=ORIENTED_EDGE('',*,*,#14782,.T.);
#14799=ORIENTED_EDGE('',*,*,#13190,.T.);
#14800=EDGE_LOOP('',(#14796,#14797,#14798,#14799));
#14801=FACE_OUTER_BOUND('',#14800,.F.);
#14802=ADVANCED_FACE('',(#14801),#14794,.F.);
#14803=CARTESIAN_POINT('',(3.95E-1,2.334936490539E-2,1.E-1));
#14804=DIRECTION('',(8.660254037844E-1,-5.E-1,0.E0));
#14805=DIRECTION('',(5.E-1,8.660254037844E-1,0.E0));
#14806=AXIS2_PLACEMENT_3D('',#14803,#14804,#14805);
#14807=PLANE('',#14806);
#14808=ORIENTED_EDGE('',*,*,#8082,.T.);
#14810=ORIENTED_EDGE('',*,*,#14809,.T.);
#14811=ORIENTED_EDGE('',*,*,#14743,.T.);
#14812=ORIENTED_EDGE('',*,*,#14795,.T.);
#14813=EDGE_LOOP('',(#14808,#14810,#14811,#14812));
#14814=FACE_OUTER_BOUND('',#14813,.F.);
#14815=ADVANCED_FACE('',(#14814),#14807,.F.);
#14816=CARTESIAN_POINT('',(4.075E-1,4.5E-2,1.E-1));
#14817=DIRECTION('',(8.660254037844E-1,0.E0,-5.E-1));
#14818=DIRECTION('',(-5.E-1,0.E0,-8.660254037844E-1));
#14819=AXIS2_PLACEMENT_3D('',#14816,#14817,#14818);
#14820=PLANE('',#14819);
#14821=ORIENTED_EDGE('',*,*,#14809,.F.);
#14822=ORIENTED_EDGE('',*,*,#13485,.F.);
#14823=ORIENTED_EDGE('',*,*,#14785,.T.);
#14824=ORIENTED_EDGE('',*,*,#14727,.F.);
#14825=EDGE_LOOP('',(#14821,#14822,#14823,#14824));
#14826=FACE_OUTER_BOUND('',#14825,.F.);
#14827=ADVANCED_FACE('',(#14826),#14820,.F.);
#14828=CARTESIAN_POINT('',(4.95E-1,4.5E-2,7.834936490539E-2));
#14829=DIRECTION('',(-8.660254037844E-1,0.E0,-5.E-1));
#14830=DIRECTION('',(-5.E-1,0.E0,8.660254037844E-1));
#14831=AXIS2_PLACEMENT_3D('',#14828,#14829,#14830);
#14832=PLANE('',#14831);
#14834=ORIENTED_EDGE('',*,*,#14833,.F.);
#14836=ORIENTED_EDGE('',*,*,#14835,.T.);
#14838=ORIENTED_EDGE('',*,*,#14837,.T.);
#14839=ORIENTED_EDGE('',*,*,#13482,.T.);
#14840=EDGE_LOOP('',(#14834,#14836,#14838,#14839));
#14841=FACE_OUTER_BOUND('',#14840,.F.);
#14842=ADVANCED_FACE('',(#14841),#14832,.F.);
#14843=CARTESIAN_POINT('',(4.825E-1,4.5E-2,1.E-1));
#14844=DIRECTION('',(-8.660254037844E-1,-5.E-1,0.E0));
#14845=DIRECTION('',(5.E-1,-8.660254037844E-1,0.E0));
#14846=AXIS2_PLACEMENT_3D('',#14843,#14844,#14845);
#14847=PLANE('',#14846);
#14848=ORIENTED_EDGE('',*,*,#8078,.F.);
#14850=ORIENTED_EDGE('',*,*,#14849,.T.);
#14852=ORIENTED_EDGE('',*,*,#14851,.F.);
#14853=ORIENTED_EDGE('',*,*,#14833,.T.);
#14854=EDGE_LOOP('',(#14848,#14850,#14852,#14853));
#14855=FACE_OUTER_BOUND('',#14854,.F.);
#14856=ADVANCED_FACE('',(#14855),#14847,.F.);
#14857=CARTESIAN_POINT('',(4.825E-1,4.5E-2,-1.E-1));
#14858=DIRECTION('',(-8.660254037844E-1,0.E0,5.E-1));
#14859=DIRECTION('',(5.E-1,0.E0,8.660254037844E-1));
#14860=AXIS2_PLACEMENT_3D('',#14857,#14858,#14859);
#14861=PLANE('',#14860);
#14862=ORIENTED_EDGE('',*,*,#14849,.F.);
#14863=ORIENTED_EDGE('',*,*,#13187,.F.);
#14865=ORIENTED_EDGE('',*,*,#14864,.T.);
#14867=ORIENTED_EDGE('',*,*,#14866,.F.);
#14868=EDGE_LOOP('',(#14862,#14863,#14865,#14867));
#14869=FACE_OUTER_BOUND('',#14868,.F.);
#14870=ADVANCED_FACE('',(#14869),#14861,.F.);
#14871=CARTESIAN_POINT('',(4.95E-1,-2.334936490539E-2,1.E-1));
#14872=DIRECTION('',(-8.660254037844E-1,5.E-1,0.E0));
#14873=DIRECTION('',(-5.E-1,-8.660254037844E-1,0.E0));
#14874=AXIS2_PLACEMENT_3D('',#14871,#14872,#14873);
#14875=PLANE('',#14874);
#14876=ORIENTED_EDGE('',*,*,#7230,.T.);
#14877=ORIENTED_EDGE('',*,*,#14837,.F.);
#14879=ORIENTED_EDGE('',*,*,#14878,.T.);
#14880=ORIENTED_EDGE('',*,*,#14864,.F.);
#14881=EDGE_LOOP('',(#14876,#14877,#14879,#14880));
#14882=FACE_OUTER_BOUND('',#14881,.F.);
#14883=ADVANCED_FACE('',(#14882),#14875,.F.);
#14884=CARTESIAN_POINT('',(5.075E-1,-4.5E-2,1.E-1));
#14885=DIRECTION('',(8.660254037844E-1,5.E-1,0.E0));
#14886=DIRECTION('',(-5.E-1,8.660254037844E-1,0.E0));
#14887=AXIS2_PLACEMENT_3D('',#14884,#14885,#14886);
#14888=PLANE('',#14887);
#14889=ORIENTED_EDGE('',*,*,#7270,.F.);
#14891=ORIENTED_EDGE('',*,*,#14890,.F.);
#14892=ORIENTED_EDGE('',*,*,#14878,.F.);
#14894=ORIENTED_EDGE('',*,*,#14893,.F.);
#14895=EDGE_LOOP('',(#14889,#14891,#14892,#14894));
#14896=FACE_OUTER_BOUND('',#14895,.F.);
#14897=ADVANCED_FACE('',(#14896),#14888,.F.);
#14898=CARTESIAN_POINT('',(4.95E-1,4.5E-2,-7.834936490539E-2));
#14899=DIRECTION('',(8.660254037844E-1,0.E0,5.E-1));
#14900=DIRECTION('',(5.E-1,0.E0,-8.660254037844E-1));
#14901=AXIS2_PLACEMENT_3D('',#14898,#14899,#14900);
#14902=PLANE('',#14901);
#14904=ORIENTED_EDGE('',*,*,#14903,.F.);
#14905=ORIENTED_EDGE('',*,*,#14866,.T.);
#14906=ORIENTED_EDGE('',*,*,#14890,.T.);
#14907=ORIENTED_EDGE('',*,*,#13204,.T.);
#14908=EDGE_LOOP('',(#14904,#14905,#14906,#14907));
#14909=FACE_OUTER_BOUND('',#14908,.F.);
#14910=ADVANCED_FACE('',(#14909),#14902,.F.);
#14911=CARTESIAN_POINT('',(4.95E-1,2.334936490539E-2,1.E-1));
#14912=DIRECTION('',(8.660254037844E-1,-5.E-1,0.E0));
#14913=DIRECTION('',(5.E-1,8.660254037844E-1,0.E0));
#14914=AXIS2_PLACEMENT_3D('',#14911,#14912,#14913);
#14915=PLANE('',#14914);
#14916=ORIENTED_EDGE('',*,*,#8118,.T.);
#14918=ORIENTED_EDGE('',*,*,#14917,.T.);
#14919=ORIENTED_EDGE('',*,*,#14851,.T.);
#14920=ORIENTED_EDGE('',*,*,#14903,.T.);
#14921=EDGE_LOOP('',(#14916,#14918,#14919,#14920));
#14922=FACE_OUTER_BOUND('',#14921,.F.);
#14923=ADVANCED_FACE('',(#14922),#14915,.F.);
#14924=CARTESIAN_POINT('',(5.075E-1,4.5E-2,1.E-1));
#14925=DIRECTION('',(8.660254037844E-1,0.E0,-5.E-1));
#14926=DIRECTION('',(-5.E-1,0.E0,-8.660254037844E-1));
#14927=AXIS2_PLACEMENT_3D('',#14924,#14925,#14926);
#14928=PLANE('',#14927);
#14929=ORIENTED_EDGE('',*,*,#14917,.F.);
#14930=ORIENTED_EDGE('',*,*,#13499,.F.);
#14931=ORIENTED_EDGE('',*,*,#14893,.T.);
#14932=ORIENTED_EDGE('',*,*,#14835,.F.);
#14933=EDGE_LOOP('',(#14929,#14930,#14931,#14932));
#14934=FACE_OUTER_BOUND('',#14933,.F.);
#14935=ADVANCED_FACE('',(#14934),#14928,.F.);
#14936=CARTESIAN_POINT('',(5.95E-1,4.5E-2,7.834936490539E-2));
#14937=DIRECTION('',(-8.660254037844E-1,0.E0,-5.E-1));
#14938=DIRECTION('',(-5.E-1,0.E0,8.660254037844E-1));
#14939=AXIS2_PLACEMENT_3D('',#14936,#14937,#14938);
#14940=PLANE('',#14939);
#14942=ORIENTED_EDGE('',*,*,#14941,.F.);
#14944=ORIENTED_EDGE('',*,*,#14943,.T.);
#14946=ORIENTED_EDGE('',*,*,#14945,.T.);
#14947=ORIENTED_EDGE('',*,*,#13496,.T.);
#14948=EDGE_LOOP('',(#14942,#14944,#14946,#14947));
#14949=FACE_OUTER_BOUND('',#14948,.F.);
#14950=ADVANCED_FACE('',(#14949),#14940,.F.);
#14951=CARTESIAN_POINT('',(5.825E-1,4.5E-2,1.E-1));
#14952=DIRECTION('',(-8.660254037844E-1,-5.E-1,0.E0));
#14953=DIRECTION('',(5.E-1,-8.660254037844E-1,0.E0));
#14954=AXIS2_PLACEMENT_3D('',#14951,#14952,#14953);
#14955=PLANE('',#14954);
#14956=ORIENTED_EDGE('',*,*,#8114,.F.);
#14958=ORIENTED_EDGE('',*,*,#14957,.T.);
#14960=ORIENTED_EDGE('',*,*,#14959,.F.);
#14961=ORIENTED_EDGE('',*,*,#14941,.T.);
#14962=EDGE_LOOP('',(#14956,#14958,#14960,#14961));
#14963=FACE_OUTER_BOUND('',#14962,.F.);
#14964=ADVANCED_FACE('',(#14963),#14955,.F.);
#14965=CARTESIAN_POINT('',(5.825E-1,4.5E-2,-1.E-1));
#14966=DIRECTION('',(-8.660254037844E-1,0.E0,5.E-1));
#14967=DIRECTION('',(5.E-1,0.E0,8.660254037844E-1));
#14968=AXIS2_PLACEMENT_3D('',#14965,#14966,#14967);
#14969=PLANE('',#14968);
#14970=ORIENTED_EDGE('',*,*,#14957,.F.);
#14971=ORIENTED_EDGE('',*,*,#13201,.F.);
#14973=ORIENTED_EDGE('',*,*,#14972,.T.);
#14975=ORIENTED_EDGE('',*,*,#14974,.F.);
#14976=EDGE_LOOP('',(#14970,#14971,#14973,#14975));
#14977=FACE_OUTER_BOUND('',#14976,.F.);
#14978=ADVANCED_FACE('',(#14977),#14969,.F.);
#14979=CARTESIAN_POINT('',(5.95E-1,-2.334936490539E-2,1.E-1));
#14980=DIRECTION('',(-8.660254037844E-1,5.E-1,0.E0));
#14981=DIRECTION('',(-5.E-1,-8.660254037844E-1,0.E0));
#14982=AXIS2_PLACEMENT_3D('',#14979,#14980,#14981);
#14983=PLANE('',#14982);
#14984=ORIENTED_EDGE('',*,*,#7266,.T.);
#14985=ORIENTED_EDGE('',*,*,#14945,.F.);
#14987=ORIENTED_EDGE('',*,*,#14986,.T.);
#14988=ORIENTED_EDGE('',*,*,#14972,.F.);
#14989=EDGE_LOOP('',(#14984,#14985,#14987,#14988));
#14990=FACE_OUTER_BOUND('',#14989,.F.);
#14991=ADVANCED_FACE('',(#14990),#14983,.F.);
#14992=CARTESIAN_POINT('',(6.075E-1,-4.5E-2,1.E-1));
#14993=DIRECTION('',(8.660254037844E-1,5.E-1,0.E0));
#14994=DIRECTION('',(-5.E-1,8.660254037844E-1,0.E0));
#14995=AXIS2_PLACEMENT_3D('',#14992,#14993,#14994);
#14996=PLANE('',#14995);
#14997=ORIENTED_EDGE('',*,*,#7306,.F.);
#14999=ORIENTED_EDGE('',*,*,#14998,.F.);
#15000=ORIENTED_EDGE('',*,*,#14986,.F.);
#15002=ORIENTED_EDGE('',*,*,#15001,.F.);
#15003=EDGE_LOOP('',(#14997,#14999,#15000,#15002));
#15004=FACE_OUTER_BOUND('',#15003,.F.);
#15005=ADVANCED_FACE('',(#15004),#14996,.F.);
#15006=CARTESIAN_POINT('',(5.95E-1,4.5E-2,-7.834936490539E-2));
#15007=DIRECTION('',(8.660254037844E-1,0.E0,5.E-1));
#15008=DIRECTION('',(5.E-1,0.E0,-8.660254037844E-1));
#15009=AXIS2_PLACEMENT_3D('',#15006,#15007,#15008);
#15010=PLANE('',#15009);
#15012=ORIENTED_EDGE('',*,*,#15011,.F.);
#15013=ORIENTED_EDGE('',*,*,#14974,.T.);
#15014=ORIENTED_EDGE('',*,*,#14998,.T.);
#15015=ORIENTED_EDGE('',*,*,#13218,.T.);
#15016=EDGE_LOOP('',(#15012,#15013,#15014,#15015));
#15017=FACE_OUTER_BOUND('',#15016,.F.);
#15018=ADVANCED_FACE('',(#15017),#15010,.F.);
#15019=CARTESIAN_POINT('',(5.95E-1,2.334936490539E-2,1.E-1));
#15020=DIRECTION('',(8.660254037844E-1,-5.E-1,0.E0));
#15021=DIRECTION('',(5.E-1,8.660254037844E-1,0.E0));
#15022=AXIS2_PLACEMENT_3D('',#15019,#15020,#15021);
#15023=PLANE('',#15022);
#15024=ORIENTED_EDGE('',*,*,#8154,.T.);
#15026=ORIENTED_EDGE('',*,*,#15025,.T.);
#15027=ORIENTED_EDGE('',*,*,#14959,.T.);
#15028=ORIENTED_EDGE('',*,*,#15011,.T.);
#15029=EDGE_LOOP('',(#15024,#15026,#15027,#15028));
#15030=FACE_OUTER_BOUND('',#15029,.F.);
#15031=ADVANCED_FACE('',(#15030),#15023,.F.);
#15032=CARTESIAN_POINT('',(6.075E-1,4.5E-2,1.E-1));
#15033=DIRECTION('',(8.660254037844E-1,0.E0,-5.E-1));
#15034=DIRECTION('',(-5.E-1,0.E0,-8.660254037844E-1));
#15035=AXIS2_PLACEMENT_3D('',#15032,#15033,#15034);
#15036=PLANE('',#15035);
#15037=ORIENTED_EDGE('',*,*,#15025,.F.);
#15038=ORIENTED_EDGE('',*,*,#13513,.F.);
#15039=ORIENTED_EDGE('',*,*,#15001,.T.);
#15040=ORIENTED_EDGE('',*,*,#14943,.F.);
#15041=EDGE_LOOP('',(#15037,#15038,#15039,#15040));
#15042=FACE_OUTER_BOUND('',#15041,.F.);
#15043=ADVANCED_FACE('',(#15042),#15036,.F.);
#15044=CARTESIAN_POINT('',(6.95E-1,4.5E-2,7.834936490539E-2));
#15045=DIRECTION('',(-8.660254037844E-1,0.E0,-5.E-1));
#15046=DIRECTION('',(-5.E-1,0.E0,8.660254037844E-1));
#15047=AXIS2_PLACEMENT_3D('',#15044,#15045,#15046);
#15048=PLANE('',#15047);
#15050=ORIENTED_EDGE('',*,*,#15049,.F.);
#15052=ORIENTED_EDGE('',*,*,#15051,.T.);
#15054=ORIENTED_EDGE('',*,*,#15053,.T.);
#15055=ORIENTED_EDGE('',*,*,#13510,.T.);
#15056=EDGE_LOOP('',(#15050,#15052,#15054,#15055));
#15057=FACE_OUTER_BOUND('',#15056,.F.);
#15058=ADVANCED_FACE('',(#15057),#15048,.F.);
#15059=CARTESIAN_POINT('',(6.825E-1,4.5E-2,1.E-1));
#15060=DIRECTION('',(-8.660254037844E-1,-5.E-1,0.E0));
#15061=DIRECTION('',(5.E-1,-8.660254037844E-1,0.E0));
#15062=AXIS2_PLACEMENT_3D('',#15059,#15060,#15061);
#15063=PLANE('',#15062);
#15064=ORIENTED_EDGE('',*,*,#8150,.F.);
#15066=ORIENTED_EDGE('',*,*,#15065,.T.);
#15068=ORIENTED_EDGE('',*,*,#15067,.F.);
#15069=ORIENTED_EDGE('',*,*,#15049,.T.);
#15070=EDGE_LOOP('',(#15064,#15066,#15068,#15069));
#15071=FACE_OUTER_BOUND('',#15070,.F.);
#15072=ADVANCED_FACE('',(#15071),#15063,.F.);
#15073=CARTESIAN_POINT('',(6.825E-1,4.5E-2,-1.E-1));
#15074=DIRECTION('',(-8.660254037844E-1,0.E0,5.E-1));
#15075=DIRECTION('',(5.E-1,0.E0,8.660254037844E-1));
#15076=AXIS2_PLACEMENT_3D('',#15073,#15074,#15075);
#15077=PLANE('',#15076);
#15078=ORIENTED_EDGE('',*,*,#15065,.F.);
#15079=ORIENTED_EDGE('',*,*,#13215,.F.);
#15081=ORIENTED_EDGE('',*,*,#15080,.T.);
#15083=ORIENTED_EDGE('',*,*,#15082,.F.);
#15084=EDGE_LOOP('',(#15078,#15079,#15081,#15083));
#15085=FACE_OUTER_BOUND('',#15084,.F.);
#15086=ADVANCED_FACE('',(#15085),#15077,.F.);
#15087=CARTESIAN_POINT('',(6.95E-1,-2.334936490539E-2,1.E-1));
#15088=DIRECTION('',(-8.660254037844E-1,5.E-1,0.E0));
#15089=DIRECTION('',(-5.E-1,-8.660254037844E-1,0.E0));
#15090=AXIS2_PLACEMENT_3D('',#15087,#15088,#15089);
#15091=PLANE('',#15090);
#15092=ORIENTED_EDGE('',*,*,#7302,.T.);
#15093=ORIENTED_EDGE('',*,*,#15053,.F.);
#15095=ORIENTED_EDGE('',*,*,#15094,.T.);
#15096=ORIENTED_EDGE('',*,*,#15080,.F.);
#15097=EDGE_LOOP('',(#15092,#15093,#15095,#15096));
#15098=FACE_OUTER_BOUND('',#15097,.F.);
#15099=ADVANCED_FACE('',(#15098),#15091,.F.);
#15100=CARTESIAN_POINT('',(7.075E-1,-4.5E-2,1.E-1));
#15101=DIRECTION('',(8.660254037844E-1,5.E-1,0.E0));
#15102=DIRECTION('',(-5.E-1,8.660254037844E-1,0.E0));
#15103=AXIS2_PLACEMENT_3D('',#15100,#15101,#15102);
#15104=PLANE('',#15103);
#15105=ORIENTED_EDGE('',*,*,#7342,.F.);
#15107=ORIENTED_EDGE('',*,*,#15106,.F.);
#15108=ORIENTED_EDGE('',*,*,#15094,.F.);
#15110=ORIENTED_EDGE('',*,*,#15109,.F.);
#15111=EDGE_LOOP('',(#15105,#15107,#15108,#15110));
#15112=FACE_OUTER_BOUND('',#15111,.F.);
#15113=ADVANCED_FACE('',(#15112),#15104,.F.);
#15114=CARTESIAN_POINT('',(6.95E-1,4.5E-2,-7.834936490539E-2));
#15115=DIRECTION('',(8.660254037844E-1,0.E0,5.E-1));
#15116=DIRECTION('',(5.E-1,0.E0,-8.660254037844E-1));
#15117=AXIS2_PLACEMENT_3D('',#15114,#15115,#15116);
#15118=PLANE('',#15117);
#15120=ORIENTED_EDGE('',*,*,#15119,.F.);
#15121=ORIENTED_EDGE('',*,*,#15082,.T.);
#15122=ORIENTED_EDGE('',*,*,#15106,.T.);
#15123=ORIENTED_EDGE('',*,*,#13232,.T.);
#15124=EDGE_LOOP('',(#15120,#15121,#15122,#15123));
#15125=FACE_OUTER_BOUND('',#15124,.F.);
#15126=ADVANCED_FACE('',(#15125),#15118,.F.);
#15127=CARTESIAN_POINT('',(6.95E-1,2.334936490539E-2,1.E-1));
#15128=DIRECTION('',(8.660254037844E-1,-5.E-1,0.E0));
#15129=DIRECTION('',(5.E-1,8.660254037844E-1,0.E0));
#15130=AXIS2_PLACEMENT_3D('',#15127,#15128,#15129);
#15131=PLANE('',#15130);
#15132=ORIENTED_EDGE('',*,*,#8190,.T.);
#15134=ORIENTED_EDGE('',*,*,#15133,.T.);
#15135=ORIENTED_EDGE('',*,*,#15067,.T.);
#15136=ORIENTED_EDGE('',*,*,#15119,.T.);
#15137=EDGE_LOOP('',(#15132,#15134,#15135,#15136));
#15138=FACE_OUTER_BOUND('',#15137,.F.);
#15139=ADVANCED_FACE('',(#15138),#15131,.F.);
#15140=CARTESIAN_POINT('',(7.075E-1,4.5E-2,1.E-1));
#15141=DIRECTION('',(8.660254037844E-1,0.E0,-5.E-1));
#15142=DIRECTION('',(-5.E-1,0.E0,-8.660254037844E-1));
#15143=AXIS2_PLACEMENT_3D('',#15140,#15141,#15142);
#15144=PLANE('',#15143);
#15145=ORIENTED_EDGE('',*,*,#15133,.F.);
#15146=ORIENTED_EDGE('',*,*,#13527,.F.);
#15147=ORIENTED_EDGE('',*,*,#15109,.T.);
#15148=ORIENTED_EDGE('',*,*,#15051,.F.);
#15149=EDGE_LOOP('',(#15145,#15146,#15147,#15148));
#15150=FACE_OUTER_BOUND('',#15149,.F.);
#15151=ADVANCED_FACE('',(#15150),#15144,.F.);
#15152=CARTESIAN_POINT('',(7.95E-1,4.5E-2,7.834936490539E-2));
#15153=DIRECTION('',(-8.660254037844E-1,0.E0,-5.E-1));
#15154=DIRECTION('',(-5.E-1,0.E0,8.660254037844E-1));
#15155=AXIS2_PLACEMENT_3D('',#15152,#15153,#15154);
#15156=PLANE('',#15155);
#15158=ORIENTED_EDGE('',*,*,#15157,.F.);
#15160=ORIENTED_EDGE('',*,*,#15159,.T.);
#15162=ORIENTED_EDGE('',*,*,#15161,.T.);
#15163=ORIENTED_EDGE('',*,*,#13524,.T.);
#15164=EDGE_LOOP('',(#15158,#15160,#15162,#15163));
#15165=FACE_OUTER_BOUND('',#15164,.F.);
#15166=ADVANCED_FACE('',(#15165),#15156,.F.);
#15167=CARTESIAN_POINT('',(7.825E-1,4.5E-2,1.E-1));
#15168=DIRECTION('',(-8.660254037844E-1,-5.E-1,0.E0));
#15169=DIRECTION('',(5.E-1,-8.660254037844E-1,0.E0));
#15170=AXIS2_PLACEMENT_3D('',#15167,#15168,#15169);
#15171=PLANE('',#15170);
#15172=ORIENTED_EDGE('',*,*,#8186,.F.);
#15174=ORIENTED_EDGE('',*,*,#15173,.T.);
#15176=ORIENTED_EDGE('',*,*,#15175,.F.);
#15177=ORIENTED_EDGE('',*,*,#15157,.T.);
#15178=EDGE_LOOP('',(#15172,#15174,#15176,#15177));
#15179=FACE_OUTER_BOUND('',#15178,.F.);
#15180=ADVANCED_FACE('',(#15179),#15171,.F.);
#15181=CARTESIAN_POINT('',(7.825E-1,4.5E-2,-1.E-1));
#15182=DIRECTION('',(-8.660254037844E-1,0.E0,5.E-1));
#15183=DIRECTION('',(5.E-1,0.E0,8.660254037844E-1));
#15184=AXIS2_PLACEMENT_3D('',#15181,#15182,#15183);
#15185=PLANE('',#15184);
#15186=ORIENTED_EDGE('',*,*,#15173,.F.);
#15187=ORIENTED_EDGE('',*,*,#13229,.F.);
#15189=ORIENTED_EDGE('',*,*,#15188,.T.);
#15191=ORIENTED_EDGE('',*,*,#15190,.F.);
#15192=EDGE_LOOP('',(#15186,#15187,#15189,#15191));
#15193=FACE_OUTER_BOUND('',#15192,.F.);
#15194=ADVANCED_FACE('',(#15193),#15185,.F.);
#15195=CARTESIAN_POINT('',(7.95E-1,-2.334936490539E-2,1.E-1));
#15196=DIRECTION('',(-8.660254037844E-1,5.E-1,0.E0));
#15197=DIRECTION('',(-5.E-1,-8.660254037844E-1,0.E0));
#15198=AXIS2_PLACEMENT_3D('',#15195,#15196,#15197);
#15199=PLANE('',#15198);
#15200=ORIENTED_EDGE('',*,*,#7338,.T.);
#15201=ORIENTED_EDGE('',*,*,#15161,.F.);
#15203=ORIENTED_EDGE('',*,*,#15202,.T.);
#15204=ORIENTED_EDGE('',*,*,#15188,.F.);
#15205=EDGE_LOOP('',(#15200,#15201,#15203,#15204));
#15206=FACE_OUTER_BOUND('',#15205,.F.);
#15207=ADVANCED_FACE('',(#15206),#15199,.F.);
#15208=CARTESIAN_POINT('',(8.075E-1,-4.5E-2,1.E-1));
#15209=DIRECTION('',(8.660254037844E-1,5.E-1,0.E0));
#15210=DIRECTION('',(-5.E-1,8.660254037844E-1,0.E0));
#15211=AXIS2_PLACEMENT_3D('',#15208,#15209,#15210);
#15212=PLANE('',#15211);
#15213=ORIENTED_EDGE('',*,*,#7378,.F.);
#15215=ORIENTED_EDGE('',*,*,#15214,.F.);
#15216=ORIENTED_EDGE('',*,*,#15202,.F.);
#15218=ORIENTED_EDGE('',*,*,#15217,.F.);
#15219=EDGE_LOOP('',(#15213,#15215,#15216,#15218));
#15220=FACE_OUTER_BOUND('',#15219,.F.);
#15221=ADVANCED_FACE('',(#15220),#15212,.F.);
#15222=CARTESIAN_POINT('',(7.95E-1,4.5E-2,-7.834936490539E-2));
#15223=DIRECTION('',(8.660254037844E-1,0.E0,5.E-1));
#15224=DIRECTION('',(5.E-1,0.E0,-8.660254037844E-1));
#15225=AXIS2_PLACEMENT_3D('',#15222,#15223,#15224);
#15226=PLANE('',#15225);
#15228=ORIENTED_EDGE('',*,*,#15227,.F.);
#15229=ORIENTED_EDGE('',*,*,#15190,.T.);
#15230=ORIENTED_EDGE('',*,*,#15214,.T.);
#15231=ORIENTED_EDGE('',*,*,#13246,.T.);
#15232=EDGE_LOOP('',(#15228,#15229,#15230,#15231));
#15233=FACE_OUTER_BOUND('',#15232,.F.);
#15234=ADVANCED_FACE('',(#15233),#15226,.F.);
#15235=CARTESIAN_POINT('',(7.95E-1,2.334936490539E-2,1.E-1));
#15236=DIRECTION('',(8.660254037844E-1,-5.E-1,0.E0));
#15237=DIRECTION('',(5.E-1,8.660254037844E-1,0.E0));
#15238=AXIS2_PLACEMENT_3D('',#15235,#15236,#15237);
#15239=PLANE('',#15238);
#15240=ORIENTED_EDGE('',*,*,#8226,.T.);
#15242=ORIENTED_EDGE('',*,*,#15241,.T.);
#15243=ORIENTED_EDGE('',*,*,#15175,.T.);
#15244=ORIENTED_EDGE('',*,*,#15227,.T.);
#15245=EDGE_LOOP('',(#15240,#15242,#15243,#15244));
#15246=FACE_OUTER_BOUND('',#15245,.F.);
#15247=ADVANCED_FACE('',(#15246),#15239,.F.);
#15248=CARTESIAN_POINT('',(8.075E-1,4.5E-2,1.E-1));
#15249=DIRECTION('',(8.660254037844E-1,0.E0,-5.E-1));
#15250=DIRECTION('',(-5.E-1,0.E0,-8.660254037844E-1));
#15251=AXIS2_PLACEMENT_3D('',#15248,#15249,#15250);
#15252=PLANE('',#15251);
#15253=ORIENTED_EDGE('',*,*,#15241,.F.);
#15254=ORIENTED_EDGE('',*,*,#13541,.F.);
#15255=ORIENTED_EDGE('',*,*,#15217,.T.);
#15256=ORIENTED_EDGE('',*,*,#15159,.F.);
#15257=EDGE_LOOP('',(#15253,#15254,#15255,#15256));
#15258=FACE_OUTER_BOUND('',#15257,.F.);
#15259=ADVANCED_FACE('',(#15258),#15252,.F.);
#15260=CARTESIAN_POINT('',(8.875E-1,-4.5E-2,1.E-1));
#15261=DIRECTION('',(8.479983040051E-1,0.E0,5.299989400032E-1));
#15262=DIRECTION('',(5.299989400032E-1,0.E0,-8.479983040051E-1));
#15263=AXIS2_PLACEMENT_3D('',#15260,#15261,#15262);
#15264=PLANE('',#15263);
#15266=ORIENTED_EDGE('',*,*,#15265,.F.);
#15268=ORIENTED_EDGE('',*,*,#15267,.F.);
#15270=ORIENTED_EDGE('',*,*,#15269,.F.);
#15271=ORIENTED_EDGE('',*,*,#13538,.T.);
#15272=EDGE_LOOP('',(#15266,#15268,#15270,#15271));
#15273=FACE_OUTER_BOUND('',#15272,.F.);
#15274=ADVANCED_FACE('',(#15273),#15264,.T.);
#15275=CARTESIAN_POINT('',(8.9375E-1,3.5E-2,0.E0));
#15276=DIRECTION('',(8.479983040051E-1,5.299989400032E-1,0.E0));
#15277=DIRECTION('',(0.E0,0.E0,-1.E0));
#15278=AXIS2_PLACEMENT_3D('',#15275,#15276,#15277);
#15279=PLANE('',#15278);
#15281=ORIENTED_EDGE('',*,*,#15280,.T.);
#15283=ORIENTED_EDGE('',*,*,#15282,.F.);
#15284=ORIENTED_EDGE('',*,*,#15265,.T.);
#15285=ORIENTED_EDGE('',*,*,#8222,.T.);
#15286=EDGE_LOOP('',(#15281,#15283,#15284,#15285));
#15287=FACE_OUTER_BOUND('',#15286,.F.);
#15288=ADVANCED_FACE('',(#15287),#15279,.T.);
#15289=CARTESIAN_POINT('',(9.E-1,-4.5E-2,-8.E-2));
#15290=DIRECTION('',(8.479983040051E-1,0.E0,-5.299989400032E-1));
#15291=DIRECTION('',(-5.299989400032E-1,0.E0,-8.479983040051E-1));
#15292=AXIS2_PLACEMENT_3D('',#15289,#15290,#15291);
#15293=PLANE('',#15292);
#15294=ORIENTED_EDGE('',*,*,#15280,.F.);
#15295=ORIENTED_EDGE('',*,*,#13243,.F.);
#15297=ORIENTED_EDGE('',*,*,#15296,.F.);
#15299=ORIENTED_EDGE('',*,*,#15298,.T.);
#15300=EDGE_LOOP('',(#15294,#15295,#15297,#15299));
#15301=FACE_OUTER_BOUND('',#15300,.F.);
#15302=ADVANCED_FACE('',(#15301),#15293,.T.);
#15303=CARTESIAN_POINT('',(8.9375E-1,-3.5E-2,0.E0));
#15304=DIRECTION('',(8.479983040051E-1,-5.299989400032E-1,0.E0));
#15305=DIRECTION('',(0.E0,0.E0,-1.E0));
#15306=AXIS2_PLACEMENT_3D('',#15303,#15304,#15305);
#15307=PLANE('',#15306);
#15308=ORIENTED_EDGE('',*,*,#15269,.T.);
#15310=ORIENTED_EDGE('',*,*,#15309,.F.);
#15311=ORIENTED_EDGE('',*,*,#15296,.T.);
#15312=ORIENTED_EDGE('',*,*,#7374,.T.);
#15313=EDGE_LOOP('',(#15308,#15310,#15311,#15312));
#15314=FACE_OUTER_BOUND('',#15313,.F.);
#15315=ADVANCED_FACE('',(#15314),#15307,.T.);
#15316=CARTESIAN_POINT('',(9.E-1,-4.5E-2,8.E-2));
#15317=DIRECTION('',(1.E0,0.E0,0.E0));
#15318=DIRECTION('',(0.E0,0.E0,-1.E0));
#15319=AXIS2_PLACEMENT_3D('',#15316,#15317,#15318);
#15320=PLANE('',#15319);
#15321=ORIENTED_EDGE('',*,*,#15282,.T.);
#15322=ORIENTED_EDGE('',*,*,#15298,.F.);
#15323=ORIENTED_EDGE('',*,*,#15309,.T.);
#15324=ORIENTED_EDGE('',*,*,#15267,.T.);
#15325=EDGE_LOOP('',(#15321,#15322,#15323,#15324));
#15326=FACE_OUTER_BOUND('',#15325,.F.);
#15327=ADVANCED_FACE('',(#15326),#15320,.T.);
#15328=CARTESIAN_POINT('',(-9.E-1,-4.5E-2,8.E-2));
#15329=DIRECTION('',(-8.479983040051E-1,0.E0,5.299989400032E-1));
#15330=DIRECTION('',(5.299989400032E-1,0.E0,8.479983040051E-1));
#15331=AXIS2_PLACEMENT_3D('',#15328,#15329,#15330);
#15332=PLANE('',#15331);
#15334=ORIENTED_EDGE('',*,*,#15333,.F.);
#15335=ORIENTED_EDGE('',*,*,#13552,.F.);
#15337=ORIENTED_EDGE('',*,*,#15336,.F.);
#15339=ORIENTED_EDGE('',*,*,#15338,.T.);
#15340=EDGE_LOOP('',(#15334,#15335,#15337,#15339));
#15341=FACE_OUTER_BOUND('',#15340,.F.);
#15342=ADVANCED_FACE('',(#15341),#15332,.T.);
#15343=CARTESIAN_POINT('',(-8.9375E-1,3.5E-2,0.E0));
#15344=DIRECTION('',(-8.479983040051E-1,5.299989400032E-1,0.E0));
#15345=DIRECTION('',(0.E0,0.E0,-1.E0));
#15346=AXIS2_PLACEMENT_3D('',#15343,#15344,#15345);
#15347=PLANE('',#15346);
#15348=ORIENTED_EDGE('',*,*,#15333,.T.);
#15350=ORIENTED_EDGE('',*,*,#15349,.F.);
#15352=ORIENTED_EDGE('',*,*,#15351,.T.);
#15353=ORIENTED_EDGE('',*,*,#8254,.T.);
#15354=EDGE_LOOP('',(#15348,#15350,#15352,#15353));
#15355=FACE_OUTER_BOUND('',#15354,.F.);
#15356=ADVANCED_FACE('',(#15355),#15347,.T.);
#15357=CARTESIAN_POINT('',(-9.E-1,-4.5E-2,-8.E-2));
#15358=DIRECTION('',(-1.E0,0.E0,0.E0));
#15359=DIRECTION('',(0.E0,0.E0,1.E0));
#15360=AXIS2_PLACEMENT_3D('',#15357,#15358,#15359);
#15361=PLANE('',#15360);
#15362=ORIENTED_EDGE('',*,*,#15349,.T.);
#15363=ORIENTED_EDGE('',*,*,#15338,.F.);
#15365=ORIENTED_EDGE('',*,*,#15364,.T.);
#15367=ORIENTED_EDGE('',*,*,#15366,.T.);
#15368=EDGE_LOOP('',(#15362,#15363,#15365,#15367));
#15369=FACE_OUTER_BOUND('',#15368,.F.);
#15370=ADVANCED_FACE('',(#15369),#15361,.T.);
#15371=CARTESIAN_POINT('',(-8.9375E-1,-3.5E-2,0.E0));
#15372=DIRECTION('',(-8.479983040051E-1,-5.299989400032E-1,0.E0));
#15373=DIRECTION('',(0.E0,0.E0,-1.E0));
#15374=AXIS2_PLACEMENT_3D('',#15371,#15372,#15373);
#15375=PLANE('',#15374);
#15377=ORIENTED_EDGE('',*,*,#15376,.T.);
#15378=ORIENTED_EDGE('',*,*,#15364,.F.);
#15379=ORIENTED_EDGE('',*,*,#15336,.T.);
#15380=ORIENTED_EDGE('',*,*,#7410,.T.);
#15381=EDGE_LOOP('',(#15377,#15378,#15379,#15380));
#15382=FACE_OUTER_BOUND('',#15381,.F.);
#15383=ADVANCED_FACE('',(#15382),#15375,.T.);
#15384=CARTESIAN_POINT('',(-8.875E-1,-4.5E-2,-1.E-1));
#15385=DIRECTION('',(-8.479983040051E-1,0.E0,-5.299989400032E-1));
#15386=DIRECTION('',(-5.299989400032E-1,0.E0,8.479983040051E-1));
#15387=AXIS2_PLACEMENT_3D('',#15384,#15385,#15386);
#15388=PLANE('',#15387);
#15389=ORIENTED_EDGE('',*,*,#15351,.F.);
#15390=ORIENTED_EDGE('',*,*,#15366,.F.);
#15391=ORIENTED_EDGE('',*,*,#15376,.F.);
#15392=ORIENTED_EDGE('',*,*,#13257,.T.);
#15393=EDGE_LOOP('',(#15389,#15390,#15391,#15392));
#15394=FACE_OUTER_BOUND('',#15393,.F.);
#15395=ADVANCED_FACE('',(#15394),#15388,.T.);
#15396=CARTESIAN_POINT('',(-8.05E-1,4.5E-2,7.834936490539E-2));
#15397=DIRECTION('',(-8.660254037844E-1,0.E0,-5.E-1));
#15398=DIRECTION('',(-5.E-1,0.E0,8.660254037844E-1));
#15399=AXIS2_PLACEMENT_3D('',#15396,#15397,#15398);
#15400=PLANE('',#15399);
#15402=ORIENTED_EDGE('',*,*,#15401,.F.);
#15403=ORIENTED_EDGE('',*,*,#13305,.T.);
#15405=ORIENTED_EDGE('',*,*,#15404,.T.);
#15406=ORIENTED_EDGE('',*,*,#13555,.T.);
#15407=EDGE_LOOP('',(#15402,#15403,#15405,#15406));
#15408=FACE_OUTER_BOUND('',#15407,.F.);
#15409=ADVANCED_FACE('',(#15408),#15400,.F.);
#15410=CARTESIAN_POINT('',(-8.175E-1,4.5E-2,1.E-1));
#15411=DIRECTION('',(-8.660254037844E-1,-5.E-1,0.E0));
#15412=DIRECTION('',(5.E-1,-8.660254037844E-1,0.E0));
#15413=AXIS2_PLACEMENT_3D('',#15410,#15411,#15412);
#15414=PLANE('',#15413);
#15415=ORIENTED_EDGE('',*,*,#8258,.F.);
#15417=ORIENTED_EDGE('',*,*,#15416,.T.);
#15418=ORIENTED_EDGE('',*,*,#13289,.F.);
#15419=ORIENTED_EDGE('',*,*,#15401,.T.);
#15420=EDGE_LOOP('',(#15415,#15417,#15418,#15419));
#15421=FACE_OUTER_BOUND('',#15420,.F.);
#15422=ADVANCED_FACE('',(#15421),#15414,.F.);
#15423=CARTESIAN_POINT('',(-8.175E-1,4.5E-2,-1.E-1));
#15424=DIRECTION('',(-8.660254037844E-1,0.E0,5.E-1));
#15425=DIRECTION('',(5.E-1,0.E0,8.660254037844E-1));
#15426=AXIS2_PLACEMENT_3D('',#15423,#15424,#15425);
#15427=PLANE('',#15426);
#15428=ORIENTED_EDGE('',*,*,#15416,.F.);
#15429=ORIENTED_EDGE('',*,*,#13260,.F.);
#15431=ORIENTED_EDGE('',*,*,#15430,.T.);
#15432=ORIENTED_EDGE('',*,*,#13273,.F.);
#15433=EDGE_LOOP('',(#15428,#15429,#15431,#15432));
#15434=FACE_OUTER_BOUND('',#15433,.F.);
#15435=ADVANCED_FACE('',(#15434),#15427,.F.);
#15436=CARTESIAN_POINT('',(-8.05E-1,-2.334936490539E-2,1.E-1));
#15437=DIRECTION('',(-8.660254037844E-1,5.E-1,0.E0));
#15438=DIRECTION('',(-5.E-1,-8.660254037844E-1,0.E0));
#15439=AXIS2_PLACEMENT_3D('',#15436,#15437,#15438);
#15440=PLANE('',#15439);
#15441=ORIENTED_EDGE('',*,*,#7414,.T.);
#15442=ORIENTED_EDGE('',*,*,#15404,.F.);
#15444=ORIENTED_EDGE('',*,*,#15443,.T.);
#15445=ORIENTED_EDGE('',*,*,#15430,.F.);
#15446=EDGE_LOOP('',(#15441,#15442,#15444,#15445));
#15447=FACE_OUTER_BOUND('',#15446,.F.);
#15448=ADVANCED_FACE('',(#15447),#15440,.F.);
#15449=CARTESIAN_POINT('',(-7.925E-1,-4.5E-2,1.E-1));
#15450=DIRECTION('',(8.660254037844E-1,5.E-1,0.E0));
#15451=DIRECTION('',(-5.E-1,8.660254037844E-1,0.E0));
#15452=AXIS2_PLACEMENT_3D('',#15449,#15450,#15451);
#15453=PLANE('',#15452);
#15454=ORIENTED_EDGE('',*,*,#6802,.F.);
#15455=ORIENTED_EDGE('',*,*,#13275,.F.);
#15456=ORIENTED_EDGE('',*,*,#15443,.F.);
#15457=ORIENTED_EDGE('',*,*,#13303,.F.);
#15458=EDGE_LOOP('',(#15454,#15455,#15456,#15457));
#15459=FACE_OUTER_BOUND('',#15458,.F.);
#15460=ADVANCED_FACE('',(#15459),#15453,.F.);
#15461=CLOSED_SHELL('',(#6828,#6864,#6900,#6936,#6972,#7008,#7044,#7080,#7116,
#7152,#7188,#7224,#7260,#7296,#7332,#7368,#7404,#7440,#7455,#7470,#7486,#7502,
#7516,#7530,#7545,#7561,#7577,#7590,#7602,#7615,#7628,#7640,#7676,#7712,#7748,
#7784,#7820,#7856,#7892,#7928,#7964,#8000,#8036,#8072,#8108,#8144,#8180,#8216,
#8248,#8284,#8297,#8310,#8322,#8335,#8348,#8360,#8375,#8390,#8405,#8420,#8434,
#8448,#8463,#8478,#8493,#8506,#8518,#8531,#8544,#8556,#8569,#8582,#8594,#8607,
#8620,#8632,#8647,#8662,#8677,#8692,#8706,#8720,#8735,#8750,#8765,#8778,#8790,
#8803,#8816,#8828,#8841,#8854,#8866,#8879,#8892,#8904,#8919,#8934,#8949,#8964,
#8978,#8992,#9007,#9022,#9037,#9050,#9062,#9075,#9088,#9100,#9113,#9126,#9138,
#9151,#9164,#9176,#9191,#9206,#9221,#9236,#9250,#9264,#9279,#9294,#9309,#9322,
#9334,#9347,#9360,#9372,#9385,#9398,#9410,#9423,#9436,#9448,#9463,#9478,#9493,
#9508,#9522,#9536,#9551,#9566,#9581,#9594,#9606,#9619,#9632,#9644,#9657,#9670,
#9682,#9695,#9708,#9720,#9735,#9750,#9765,#9780,#9794,#9808,#9823,#9838,#9853,
#9866,#9878,#9891,#9904,#9916,#9929,#9942,#9954,#9967,#9980,#9992,#10007,#10022,
#10037,#10052,#10066,#10080,#10095,#10110,#10125,#10138,#10150,#10163,#10176,
#10188,#10201,#10214,#10226,#10239,#10252,#10264,#10279,#10294,#10309,#10324,
#10338,#10352,#10367,#10382,#10397,#10410,#10422,#10435,#10448,#10460,#10473,
#10486,#10498,#10511,#10524,#10536,#10551,#10566,#10581,#10596,#10610,#10624,
#10639,#10654,#10669,#10682,#10694,#10707,#10720,#10732,#10745,#10758,#10770,
#10783,#10796,#10808,#10823,#10838,#10853,#10868,#10882,#10896,#10911,#10926,
#10941,#10954,#10966,#10979,#10992,#11004,#11017,#11030,#11042,#11055,#11068,
#11080,#11095,#11110,#11125,#11140,#11154,#11168,#11183,#11198,#11213,#11226,
#11238,#11251,#11264,#11276,#11289,#11302,#11314,#11327,#11340,#11352,#11367,
#11382,#11397,#11412,#11426,#11440,#11455,#11470,#11485,#11498,#11510,#11523,
#11536,#11548,#11561,#11574,#11586,#11599,#11612,#11624,#11639,#11654,#11669,
#11684,#11698,#11712,#11727,#11742,#11757,#11770,#11782,#11795,#11808,#11820,
#11833,#11846,#11858,#11871,#11884,#11896,#11911,#11926,#11941,#11956,#11970,
#11984,#11999,#12014,#12029,#12042,#12054,#12067,#12080,#12092,#12105,#12118,
#12130,#12143,#12156,#12168,#12183,#12198,#12213,#12228,#12242,#12256,#12271,
#12286,#12301,#12314,#12326,#12339,#12352,#12364,#12377,#12390,#12402,#12415,
#12428,#12440,#12455,#12470,#12485,#12500,#12514,#12528,#12543,#12558,#12573,
#12586,#12598,#12611,#12624,#12636,#12649,#12662,#12674,#12687,#12700,#12712,
#12727,#12742,#12757,#12772,#12786,#12800,#12815,#12830,#12845,#12858,#12870,
#12883,#12896,#12908,#12921,#12934,#12946,#12959,#12972,#12984,#12999,#13014,
#13027,#13041,#13055,#13069,#13083,#13097,#13111,#13125,#13139,#13153,#13167,
#13181,#13195,#13209,#13223,#13237,#13251,#13265,#13280,#13294,#13309,#13322,
#13336,#13350,#13364,#13378,#13392,#13406,#13420,#13434,#13448,#13462,#13476,
#13490,#13504,#13518,#13532,#13546,#13560,#13574,#13588,#13601,#13614,#13627,
#13639,#13654,#13668,#13682,#13695,#13709,#13722,#13735,#13747,#13762,#13776,
#13790,#13803,#13817,#13830,#13843,#13855,#13870,#13884,#13898,#13911,#13925,
#13938,#13951,#13963,#13978,#13992,#14006,#14019,#14033,#14046,#14059,#14071,
#14086,#14100,#14114,#14127,#14141,#14154,#14167,#14179,#14194,#14208,#14222,
#14235,#14249,#14262,#14275,#14287,#14302,#14316,#14330,#14343,#14357,#14370,
#14383,#14395,#14410,#14424,#14438,#14451,#14465,#14478,#14491,#14503,#14518,
#14532,#14546,#14559,#14573,#14586,#14599,#14611,#14626,#14640,#14654,#14667,
#14681,#14694,#14707,#14719,#14734,#14748,#14762,#14775,#14789,#14802,#14815,
#14827,#14842,#14856,#14870,#14883,#14897,#14910,#14923,#14935,#14950,#14964,
#14978,#14991,#15005,#15018,#15031,#15043,#15058,#15072,#15086,#15099,#15113,
#15126,#15139,#15151,#15166,#15180,#15194,#15207,#15221,#15234,#15247,#15259,
#15274,#15288,#15302,#15315,#15327,#15342,#15356,#15370,#15383,#15395,#15409,
#15422,#15435,#15448,#15460));
#15462=MANIFOLD_SOLID_BREP('',#15461);
#15463=CARTESIAN_POINT('',(0.E0,0.E0,0.E0));
#15464=DIRECTION('',(0.E0,0.E0,1.E0));
#15465=DIRECTION('',(1.E0,0.E0,0.E0));
#15466=AXIS2_PLACEMENT_3D('CSYS',#15463,#15464,#15465);
#15467=CARTESIAN_POINT('',(8.5E-1,-4.5E-2,-5.E-2));
#15468=DIRECTION('',(0.E0,-1.E0,0.E0));
#15469=DIRECTION('',(1.E0,0.E0,0.E0));
#15470=AXIS2_PLACEMENT_3D('',#15467,#15468,#15469);
#15474=CARTESIAN_POINT('',(8.5E-1,-4.5E-2,-5.E-2));
#15475=DIRECTION('',(0.E0,-1.E0,0.E0));
#15476=DIRECTION('',(-1.E0,0.E0,0.E0));
#15477=AXIS2_PLACEMENT_3D('',#15474,#15475,#15476);
#15483=CARTESIAN_POINT('',(8.5E-1,-4.5E-2,5.E-2));
#15484=DIRECTION('',(0.E0,-1.E0,0.E0));
#15485=DIRECTION('',(1.E0,0.E0,0.E0));
#15486=AXIS2_PLACEMENT_3D('',#15483,#15484,#15485);
#15490=CARTESIAN_POINT('',(8.5E-1,-4.5E-2,5.E-2));
#15491=DIRECTION('',(0.E0,-1.E0,0.E0));
#15492=DIRECTION('',(-1.E0,0.E0,0.E0));
#15493=AXIS2_PLACEMENT_3D('',#15490,#15491,#15492);
#15498=CARTESIAN_POINT('',(7.5E-1,-4.5E-2,-5.E-2));
#15499=DIRECTION('',(0.E0,-1.E0,0.E0));
#15500=DIRECTION('',(1.E0,0.E0,0.E0));
#15501=AXIS2_PLACEMENT_3D('',#15498,#15499,#15500);
#15505=CARTESIAN_POINT('',(7.5E-1,-4.5E-2,-5.E-2));
#15506=DIRECTION('',(0.E0,-1.E0,0.E0));
#15507=DIRECTION('',(-1.E0,0.E0,0.E0));
#15508=AXIS2_PLACEMENT_3D('',#15505,#15506,#15507);
#15513=CARTESIAN_POINT('',(7.5E-1,-4.5E-2,5.E-2));
#15514=DIRECTION('',(0.E0,-1.E0,0.E0));
#15515=DIRECTION('',(1.E0,0.E0,0.E0));
#15516=AXIS2_PLACEMENT_3D('',#15513,#15514,#15515);
#15520=CARTESIAN_POINT('',(7.5E-1,-4.5E-2,5.E-2));
#15521=DIRECTION('',(0.E0,-1.E0,0.E0));
#15522=DIRECTION('',(-1.E0,0.E0,0.E0));
#15523=AXIS2_PLACEMENT_3D('',#15520,#15521,#15522);
#15528=CARTESIAN_POINT('',(6.5E-1,-4.5E-2,-5.E-2));
#15529=DIRECTION('',(0.E0,-1.E0,0.E0));
#15530=DIRECTION('',(1.E0,0.E0,0.E0));
#15531=AXIS2_PLACEMENT_3D('',#15528,#15529,#15530);
#15535=CARTESIAN_POINT('',(6.5E-1,-4.5E-2,-5.E-2));
#15536=DIRECTION('',(0.E0,-1.E0,0.E0));
#15537=DIRECTION('',(-1.E0,0.E0,0.E0));
#15538=AXIS2_PLACEMENT_3D('',#15535,#15536,#15537);
#15543=CARTESIAN_POINT('',(6.5E-1,-4.5E-2,5.E-2));
#15544=DIRECTION('',(0.E0,-1.E0,0.E0));
#15545=DIRECTION('',(1.E0,0.E0,0.E0));
#15546=AXIS2_PLACEMENT_3D('',#15543,#15544,#15545);
#15550=CARTESIAN_POINT('',(6.5E-1,-4.5E-2,5.E-2));
#15551=DIRECTION('',(0.E0,-1.E0,0.E0));
#15552=DIRECTION('',(-1.E0,0.E0,0.E0));
#15553=AXIS2_PLACEMENT_3D('',#15550,#15551,#15552);
#15558=CARTESIAN_POINT('',(5.5E-1,-4.5E-2,-5.E-2));
#15559=DIRECTION('',(0.E0,-1.E0,0.E0));
#15560=DIRECTION('',(1.E0,0.E0,0.E0));
#15561=AXIS2_PLACEMENT_3D('',#15558,#15559,#15560);
#15565=CARTESIAN_POINT('',(5.5E-1,-4.5E-2,-5.E-2));
#15566=DIRECTION('',(0.E0,-1.E0,0.E0));
#15567=DIRECTION('',(-1.E0,0.E0,0.E0));
#15568=AXIS2_PLACEMENT_3D('',#15565,#15566,#15567);
#15573=CARTESIAN_POINT('',(5.5E-1,-4.5E-2,5.E-2));
#15574=DIRECTION('',(0.E0,-1.E0,0.E0));
#15575=DIRECTION('',(1.E0,0.E0,0.E0));
#15576=AXIS2_PLACEMENT_3D('',#15573,#15574,#15575);
#15580=CARTESIAN_POINT('',(5.5E-1,-4.5E-2,5.E-2));
#15581=DIRECTION('',(0.E0,-1.E0,0.E0));
#15582=DIRECTION('',(-1.E0,0.E0,0.E0));
#15583=AXIS2_PLACEMENT_3D('',#15580,#15581,#15582);
#15588=CARTESIAN_POINT('',(4.5E-1,-4.5E-2,-5.E-2));
#15589=DIRECTION('',(0.E0,-1.E0,0.E0));
#15590=DIRECTION('',(1.E0,0.E0,0.E0));
#15591=AXIS2_PLACEMENT_3D('',#15588,#15589,#15590);
#15595=CARTESIAN_POINT('',(4.5E-1,-4.5E-2,-5.E-2));
#15596=DIRECTION('',(0.E0,-1.E0,0.E0));
#15597=DIRECTION('',(-1.E0,0.E0,0.E0));
#15598=AXIS2_PLACEMENT_3D('',#15595,#15596,#15597);
#15603=CARTESIAN_POINT('',(4.5E-1,-4.5E-2,5.E-2));
#15604=DIRECTION('',(0.E0,-1.E0,0.E0));
#15605=DIRECTION('',(1.E0,0.E0,0.E0));
#15606=AXIS2_PLACEMENT_3D('',#15603,#15604,#15605);
#15610=CARTESIAN_POINT('',(4.5E-1,-4.5E-2,5.E-2));
#15611=DIRECTION('',(0.E0,-1.E0,0.E0));
#15612=DIRECTION('',(-1.E0,0.E0,0.E0));
#15613=AXIS2_PLACEMENT_3D('',#15610,#15611,#15612);
#15618=CARTESIAN_POINT('',(3.5E-1,-4.5E-2,-5.E-2));
#15619=DIRECTION('',(0.E0,-1.E0,0.E0));
#15620=DIRECTION('',(1.E0,0.E0,0.E0));
#15621=AXIS2_PLACEMENT_3D('',#15618,#15619,#15620);
#15625=CARTESIAN_POINT('',(3.5E-1,-4.5E-2,-5.E-2));
#15626=DIRECTION('',(0.E0,-1.E0,0.E0));
#15627=DIRECTION('',(-1.E0,0.E0,0.E0));
#15628=AXIS2_PLACEMENT_3D('',#15625,#15626,#15627);
#15633=CARTESIAN_POINT('',(3.5E-1,-4.5E-2,5.E-2));
#15634=DIRECTION('',(0.E0,-1.E0,0.E0));
#15635=DIRECTION('',(1.E0,0.E0,0.E0));
#15636=AXIS2_PLACEMENT_3D('',#15633,#15634,#15635);
#15640=CARTESIAN_POINT('',(3.5E-1,-4.5E-2,5.E-2));
#15641=DIRECTION('',(0.E0,-1.E0,0.E0));
#15642=DIRECTION('',(-1.E0,0.E0,0.E0));
#15643=AXIS2_PLACEMENT_3D('',#15640,#15641,#15642);
#15648=CARTESIAN_POINT('',(2.5E-1,-4.5E-2,-5.E-2));
#15649=DIRECTION('',(0.E0,-1.E0,0.E0));
#15650=DIRECTION('',(1.E0,0.E0,0.E0));
#15651=AXIS2_PLACEMENT_3D('',#15648,#15649,#15650);
#15655=CARTESIAN_POINT('',(2.5E-1,-4.5E-2,-5.E-2));
#15656=DIRECTION('',(0.E0,-1.E0,0.E0));
#15657=DIRECTION('',(-1.E0,0.E0,0.E0));
#15658=AXIS2_PLACEMENT_3D('',#15655,#15656,#15657);
#15663=CARTESIAN_POINT('',(2.5E-1,-4.5E-2,5.E-2));
#15664=DIRECTION('',(0.E0,-1.E0,0.E0));
#15665=DIRECTION('',(1.E0,0.E0,0.E0));
#15666=AXIS2_PLACEMENT_3D('',#15663,#15664,#15665);
#15670=CARTESIAN_POINT('',(2.5E-1,-4.5E-2,5.E-2));
#15671=DIRECTION('',(0.E0,-1.E0,0.E0));
#15672=DIRECTION('',(-1.E0,0.E0,0.E0));
#15673=AXIS2_PLACEMENT_3D('',#15670,#15671,#15672);
#15678=CARTESIAN_POINT('',(1.5E-1,-4.5E-2,-5.E-2));
#15679=DIRECTION('',(0.E0,-1.E0,0.E0));
#15680=DIRECTION('',(1.E0,0.E0,0.E0));
#15681=AXIS2_PLACEMENT_3D('',#15678,#15679,#15680);
#15685=CARTESIAN_POINT('',(1.5E-1,-4.5E-2,-5.E-2));
#15686=DIRECTION('',(0.E0,-1.E0,0.E0));
#15687=DIRECTION('',(-1.E0,0.E0,0.E0));
#15688=AXIS2_PLACEMENT_3D('',#15685,#15686,#15687);
#15693=CARTESIAN_POINT('',(1.5E-1,-4.5E-2,5.E-2));
#15694=DIRECTION('',(0.E0,-1.E0,0.E0));
#15695=DIRECTION('',(1.E0,0.E0,0.E0));
#15696=AXIS2_PLACEMENT_3D('',#15693,#15694,#15695);
#15700=CARTESIAN_POINT('',(1.5E-1,-4.5E-2,5.E-2));
#15701=DIRECTION('',(0.E0,-1.E0,0.E0));
#15702=DIRECTION('',(-1.E0,0.E0,0.E0));
#15703=AXIS2_PLACEMENT_3D('',#15700,#15701,#15702);
#15708=CARTESIAN_POINT('',(5.E-2,-4.5E-2,-5.E-2));
#15709=DIRECTION('',(0.E0,-1.E0,0.E0));
#15710=DIRECTION('',(1.E0,0.E0,0.E0));
#15711=AXIS2_PLACEMENT_3D('',#15708,#15709,#15710);
#15715=CARTESIAN_POINT('',(5.E-2,-4.5E-2,-5.E-2));
#15716=DIRECTION('',(0.E0,-1.E0,0.E0));
#15717=DIRECTION('',(-1.E0,0.E0,0.E0));
#15718=AXIS2_PLACEMENT_3D('',#15715,#15716,#15717);
#15723=CARTESIAN_POINT('',(5.E-2,-4.5E-2,5.E-2));
#15724=DIRECTION('',(0.E0,-1.E0,0.E0));
#15725=DIRECTION('',(1.E0,0.E0,0.E0));
#15726=AXIS2_PLACEMENT_3D('',#15723,#15724,#15725);
#15730=CARTESIAN_POINT('',(5.E-2,-4.5E-2,5.E-2));
#15731=DIRECTION('',(0.E0,-1.E0,0.E0));
#15732=DIRECTION('',(-1.E0,0.E0,0.E0));
#15733=AXIS2_PLACEMENT_3D('',#15730,#15731,#15732);
#15738=CARTESIAN_POINT('',(-5.E-2,-4.5E-2,-5.E-2));
#15739=DIRECTION('',(0.E0,-1.E0,0.E0));
#15740=DIRECTION('',(1.E0,0.E0,0.E0));
#15741=AXIS2_PLACEMENT_3D('',#15738,#15739,#15740);
#15745=CARTESIAN_POINT('',(-5.E-2,-4.5E-2,-5.E-2));
#15746=DIRECTION('',(0.E0,-1.E0,0.E0));
#15747=DIRECTION('',(-1.E0,0.E0,0.E0));
#15748=AXIS2_PLACEMENT_3D('',#15745,#15746,#15747);
#15753=CARTESIAN_POINT('',(-5.E-2,-4.5E-2,5.E-2));
#15754=DIRECTION('',(0.E0,-1.E0,0.E0));
#15755=DIRECTION('',(1.E0,0.E0,0.E0));
#15756=AXIS2_PLACEMENT_3D('',#15753,#15754,#15755);
#15760=CARTESIAN_POINT('',(-5.E-2,-4.5E-2,5.E-2));
#15761=DIRECTION('',(0.E0,-1.E0,0.E0));
#15762=DIRECTION('',(-1.E0,0.E0,0.E0));
#15763=AXIS2_PLACEMENT_3D('',#15760,#15761,#15762);
#15768=CARTESIAN_POINT('',(-1.5E-1,-4.5E-2,-5.E-2));
#15769=DIRECTION('',(0.E0,-1.E0,0.E0));
#15770=DIRECTION('',(1.E0,0.E0,0.E0));
#15771=AXIS2_PLACEMENT_3D('',#15768,#15769,#15770);
#15775=CARTESIAN_POINT('',(-1.5E-1,-4.5E-2,-5.E-2));
#15776=DIRECTION('',(0.E0,-1.E0,0.E0));
#15777=DIRECTION('',(-1.E0,0.E0,0.E0));
#15778=AXIS2_PLACEMENT_3D('',#15775,#15776,#15777);
#15783=CARTESIAN_POINT('',(-1.5E-1,-4.5E-2,5.E-2));
#15784=DIRECTION('',(0.E0,-1.E0,0.E0));
#15785=DIRECTION('',(1.E0,0.E0,0.E0));
#15786=AXIS2_PLACEMENT_3D('',#15783,#15784,#15785);
#15790=CARTESIAN_POINT('',(-1.5E-1,-4.5E-2,5.E-2));
#15791=DIRECTION('',(0.E0,-1.E0,0.E0));
#15792=DIRECTION('',(-1.E0,0.E0,0.E0));
#15793=AXIS2_PLACEMENT_3D('',#15790,#15791,#15792);
#15798=CARTESIAN_POINT('',(-2.5E-1,-4.5E-2,-5.E-2));
#15799=DIRECTION('',(0.E0,-1.E0,0.E0));
#15800=DIRECTION('',(1.E0,0.E0,0.E0));
#15801=AXIS2_PLACEMENT_3D('',#15798,#15799,#15800);
#15805=CARTESIAN_POINT('',(-2.5E-1,-4.5E-2,-5.E-2));
#15806=DIRECTION('',(0.E0,-1.E0,0.E0));
#15807=DIRECTION('',(-1.E0,0.E0,0.E0));
#15808=AXIS2_PLACEMENT_3D('',#15805,#15806,#15807);
#15813=CARTESIAN_POINT('',(-2.5E-1,-4.5E-2,5.E-2));
#15814=DIRECTION('',(0.E0,-1.E0,0.E0));
#15815=DIRECTION('',(1.E0,0.E0,0.E0));
#15816=AXIS2_PLACEMENT_3D('',#15813,#15814,#15815);
#15820=CARTESIAN_POINT('',(-2.5E-1,-4.5E-2,5.E-2));
#15821=DIRECTION('',(0.E0,-1.E0,0.E0));
#15822=DIRECTION('',(-1.E0,0.E0,0.E0));
#15823=AXIS2_PLACEMENT_3D('',#15820,#15821,#15822);
#15828=CARTESIAN_POINT('',(-3.5E-1,-4.5E-2,-5.E-2));
#15829=DIRECTION('',(0.E0,-1.E0,0.E0));
#15830=DIRECTION('',(1.E0,0.E0,0.E0));
#15831=AXIS2_PLACEMENT_3D('',#15828,#15829,#15830);
#15835=CARTESIAN_POINT('',(-3.5E-1,-4.5E-2,-5.E-2));
#15836=DIRECTION('',(0.E0,-1.E0,0.E0));
#15837=DIRECTION('',(-1.E0,0.E0,0.E0));
#15838=AXIS2_PLACEMENT_3D('',#15835,#15836,#15837);
#15843=CARTESIAN_POINT('',(-3.5E-1,-4.5E-2,5.E-2));
#15844=DIRECTION('',(0.E0,-1.E0,0.E0));
#15845=DIRECTION('',(1.E0,0.E0,0.E0));
#15846=AXIS2_PLACEMENT_3D('',#15843,#15844,#15845);
#15850=CARTESIAN_POINT('',(-3.5E-1,-4.5E-2,5.E-2));
#15851=DIRECTION('',(0.E0,-1.E0,0.E0));
#15852=DIRECTION('',(-1.E0,0.E0,0.E0));
#15853=AXIS2_PLACEMENT_3D('',#15850,#15851,#15852);
#15858=CARTESIAN_POINT('',(-4.5E-1,-4.5E-2,-5.E-2));
#15859=DIRECTION('',(0.E0,-1.E0,0.E0));
#15860=DIRECTION('',(1.E0,0.E0,0.E0));
#15861=AXIS2_PLACEMENT_3D('',#15858,#15859,#15860);
#15865=CARTESIAN_POINT('',(-4.5E-1,-4.5E-2,-5.E-2));
#15866=DIRECTION('',(0.E0,-1.E0,0.E0));
#15867=DIRECTION('',(-1.E0,0.E0,0.E0));
#15868=AXIS2_PLACEMENT_3D('',#15865,#15866,#15867);
#15873=CARTESIAN_POINT('',(-4.5E-1,-4.5E-2,5.E-2));
#15874=DIRECTION('',(0.E0,-1.E0,0.E0));
#15875=DIRECTION('',(1.E0,0.E0,0.E0));
#15876=AXIS2_PLACEMENT_3D('',#15873,#15874,#15875);
#15880=CARTESIAN_POINT('',(-4.5E-1,-4.5E-2,5.E-2));
#15881=DIRECTION('',(0.E0,-1.E0,0.E0));
#15882=DIRECTION('',(-1.E0,0.E0,0.E0));
#15883=AXIS2_PLACEMENT_3D('',#15880,#15881,#15882);
#15888=CARTESIAN_POINT('',(-5.5E-1,-4.5E-2,-5.E-2));
#15889=DIRECTION('',(0.E0,-1.E0,0.E0));
#15890=DIRECTION('',(1.E0,0.E0,0.E0));
#15891=AXIS2_PLACEMENT_3D('',#15888,#15889,#15890);
#15895=CARTESIAN_POINT('',(-5.5E-1,-4.5E-2,-5.E-2));
#15896=DIRECTION('',(0.E0,-1.E0,0.E0));
#15897=DIRECTION('',(-1.E0,0.E0,0.E0));
#15898=AXIS2_PLACEMENT_3D('',#15895,#15896,#15897);
#15903=CARTESIAN_POINT('',(-5.5E-1,-4.5E-2,5.E-2));
#15904=DIRECTION('',(0.E0,-1.E0,0.E0));
#15905=DIRECTION('',(1.E0,0.E0,0.E0));
#15906=AXIS2_PLACEMENT_3D('',#15903,#15904,#15905);
#15910=CARTESIAN_POINT('',(-5.5E-1,-4.5E-2,5.E-2));
#15911=DIRECTION('',(0.E0,-1.E0,0.E0));
#15912=DIRECTION('',(-1.E0,0.E0,0.E0));
#15913=AXIS2_PLACEMENT_3D('',#15910,#15911,#15912);
#15918=CARTESIAN_POINT('',(-6.5E-1,-4.5E-2,-5.E-2));
#15919=DIRECTION('',(0.E0,-1.E0,0.E0));
#15920=DIRECTION('',(1.E0,0.E0,0.E0));
#15921=AXIS2_PLACEMENT_3D('',#15918,#15919,#15920);
#15925=CARTESIAN_POINT('',(-6.5E-1,-4.5E-2,-5.E-2));
#15926=DIRECTION('',(0.E0,-1.E0,0.E0));
#15927=DIRECTION('',(-1.E0,0.E0,0.E0));
#15928=AXIS2_PLACEMENT_3D('',#15925,#15926,#15927);
#15933=CARTESIAN_POINT('',(-6.5E-1,-4.5E-2,5.E-2));
#15934=DIRECTION('',(0.E0,-1.E0,0.E0));
#15935=DIRECTION('',(1.E0,0.E0,0.E0));
#15936=AXIS2_PLACEMENT_3D('',#15933,#15934,#15935);
#15940=CARTESIAN_POINT('',(-6.5E-1,-4.5E-2,5.E-2));
#15941=DIRECTION('',(0.E0,-1.E0,0.E0));
#15942=DIRECTION('',(-1.E0,0.E0,0.E0));
#15943=AXIS2_PLACEMENT_3D('',#15940,#15941,#15942);
#15948=CARTESIAN_POINT('',(-7.5E-1,-4.5E-2,-5.E-2));
#15949=DIRECTION('',(0.E0,-1.E0,0.E0));
#15950=DIRECTION('',(1.E0,0.E0,0.E0));
#15951=AXIS2_PLACEMENT_3D('',#15948,#15949,#15950);
#15955=CARTESIAN_POINT('',(-7.5E-1,-4.5E-2,-5.E-2));
#15956=DIRECTION('',(0.E0,-1.E0,0.E0));
#15957=DIRECTION('',(-1.E0,0.E0,0.E0));
#15958=AXIS2_PLACEMENT_3D('',#15955,#15956,#15957);
#15963=CARTESIAN_POINT('',(-7.5E-1,-4.5E-2,5.E-2));
#15964=DIRECTION('',(0.E0,-1.E0,0.E0));
#15965=DIRECTION('',(1.E0,0.E0,0.E0));
#15966=AXIS2_PLACEMENT_3D('',#15963,#15964,#15965);
#15970=CARTESIAN_POINT('',(-7.5E-1,-4.5E-2,5.E-2));
#15971=DIRECTION('',(0.E0,-1.E0,0.E0));
#15972=DIRECTION('',(-1.E0,0.E0,0.E0));
#15973=AXIS2_PLACEMENT_3D('',#15970,#15971,#15972);
#15978=CARTESIAN_POINT('',(-8.5E-1,-4.5E-2,-5.E-2));
#15979=DIRECTION('',(0.E0,-1.E0,0.E0));
#15980=DIRECTION('',(1.E0,0.E0,0.E0));
#15981=AXIS2_PLACEMENT_3D('',#15978,#15979,#15980);
#15985=CARTESIAN_POINT('',(-8.5E-1,-4.5E-2,-5.E-2));
#15986=DIRECTION('',(0.E0,-1.E0,0.E0));
#15987=DIRECTION('',(-1.E0,0.E0,0.E0));
#15988=AXIS2_PLACEMENT_3D('',#15985,#15986,#15987);
#15993=CARTESIAN_POINT('',(-8.5E-1,-4.5E-2,5.E-2));
#15994=DIRECTION('',(0.E0,-1.E0,0.E0));
#15995=DIRECTION('',(1.E0,0.E0,0.E0));
#15996=AXIS2_PLACEMENT_3D('',#15993,#15994,#15995);
#16000=CARTESIAN_POINT('',(-8.5E-1,-4.5E-2,5.E-2));
#16001=DIRECTION('',(0.E0,-1.E0,0.E0));
#16002=DIRECTION('',(-1.E0,0.E0,0.E0));
#16003=AXIS2_PLACEMENT_3D('',#16000,#16001,#16002);
#16008=DIMENSIONAL_EXPONENTS(1.E0,0.E0,0.E0,0.E0,0.E0,0.E0,0.E0);
#16010=LENGTH_MEASURE_WITH_UNIT(LENGTH_MEASURE(2.54E1),#16009);
#16011=(CONVERSION_BASED_UNIT('INCH',#16010)LENGTH_UNIT()NAMED_UNIT(#16008));
#16012=DIMENSIONAL_EXPONENTS(0.E0,0.E0,0.E0,0.E0,0.E0,0.E0,0.E0);
#16014=PLANE_ANGLE_MEASURE_WITH_UNIT(PLANE_ANGLE_MEASURE(1.745329251994E-2),
#16013);
#16015=(CONVERSION_BASED_UNIT('DEGREE',#16014)NAMED_UNIT(*)PLANE_ANGLE_UNIT());
#16017=UNCERTAINTY_MEASURE_WITH_UNIT(LENGTH_MEASURE(1.992105043001E-4),#16011,
'closure',
'Maximum model space distance between geometric entities at asserted connectivities');
#16018=(GEOMETRIC_REPRESENTATION_CONTEXT(3)GLOBAL_UNCERTAINTY_ASSIGNED_CONTEXT((
#16017))GLOBAL_UNIT_ASSIGNED_CONTEXT((#16011,#16015,#16016))REPRESENTATION_CONTEXT('ID1','3'));
#15482=GEOMETRIC_SET('',(#15481,#15497,#15512,#15527,#15542,#15557,#15572,
#15587,#15602,#15617,#15632,#15647,#15662,#15677,#15692,#15707,#15722,#15737,
#15752,#15767,#15782,#15797,#15812,#15827,#15842,#15857,#15872,#15887,#15902,
#15917,#15932,#15947,#15962,#15977,#15992,#16007));
#16022=SHAPE_REPRESENTATION_RELATIONSHIP('','',#16021,#16019);
#16023=SHAPE_REPRESENTATION_RELATIONSHIP('','',#16021,#16020);
#16024=APPLICATION_CONTEXT(
'CONFIGURATION CONTROLLED 3D DESIGNS OF MECHANICAL PARTS AND ASSEMBLIES');
#16025=APPLICATION_PROTOCOL_DEFINITION('international standard',
'config_control_design',1994,#16024);
#16026=DESIGN_CONTEXT('',#16024,'design');
#16027=MECHANICAL_CONTEXT('',#16024,'mechanical');
#16028=PRODUCT('010897362','010897362','NOT SPECIFIED',(#16027));
#16029=PRODUCT_DEFINITION_FORMATION_WITH_SPECIFIED_SOURCE('3','LAST_VERSION',
#16028,.MADE.);
#16033=PRODUCT_CATEGORY('part','');
#16034=PRODUCT_RELATED_PRODUCT_CATEGORY('detail','',(#16028));
#16035=PRODUCT_CATEGORY_RELATIONSHIP('','',#16033,#16034);
#16036=SECURITY_CLASSIFICATION_LEVEL('unclassified');
#16037=SECURITY_CLASSIFICATION('','',#16036);
#16038=CC_DESIGN_SECURITY_CLASSIFICATION(#16037,(#16029));
#16039=APPROVAL_STATUS('approved');
#16040=APPROVAL(#16039,'');
#16041=CC_DESIGN_APPROVAL(#16040,(#16037,#16029,#16030));
#16042=CALENDAR_DATE(116,25,10);
#16043=COORDINATED_UNIVERSAL_TIME_OFFSET(5,30,.AHEAD.);
#16044=LOCAL_TIME(11,4,4.2E1,#16043);
#16045=DATE_AND_TIME(#16042,#16044);
#16046=APPROVAL_DATE_TIME(#16045,#16040);
#16047=DATE_TIME_ROLE('creation_date');
#16048=CC_DESIGN_DATE_AND_TIME_ASSIGNMENT(#16045,#16047,(#16030));
#16049=DATE_TIME_ROLE('classification_date');
#16050=CC_DESIGN_DATE_AND_TIME_ASSIGNMENT(#16045,#16049,(#16037));
#16051=PERSON('UNSPECIFIED','UNSPECIFIED',$,$,$,$);
#16052=ORGANIZATION('UNSPECIFIED','UNSPECIFIED','UNSPECIFIED');
#16053=PERSON_AND_ORGANIZATION(#16051,#16052);
#16054=APPROVAL_ROLE('approver');
#16055=APPROVAL_PERSON_ORGANIZATION(#16053,#16040,#16054);
#16056=PERSON_AND_ORGANIZATION_ROLE('creator');
#16057=CC_DESIGN_PERSON_AND_ORGANIZATION_ASSIGNMENT(#16053,#16056,(#16029,
#16030));
#16058=PERSON_AND_ORGANIZATION_ROLE('design_supplier');
#16059=CC_DESIGN_PERSON_AND_ORGANIZATION_ASSIGNMENT(#16053,#16058,(#16029));
#16060=PERSON_AND_ORGANIZATION_ROLE('classification_officer');
#16061=CC_DESIGN_PERSON_AND_ORGANIZATION_ASSIGNMENT(#16053,#16060,(#16037));
#16062=PERSON_AND_ORGANIZATION_ROLE('design_owner');
#16063=CC_DESIGN_PERSON_AND_ORGANIZATION_ASSIGNMENT(#16053,#16062,(#16028));
#6798=EDGE_CURVE('',#5295,#5296,#580,.T.);
#6800=EDGE_CURVE('',#5295,#5267,#584,.T.);
#6802=EDGE_CURVE('',#5267,#5268,#588,.T.);
#6804=EDGE_CURVE('',#5268,#5296,#592,.T.);
#6808=EDGE_CURVE('',#6355,#6356,#516,.T.);
#6810=EDGE_CURVE('',#6356,#6364,#520,.T.);
#6812=EDGE_CURVE('',#6363,#6364,#524,.T.);
#6814=EDGE_CURVE('',#6355,#6363,#528,.T.);
#6818=EDGE_CURVE('',#6359,#6360,#532,.T.);
#6820=EDGE_CURVE('',#6360,#6368,#536,.T.);
#6822=EDGE_CURVE('',#6367,#6368,#540,.T.);
#6824=EDGE_CURVE('',#6359,#6367,#544,.T.);
#6834=EDGE_CURVE('',#5319,#5320,#596,.T.);
#6836=EDGE_CURVE('',#5319,#5291,#600,.T.);
#6838=EDGE_CURVE('',#5291,#5292,#604,.T.);
#6840=EDGE_CURVE('',#5292,#5320,#608,.T.);
#6844=EDGE_CURVE('',#6291,#6292,#484,.T.);
#6846=EDGE_CURVE('',#6292,#6300,#488,.T.);
#6848=EDGE_CURVE('',#6299,#6300,#492,.T.);
#6850=EDGE_CURVE('',#6291,#6299,#496,.T.);
#6854=EDGE_CURVE('',#6295,#6296,#500,.T.);
#6856=EDGE_CURVE('',#6296,#6304,#504,.T.);
#6858=EDGE_CURVE('',#6303,#6304,#508,.T.);
#6860=EDGE_CURVE('',#6295,#6303,#512,.T.);
#6870=EDGE_CURVE('',#5343,#5344,#612,.T.);
#6872=EDGE_CURVE('',#5343,#5315,#616,.T.);
#6874=EDGE_CURVE('',#5315,#5316,#620,.T.);
#6876=EDGE_CURVE('',#5316,#5344,#624,.T.);
#6880=EDGE_CURVE('',#6227,#6228,#452,.T.);
#6882=EDGE_CURVE('',#6228,#6236,#456,.T.);
#6884=EDGE_CURVE('',#6235,#6236,#460,.T.);
#6886=EDGE_CURVE('',#6227,#6235,#464,.T.);
#6890=EDGE_CURVE('',#6231,#6232,#468,.T.);
#6892=EDGE_CURVE('',#6232,#6240,#472,.T.);
#6894=EDGE_CURVE('',#6239,#6240,#476,.T.);
#6896=EDGE_CURVE('',#6231,#6239,#480,.T.);
#6906=EDGE_CURVE('',#6455,#6456,#628,.T.);
#6908=EDGE_CURVE('',#6455,#5339,#632,.T.);
#6910=EDGE_CURVE('',#5339,#5340,#636,.T.);
#6912=EDGE_CURVE('',#5340,#6456,#640,.T.);
#6916=EDGE_CURVE('',#6163,#6164,#420,.T.);
#6918=EDGE_CURVE('',#6164,#6172,#424,.T.);
#6920=EDGE_CURVE('',#6171,#6172,#428,.T.);
#6922=EDGE_CURVE('',#6163,#6171,#432,.T.);
#6926=EDGE_CURVE('',#6167,#6168,#436,.T.);
#6928=EDGE_CURVE('',#6168,#6176,#440,.T.);
#6930=EDGE_CURVE('',#6175,#6176,#444,.T.);
#6932=EDGE_CURVE('',#6167,#6175,#448,.T.);
#6942=EDGE_CURVE('',#6479,#6480,#644,.T.);
#6944=EDGE_CURVE('',#6479,#6451,#648,.T.);
#6946=EDGE_CURVE('',#6451,#6452,#652,.T.);
#6948=EDGE_CURVE('',#6452,#6480,#656,.T.);
#6952=EDGE_CURVE('',#6099,#6100,#388,.T.);
#6954=EDGE_CURVE('',#6100,#6108,#392,.T.);
#6956=EDGE_CURVE('',#6107,#6108,#396,.T.);
#6958=EDGE_CURVE('',#6099,#6107,#400,.T.);
#6962=EDGE_CURVE('',#6103,#6104,#404,.T.);
#6964=EDGE_CURVE('',#6104,#6112,#408,.T.);
#6966=EDGE_CURVE('',#6111,#6112,#412,.T.);
#6968=EDGE_CURVE('',#6103,#6111,#416,.T.);
#6978=EDGE_CURVE('',#6503,#6504,#660,.T.);
#6980=EDGE_CURVE('',#6503,#6475,#664,.T.);
#6982=EDGE_CURVE('',#6475,#6476,#668,.T.);
#6984=EDGE_CURVE('',#6476,#6504,#672,.T.);
#6988=EDGE_CURVE('',#6035,#6036,#356,.T.);
#6990=EDGE_CURVE('',#6036,#6044,#360,.T.);
#6992=EDGE_CURVE('',#6043,#6044,#364,.T.);
#6994=EDGE_CURVE('',#6035,#6043,#368,.T.);
#6998=EDGE_CURVE('',#6039,#6040,#372,.T.);
#7000=EDGE_CURVE('',#6040,#6048,#376,.T.);
#7002=EDGE_CURVE('',#6047,#6048,#380,.T.);
#7004=EDGE_CURVE('',#6039,#6047,#384,.T.);
#7014=EDGE_CURVE('',#6527,#6528,#676,.T.);
#7016=EDGE_CURVE('',#6527,#6499,#680,.T.);
#7018=EDGE_CURVE('',#6499,#6500,#684,.T.);
#7020=EDGE_CURVE('',#6500,#6528,#688,.T.);
#7024=EDGE_CURVE('',#5971,#5972,#324,.T.);
#7026=EDGE_CURVE('',#5972,#5980,#328,.T.);
#7028=EDGE_CURVE('',#5979,#5980,#332,.T.);
#7030=EDGE_CURVE('',#5971,#5979,#336,.T.);
#7034=EDGE_CURVE('',#5975,#5976,#340,.T.);
#7036=EDGE_CURVE('',#5976,#5984,#344,.T.);
#7038=EDGE_CURVE('',#5983,#5984,#348,.T.);
#7040=EDGE_CURVE('',#5975,#5983,#352,.T.);
#7050=EDGE_CURVE('',#6551,#6552,#692,.T.);
#7052=EDGE_CURVE('',#6551,#6523,#696,.T.);
#7054=EDGE_CURVE('',#6523,#6524,#700,.T.);
#7056=EDGE_CURVE('',#6524,#6552,#704,.T.);
#7060=EDGE_CURVE('',#5907,#5908,#292,.T.);
#7062=EDGE_CURVE('',#5908,#5916,#296,.T.);
#7064=EDGE_CURVE('',#5915,#5916,#300,.T.);
#7066=EDGE_CURVE('',#5907,#5915,#304,.T.);
#7070=EDGE_CURVE('',#5911,#5912,#308,.T.);
#7072=EDGE_CURVE('',#5912,#5920,#312,.T.);
#7074=EDGE_CURVE('',#5919,#5920,#316,.T.);
#7076=EDGE_CURVE('',#5911,#5919,#320,.T.);
#7086=EDGE_CURVE('',#6575,#6576,#708,.T.);
#7088=EDGE_CURVE('',#6575,#6547,#712,.T.);
#7090=EDGE_CURVE('',#6547,#6548,#716,.T.);
#7092=EDGE_CURVE('',#6548,#6576,#720,.T.);
#7096=EDGE_CURVE('',#5843,#5844,#260,.T.);
#7098=EDGE_CURVE('',#5844,#5852,#264,.T.);
#7100=EDGE_CURVE('',#5851,#5852,#268,.T.);
#7102=EDGE_CURVE('',#5843,#5851,#272,.T.);
#7106=EDGE_CURVE('',#5847,#5848,#276,.T.);
#7108=EDGE_CURVE('',#5848,#5856,#280,.T.);
#7110=EDGE_CURVE('',#5855,#5856,#284,.T.);
#7112=EDGE_CURVE('',#5847,#5855,#288,.T.);
#7122=EDGE_CURVE('',#6599,#6600,#724,.T.);
#7124=EDGE_CURVE('',#6599,#6571,#728,.T.);
#7126=EDGE_CURVE('',#6571,#6572,#732,.T.);
#7128=EDGE_CURVE('',#6572,#6600,#736,.T.);
#7132=EDGE_CURVE('',#5779,#5780,#228,.T.);
#7134=EDGE_CURVE('',#5780,#5788,#232,.T.);
#7136=EDGE_CURVE('',#5787,#5788,#236,.T.);
#7138=EDGE_CURVE('',#5779,#5787,#240,.T.);
#7142=EDGE_CURVE('',#5783,#5784,#244,.T.);
#7144=EDGE_CURVE('',#5784,#5792,#248,.T.);
#7146=EDGE_CURVE('',#5791,#5792,#252,.T.);
#7148=EDGE_CURVE('',#5783,#5791,#256,.T.);
#7158=EDGE_CURVE('',#6623,#6624,#740,.T.);
#7160=EDGE_CURVE('',#6623,#6595,#744,.T.);
#7162=EDGE_CURVE('',#6595,#6596,#748,.T.);
#7164=EDGE_CURVE('',#6596,#6624,#752,.T.);
#7168=EDGE_CURVE('',#5715,#5716,#196,.T.);
#7170=EDGE_CURVE('',#5716,#5724,#200,.T.);
#7172=EDGE_CURVE('',#5723,#5724,#204,.T.);
#7174=EDGE_CURVE('',#5715,#5723,#208,.T.);
#7178=EDGE_CURVE('',#5719,#5720,#212,.T.);
#7180=EDGE_CURVE('',#5720,#5728,#216,.T.);
#7182=EDGE_CURVE('',#5727,#5728,#220,.T.);
#7184=EDGE_CURVE('',#5719,#5727,#224,.T.);
#7194=EDGE_CURVE('',#6647,#6648,#756,.T.);
#7196=EDGE_CURVE('',#6647,#6619,#760,.T.);
#7198=EDGE_CURVE('',#6619,#6620,#764,.T.);
#7200=EDGE_CURVE('',#6620,#6648,#768,.T.);
#7204=EDGE_CURVE('',#5651,#5652,#164,.T.);
#7206=EDGE_CURVE('',#5652,#5660,#168,.T.);
#7208=EDGE_CURVE('',#5659,#5660,#172,.T.);
#7210=EDGE_CURVE('',#5651,#5659,#176,.T.);
#7214=EDGE_CURVE('',#5655,#5656,#180,.T.);
#7216=EDGE_CURVE('',#5656,#5664,#184,.T.);
#7218=EDGE_CURVE('',#5663,#5664,#188,.T.);
#7220=EDGE_CURVE('',#5655,#5663,#192,.T.);
#7230=EDGE_CURVE('',#6671,#6672,#772,.T.);
#7232=EDGE_CURVE('',#6671,#6643,#776,.T.);
#7234=EDGE_CURVE('',#6643,#6644,#780,.T.);
#7236=EDGE_CURVE('',#6644,#6672,#784,.T.);
#7240=EDGE_CURVE('',#5587,#5588,#132,.T.);
#7242=EDGE_CURVE('',#5588,#5596,#136,.T.);
#7244=EDGE_CURVE('',#5595,#5596,#140,.T.);
#7246=EDGE_CURVE('',#5587,#5595,#144,.T.);
#7250=EDGE_CURVE('',#5591,#5592,#148,.T.);
#7252=EDGE_CURVE('',#5592,#5600,#152,.T.);
#7254=EDGE_CURVE('',#5599,#5600,#156,.T.);
#7256=EDGE_CURVE('',#5591,#5599,#160,.T.);
#7266=EDGE_CURVE('',#6695,#6696,#788,.T.);
#7268=EDGE_CURVE('',#6695,#6667,#792,.T.);
#7270=EDGE_CURVE('',#6667,#6668,#796,.T.);
#7272=EDGE_CURVE('',#6668,#6696,#800,.T.);
#7276=EDGE_CURVE('',#5523,#5524,#100,.T.);
#7278=EDGE_CURVE('',#5524,#5532,#104,.T.);
#7280=EDGE_CURVE('',#5531,#5532,#108,.T.);
#7282=EDGE_CURVE('',#5523,#5531,#112,.T.);
#7286=EDGE_CURVE('',#5527,#5528,#116,.T.);
#7288=EDGE_CURVE('',#5528,#5536,#120,.T.);
#7290=EDGE_CURVE('',#5535,#5536,#124,.T.);
#7292=EDGE_CURVE('',#5527,#5535,#128,.T.);
#7302=EDGE_CURVE('',#6719,#6720,#804,.T.);
#7304=EDGE_CURVE('',#6719,#6691,#808,.T.);
#7306=EDGE_CURVE('',#6691,#6692,#812,.T.);
#7308=EDGE_CURVE('',#6692,#6720,#816,.T.);
#7312=EDGE_CURVE('',#5459,#5460,#68,.T.);
#7314=EDGE_CURVE('',#5460,#5468,#72,.T.);
#7316=EDGE_CURVE('',#5467,#5468,#76,.T.);
#7318=EDGE_CURVE('',#5459,#5467,#80,.T.);
#7322=EDGE_CURVE('',#5463,#5464,#84,.T.);
#7324=EDGE_CURVE('',#5464,#5472,#88,.T.);
#7326=EDGE_CURVE('',#5471,#5472,#92,.T.);
#7328=EDGE_CURVE('',#5463,#5471,#96,.T.);
#7338=EDGE_CURVE('',#6743,#6744,#820,.T.);
#7340=EDGE_CURVE('',#6743,#6715,#824,.T.);
#7342=EDGE_CURVE('',#6715,#6716,#828,.T.);
#7344=EDGE_CURVE('',#6716,#6744,#832,.T.);
#7348=EDGE_CURVE('',#5395,#5396,#36,.T.);
#7350=EDGE_CURVE('',#5396,#5404,#40,.T.);
#7352=EDGE_CURVE('',#5403,#5404,#44,.T.);
#7354=EDGE_CURVE('',#5395,#5403,#48,.T.);
#7358=EDGE_CURVE('',#5399,#5400,#52,.T.);
#7360=EDGE_CURVE('',#5400,#5408,#56,.T.);
#7362=EDGE_CURVE('',#5407,#5408,#60,.T.);
#7364=EDGE_CURVE('',#5399,#5407,#64,.T.);
#7374=EDGE_CURVE('',#6776,#6771,#836,.T.);
#7376=EDGE_CURVE('',#6776,#6739,#840,.T.);
#7378=EDGE_CURVE('',#6739,#6740,#844,.T.);
#7380=EDGE_CURVE('',#6740,#6771,#848,.T.);
#7384=EDGE_CURVE('',#5235,#5236,#4,.T.);
#7386=EDGE_CURVE('',#5236,#5244,#8,.T.);
#7388=EDGE_CURVE('',#5243,#5244,#12,.T.);
#7390=EDGE_CURVE('',#5235,#5243,#16,.T.);
#7394=EDGE_CURVE('',#5239,#5240,#20,.T.);
#7396=EDGE_CURVE('',#5240,#5248,#24,.T.);
#7398=EDGE_CURVE('',#5247,#5248,#28,.T.);
#7400=EDGE_CURVE('',#5239,#5247,#32,.T.);
#7410=EDGE_CURVE('',#6792,#6787,#852,.T.);
#7412=EDGE_CURVE('',#6792,#5272,#856,.T.);
#7414=EDGE_CURVE('',#5271,#5272,#860,.T.);
#7416=EDGE_CURVE('',#5271,#6787,#864,.T.);
#7420=EDGE_CURVE('',#6419,#6420,#548,.T.);
#7422=EDGE_CURVE('',#6420,#6428,#552,.T.);
#7424=EDGE_CURVE('',#6427,#6428,#556,.T.);
#7426=EDGE_CURVE('',#6419,#6427,#560,.T.);
#7430=EDGE_CURVE('',#6423,#6424,#564,.T.);
#7432=EDGE_CURVE('',#6424,#6432,#568,.T.);
#7434=EDGE_CURVE('',#6431,#6432,#572,.T.);
#7436=EDGE_CURVE('',#6423,#6431,#576,.T.);
#7447=EDGE_CURVE('',#5235,#5207,#868,.T.);
#7449=EDGE_CURVE('',#5207,#5208,#872,.T.);
#7451=EDGE_CURVE('',#5208,#5236,#876,.T.);
#7462=EDGE_CURVE('',#5239,#5215,#880,.T.);
#7464=EDGE_CURVE('',#5215,#5216,#884,.T.);
#7466=EDGE_CURVE('',#5216,#5240,#888,.T.);
#7476=EDGE_CURVE('',#5251,#5252,#980,.T.);
#7478=EDGE_CURVE('',#5252,#5203,#892,.T.);
#7480=EDGE_CURVE('',#5203,#5204,#896,.T.);
#7482=EDGE_CURVE('',#5204,#5251,#900,.T.);
#7492=EDGE_CURVE('',#5255,#5256,#996,.T.);
#7494=EDGE_CURVE('',#5256,#5211,#904,.T.);
#7496=EDGE_CURVE('',#5211,#5212,#908,.T.);
#7498=EDGE_CURVE('',#5212,#5255,#912,.T.);
#7509=EDGE_CURVE('',#5243,#5223,#924,.T.);
#7511=EDGE_CURVE('',#5207,#5223,#968,.T.);
#7523=EDGE_CURVE('',#5224,#5244,#916,.T.);
#7525=EDGE_CURVE('',#5223,#5224,#920,.T.);
#7537=EDGE_CURVE('',#5232,#5248,#928,.T.);
#7539=EDGE_CURVE('',#5231,#5232,#932,.T.);
#7541=EDGE_CURVE('',#5247,#5231,#936,.T.);
#7551=EDGE_CURVE('',#5259,#5260,#988,.T.);
#7553=EDGE_CURVE('',#5220,#5259,#940,.T.);
#7555=EDGE_CURVE('',#5219,#5220,#944,.T.);
#7557=EDGE_CURVE('',#5260,#5219,#948,.T.);
#7567=EDGE_CURVE('',#5263,#5264,#1004,.T.);
#7569=EDGE_CURVE('',#5228,#5263,#952,.T.);
#7571=EDGE_CURVE('',#5227,#5228,#956,.T.);
#7573=EDGE_CURVE('',#5264,#5227,#960,.T.);
#7585=EDGE_CURVE('',#5208,#5224,#964,.T.);
#7610=EDGE_CURVE('',#5216,#5232,#972,.T.);
#7622=EDGE_CURVE('',#5215,#5231,#976,.T.);
#7646=EDGE_CURVE('',#5299,#5300,#1556,.T.);
#7648=EDGE_CURVE('',#5280,#5300,#1560,.T.);
#7650=EDGE_CURVE('',#5279,#5280,#1564,.T.);
#7652=EDGE_CURVE('',#5299,#5279,#1568,.T.);
#7656=EDGE_CURVE('',#6371,#6372,#1492,.T.);
#7658=EDGE_CURVE('',#6371,#6379,#1496,.T.);
#7660=EDGE_CURVE('',#6379,#6380,#1500,.T.);
#7662=EDGE_CURVE('',#6372,#6380,#1504,.T.);
#7666=EDGE_CURVE('',#6375,#6376,#1508,.T.);
#7668=EDGE_CURVE('',#6375,#6383,#1512,.T.);
#7670=EDGE_CURVE('',#6383,#6384,#1516,.T.);
#7672=EDGE_CURVE('',#6376,#6384,#1520,.T.);
#7682=EDGE_CURVE('',#5323,#5324,#1572,.T.);
#7684=EDGE_CURVE('',#5304,#5324,#1576,.T.);
#7686=EDGE_CURVE('',#5303,#5304,#1580,.T.);
#7688=EDGE_CURVE('',#5323,#5303,#1584,.T.);
#7692=EDGE_CURVE('',#6307,#6308,#1460,.T.);
#7694=EDGE_CURVE('',#6307,#6315,#1464,.T.);
#7696=EDGE_CURVE('',#6315,#6316,#1468,.T.);
#7698=EDGE_CURVE('',#6308,#6316,#1472,.T.);
#7702=EDGE_CURVE('',#6311,#6312,#1476,.T.);
#7704=EDGE_CURVE('',#6311,#6319,#1480,.T.);
#7706=EDGE_CURVE('',#6319,#6320,#1484,.T.);
#7708=EDGE_CURVE('',#6312,#6320,#1488,.T.);
#7718=EDGE_CURVE('',#5347,#5348,#1588,.T.);
#7720=EDGE_CURVE('',#5328,#5348,#1592,.T.);
#7722=EDGE_CURVE('',#5327,#5328,#1596,.T.);
#7724=EDGE_CURVE('',#5347,#5327,#1600,.T.);
#7728=EDGE_CURVE('',#6243,#6244,#1428,.T.);
#7730=EDGE_CURVE('',#6243,#6251,#1432,.T.);
#7732=EDGE_CURVE('',#6251,#6252,#1436,.T.);
#7734=EDGE_CURVE('',#6244,#6252,#1440,.T.);
#7738=EDGE_CURVE('',#6247,#6248,#1444,.T.);
#7740=EDGE_CURVE('',#6247,#6255,#1448,.T.);
#7742=EDGE_CURVE('',#6255,#6256,#1452,.T.);
#7744=EDGE_CURVE('',#6248,#6256,#1456,.T.);
#7754=EDGE_CURVE('',#6459,#6460,#1604,.T.);
#7756=EDGE_CURVE('',#5352,#6460,#1608,.T.);
#7758=EDGE_CURVE('',#5351,#5352,#1612,.T.);
#7760=EDGE_CURVE('',#6459,#5351,#1616,.T.);
#7764=EDGE_CURVE('',#6179,#6180,#1396,.T.);
#7766=EDGE_CURVE('',#6179,#6187,#1400,.T.);
#7768=EDGE_CURVE('',#6187,#6188,#1404,.T.);
#7770=EDGE_CURVE('',#6180,#6188,#1408,.T.);
#7774=EDGE_CURVE('',#6183,#6184,#1412,.T.);
#7776=EDGE_CURVE('',#6183,#6191,#1416,.T.);
#7778=EDGE_CURVE('',#6191,#6192,#1420,.T.);
#7780=EDGE_CURVE('',#6184,#6192,#1424,.T.);
#7790=EDGE_CURVE('',#6483,#6484,#1620,.T.);
#7792=EDGE_CURVE('',#6464,#6484,#1624,.T.);
#7794=EDGE_CURVE('',#6463,#6464,#1628,.T.);
#7796=EDGE_CURVE('',#6483,#6463,#1632,.T.);
#7800=EDGE_CURVE('',#6115,#6116,#1364,.T.);
#7802=EDGE_CURVE('',#6115,#6123,#1368,.T.);
#7804=EDGE_CURVE('',#6123,#6124,#1372,.T.);
#7806=EDGE_CURVE('',#6116,#6124,#1376,.T.);
#7810=EDGE_CURVE('',#6119,#6120,#1380,.T.);
#7812=EDGE_CURVE('',#6119,#6127,#1384,.T.);
#7814=EDGE_CURVE('',#6127,#6128,#1388,.T.);
#7816=EDGE_CURVE('',#6120,#6128,#1392,.T.);
#7826=EDGE_CURVE('',#6507,#6508,#1636,.T.);
#7828=EDGE_CURVE('',#6488,#6508,#1640,.T.);
#7830=EDGE_CURVE('',#6487,#6488,#1644,.T.);
#7832=EDGE_CURVE('',#6507,#6487,#1648,.T.);
#7836=EDGE_CURVE('',#6051,#6052,#1332,.T.);
#7838=EDGE_CURVE('',#6051,#6059,#1336,.T.);
#7840=EDGE_CURVE('',#6059,#6060,#1340,.T.);
#7842=EDGE_CURVE('',#6052,#6060,#1344,.T.);
#7846=EDGE_CURVE('',#6055,#6056,#1348,.T.);
#7848=EDGE_CURVE('',#6055,#6063,#1352,.T.);
#7850=EDGE_CURVE('',#6063,#6064,#1356,.T.);
#7852=EDGE_CURVE('',#6056,#6064,#1360,.T.);
#7862=EDGE_CURVE('',#6531,#6532,#1652,.T.);
#7864=EDGE_CURVE('',#6512,#6532,#1656,.T.);
#7866=EDGE_CURVE('',#6511,#6512,#1660,.T.);
#7868=EDGE_CURVE('',#6531,#6511,#1664,.T.);
#7872=EDGE_CURVE('',#5987,#5988,#1300,.T.);
#7874=EDGE_CURVE('',#5987,#5995,#1304,.T.);
#7876=EDGE_CURVE('',#5995,#5996,#1308,.T.);
#7878=EDGE_CURVE('',#5988,#5996,#1312,.T.);
#7882=EDGE_CURVE('',#5991,#5992,#1316,.T.);
#7884=EDGE_CURVE('',#5991,#5999,#1320,.T.);
#7886=EDGE_CURVE('',#5999,#6000,#1324,.T.);
#7888=EDGE_CURVE('',#5992,#6000,#1328,.T.);
#7898=EDGE_CURVE('',#6555,#6556,#1668,.T.);
#7900=EDGE_CURVE('',#6536,#6556,#1672,.T.);
#7902=EDGE_CURVE('',#6535,#6536,#1676,.T.);
#7904=EDGE_CURVE('',#6555,#6535,#1680,.T.);
#7908=EDGE_CURVE('',#5923,#5924,#1268,.T.);
#7910=EDGE_CURVE('',#5923,#5931,#1272,.T.);
#7912=EDGE_CURVE('',#5931,#5932,#1276,.T.);
#7914=EDGE_CURVE('',#5924,#5932,#1280,.T.);
#7918=EDGE_CURVE('',#5927,#5928,#1284,.T.);
#7920=EDGE_CURVE('',#5927,#5935,#1288,.T.);
#7922=EDGE_CURVE('',#5935,#5936,#1292,.T.);
#7924=EDGE_CURVE('',#5928,#5936,#1296,.T.);
#7934=EDGE_CURVE('',#6579,#6580,#1684,.T.);
#7936=EDGE_CURVE('',#6560,#6580,#1688,.T.);
#7938=EDGE_CURVE('',#6559,#6560,#1692,.T.);
#7940=EDGE_CURVE('',#6579,#6559,#1696,.T.);
#7944=EDGE_CURVE('',#5859,#5860,#1236,.T.);
#7946=EDGE_CURVE('',#5859,#5867,#1240,.T.);
#7948=EDGE_CURVE('',#5867,#5868,#1244,.T.);
#7950=EDGE_CURVE('',#5860,#5868,#1248,.T.);
#7954=EDGE_CURVE('',#5863,#5864,#1252,.T.);
#7956=EDGE_CURVE('',#5863,#5871,#1256,.T.);
#7958=EDGE_CURVE('',#5871,#5872,#1260,.T.);
#7960=EDGE_CURVE('',#5864,#5872,#1264,.T.);
#7970=EDGE_CURVE('',#6603,#6604,#1700,.T.);
#7972=EDGE_CURVE('',#6584,#6604,#1704,.T.);
#7974=EDGE_CURVE('',#6583,#6584,#1708,.T.);
#7976=EDGE_CURVE('',#6603,#6583,#1712,.T.);
#7980=EDGE_CURVE('',#5795,#5796,#1204,.T.);
#7982=EDGE_CURVE('',#5795,#5803,#1208,.T.);
#7984=EDGE_CURVE('',#5803,#5804,#1212,.T.);
#7986=EDGE_CURVE('',#5796,#5804,#1216,.T.);
#7990=EDGE_CURVE('',#5799,#5800,#1220,.T.);
#7992=EDGE_CURVE('',#5799,#5807,#1224,.T.);
#7994=EDGE_CURVE('',#5807,#5808,#1228,.T.);
#7996=EDGE_CURVE('',#5800,#5808,#1232,.T.);
#8006=EDGE_CURVE('',#6627,#6628,#1716,.T.);
#8008=EDGE_CURVE('',#6608,#6628,#1720,.T.);
#8010=EDGE_CURVE('',#6607,#6608,#1724,.T.);
#8012=EDGE_CURVE('',#6627,#6607,#1728,.T.);
#8016=EDGE_CURVE('',#5731,#5732,#1172,.T.);
#8018=EDGE_CURVE('',#5731,#5739,#1176,.T.);
#8020=EDGE_CURVE('',#5739,#5740,#1180,.T.);
#8022=EDGE_CURVE('',#5732,#5740,#1184,.T.);
#8026=EDGE_CURVE('',#5735,#5736,#1188,.T.);
#8028=EDGE_CURVE('',#5735,#5743,#1192,.T.);
#8030=EDGE_CURVE('',#5743,#5744,#1196,.T.);
#8032=EDGE_CURVE('',#5736,#5744,#1200,.T.);
#8042=EDGE_CURVE('',#6651,#6652,#1732,.T.);
#8044=EDGE_CURVE('',#6632,#6652,#1736,.T.);
#8046=EDGE_CURVE('',#6631,#6632,#1740,.T.);
#8048=EDGE_CURVE('',#6651,#6631,#1744,.T.);
#8052=EDGE_CURVE('',#5667,#5668,#1140,.T.);
#8054=EDGE_CURVE('',#5667,#5675,#1144,.T.);
#8056=EDGE_CURVE('',#5675,#5676,#1148,.T.);
#8058=EDGE_CURVE('',#5668,#5676,#1152,.T.);
#8062=EDGE_CURVE('',#5671,#5672,#1156,.T.);
#8064=EDGE_CURVE('',#5671,#5679,#1160,.T.);
#8066=EDGE_CURVE('',#5679,#5680,#1164,.T.);
#8068=EDGE_CURVE('',#5672,#5680,#1168,.T.);
#8078=EDGE_CURVE('',#6675,#6676,#1748,.T.);
#8080=EDGE_CURVE('',#6656,#6676,#1752,.T.);
#8082=EDGE_CURVE('',#6655,#6656,#1756,.T.);
#8084=EDGE_CURVE('',#6675,#6655,#1760,.T.);
#8088=EDGE_CURVE('',#5603,#5604,#1108,.T.);
#8090=EDGE_CURVE('',#5603,#5611,#1112,.T.);
#8092=EDGE_CURVE('',#5611,#5612,#1116,.T.);
#8094=EDGE_CURVE('',#5604,#5612,#1120,.T.);
#8098=EDGE_CURVE('',#5607,#5608,#1124,.T.);
#8100=EDGE_CURVE('',#5607,#5615,#1128,.T.);
#8102=EDGE_CURVE('',#5615,#5616,#1132,.T.);
#8104=EDGE_CURVE('',#5608,#5616,#1136,.T.);
#8114=EDGE_CURVE('',#6699,#6700,#1764,.T.);
#8116=EDGE_CURVE('',#6680,#6700,#1768,.T.);
#8118=EDGE_CURVE('',#6679,#6680,#1772,.T.);
#8120=EDGE_CURVE('',#6699,#6679,#1776,.T.);
#8124=EDGE_CURVE('',#5539,#5540,#1076,.T.);
#8126=EDGE_CURVE('',#5539,#5547,#1080,.T.);
#8128=EDGE_CURVE('',#5547,#5548,#1084,.T.);
#8130=EDGE_CURVE('',#5540,#5548,#1088,.T.);
#8134=EDGE_CURVE('',#5543,#5544,#1092,.T.);
#8136=EDGE_CURVE('',#5543,#5551,#1096,.T.);
#8138=EDGE_CURVE('',#5551,#5552,#1100,.T.);
#8140=EDGE_CURVE('',#5544,#5552,#1104,.T.);
#8150=EDGE_CURVE('',#6723,#6724,#1780,.T.);
#8152=EDGE_CURVE('',#6704,#6724,#1784,.T.);
#8154=EDGE_CURVE('',#6703,#6704,#1788,.T.);
#8156=EDGE_CURVE('',#6723,#6703,#1792,.T.);
#8160=EDGE_CURVE('',#5475,#5476,#1044,.T.);
#8162=EDGE_CURVE('',#5475,#5483,#1048,.T.);
#8164=EDGE_CURVE('',#5483,#5484,#1052,.T.);
#8166=EDGE_CURVE('',#5476,#5484,#1056,.T.);
#8170=EDGE_CURVE('',#5479,#5480,#1060,.T.);
#8172=EDGE_CURVE('',#5479,#5487,#1064,.T.);
#8174=EDGE_CURVE('',#5487,#5488,#1068,.T.);
#8176=EDGE_CURVE('',#5480,#5488,#1072,.T.);
#8186=EDGE_CURVE('',#6747,#6748,#1796,.T.);
#8188=EDGE_CURVE('',#6728,#6748,#1800,.T.);
#8190=EDGE_CURVE('',#6727,#6728,#1804,.T.);
#8192=EDGE_CURVE('',#6747,#6727,#1808,.T.);
#8196=EDGE_CURVE('',#5411,#5412,#1012,.T.);
#8198=EDGE_CURVE('',#5411,#5419,#1016,.T.);
#8200=EDGE_CURVE('',#5419,#5420,#1020,.T.);
#8202=EDGE_CURVE('',#5412,#5420,#1024,.T.);
#8206=EDGE_CURVE('',#5415,#5416,#1028,.T.);
#8208=EDGE_CURVE('',#5415,#5423,#1032,.T.);
#8210=EDGE_CURVE('',#5423,#5424,#1036,.T.);
#8212=EDGE_CURVE('',#5416,#5424,#1040,.T.);
#8222=EDGE_CURVE('',#6768,#6763,#1812,.T.);
#8224=EDGE_CURVE('',#6752,#6768,#1816,.T.);
#8226=EDGE_CURVE('',#6751,#6752,#1820,.T.);
#8228=EDGE_CURVE('',#6763,#6751,#1824,.T.);
#8233=EDGE_CURVE('',#5251,#5259,#984,.T.);
#8236=EDGE_CURVE('',#5252,#5260,#992,.T.);
#8241=EDGE_CURVE('',#5255,#5263,#1000,.T.);
#8244=EDGE_CURVE('',#5256,#5264,#1008,.T.);
#8254=EDGE_CURVE('',#6784,#6779,#1828,.T.);
#8256=EDGE_CURVE('',#5275,#6784,#1832,.T.);
#8258=EDGE_CURVE('',#5275,#5276,#1836,.T.);
#8260=EDGE_CURVE('',#6779,#5276,#1840,.T.);
#8264=EDGE_CURVE('',#6435,#6436,#1524,.T.);
#8266=EDGE_CURVE('',#6435,#6443,#1528,.T.);
#8268=EDGE_CURVE('',#6443,#6444,#1532,.T.);
#8270=EDGE_CURVE('',#6436,#6444,#1536,.T.);
#8274=EDGE_CURVE('',#6439,#6440,#1540,.T.);
#8276=EDGE_CURVE('',#6439,#6447,#1544,.T.);
#8278=EDGE_CURVE('',#6447,#6448,#1548,.T.);
#8280=EDGE_CURVE('',#6440,#6448,#1552,.T.);
#8292=EDGE_CURVE('',#5204,#5220,#1844,.T.);
#8304=EDGE_CURVE('',#5203,#5219,#1848,.T.);
#8330=EDGE_CURVE('',#5212,#5228,#1852,.T.);
#8342=EDGE_CURVE('',#5211,#5227,#1856,.T.);
#8367=EDGE_CURVE('',#5395,#5367,#1860,.T.);
#8369=EDGE_CURVE('',#5367,#5368,#1864,.T.);
#8371=EDGE_CURVE('',#5368,#5396,#1868,.T.);
#8382=EDGE_CURVE('',#5399,#5375,#1872,.T.);
#8384=EDGE_CURVE('',#5375,#5376,#1876,.T.);
#8386=EDGE_CURVE('',#5376,#5400,#1880,.T.);
#8397=EDGE_CURVE('',#5412,#5363,#1884,.T.);
#8399=EDGE_CURVE('',#5363,#5364,#1888,.T.);
#8401=EDGE_CURVE('',#5364,#5411,#1892,.T.);
#8412=EDGE_CURVE('',#5416,#5371,#1896,.T.);
#8414=EDGE_CURVE('',#5371,#5372,#1900,.T.);
#8416=EDGE_CURVE('',#5372,#5415,#1904,.T.);
#8427=EDGE_CURVE('',#5403,#5383,#1916,.T.);
#8429=EDGE_CURVE('',#5367,#5383,#1960,.T.);
#8441=EDGE_CURVE('',#5384,#5404,#1908,.T.);
#8443=EDGE_CURVE('',#5383,#5384,#1912,.T.);
#8455=EDGE_CURVE('',#5392,#5408,#1920,.T.);
#8457=EDGE_CURVE('',#5391,#5392,#1924,.T.);
#8459=EDGE_CURVE('',#5407,#5391,#1928,.T.);
#8470=EDGE_CURVE('',#5380,#5419,#1932,.T.);
#8472=EDGE_CURVE('',#5379,#5380,#1936,.T.);
#8474=EDGE_CURVE('',#5420,#5379,#1940,.T.);
#8485=EDGE_CURVE('',#5388,#5423,#1944,.T.);
#8487=EDGE_CURVE('',#5387,#5388,#1948,.T.);
#8489=EDGE_CURVE('',#5424,#5387,#1952,.T.);
#8501=EDGE_CURVE('',#5368,#5384,#1956,.T.);
#8526=EDGE_CURVE('',#5376,#5392,#1964,.T.);
#8538=EDGE_CURVE('',#5375,#5391,#1968,.T.);
#8564=EDGE_CURVE('',#5364,#5380,#1972,.T.);
#8576=EDGE_CURVE('',#5363,#5379,#1976,.T.);
#8602=EDGE_CURVE('',#5372,#5388,#1980,.T.);
#8614=EDGE_CURVE('',#5371,#5387,#1984,.T.);
#8639=EDGE_CURVE('',#5459,#5431,#1988,.T.);
#8641=EDGE_CURVE('',#5431,#5432,#1992,.T.);
#8643=EDGE_CURVE('',#5432,#5460,#1996,.T.);
#8654=EDGE_CURVE('',#5463,#5439,#2000,.T.);
#8656=EDGE_CURVE('',#5439,#5440,#2004,.T.);
#8658=EDGE_CURVE('',#5440,#5464,#2008,.T.);
#8669=EDGE_CURVE('',#5476,#5427,#2012,.T.);
#8671=EDGE_CURVE('',#5427,#5428,#2016,.T.);
#8673=EDGE_CURVE('',#5428,#5475,#2020,.T.);
#8684=EDGE_CURVE('',#5480,#5435,#2024,.T.);
#8686=EDGE_CURVE('',#5435,#5436,#2028,.T.);
#8688=EDGE_CURVE('',#5436,#5479,#2032,.T.);
#8699=EDGE_CURVE('',#5467,#5447,#2044,.T.);
#8701=EDGE_CURVE('',#5431,#5447,#2088,.T.);
#8713=EDGE_CURVE('',#5448,#5468,#2036,.T.);
#8715=EDGE_CURVE('',#5447,#5448,#2040,.T.);
#8727=EDGE_CURVE('',#5456,#5472,#2048,.T.);
#8729=EDGE_CURVE('',#5455,#5456,#2052,.T.);
#8731=EDGE_CURVE('',#5471,#5455,#2056,.T.);
#8742=EDGE_CURVE('',#5444,#5483,#2060,.T.);
#8744=EDGE_CURVE('',#5443,#5444,#2064,.T.);
#8746=EDGE_CURVE('',#5484,#5443,#2068,.T.);
#8757=EDGE_CURVE('',#5452,#5487,#2072,.T.);
#8759=EDGE_CURVE('',#5451,#5452,#2076,.T.);
#8761=EDGE_CURVE('',#5488,#5451,#2080,.T.);
#8773=EDGE_CURVE('',#5432,#5448,#2084,.T.);
#8798=EDGE_CURVE('',#5440,#5456,#2092,.T.);
#8810=EDGE_CURVE('',#5439,#5455,#2096,.T.);
#8836=EDGE_CURVE('',#5428,#5444,#2100,.T.);
#8848=EDGE_CURVE('',#5427,#5443,#2104,.T.);
#8874=EDGE_CURVE('',#5436,#5452,#2108,.T.);
#8886=EDGE_CURVE('',#5435,#5451,#2112,.T.);
#8911=EDGE_CURVE('',#5523,#5495,#2116,.T.);
#8913=EDGE_CURVE('',#5495,#5496,#2120,.T.);
#8915=EDGE_CURVE('',#5496,#5524,#2124,.T.);
#8926=EDGE_CURVE('',#5527,#5503,#2128,.T.);
#8928=EDGE_CURVE('',#5503,#5504,#2132,.T.);
#8930=EDGE_CURVE('',#5504,#5528,#2136,.T.);
#8941=EDGE_CURVE('',#5540,#5491,#2140,.T.);
#8943=EDGE_CURVE('',#5491,#5492,#2144,.T.);
#8945=EDGE_CURVE('',#5492,#5539,#2148,.T.);
#8956=EDGE_CURVE('',#5544,#5499,#2152,.T.);
#8958=EDGE_CURVE('',#5499,#5500,#2156,.T.);
#8960=EDGE_CURVE('',#5500,#5543,#2160,.T.);
#8971=EDGE_CURVE('',#5531,#5511,#2172,.T.);
#8973=EDGE_CURVE('',#5495,#5511,#2216,.T.);
#8985=EDGE_CURVE('',#5512,#5532,#2164,.T.);
#8987=EDGE_CURVE('',#5511,#5512,#2168,.T.);
#8999=EDGE_CURVE('',#5520,#5536,#2176,.T.);
#9001=EDGE_CURVE('',#5519,#5520,#2180,.T.);
#9003=EDGE_CURVE('',#5535,#5519,#2184,.T.);
#9014=EDGE_CURVE('',#5508,#5547,#2188,.T.);
#9016=EDGE_CURVE('',#5507,#5508,#2192,.T.);
#9018=EDGE_CURVE('',#5548,#5507,#2196,.T.);
#9029=EDGE_CURVE('',#5516,#5551,#2200,.T.);
#9031=EDGE_CURVE('',#5515,#5516,#2204,.T.);
#9033=EDGE_CURVE('',#5552,#5515,#2208,.T.);
#9045=EDGE_CURVE('',#5496,#5512,#2212,.T.);
#9070=EDGE_CURVE('',#5504,#5520,#2220,.T.);
#9082=EDGE_CURVE('',#5503,#5519,#2224,.T.);
#9108=EDGE_CURVE('',#5492,#5508,#2228,.T.);
#9120=EDGE_CURVE('',#5491,#5507,#2232,.T.);
#9146=EDGE_CURVE('',#5500,#5516,#2236,.T.);
#9158=EDGE_CURVE('',#5499,#5515,#2240,.T.);
#9183=EDGE_CURVE('',#5587,#5559,#2244,.T.);
#9185=EDGE_CURVE('',#5559,#5560,#2248,.T.);
#9187=EDGE_CURVE('',#5560,#5588,#2252,.T.);
#9198=EDGE_CURVE('',#5591,#5567,#2256,.T.);
#9200=EDGE_CURVE('',#5567,#5568,#2260,.T.);
#9202=EDGE_CURVE('',#5568,#5592,#2264,.T.);
#9213=EDGE_CURVE('',#5604,#5555,#2268,.T.);
#9215=EDGE_CURVE('',#5555,#5556,#2272,.T.);
#9217=EDGE_CURVE('',#5556,#5603,#2276,.T.);
#9228=EDGE_CURVE('',#5608,#5563,#2280,.T.);
#9230=EDGE_CURVE('',#5563,#5564,#2284,.T.);
#9232=EDGE_CURVE('',#5564,#5607,#2288,.T.);
#9243=EDGE_CURVE('',#5595,#5575,#2300,.T.);
#9245=EDGE_CURVE('',#5559,#5575,#2344,.T.);
#9257=EDGE_CURVE('',#5576,#5596,#2292,.T.);
#9259=EDGE_CURVE('',#5575,#5576,#2296,.T.);
#9271=EDGE_CURVE('',#5584,#5600,#2304,.T.);
#9273=EDGE_CURVE('',#5583,#5584,#2308,.T.);
#9275=EDGE_CURVE('',#5599,#5583,#2312,.T.);
#9286=EDGE_CURVE('',#5572,#5611,#2316,.T.);
#9288=EDGE_CURVE('',#5571,#5572,#2320,.T.);
#9290=EDGE_CURVE('',#5612,#5571,#2324,.T.);
#9301=EDGE_CURVE('',#5580,#5615,#2328,.T.);
#9303=EDGE_CURVE('',#5579,#5580,#2332,.T.);
#9305=EDGE_CURVE('',#5616,#5579,#2336,.T.);
#9317=EDGE_CURVE('',#5560,#5576,#2340,.T.);
#9342=EDGE_CURVE('',#5568,#5584,#2348,.T.);
#9354=EDGE_CURVE('',#5567,#5583,#2352,.T.);
#9380=EDGE_CURVE('',#5556,#5572,#2356,.T.);
#9392=EDGE_CURVE('',#5555,#5571,#2360,.T.);
#9418=EDGE_CURVE('',#5564,#5580,#2364,.T.);
#9430=EDGE_CURVE('',#5563,#5579,#2368,.T.);
#9455=EDGE_CURVE('',#5651,#5623,#2372,.T.);
#9457=EDGE_CURVE('',#5623,#5624,#2376,.T.);
#9459=EDGE_CURVE('',#5624,#5652,#2380,.T.);
#9470=EDGE_CURVE('',#5655,#5631,#2384,.T.);
#9472=EDGE_CURVE('',#5631,#5632,#2388,.T.);
#9474=EDGE_CURVE('',#5632,#5656,#2392,.T.);
#9485=EDGE_CURVE('',#5668,#5619,#2396,.T.);
#9487=EDGE_CURVE('',#5619,#5620,#2400,.T.);
#9489=EDGE_CURVE('',#5620,#5667,#2404,.T.);
#9500=EDGE_CURVE('',#5672,#5627,#2408,.T.);
#9502=EDGE_CURVE('',#5627,#5628,#2412,.T.);
#9504=EDGE_CURVE('',#5628,#5671,#2416,.T.);
#9515=EDGE_CURVE('',#5659,#5639,#2428,.T.);
#9517=EDGE_CURVE('',#5623,#5639,#2472,.T.);
#9529=EDGE_CURVE('',#5640,#5660,#2420,.T.);
#9531=EDGE_CURVE('',#5639,#5640,#2424,.T.);
#9543=EDGE_CURVE('',#5648,#5664,#2432,.T.);
#9545=EDGE_CURVE('',#5647,#5648,#2436,.T.);
#9547=EDGE_CURVE('',#5663,#5647,#2440,.T.);
#9558=EDGE_CURVE('',#5636,#5675,#2444,.T.);
#9560=EDGE_CURVE('',#5635,#5636,#2448,.T.);
#9562=EDGE_CURVE('',#5676,#5635,#2452,.T.);
#9573=EDGE_CURVE('',#5644,#5679,#2456,.T.);
#9575=EDGE_CURVE('',#5643,#5644,#2460,.T.);
#9577=EDGE_CURVE('',#5680,#5643,#2464,.T.);
#9589=EDGE_CURVE('',#5624,#5640,#2468,.T.);
#9614=EDGE_CURVE('',#5632,#5648,#2476,.T.);
#9626=EDGE_CURVE('',#5631,#5647,#2480,.T.);
#9652=EDGE_CURVE('',#5620,#5636,#2484,.T.);
#9664=EDGE_CURVE('',#5619,#5635,#2488,.T.);
#9690=EDGE_CURVE('',#5628,#5644,#2492,.T.);
#9702=EDGE_CURVE('',#5627,#5643,#2496,.T.);
#9727=EDGE_CURVE('',#5715,#5687,#2500,.T.);
#9729=EDGE_CURVE('',#5687,#5688,#2504,.T.);
#9731=EDGE_CURVE('',#5688,#5716,#2508,.T.);
#9742=EDGE_CURVE('',#5719,#5695,#2512,.T.);
#9744=EDGE_CURVE('',#5695,#5696,#2516,.T.);
#9746=EDGE_CURVE('',#5696,#5720,#2520,.T.);
#9757=EDGE_CURVE('',#5732,#5683,#2524,.T.);
#9759=EDGE_CURVE('',#5683,#5684,#2528,.T.);
#9761=EDGE_CURVE('',#5684,#5731,#2532,.T.);
#9772=EDGE_CURVE('',#5736,#5691,#2536,.T.);
#9774=EDGE_CURVE('',#5691,#5692,#2540,.T.);
#9776=EDGE_CURVE('',#5692,#5735,#2544,.T.);
#9787=EDGE_CURVE('',#5723,#5703,#2556,.T.);
#9789=EDGE_CURVE('',#5687,#5703,#2600,.T.);
#9801=EDGE_CURVE('',#5704,#5724,#2548,.T.);
#9803=EDGE_CURVE('',#5703,#5704,#2552,.T.);
#9815=EDGE_CURVE('',#5712,#5728,#2560,.T.);
#9817=EDGE_CURVE('',#5711,#5712,#2564,.T.);
#9819=EDGE_CURVE('',#5727,#5711,#2568,.T.);
#9830=EDGE_CURVE('',#5700,#5739,#2572,.T.);
#9832=EDGE_CURVE('',#5699,#5700,#2576,.T.);
#9834=EDGE_CURVE('',#5740,#5699,#2580,.T.);
#9845=EDGE_CURVE('',#5708,#5743,#2584,.T.);
#9847=EDGE_CURVE('',#5707,#5708,#2588,.T.);
#9849=EDGE_CURVE('',#5744,#5707,#2592,.T.);
#9861=EDGE_CURVE('',#5688,#5704,#2596,.T.);
#9886=EDGE_CURVE('',#5696,#5712,#2604,.T.);
#9898=EDGE_CURVE('',#5695,#5711,#2608,.T.);
#9924=EDGE_CURVE('',#5684,#5700,#2612,.T.);
#9936=EDGE_CURVE('',#5683,#5699,#2616,.T.);
#9962=EDGE_CURVE('',#5692,#5708,#2620,.T.);
#9974=EDGE_CURVE('',#5691,#5707,#2624,.T.);
#9999=EDGE_CURVE('',#5779,#5751,#2628,.T.);
#10001=EDGE_CURVE('',#5751,#5752,#2632,.T.);
#10003=EDGE_CURVE('',#5752,#5780,#2636,.T.);
#10014=EDGE_CURVE('',#5783,#5759,#2640,.T.);
#10016=EDGE_CURVE('',#5759,#5760,#2644,.T.);
#10018=EDGE_CURVE('',#5760,#5784,#2648,.T.);
#10029=EDGE_CURVE('',#5796,#5747,#2652,.T.);
#10031=EDGE_CURVE('',#5747,#5748,#2656,.T.);
#10033=EDGE_CURVE('',#5748,#5795,#2660,.T.);
#10044=EDGE_CURVE('',#5800,#5755,#2664,.T.);
#10046=EDGE_CURVE('',#5755,#5756,#2668,.T.);
#10048=EDGE_CURVE('',#5756,#5799,#2672,.T.);
#10059=EDGE_CURVE('',#5787,#5767,#2684,.T.);
#10061=EDGE_CURVE('',#5751,#5767,#2728,.T.);
#10073=EDGE_CURVE('',#5768,#5788,#2676,.T.);
#10075=EDGE_CURVE('',#5767,#5768,#2680,.T.);
#10087=EDGE_CURVE('',#5776,#5792,#2688,.T.);
#10089=EDGE_CURVE('',#5775,#5776,#2692,.T.);
#10091=EDGE_CURVE('',#5791,#5775,#2696,.T.);
#10102=EDGE_CURVE('',#5764,#5803,#2700,.T.);
#10104=EDGE_CURVE('',#5763,#5764,#2704,.T.);
#10106=EDGE_CURVE('',#5804,#5763,#2708,.T.);
#10117=EDGE_CURVE('',#5772,#5807,#2712,.T.);
#10119=EDGE_CURVE('',#5771,#5772,#2716,.T.);
#10121=EDGE_CURVE('',#5808,#5771,#2720,.T.);
#10133=EDGE_CURVE('',#5752,#5768,#2724,.T.);
#10158=EDGE_CURVE('',#5760,#5776,#2732,.T.);
#10170=EDGE_CURVE('',#5759,#5775,#2736,.T.);
#10196=EDGE_CURVE('',#5748,#5764,#2740,.T.);
#10208=EDGE_CURVE('',#5747,#5763,#2744,.T.);
#10234=EDGE_CURVE('',#5756,#5772,#2748,.T.);
#10246=EDGE_CURVE('',#5755,#5771,#2752,.T.);
#10271=EDGE_CURVE('',#5843,#5815,#2756,.T.);
#10273=EDGE_CURVE('',#5815,#5816,#2760,.T.);
#10275=EDGE_CURVE('',#5816,#5844,#2764,.T.);
#10286=EDGE_CURVE('',#5847,#5823,#2768,.T.);
#10288=EDGE_CURVE('',#5823,#5824,#2772,.T.);
#10290=EDGE_CURVE('',#5824,#5848,#2776,.T.);
#10301=EDGE_CURVE('',#5860,#5811,#2780,.T.);
#10303=EDGE_CURVE('',#5811,#5812,#2784,.T.);
#10305=EDGE_CURVE('',#5812,#5859,#2788,.T.);
#10316=EDGE_CURVE('',#5864,#5819,#2792,.T.);
#10318=EDGE_CURVE('',#5819,#5820,#2796,.T.);
#10320=EDGE_CURVE('',#5820,#5863,#2800,.T.);
#10331=EDGE_CURVE('',#5851,#5831,#2812,.T.);
#10333=EDGE_CURVE('',#5815,#5831,#2856,.T.);
#10345=EDGE_CURVE('',#5832,#5852,#2804,.T.);
#10347=EDGE_CURVE('',#5831,#5832,#2808,.T.);
#10359=EDGE_CURVE('',#5840,#5856,#2816,.T.);
#10361=EDGE_CURVE('',#5839,#5840,#2820,.T.);
#10363=EDGE_CURVE('',#5855,#5839,#2824,.T.);
#10374=EDGE_CURVE('',#5828,#5867,#2828,.T.);
#10376=EDGE_CURVE('',#5827,#5828,#2832,.T.);
#10378=EDGE_CURVE('',#5868,#5827,#2836,.T.);
#10389=EDGE_CURVE('',#5836,#5871,#2840,.T.);
#10391=EDGE_CURVE('',#5835,#5836,#2844,.T.);
#10393=EDGE_CURVE('',#5872,#5835,#2848,.T.);
#10405=EDGE_CURVE('',#5816,#5832,#2852,.T.);
#10430=EDGE_CURVE('',#5824,#5840,#2860,.T.);
#10442=EDGE_CURVE('',#5823,#5839,#2864,.T.);
#10468=EDGE_CURVE('',#5812,#5828,#2868,.T.);
#10480=EDGE_CURVE('',#5811,#5827,#2872,.T.);
#10506=EDGE_CURVE('',#5820,#5836,#2876,.T.);
#10518=EDGE_CURVE('',#5819,#5835,#2880,.T.);
#10543=EDGE_CURVE('',#5907,#5879,#2884,.T.);
#10545=EDGE_CURVE('',#5879,#5880,#2888,.T.);
#10547=EDGE_CURVE('',#5880,#5908,#2892,.T.);
#10558=EDGE_CURVE('',#5911,#5887,#2896,.T.);
#10560=EDGE_CURVE('',#5887,#5888,#2900,.T.);
#10562=EDGE_CURVE('',#5888,#5912,#2904,.T.);
#10573=EDGE_CURVE('',#5924,#5875,#2908,.T.);
#10575=EDGE_CURVE('',#5875,#5876,#2912,.T.);
#10577=EDGE_CURVE('',#5876,#5923,#2916,.T.);
#10588=EDGE_CURVE('',#5928,#5883,#2920,.T.);
#10590=EDGE_CURVE('',#5883,#5884,#2924,.T.);
#10592=EDGE_CURVE('',#5884,#5927,#2928,.T.);
#10603=EDGE_CURVE('',#5915,#5895,#2940,.T.);
#10605=EDGE_CURVE('',#5879,#5895,#2984,.T.);
#10617=EDGE_CURVE('',#5896,#5916,#2932,.T.);
#10619=EDGE_CURVE('',#5895,#5896,#2936,.T.);
#10631=EDGE_CURVE('',#5904,#5920,#2944,.T.);
#10633=EDGE_CURVE('',#5903,#5904,#2948,.T.);
#10635=EDGE_CURVE('',#5919,#5903,#2952,.T.);
#10646=EDGE_CURVE('',#5892,#5931,#2956,.T.);
#10648=EDGE_CURVE('',#5891,#5892,#2960,.T.);
#10650=EDGE_CURVE('',#5932,#5891,#2964,.T.);
#10661=EDGE_CURVE('',#5900,#5935,#2968,.T.);
#10663=EDGE_CURVE('',#5899,#5900,#2972,.T.);
#10665=EDGE_CURVE('',#5936,#5899,#2976,.T.);
#10677=EDGE_CURVE('',#5880,#5896,#2980,.T.);
#10702=EDGE_CURVE('',#5888,#5904,#2988,.T.);
#10714=EDGE_CURVE('',#5887,#5903,#2992,.T.);
#10740=EDGE_CURVE('',#5876,#5892,#2996,.T.);
#10752=EDGE_CURVE('',#5875,#5891,#3000,.T.);
#10778=EDGE_CURVE('',#5884,#5900,#3004,.T.);
#10790=EDGE_CURVE('',#5883,#5899,#3008,.T.);
#10815=EDGE_CURVE('',#5971,#5943,#3012,.T.);
#10817=EDGE_CURVE('',#5943,#5944,#3016,.T.);
#10819=EDGE_CURVE('',#5944,#5972,#3020,.T.);
#10830=EDGE_CURVE('',#5975,#5951,#3024,.T.);
#10832=EDGE_CURVE('',#5951,#5952,#3028,.T.);
#10834=EDGE_CURVE('',#5952,#5976,#3032,.T.);
#10845=EDGE_CURVE('',#5988,#5939,#3036,.T.);
#10847=EDGE_CURVE('',#5939,#5940,#3040,.T.);
#10849=EDGE_CURVE('',#5940,#5987,#3044,.T.);
#10860=EDGE_CURVE('',#5992,#5947,#3048,.T.);
#10862=EDGE_CURVE('',#5947,#5948,#3052,.T.);
#10864=EDGE_CURVE('',#5948,#5991,#3056,.T.);
#10875=EDGE_CURVE('',#5979,#5959,#3068,.T.);
#10877=EDGE_CURVE('',#5943,#5959,#3112,.T.);
#10889=EDGE_CURVE('',#5960,#5980,#3060,.T.);
#10891=EDGE_CURVE('',#5959,#5960,#3064,.T.);
#10903=EDGE_CURVE('',#5968,#5984,#3072,.T.);
#10905=EDGE_CURVE('',#5967,#5968,#3076,.T.);
#10907=EDGE_CURVE('',#5983,#5967,#3080,.T.);
#10918=EDGE_CURVE('',#5956,#5995,#3084,.T.);
#10920=EDGE_CURVE('',#5955,#5956,#3088,.T.);
#10922=EDGE_CURVE('',#5996,#5955,#3092,.T.);
#10933=EDGE_CURVE('',#5964,#5999,#3096,.T.);
#10935=EDGE_CURVE('',#5963,#5964,#3100,.T.);
#10937=EDGE_CURVE('',#6000,#5963,#3104,.T.);
#10949=EDGE_CURVE('',#5944,#5960,#3108,.T.);
#10974=EDGE_CURVE('',#5952,#5968,#3116,.T.);
#10986=EDGE_CURVE('',#5951,#5967,#3120,.T.);
#11012=EDGE_CURVE('',#5940,#5956,#3124,.T.);
#11024=EDGE_CURVE('',#5939,#5955,#3128,.T.);
#11050=EDGE_CURVE('',#5948,#5964,#3132,.T.);
#11062=EDGE_CURVE('',#5947,#5963,#3136,.T.);
#11087=EDGE_CURVE('',#6035,#6007,#3140,.T.);
#11089=EDGE_CURVE('',#6007,#6008,#3144,.T.);
#11091=EDGE_CURVE('',#6008,#6036,#3148,.T.);
#11102=EDGE_CURVE('',#6039,#6015,#3152,.T.);
#11104=EDGE_CURVE('',#6015,#6016,#3156,.T.);
#11106=EDGE_CURVE('',#6016,#6040,#3160,.T.);
#11117=EDGE_CURVE('',#6052,#6003,#3164,.T.);
#11119=EDGE_CURVE('',#6003,#6004,#3168,.T.);
#11121=EDGE_CURVE('',#6004,#6051,#3172,.T.);
#11132=EDGE_CURVE('',#6056,#6011,#3176,.T.);
#11134=EDGE_CURVE('',#6011,#6012,#3180,.T.);
#11136=EDGE_CURVE('',#6012,#6055,#3184,.T.);
#11147=EDGE_CURVE('',#6043,#6023,#3196,.T.);
#11149=EDGE_CURVE('',#6007,#6023,#3240,.T.);
#11161=EDGE_CURVE('',#6024,#6044,#3188,.T.);
#11163=EDGE_CURVE('',#6023,#6024,#3192,.T.);
#11175=EDGE_CURVE('',#6032,#6048,#3200,.T.);
#11177=EDGE_CURVE('',#6031,#6032,#3204,.T.);
#11179=EDGE_CURVE('',#6047,#6031,#3208,.T.);
#11190=EDGE_CURVE('',#6020,#6059,#3212,.T.);
#11192=EDGE_CURVE('',#6019,#6020,#3216,.T.);
#11194=EDGE_CURVE('',#6060,#6019,#3220,.T.);
#11205=EDGE_CURVE('',#6028,#6063,#3224,.T.);
#11207=EDGE_CURVE('',#6027,#6028,#3228,.T.);
#11209=EDGE_CURVE('',#6064,#6027,#3232,.T.);
#11221=EDGE_CURVE('',#6008,#6024,#3236,.T.);
#11246=EDGE_CURVE('',#6016,#6032,#3244,.T.);
#11258=EDGE_CURVE('',#6015,#6031,#3248,.T.);
#11284=EDGE_CURVE('',#6004,#6020,#3252,.T.);
#11296=EDGE_CURVE('',#6003,#6019,#3256,.T.);
#11322=EDGE_CURVE('',#6012,#6028,#3260,.T.);
#11334=EDGE_CURVE('',#6011,#6027,#3264,.T.);
#11359=EDGE_CURVE('',#6099,#6071,#3268,.T.);
#11361=EDGE_CURVE('',#6071,#6072,#3272,.T.);
#11363=EDGE_CURVE('',#6072,#6100,#3276,.T.);
#11374=EDGE_CURVE('',#6103,#6079,#3280,.T.);
#11376=EDGE_CURVE('',#6079,#6080,#3284,.T.);
#11378=EDGE_CURVE('',#6080,#6104,#3288,.T.);
#11389=EDGE_CURVE('',#6116,#6067,#3292,.T.);
#11391=EDGE_CURVE('',#6067,#6068,#3296,.T.);
#11393=EDGE_CURVE('',#6068,#6115,#3300,.T.);
#11404=EDGE_CURVE('',#6120,#6075,#3304,.T.);
#11406=EDGE_CURVE('',#6075,#6076,#3308,.T.);
#11408=EDGE_CURVE('',#6076,#6119,#3312,.T.);
#11419=EDGE_CURVE('',#6107,#6087,#3324,.T.);
#11421=EDGE_CURVE('',#6071,#6087,#3368,.T.);
#11433=EDGE_CURVE('',#6088,#6108,#3316,.T.);
#11435=EDGE_CURVE('',#6087,#6088,#3320,.T.);
#11447=EDGE_CURVE('',#6096,#6112,#3328,.T.);
#11449=EDGE_CURVE('',#6095,#6096,#3332,.T.);
#11451=EDGE_CURVE('',#6111,#6095,#3336,.T.);
#11462=EDGE_CURVE('',#6084,#6123,#3340,.T.);
#11464=EDGE_CURVE('',#6083,#6084,#3344,.T.);
#11466=EDGE_CURVE('',#6124,#6083,#3348,.T.);
#11477=EDGE_CURVE('',#6092,#6127,#3352,.T.);
#11479=EDGE_CURVE('',#6091,#6092,#3356,.T.);
#11481=EDGE_CURVE('',#6128,#6091,#3360,.T.);
#11493=EDGE_CURVE('',#6072,#6088,#3364,.T.);
#11518=EDGE_CURVE('',#6080,#6096,#3372,.T.);
#11530=EDGE_CURVE('',#6079,#6095,#3376,.T.);
#11556=EDGE_CURVE('',#6068,#6084,#3380,.T.);
#11568=EDGE_CURVE('',#6067,#6083,#3384,.T.);
#11594=EDGE_CURVE('',#6076,#6092,#3388,.T.);
#11606=EDGE_CURVE('',#6075,#6091,#3392,.T.);
#11631=EDGE_CURVE('',#6163,#6135,#3396,.T.);
#11633=EDGE_CURVE('',#6135,#6136,#3400,.T.);
#11635=EDGE_CURVE('',#6136,#6164,#3404,.T.);
#11646=EDGE_CURVE('',#6167,#6143,#3408,.T.);
#11648=EDGE_CURVE('',#6143,#6144,#3412,.T.);
#11650=EDGE_CURVE('',#6144,#6168,#3416,.T.);
#11661=EDGE_CURVE('',#6180,#6131,#3420,.T.);
#11663=EDGE_CURVE('',#6131,#6132,#3424,.T.);
#11665=EDGE_CURVE('',#6132,#6179,#3428,.T.);
#11676=EDGE_CURVE('',#6184,#6139,#3432,.T.);
#11678=EDGE_CURVE('',#6139,#6140,#3436,.T.);
#11680=EDGE_CURVE('',#6140,#6183,#3440,.T.);
#11691=EDGE_CURVE('',#6171,#6151,#3452,.T.);
#11693=EDGE_CURVE('',#6135,#6151,#3496,.T.);
#11705=EDGE_CURVE('',#6152,#6172,#3444,.T.);
#11707=EDGE_CURVE('',#6151,#6152,#3448,.T.);
#11719=EDGE_CURVE('',#6160,#6176,#3456,.T.);
#11721=EDGE_CURVE('',#6159,#6160,#3460,.T.);
#11723=EDGE_CURVE('',#6175,#6159,#3464,.T.);
#11734=EDGE_CURVE('',#6148,#6187,#3468,.T.);
#11736=EDGE_CURVE('',#6147,#6148,#3472,.T.);
#11738=EDGE_CURVE('',#6188,#6147,#3476,.T.);
#11749=EDGE_CURVE('',#6156,#6191,#3480,.T.);
#11751=EDGE_CURVE('',#6155,#6156,#3484,.T.);
#11753=EDGE_CURVE('',#6192,#6155,#3488,.T.);
#11765=EDGE_CURVE('',#6136,#6152,#3492,.T.);
#11790=EDGE_CURVE('',#6144,#6160,#3500,.T.);
#11802=EDGE_CURVE('',#6143,#6159,#3504,.T.);
#11828=EDGE_CURVE('',#6132,#6148,#3508,.T.);
#11840=EDGE_CURVE('',#6131,#6147,#3512,.T.);
#11866=EDGE_CURVE('',#6140,#6156,#3516,.T.);
#11878=EDGE_CURVE('',#6139,#6155,#3520,.T.);
#11903=EDGE_CURVE('',#6227,#6199,#3524,.T.);
#11905=EDGE_CURVE('',#6199,#6200,#3528,.T.);
#11907=EDGE_CURVE('',#6200,#6228,#3532,.T.);
#11918=EDGE_CURVE('',#6231,#6207,#3536,.T.);
#11920=EDGE_CURVE('',#6207,#6208,#3540,.T.);
#11922=EDGE_CURVE('',#6208,#6232,#3544,.T.);
#11933=EDGE_CURVE('',#6244,#6195,#3548,.T.);
#11935=EDGE_CURVE('',#6195,#6196,#3552,.T.);
#11937=EDGE_CURVE('',#6196,#6243,#3556,.T.);
#11948=EDGE_CURVE('',#6248,#6203,#3560,.T.);
#11950=EDGE_CURVE('',#6203,#6204,#3564,.T.);
#11952=EDGE_CURVE('',#6204,#6247,#3568,.T.);
#11963=EDGE_CURVE('',#6235,#6215,#3580,.T.);
#11965=EDGE_CURVE('',#6199,#6215,#3624,.T.);
#11977=EDGE_CURVE('',#6216,#6236,#3572,.T.);
#11979=EDGE_CURVE('',#6215,#6216,#3576,.T.);
#11991=EDGE_CURVE('',#6224,#6240,#3584,.T.);
#11993=EDGE_CURVE('',#6223,#6224,#3588,.T.);
#11995=EDGE_CURVE('',#6239,#6223,#3592,.T.);
#12006=EDGE_CURVE('',#6212,#6251,#3596,.T.);
#12008=EDGE_CURVE('',#6211,#6212,#3600,.T.);
#12010=EDGE_CURVE('',#6252,#6211,#3604,.T.);
#12021=EDGE_CURVE('',#6220,#6255,#3608,.T.);
#12023=EDGE_CURVE('',#6219,#6220,#3612,.T.);
#12025=EDGE_CURVE('',#6256,#6219,#3616,.T.);
#12037=EDGE_CURVE('',#6200,#6216,#3620,.T.);
#12062=EDGE_CURVE('',#6208,#6224,#3628,.T.);
#12074=EDGE_CURVE('',#6207,#6223,#3632,.T.);
#12100=EDGE_CURVE('',#6196,#6212,#3636,.T.);
#12112=EDGE_CURVE('',#6195,#6211,#3640,.T.);
#12138=EDGE_CURVE('',#6204,#6220,#3644,.T.);
#12150=EDGE_CURVE('',#6203,#6219,#3648,.T.);
#12175=EDGE_CURVE('',#6291,#6263,#3652,.T.);
#12177=EDGE_CURVE('',#6263,#6264,#3656,.T.);
#12179=EDGE_CURVE('',#6264,#6292,#3660,.T.);
#12190=EDGE_CURVE('',#6295,#6271,#3664,.T.);
#12192=EDGE_CURVE('',#6271,#6272,#3668,.T.);
#12194=EDGE_CURVE('',#6272,#6296,#3672,.T.);
#12205=EDGE_CURVE('',#6308,#6259,#3676,.T.);
#12207=EDGE_CURVE('',#6259,#6260,#3680,.T.);
#12209=EDGE_CURVE('',#6260,#6307,#3684,.T.);
#12220=EDGE_CURVE('',#6312,#6267,#3688,.T.);
#12222=EDGE_CURVE('',#6267,#6268,#3692,.T.);
#12224=EDGE_CURVE('',#6268,#6311,#3696,.T.);
#12235=EDGE_CURVE('',#6299,#6279,#3708,.T.);
#12237=EDGE_CURVE('',#6263,#6279,#3752,.T.);
#12249=EDGE_CURVE('',#6280,#6300,#3700,.T.);
#12251=EDGE_CURVE('',#6279,#6280,#3704,.T.);
#12263=EDGE_CURVE('',#6288,#6304,#3712,.T.);
#12265=EDGE_CURVE('',#6287,#6288,#3716,.T.);
#12267=EDGE_CURVE('',#6303,#6287,#3720,.T.);
#12278=EDGE_CURVE('',#6276,#6315,#3724,.T.);
#12280=EDGE_CURVE('',#6275,#6276,#3728,.T.);
#12282=EDGE_CURVE('',#6316,#6275,#3732,.T.);
#12293=EDGE_CURVE('',#6284,#6319,#3736,.T.);
#12295=EDGE_CURVE('',#6283,#6284,#3740,.T.);
#12297=EDGE_CURVE('',#6320,#6283,#3744,.T.);
#12309=EDGE_CURVE('',#6264,#6280,#3748,.T.);
#12334=EDGE_CURVE('',#6272,#6288,#3756,.T.);
#12346=EDGE_CURVE('',#6271,#6287,#3760,.T.);
#12372=EDGE_CURVE('',#6260,#6276,#3764,.T.);
#12384=EDGE_CURVE('',#6259,#6275,#3768,.T.);
#12410=EDGE_CURVE('',#6268,#6284,#3772,.T.);
#12422=EDGE_CURVE('',#6267,#6283,#3776,.T.);
#12447=EDGE_CURVE('',#6355,#6327,#3780,.T.);
#12449=EDGE_CURVE('',#6327,#6328,#3784,.T.);
#12451=EDGE_CURVE('',#6328,#6356,#3788,.T.);
#12462=EDGE_CURVE('',#6359,#6335,#3792,.T.);
#12464=EDGE_CURVE('',#6335,#6336,#3796,.T.);
#12466=EDGE_CURVE('',#6336,#6360,#3800,.T.);
#12477=EDGE_CURVE('',#6372,#6323,#3804,.T.);
#12479=EDGE_CURVE('',#6323,#6324,#3808,.T.);
#12481=EDGE_CURVE('',#6324,#6371,#3812,.T.);
#12492=EDGE_CURVE('',#6376,#6331,#3816,.T.);
#12494=EDGE_CURVE('',#6331,#6332,#3820,.T.);
#12496=EDGE_CURVE('',#6332,#6375,#3824,.T.);
#12507=EDGE_CURVE('',#6363,#6343,#3836,.T.);
#12509=EDGE_CURVE('',#6327,#6343,#3880,.T.);
#12521=EDGE_CURVE('',#6344,#6364,#3828,.T.);
#12523=EDGE_CURVE('',#6343,#6344,#3832,.T.);
#12535=EDGE_CURVE('',#6352,#6368,#3840,.T.);
#12537=EDGE_CURVE('',#6351,#6352,#3844,.T.);
#12539=EDGE_CURVE('',#6367,#6351,#3848,.T.);
#12550=EDGE_CURVE('',#6340,#6379,#3852,.T.);
#12552=EDGE_CURVE('',#6339,#6340,#3856,.T.);
#12554=EDGE_CURVE('',#6380,#6339,#3860,.T.);
#12565=EDGE_CURVE('',#6348,#6383,#3864,.T.);
#12567=EDGE_CURVE('',#6347,#6348,#3868,.T.);
#12569=EDGE_CURVE('',#6384,#6347,#3872,.T.);
#12581=EDGE_CURVE('',#6328,#6344,#3876,.T.);
#12606=EDGE_CURVE('',#6336,#6352,#3884,.T.);
#12618=EDGE_CURVE('',#6335,#6351,#3888,.T.);
#12644=EDGE_CURVE('',#6324,#6340,#3892,.T.);
#12656=EDGE_CURVE('',#6323,#6339,#3896,.T.);
#12682=EDGE_CURVE('',#6332,#6348,#3900,.T.);
#12694=EDGE_CURVE('',#6331,#6347,#3904,.T.);
#12719=EDGE_CURVE('',#6419,#6391,#3908,.T.);
#12721=EDGE_CURVE('',#6391,#6392,#3912,.T.);
#12723=EDGE_CURVE('',#6392,#6420,#3916,.T.);
#12734=EDGE_CURVE('',#6423,#6399,#3920,.T.);
#12736=EDGE_CURVE('',#6399,#6400,#3924,.T.);
#12738=EDGE_CURVE('',#6400,#6424,#3928,.T.);
#12749=EDGE_CURVE('',#6436,#6387,#3932,.T.);
#12751=EDGE_CURVE('',#6387,#6388,#3936,.T.);
#12753=EDGE_CURVE('',#6388,#6435,#3940,.T.);
#12764=EDGE_CURVE('',#6440,#6395,#3944,.T.);
#12766=EDGE_CURVE('',#6395,#6396,#3948,.T.);
#12768=EDGE_CURVE('',#6396,#6439,#3952,.T.);
#12779=EDGE_CURVE('',#6427,#6407,#3964,.T.);
#12781=EDGE_CURVE('',#6391,#6407,#4008,.T.);
#12793=EDGE_CURVE('',#6408,#6428,#3956,.T.);
#12795=EDGE_CURVE('',#6407,#6408,#3960,.T.);
#12807=EDGE_CURVE('',#6416,#6432,#3968,.T.);
#12809=EDGE_CURVE('',#6415,#6416,#3972,.T.);
#12811=EDGE_CURVE('',#6431,#6415,#3976,.T.);
#12822=EDGE_CURVE('',#6404,#6443,#3980,.T.);
#12824=EDGE_CURVE('',#6403,#6404,#3984,.T.);
#12826=EDGE_CURVE('',#6444,#6403,#3988,.T.);
#12837=EDGE_CURVE('',#6412,#6447,#3992,.T.);
#12839=EDGE_CURVE('',#6411,#6412,#3996,.T.);
#12841=EDGE_CURVE('',#6448,#6411,#4000,.T.);
#12853=EDGE_CURVE('',#6392,#6408,#4004,.T.);
#12878=EDGE_CURVE('',#6400,#6416,#4012,.T.);
#12890=EDGE_CURVE('',#6399,#6415,#4016,.T.);
#12916=EDGE_CURVE('',#6388,#6404,#4020,.T.);
#12928=EDGE_CURVE('',#6387,#6403,#4024,.T.);
#12954=EDGE_CURVE('',#6396,#6412,#4028,.T.);
#12966=EDGE_CURVE('',#6395,#6411,#4032,.T.);
#12991=EDGE_CURVE('',#5299,#5310,#4036,.T.);
#12993=EDGE_CURVE('',#5306,#5310,#4368,.T.);
#12995=EDGE_CURVE('',#5306,#5300,#4348,.T.);
#13006=EDGE_CURVE('',#5295,#5299,#4044,.T.);
#13008=EDGE_CURVE('',#5295,#5312,#4040,.T.);
#13010=EDGE_CURVE('',#5310,#5312,#4376,.T.);
#13022=EDGE_CURVE('',#5267,#5279,#4048,.T.);
#13033=EDGE_CURVE('',#5319,#5323,#4052,.T.);
#13036=EDGE_CURVE('',#5291,#5303,#4056,.T.);
#13047=EDGE_CURVE('',#5343,#5347,#4060,.T.);
#13050=EDGE_CURVE('',#5315,#5327,#4064,.T.);
#13061=EDGE_CURVE('',#6455,#6459,#4068,.T.);
#13064=EDGE_CURVE('',#5339,#5351,#4072,.T.);
#13075=EDGE_CURVE('',#6479,#6483,#4076,.T.);
#13078=EDGE_CURVE('',#6451,#6463,#4080,.T.);
#13089=EDGE_CURVE('',#6503,#6507,#4084,.T.);
#13092=EDGE_CURVE('',#6475,#6487,#4088,.T.);
#13103=EDGE_CURVE('',#6527,#6531,#4092,.T.);
#13106=EDGE_CURVE('',#6499,#6511,#4096,.T.);
#13117=EDGE_CURVE('',#6551,#6555,#4100,.T.);
#13120=EDGE_CURVE('',#6523,#6535,#4104,.T.);
#13131=EDGE_CURVE('',#6575,#6579,#4108,.T.);
#13134=EDGE_CURVE('',#6547,#6559,#4112,.T.);
#13145=EDGE_CURVE('',#6599,#6603,#4116,.T.);
#13148=EDGE_CURVE('',#6571,#6583,#4120,.T.);
#13159=EDGE_CURVE('',#6623,#6627,#4124,.T.);
#13162=EDGE_CURVE('',#6595,#6607,#4128,.T.);
#13173=EDGE_CURVE('',#6647,#6651,#4132,.T.);
#13176=EDGE_CURVE('',#6619,#6631,#4136,.T.);
#13187=EDGE_CURVE('',#6671,#6675,#4140,.T.);
#13190=EDGE_CURVE('',#6643,#6655,#4144,.T.);
#13201=EDGE_CURVE('',#6695,#6699,#4148,.T.);
#13204=EDGE_CURVE('',#6667,#6679,#4152,.T.);
#13215=EDGE_CURVE('',#6719,#6723,#4156,.T.);
#13218=EDGE_CURVE('',#6691,#6703,#4160,.T.);
#13229=EDGE_CURVE('',#6743,#6747,#4164,.T.);
#13232=EDGE_CURVE('',#6715,#6727,#4168,.T.);
#13243=EDGE_CURVE('',#6776,#6763,#4172,.T.);
#13246=EDGE_CURVE('',#6739,#6751,#4176,.T.);
#13257=EDGE_CURVE('',#6787,#6784,#5176,.T.);
#13260=EDGE_CURVE('',#5271,#5275,#4180,.T.);
#13271=EDGE_CURVE('',#5286,#5279,#4184,.T.);
#13273=EDGE_CURVE('',#5286,#5288,#4188,.T.);
#13275=EDGE_CURVE('',#5288,#5267,#4192,.T.);
#13287=EDGE_CURVE('',#5280,#5282,#4200,.T.);
#13289=EDGE_CURVE('',#5282,#5286,#4196,.T.);
#13301=EDGE_CURVE('',#5268,#5280,#4212,.T.);
#13303=EDGE_CURVE('',#5268,#5284,#4204,.T.);
#13305=EDGE_CURVE('',#5282,#5284,#5184,.T.);
#13315=EDGE_CURVE('',#5296,#5300,#4208,.T.);
#13328=EDGE_CURVE('',#5320,#5324,#4216,.T.);
#13331=EDGE_CURVE('',#5292,#5304,#4220,.T.);
#13342=EDGE_CURVE('',#5344,#5348,#4224,.T.);
#13345=EDGE_CURVE('',#5316,#5328,#4228,.T.);
#13356=EDGE_CURVE('',#6456,#6460,#4232,.T.);
#13359=EDGE_CURVE('',#5340,#5352,#4236,.T.);
#13370=EDGE_CURVE('',#6480,#6484,#4240,.T.);
#13373=EDGE_CURVE('',#6452,#6464,#4244,.T.);
#13384=EDGE_CURVE('',#6504,#6508,#4248,.T.);
#13387=EDGE_CURVE('',#6476,#6488,#4252,.T.);
#13398=EDGE_CURVE('',#6528,#6532,#4256,.T.);
#13401=EDGE_CURVE('',#6500,#6512,#4260,.T.);
#13412=EDGE_CURVE('',#6552,#6556,#4264,.T.);
#13415=EDGE_CURVE('',#6524,#6536,#4268,.T.);
#13426=EDGE_CURVE('',#6576,#6580,#4272,.T.);
#13429=EDGE_CURVE('',#6548,#6560,#4276,.T.);
#13440=EDGE_CURVE('',#6600,#6604,#4280,.T.);
#13443=EDGE_CURVE('',#6572,#6584,#4284,.T.);
#13454=EDGE_CURVE('',#6624,#6628,#4288,.T.);
#13457=EDGE_CURVE('',#6596,#6608,#4292,.T.);
#13468=EDGE_CURVE('',#6648,#6652,#4296,.T.);
#13471=EDGE_CURVE('',#6620,#6632,#4300,.T.);
#13482=EDGE_CURVE('',#6672,#6676,#4304,.T.);
#13485=EDGE_CURVE('',#6644,#6656,#4308,.T.);
#13496=EDGE_CURVE('',#6696,#6700,#4312,.T.);
#13499=EDGE_CURVE('',#6668,#6680,#4316,.T.);
#13510=EDGE_CURVE('',#6720,#6724,#4320,.T.);
#13513=EDGE_CURVE('',#6692,#6704,#4324,.T.);
#13524=EDGE_CURVE('',#6744,#6748,#4328,.T.);
#13527=EDGE_CURVE('',#6716,#6728,#4332,.T.);
#13538=EDGE_CURVE('',#6771,#6768,#5116,.T.);
#13541=EDGE_CURVE('',#6740,#6752,#4336,.T.);
#13552=EDGE_CURVE('',#6792,#6779,#4340,.T.);
#13555=EDGE_CURVE('',#5272,#5276,#4344,.T.);
#13567=EDGE_CURVE('',#5306,#5308,#4352,.T.);
#13569=EDGE_CURVE('',#5308,#5296,#4356,.T.);
#13580=EDGE_CURVE('',#5304,#5306,#4360,.T.);
#13583=EDGE_CURVE('',#5292,#5308,#4364,.T.);
#13597=EDGE_CURVE('',#5310,#5303,#4372,.T.);
#13609=EDGE_CURVE('',#5312,#5291,#4380,.T.);
#13622=EDGE_CURVE('',#5308,#5312,#4384,.T.);
#13645=EDGE_CURVE('',#5330,#5324,#4388,.T.);
#13647=EDGE_CURVE('',#5330,#5332,#4392,.T.);
#13649=EDGE_CURVE('',#5332,#5320,#4396,.T.);
#13661=EDGE_CURVE('',#5323,#5334,#4400,.T.);
#13663=EDGE_CURVE('',#5330,#5334,#4424,.T.);
#13676=EDGE_CURVE('',#5319,#5336,#4404,.T.);
#13678=EDGE_CURVE('',#5334,#5336,#4416,.T.);
#13690=EDGE_CURVE('',#5332,#5336,#4408,.T.);
#13702=EDGE_CURVE('',#5336,#5315,#4420,.T.);
#13705=EDGE_CURVE('',#5316,#5332,#4432,.T.);
#13715=EDGE_CURVE('',#5334,#5327,#4412,.T.);
#13729=EDGE_CURVE('',#5328,#5330,#4428,.T.);
#13753=EDGE_CURVE('',#5354,#5348,#4436,.T.);
#13755=EDGE_CURVE('',#5354,#5356,#4440,.T.);
#13757=EDGE_CURVE('',#5356,#5344,#4444,.T.);
#13769=EDGE_CURVE('',#5347,#5358,#4448,.T.);
#13771=EDGE_CURVE('',#5354,#5358,#4472,.T.);
#13784=EDGE_CURVE('',#5343,#5360,#4452,.T.);
#13786=EDGE_CURVE('',#5358,#5360,#4464,.T.);
#13798=EDGE_CURVE('',#5356,#5360,#4456,.T.);
#13810=EDGE_CURVE('',#5360,#5339,#4468,.T.);
#13813=EDGE_CURVE('',#5340,#5356,#4480,.T.);
#13823=EDGE_CURVE('',#5358,#5351,#4460,.T.);
#13837=EDGE_CURVE('',#5352,#5354,#4476,.T.);
#13861=EDGE_CURVE('',#6466,#6460,#4484,.T.);
#13863=EDGE_CURVE('',#6466,#6468,#4488,.T.);
#13865=EDGE_CURVE('',#6468,#6456,#4492,.T.);
#13877=EDGE_CURVE('',#6459,#6470,#4496,.T.);
#13879=EDGE_CURVE('',#6466,#6470,#4520,.T.);
#13892=EDGE_CURVE('',#6455,#6472,#4500,.T.);
#13894=EDGE_CURVE('',#6470,#6472,#4512,.T.);
#13906=EDGE_CURVE('',#6468,#6472,#4504,.T.);
#13918=EDGE_CURVE('',#6472,#6451,#4516,.T.);
#13921=EDGE_CURVE('',#6452,#6468,#4528,.T.);
#13931=EDGE_CURVE('',#6470,#6463,#4508,.T.);
#13945=EDGE_CURVE('',#6464,#6466,#4524,.T.);
#13969=EDGE_CURVE('',#6490,#6484,#4532,.T.);
#13971=EDGE_CURVE('',#6490,#6492,#4536,.T.);
#13973=EDGE_CURVE('',#6492,#6480,#4540,.T.);
#13985=EDGE_CURVE('',#6483,#6494,#4544,.T.);
#13987=EDGE_CURVE('',#6490,#6494,#4568,.T.);
#14000=EDGE_CURVE('',#6479,#6496,#4548,.T.);
#14002=EDGE_CURVE('',#6494,#6496,#4560,.T.);
#14014=EDGE_CURVE('',#6492,#6496,#4552,.T.);
#14026=EDGE_CURVE('',#6496,#6475,#4564,.T.);
#14029=EDGE_CURVE('',#6476,#6492,#4576,.T.);
#14039=EDGE_CURVE('',#6494,#6487,#4556,.T.);
#14053=EDGE_CURVE('',#6488,#6490,#4572,.T.);
#14077=EDGE_CURVE('',#6514,#6508,#4580,.T.);
#14079=EDGE_CURVE('',#6514,#6516,#4584,.T.);
#14081=EDGE_CURVE('',#6516,#6504,#4588,.T.);
#14093=EDGE_CURVE('',#6507,#6518,#4592,.T.);
#14095=EDGE_CURVE('',#6514,#6518,#4616,.T.);
#14108=EDGE_CURVE('',#6503,#6520,#4596,.T.);
#14110=EDGE_CURVE('',#6518,#6520,#4608,.T.);
#14122=EDGE_CURVE('',#6516,#6520,#4600,.T.);
#14134=EDGE_CURVE('',#6520,#6499,#4612,.T.);
#14137=EDGE_CURVE('',#6500,#6516,#4624,.T.);
#14147=EDGE_CURVE('',#6518,#6511,#4604,.T.);
#14161=EDGE_CURVE('',#6512,#6514,#4620,.T.);
#14185=EDGE_CURVE('',#6538,#6532,#4628,.T.);
#14187=EDGE_CURVE('',#6538,#6540,#4632,.T.);
#14189=EDGE_CURVE('',#6540,#6528,#4636,.T.);
#14201=EDGE_CURVE('',#6531,#6542,#4640,.T.);
#14203=EDGE_CURVE('',#6538,#6542,#4664,.T.);
#14216=EDGE_CURVE('',#6527,#6544,#4644,.T.);
#14218=EDGE_CURVE('',#6542,#6544,#4656,.T.);
#14230=EDGE_CURVE('',#6540,#6544,#4648,.T.);
#14242=EDGE_CURVE('',#6544,#6523,#4660,.T.);
#14245=EDGE_CURVE('',#6524,#6540,#4672,.T.);
#14255=EDGE_CURVE('',#6542,#6535,#4652,.T.);
#14269=EDGE_CURVE('',#6536,#6538,#4668,.T.);
#14293=EDGE_CURVE('',#6562,#6556,#4676,.T.);
#14295=EDGE_CURVE('',#6562,#6564,#4680,.T.);
#14297=EDGE_CURVE('',#6564,#6552,#4684,.T.);
#14309=EDGE_CURVE('',#6555,#6566,#4688,.T.);
#14311=EDGE_CURVE('',#6562,#6566,#4712,.T.);
#14324=EDGE_CURVE('',#6551,#6568,#4692,.T.);
#14326=EDGE_CURVE('',#6566,#6568,#4704,.T.);
#14338=EDGE_CURVE('',#6564,#6568,#4696,.T.);
#14350=EDGE_CURVE('',#6568,#6547,#4708,.T.);
#14353=EDGE_CURVE('',#6548,#6564,#4720,.T.);
#14363=EDGE_CURVE('',#6566,#6559,#4700,.T.);
#14377=EDGE_CURVE('',#6560,#6562,#4716,.T.);
#14401=EDGE_CURVE('',#6586,#6580,#4724,.T.);
#14403=EDGE_CURVE('',#6586,#6588,#4728,.T.);
#14405=EDGE_CURVE('',#6588,#6576,#4732,.T.);
#14417=EDGE_CURVE('',#6579,#6590,#4736,.T.);
#14419=EDGE_CURVE('',#6586,#6590,#4760,.T.);
#14432=EDGE_CURVE('',#6575,#6592,#4740,.T.);
#14434=EDGE_CURVE('',#6590,#6592,#4752,.T.);
#14446=EDGE_CURVE('',#6588,#6592,#4744,.T.);
#14458=EDGE_CURVE('',#6592,#6571,#4756,.T.);
#14461=EDGE_CURVE('',#6572,#6588,#4768,.T.);
#14471=EDGE_CURVE('',#6590,#6583,#4748,.T.);
#14485=EDGE_CURVE('',#6584,#6586,#4764,.T.);
#14509=EDGE_CURVE('',#6610,#6604,#4772,.T.);
#14511=EDGE_CURVE('',#6610,#6612,#4776,.T.);
#14513=EDGE_CURVE('',#6612,#6600,#4780,.T.);
#14525=EDGE_CURVE('',#6603,#6614,#4784,.T.);
#14527=EDGE_CURVE('',#6610,#6614,#4808,.T.);
#14540=EDGE_CURVE('',#6599,#6616,#4788,.T.);
#14542=EDGE_CURVE('',#6614,#6616,#4800,.T.);
#14554=EDGE_CURVE('',#6612,#6616,#4792,.T.);
#14566=EDGE_CURVE('',#6616,#6595,#4804,.T.);
#14569=EDGE_CURVE('',#6596,#6612,#4816,.T.);
#14579=EDGE_CURVE('',#6614,#6607,#4796,.T.);
#14593=EDGE_CURVE('',#6608,#6610,#4812,.T.);
#14617=EDGE_CURVE('',#6634,#6628,#4820,.T.);
#14619=EDGE_CURVE('',#6634,#6636,#4824,.T.);
#14621=EDGE_CURVE('',#6636,#6624,#4828,.T.);
#14633=EDGE_CURVE('',#6627,#6638,#4832,.T.);
#14635=EDGE_CURVE('',#6634,#6638,#4856,.T.);
#14648=EDGE_CURVE('',#6623,#6640,#4836,.T.);
#14650=EDGE_CURVE('',#6638,#6640,#4848,.T.);
#14662=EDGE_CURVE('',#6636,#6640,#4840,.T.);
#14674=EDGE_CURVE('',#6640,#6619,#4852,.T.);
#14677=EDGE_CURVE('',#6620,#6636,#4864,.T.);
#14687=EDGE_CURVE('',#6638,#6631,#4844,.T.);
#14701=EDGE_CURVE('',#6632,#6634,#4860,.T.);
#14725=EDGE_CURVE('',#6658,#6652,#4868,.T.);
#14727=EDGE_CURVE('',#6658,#6660,#4872,.T.);
#14729=EDGE_CURVE('',#6660,#6648,#4876,.T.);
#14741=EDGE_CURVE('',#6651,#6662,#4880,.T.);
#14743=EDGE_CURVE('',#6658,#6662,#4904,.T.);
#14756=EDGE_CURVE('',#6647,#6664,#4884,.T.);
#14758=EDGE_CURVE('',#6662,#6664,#4896,.T.);
#14770=EDGE_CURVE('',#6660,#6664,#4888,.T.);
#14782=EDGE_CURVE('',#6664,#6643,#4900,.T.);
#14785=EDGE_CURVE('',#6644,#6660,#4912,.T.);
#14795=EDGE_CURVE('',#6662,#6655,#4892,.T.);
#14809=EDGE_CURVE('',#6656,#6658,#4908,.T.);
#14833=EDGE_CURVE('',#6682,#6676,#4916,.T.);
#14835=EDGE_CURVE('',#6682,#6684,#4920,.T.);
#14837=EDGE_CURVE('',#6684,#6672,#4924,.T.);
#14849=EDGE_CURVE('',#6675,#6686,#4928,.T.);
#14851=EDGE_CURVE('',#6682,#6686,#4952,.T.);
#14864=EDGE_CURVE('',#6671,#6688,#4932,.T.);
#14866=EDGE_CURVE('',#6686,#6688,#4944,.T.);
#14878=EDGE_CURVE('',#6684,#6688,#4936,.T.);
#14890=EDGE_CURVE('',#6688,#6667,#4948,.T.);
#14893=EDGE_CURVE('',#6668,#6684,#4960,.T.);
#14903=EDGE_CURVE('',#6686,#6679,#4940,.T.);
#14917=EDGE_CURVE('',#6680,#6682,#4956,.T.);
#14941=EDGE_CURVE('',#6706,#6700,#4964,.T.);
#14943=EDGE_CURVE('',#6706,#6708,#4968,.T.);
#14945=EDGE_CURVE('',#6708,#6696,#4972,.T.);
#14957=EDGE_CURVE('',#6699,#6710,#4976,.T.);
#14959=EDGE_CURVE('',#6706,#6710,#5000,.T.);
#14972=EDGE_CURVE('',#6695,#6712,#4980,.T.);
#14974=EDGE_CURVE('',#6710,#6712,#4992,.T.);
#14986=EDGE_CURVE('',#6708,#6712,#4984,.T.);
#14998=EDGE_CURVE('',#6712,#6691,#4996,.T.);
#15001=EDGE_CURVE('',#6692,#6708,#5008,.T.);
#15011=EDGE_CURVE('',#6710,#6703,#4988,.T.);
#15025=EDGE_CURVE('',#6704,#6706,#5004,.T.);
#15049=EDGE_CURVE('',#6730,#6724,#5012,.T.);
#15051=EDGE_CURVE('',#6730,#6732,#5016,.T.);
#15053=EDGE_CURVE('',#6732,#6720,#5020,.T.);
#15065=EDGE_CURVE('',#6723,#6734,#5024,.T.);
#15067=EDGE_CURVE('',#6730,#6734,#5048,.T.);
#15080=EDGE_CURVE('',#6719,#6736,#5028,.T.);
#15082=EDGE_CURVE('',#6734,#6736,#5040,.T.);
#15094=EDGE_CURVE('',#6732,#6736,#5032,.T.);
#15106=EDGE_CURVE('',#6736,#6715,#5044,.T.);
#15109=EDGE_CURVE('',#6716,#6732,#5056,.T.);
#15119=EDGE_CURVE('',#6734,#6727,#5036,.T.);
#15133=EDGE_CURVE('',#6728,#6730,#5052,.T.);
#15157=EDGE_CURVE('',#6754,#6748,#5060,.T.);
#15159=EDGE_CURVE('',#6754,#6756,#5064,.T.);
#15161=EDGE_CURVE('',#6756,#6744,#5068,.T.);
#15173=EDGE_CURVE('',#6747,#6758,#5072,.T.);
#15175=EDGE_CURVE('',#6754,#6758,#5096,.T.);
#15188=EDGE_CURVE('',#6743,#6760,#5076,.T.);
#15190=EDGE_CURVE('',#6758,#6760,#5088,.T.);
#15202=EDGE_CURVE('',#6756,#6760,#5080,.T.);
#15214=EDGE_CURVE('',#6760,#6739,#5092,.T.);
#15217=EDGE_CURVE('',#6740,#6756,#5104,.T.);
#15227=EDGE_CURVE('',#6758,#6751,#5084,.T.);
#15241=EDGE_CURVE('',#6752,#6754,#5100,.T.);
#15265=EDGE_CURVE('',#6766,#6768,#5108,.T.);
#15267=EDGE_CURVE('',#6772,#6766,#5140,.T.);
#15269=EDGE_CURVE('',#6771,#6772,#5112,.T.);
#15280=EDGE_CURVE('',#6763,#6764,#5120,.T.);
#15282=EDGE_CURVE('',#6766,#6764,#5132,.T.);
#15296=EDGE_CURVE('',#6774,#6776,#5124,.T.);
#15298=EDGE_CURVE('',#6774,#6764,#5128,.T.);
#15309=EDGE_CURVE('',#6774,#6772,#5136,.T.);
#15333=EDGE_CURVE('',#6779,#6780,#5144,.T.);
#15336=EDGE_CURVE('',#6790,#6792,#5148,.T.);
#15338=EDGE_CURVE('',#6790,#6780,#5152,.T.);
#15349=EDGE_CURVE('',#6782,#6780,#5156,.T.);
#15351=EDGE_CURVE('',#6782,#6784,#5168,.T.);
#15364=EDGE_CURVE('',#6790,#6788,#5160,.T.);
#15366=EDGE_CURVE('',#6788,#6782,#5164,.T.);
#15376=EDGE_CURVE('',#6787,#6788,#5172,.T.);
#15401=EDGE_CURVE('',#5282,#5276,#5180,.T.);
#15404=EDGE_CURVE('',#5284,#5272,#5188,.T.);
#15416=EDGE_CURVE('',#5275,#5286,#5192,.T.);
#15430=EDGE_CURVE('',#5271,#5288,#5196,.T.);
#15443=EDGE_CURVE('',#5284,#5288,#5200,.T.);
#15471=CIRCLE('',#15470,2.E-2);
#15472=TRIMMED_CURVE('',#15471,(PARAMETER_VALUE(0.E0)),(PARAMETER_VALUE(1.8E2)),
.T.,.UNSPECIFIED.);
#15473=COMPOSITE_CURVE_SEGMENT(.CONTINUOUS.,.T.,#15472);
#15478=CIRCLE('',#15477,2.E-2);
#15479=TRIMMED_CURVE('',#15478,(PARAMETER_VALUE(0.E0)),(PARAMETER_VALUE(1.8E2)),
.T.,.UNSPECIFIED.);
#15480=COMPOSITE_CURVE_SEGMENT(.CONTINUOUS.,.T.,#15479);
#15481=COMPOSITE_CURVE('',(#15473,#15480),.F.);
#15487=CIRCLE('',#15486,2.E-2);
#15488=TRIMMED_CURVE('',#15487,(PARAMETER_VALUE(0.E0)),(PARAMETER_VALUE(1.8E2)),
.T.,.UNSPECIFIED.);
#15489=COMPOSITE_CURVE_SEGMENT(.CONTINUOUS.,.T.,#15488);
#15494=CIRCLE('',#15493,2.E-2);
#15495=TRIMMED_CURVE('',#15494,(PARAMETER_VALUE(0.E0)),(PARAMETER_VALUE(1.8E2)),
.T.,.UNSPECIFIED.);
#15496=COMPOSITE_CURVE_SEGMENT(.CONTINUOUS.,.T.,#15495);
#15497=COMPOSITE_CURVE('',(#15489,#15496),.F.);
#15502=CIRCLE('',#15501,2.E-2);
#15503=TRIMMED_CURVE('',#15502,(PARAMETER_VALUE(0.E0)),(PARAMETER_VALUE(1.8E2)),
.T.,.UNSPECIFIED.);
#15504=COMPOSITE_CURVE_SEGMENT(.CONTINUOUS.,.T.,#15503);
#15509=CIRCLE('',#15508,2.E-2);
#15510=TRIMMED_CURVE('',#15509,(PARAMETER_VALUE(0.E0)),(PARAMETER_VALUE(1.8E2)),
.T.,.UNSPECIFIED.);
#15511=COMPOSITE_CURVE_SEGMENT(.CONTINUOUS.,.T.,#15510);
#15512=COMPOSITE_CURVE('',(#15504,#15511),.F.);
#15517=CIRCLE('',#15516,2.E-2);
#15518=TRIMMED_CURVE('',#15517,(PARAMETER_VALUE(0.E0)),(PARAMETER_VALUE(1.8E2)),
.T.,.UNSPECIFIED.);
#15519=COMPOSITE_CURVE_SEGMENT(.CONTINUOUS.,.T.,#15518);
#15524=CIRCLE('',#15523,2.E-2);
#15525=TRIMMED_CURVE('',#15524,(PARAMETER_VALUE(0.E0)),(PARAMETER_VALUE(1.8E2)),
.T.,.UNSPECIFIED.);
#15526=COMPOSITE_CURVE_SEGMENT(.CONTINUOUS.,.T.,#15525);
#15527=COMPOSITE_CURVE('',(#15519,#15526),.F.);
#15532=CIRCLE('',#15531,2.E-2);
#15533=TRIMMED_CURVE('',#15532,(PARAMETER_VALUE(0.E0)),(PARAMETER_VALUE(1.8E2)),
.T.,.UNSPECIFIED.);
#15534=COMPOSITE_CURVE_SEGMENT(.CONTINUOUS.,.T.,#15533);
#15539=CIRCLE('',#15538,2.E-2);
#15540=TRIMMED_CURVE('',#15539,(PARAMETER_VALUE(0.E0)),(PARAMETER_VALUE(1.8E2)),
.T.,.UNSPECIFIED.);
#15541=COMPOSITE_CURVE_SEGMENT(.CONTINUOUS.,.T.,#15540);
#15542=COMPOSITE_CURVE('',(#15534,#15541),.F.);
#15547=CIRCLE('',#15546,2.E-2);
#15548=TRIMMED_CURVE('',#15547,(PARAMETER_VALUE(0.E0)),(PARAMETER_VALUE(1.8E2)),
.T.,.UNSPECIFIED.);
#15549=COMPOSITE_CURVE_SEGMENT(.CONTINUOUS.,.T.,#15548);
#15554=CIRCLE('',#15553,2.E-2);
#15555=TRIMMED_CURVE('',#15554,(PARAMETER_VALUE(0.E0)),(PARAMETER_VALUE(1.8E2)),
.T.,.UNSPECIFIED.);
#15556=COMPOSITE_CURVE_SEGMENT(.CONTINUOUS.,.T.,#15555);
#15557=COMPOSITE_CURVE('',(#15549,#15556),.F.);
#15562=CIRCLE('',#15561,2.E-2);
#15563=TRIMMED_CURVE('',#15562,(PARAMETER_VALUE(0.E0)),(PARAMETER_VALUE(1.8E2)),
.T.,.UNSPECIFIED.);
#15564=COMPOSITE_CURVE_SEGMENT(.CONTINUOUS.,.T.,#15563);
#15569=CIRCLE('',#15568,2.E-2);
#15570=TRIMMED_CURVE('',#15569,(PARAMETER_VALUE(0.E0)),(PARAMETER_VALUE(1.8E2)),
.T.,.UNSPECIFIED.);
#15571=COMPOSITE_CURVE_SEGMENT(.CONTINUOUS.,.T.,#15570);
#15572=COMPOSITE_CURVE('',(#15564,#15571),.F.);
#15577=CIRCLE('',#15576,2.E-2);
#15578=TRIMMED_CURVE('',#15577,(PARAMETER_VALUE(0.E0)),(PARAMETER_VALUE(1.8E2)),
.T.,.UNSPECIFIED.);
#15579=COMPOSITE_CURVE_SEGMENT(.CONTINUOUS.,.T.,#15578);
#15584=CIRCLE('',#15583,2.E-2);
#15585=TRIMMED_CURVE('',#15584,(PARAMETER_VALUE(0.E0)),(PARAMETER_VALUE(1.8E2)),
.T.,.UNSPECIFIED.);
#15586=COMPOSITE_CURVE_SEGMENT(.CONTINUOUS.,.T.,#15585);
#15587=COMPOSITE_CURVE('',(#15579,#15586),.F.);
#15592=CIRCLE('',#15591,2.E-2);
#15593=TRIMMED_CURVE('',#15592,(PARAMETER_VALUE(0.E0)),(PARAMETER_VALUE(1.8E2)),
.T.,.UNSPECIFIED.);
#15594=COMPOSITE_CURVE_SEGMENT(.CONTINUOUS.,.T.,#15593);
#15599=CIRCLE('',#15598,2.E-2);
#15600=TRIMMED_CURVE('',#15599,(PARAMETER_VALUE(0.E0)),(PARAMETER_VALUE(1.8E2)),
.T.,.UNSPECIFIED.);
#15601=COMPOSITE_CURVE_SEGMENT(.CONTINUOUS.,.T.,#15600);
#15602=COMPOSITE_CURVE('',(#15594,#15601),.F.);
#15607=CIRCLE('',#15606,2.E-2);
#15608=TRIMMED_CURVE('',#15607,(PARAMETER_VALUE(0.E0)),(PARAMETER_VALUE(1.8E2)),
.T.,.UNSPECIFIED.);
#15609=COMPOSITE_CURVE_SEGMENT(.CONTINUOUS.,.T.,#15608);
#15614=CIRCLE('',#15613,2.E-2);
#15615=TRIMMED_CURVE('',#15614,(PARAMETER_VALUE(0.E0)),(PARAMETER_VALUE(1.8E2)),
.T.,.UNSPECIFIED.);
#15616=COMPOSITE_CURVE_SEGMENT(.CONTINUOUS.,.T.,#15615);
#15617=COMPOSITE_CURVE('',(#15609,#15616),.F.);
#15622=CIRCLE('',#15621,2.E-2);
#15623=TRIMMED_CURVE('',#15622,(PARAMETER_VALUE(0.E0)),(PARAMETER_VALUE(1.8E2)),
.T.,.UNSPECIFIED.);
#15624=COMPOSITE_CURVE_SEGMENT(.CONTINUOUS.,.T.,#15623);
#15629=CIRCLE('',#15628,2.E-2);
#15630=TRIMMED_CURVE('',#15629,(PARAMETER_VALUE(0.E0)),(PARAMETER_VALUE(1.8E2)),
.T.,.UNSPECIFIED.);
#15631=COMPOSITE_CURVE_SEGMENT(.CONTINUOUS.,.T.,#15630);
#15632=COMPOSITE_CURVE('',(#15624,#15631),.F.);
#15637=CIRCLE('',#15636,2.E-2);
#15638=TRIMMED_CURVE('',#15637,(PARAMETER_VALUE(0.E0)),(PARAMETER_VALUE(1.8E2)),
.T.,.UNSPECIFIED.);
#15639=COMPOSITE_CURVE_SEGMENT(.CONTINUOUS.,.T.,#15638);
#15644=CIRCLE('',#15643,2.E-2);
#15645=TRIMMED_CURVE('',#15644,(PARAMETER_VALUE(0.E0)),(PARAMETER_VALUE(1.8E2)),
.T.,.UNSPECIFIED.);
#15646=COMPOSITE_CURVE_SEGMENT(.CONTINUOUS.,.T.,#15645);
#15647=COMPOSITE_CURVE('',(#15639,#15646),.F.);
#15652=CIRCLE('',#15651,2.E-2);
#15653=TRIMMED_CURVE('',#15652,(PARAMETER_VALUE(0.E0)),(PARAMETER_VALUE(1.8E2)),
.T.,.UNSPECIFIED.);
#15654=COMPOSITE_CURVE_SEGMENT(.CONTINUOUS.,.T.,#15653);
#15659=CIRCLE('',#15658,2.E-2);
#15660=TRIMMED_CURVE('',#15659,(PARAMETER_VALUE(0.E0)),(PARAMETER_VALUE(1.8E2)),
.T.,.UNSPECIFIED.);
#15661=COMPOSITE_CURVE_SEGMENT(.CONTINUOUS.,.T.,#15660);
#15662=COMPOSITE_CURVE('',(#15654,#15661),.F.);
#15667=CIRCLE('',#15666,2.E-2);
#15668=TRIMMED_CURVE('',#15667,(PARAMETER_VALUE(0.E0)),(PARAMETER_VALUE(1.8E2)),
.T.,.UNSPECIFIED.);
#15669=COMPOSITE_CURVE_SEGMENT(.CONTINUOUS.,.T.,#15668);
#15674=CIRCLE('',#15673,2.E-2);
#15675=TRIMMED_CURVE('',#15674,(PARAMETER_VALUE(0.E0)),(PARAMETER_VALUE(1.8E2)),
.T.,.UNSPECIFIED.);
#15676=COMPOSITE_CURVE_SEGMENT(.CONTINUOUS.,.T.,#15675);
#15677=COMPOSITE_CURVE('',(#15669,#15676),.F.);
#15682=CIRCLE('',#15681,2.E-2);
#15683=TRIMMED_CURVE('',#15682,(PARAMETER_VALUE(0.E0)),(PARAMETER_VALUE(1.8E2)),
.T.,.UNSPECIFIED.);
#15684=COMPOSITE_CURVE_SEGMENT(.CONTINUOUS.,.T.,#15683);
#15689=CIRCLE('',#15688,2.E-2);
#15690=TRIMMED_CURVE('',#15689,(PARAMETER_VALUE(0.E0)),(PARAMETER_VALUE(1.8E2)),
.T.,.UNSPECIFIED.);
#15691=COMPOSITE_CURVE_SEGMENT(.CONTINUOUS.,.T.,#15690);
#15692=COMPOSITE_CURVE('',(#15684,#15691),.F.);
#15697=CIRCLE('',#15696,2.E-2);
#15698=TRIMMED_CURVE('',#15697,(PARAMETER_VALUE(0.E0)),(PARAMETER_VALUE(1.8E2)),
.T.,.UNSPECIFIED.);
#15699=COMPOSITE_CURVE_SEGMENT(.CONTINUOUS.,.T.,#15698);
#15704=CIRCLE('',#15703,2.E-2);
#15705=TRIMMED_CURVE('',#15704,(PARAMETER_VALUE(0.E0)),(PARAMETER_VALUE(1.8E2)),
.T.,.UNSPECIFIED.);
#15706=COMPOSITE_CURVE_SEGMENT(.CONTINUOUS.,.T.,#15705);
#15707=COMPOSITE_CURVE('',(#15699,#15706),.F.);
#15712=CIRCLE('',#15711,2.E-2);
#15713=TRIMMED_CURVE('',#15712,(PARAMETER_VALUE(0.E0)),(PARAMETER_VALUE(1.8E2)),
.T.,.UNSPECIFIED.);
#15714=COMPOSITE_CURVE_SEGMENT(.CONTINUOUS.,.T.,#15713);
#15719=CIRCLE('',#15718,2.E-2);
#15720=TRIMMED_CURVE('',#15719,(PARAMETER_VALUE(0.E0)),(PARAMETER_VALUE(1.8E2)),
.T.,.UNSPECIFIED.);
#15721=COMPOSITE_CURVE_SEGMENT(.CONTINUOUS.,.T.,#15720);
#15722=COMPOSITE_CURVE('',(#15714,#15721),.F.);
#15727=CIRCLE('',#15726,2.E-2);
#15728=TRIMMED_CURVE('',#15727,(PARAMETER_VALUE(0.E0)),(PARAMETER_VALUE(1.8E2)),
.T.,.UNSPECIFIED.);
#15729=COMPOSITE_CURVE_SEGMENT(.CONTINUOUS.,.T.,#15728);
#15734=CIRCLE('',#15733,2.E-2);
#15735=TRIMMED_CURVE('',#15734,(PARAMETER_VALUE(0.E0)),(PARAMETER_VALUE(1.8E2)),
.T.,.UNSPECIFIED.);
#15736=COMPOSITE_CURVE_SEGMENT(.CONTINUOUS.,.T.,#15735);
#15737=COMPOSITE_CURVE('',(#15729,#15736),.F.);
#15742=CIRCLE('',#15741,2.E-2);
#15743=TRIMMED_CURVE('',#15742,(PARAMETER_VALUE(0.E0)),(PARAMETER_VALUE(1.8E2)),
.T.,.UNSPECIFIED.);
#15744=COMPOSITE_CURVE_SEGMENT(.CONTINUOUS.,.T.,#15743);
#15749=CIRCLE('',#15748,2.E-2);
#15750=TRIMMED_CURVE('',#15749,(PARAMETER_VALUE(0.E0)),(PARAMETER_VALUE(1.8E2)),
.T.,.UNSPECIFIED.);
#15751=COMPOSITE_CURVE_SEGMENT(.CONTINUOUS.,.T.,#15750);
#15752=COMPOSITE_CURVE('',(#15744,#15751),.F.);
#15757=CIRCLE('',#15756,2.E-2);
#15758=TRIMMED_CURVE('',#15757,(PARAMETER_VALUE(0.E0)),(PARAMETER_VALUE(1.8E2)),
.T.,.UNSPECIFIED.);
#15759=COMPOSITE_CURVE_SEGMENT(.CONTINUOUS.,.T.,#15758);
#15764=CIRCLE('',#15763,2.E-2);
#15765=TRIMMED_CURVE('',#15764,(PARAMETER_VALUE(0.E0)),(PARAMETER_VALUE(1.8E2)),
.T.,.UNSPECIFIED.);
#15766=COMPOSITE_CURVE_SEGMENT(.CONTINUOUS.,.T.,#15765);
#15767=COMPOSITE_CURVE('',(#15759,#15766),.F.);
#15772=CIRCLE('',#15771,2.E-2);
#15773=TRIMMED_CURVE('',#15772,(PARAMETER_VALUE(0.E0)),(PARAMETER_VALUE(1.8E2)),
.T.,.UNSPECIFIED.);
#15774=COMPOSITE_CURVE_SEGMENT(.CONTINUOUS.,.T.,#15773);
#15779=CIRCLE('',#15778,2.E-2);
#15780=TRIMMED_CURVE('',#15779,(PARAMETER_VALUE(0.E0)),(PARAMETER_VALUE(1.8E2)),
.T.,.UNSPECIFIED.);
#15781=COMPOSITE_CURVE_SEGMENT(.CONTINUOUS.,.T.,#15780);
#15782=COMPOSITE_CURVE('',(#15774,#15781),.F.);
#15787=CIRCLE('',#15786,2.E-2);
#15788=TRIMMED_CURVE('',#15787,(PARAMETER_VALUE(0.E0)),(PARAMETER_VALUE(1.8E2)),
.T.,.UNSPECIFIED.);
#15789=COMPOSITE_CURVE_SEGMENT(.CONTINUOUS.,.T.,#15788);
#15794=CIRCLE('',#15793,2.E-2);
#15795=TRIMMED_CURVE('',#15794,(PARAMETER_VALUE(0.E0)),(PARAMETER_VALUE(1.8E2)),
.T.,.UNSPECIFIED.);
#15796=COMPOSITE_CURVE_SEGMENT(.CONTINUOUS.,.T.,#15795);
#15797=COMPOSITE_CURVE('',(#15789,#15796),.F.);
#15802=CIRCLE('',#15801,2.E-2);
#15803=TRIMMED_CURVE('',#15802,(PARAMETER_VALUE(0.E0)),(PARAMETER_VALUE(1.8E2)),
.T.,.UNSPECIFIED.);
#15804=COMPOSITE_CURVE_SEGMENT(.CONTINUOUS.,.T.,#15803);
#15809=CIRCLE('',#15808,2.E-2);
#15810=TRIMMED_CURVE('',#15809,(PARAMETER_VALUE(0.E0)),(PARAMETER_VALUE(1.8E2)),
.T.,.UNSPECIFIED.);
#15811=COMPOSITE_CURVE_SEGMENT(.CONTINUOUS.,.T.,#15810);
#15812=COMPOSITE_CURVE('',(#15804,#15811),.F.);
#15817=CIRCLE('',#15816,2.E-2);
#15818=TRIMMED_CURVE('',#15817,(PARAMETER_VALUE(0.E0)),(PARAMETER_VALUE(1.8E2)),
.T.,.UNSPECIFIED.);
#15819=COMPOSITE_CURVE_SEGMENT(.CONTINUOUS.,.T.,#15818);
#15824=CIRCLE('',#15823,2.E-2);
#15825=TRIMMED_CURVE('',#15824,(PARAMETER_VALUE(0.E0)),(PARAMETER_VALUE(1.8E2)),
.T.,.UNSPECIFIED.);
#15826=COMPOSITE_CURVE_SEGMENT(.CONTINUOUS.,.T.,#15825);
#15827=COMPOSITE_CURVE('',(#15819,#15826),.F.);
#15832=CIRCLE('',#15831,2.E-2);
#15833=TRIMMED_CURVE('',#15832,(PARAMETER_VALUE(0.E0)),(PARAMETER_VALUE(1.8E2)),
.T.,.UNSPECIFIED.);
#15834=COMPOSITE_CURVE_SEGMENT(.CONTINUOUS.,.T.,#15833);
#15839=CIRCLE('',#15838,2.E-2);
#15840=TRIMMED_CURVE('',#15839,(PARAMETER_VALUE(0.E0)),(PARAMETER_VALUE(1.8E2)),
.T.,.UNSPECIFIED.);
#15841=COMPOSITE_CURVE_SEGMENT(.CONTINUOUS.,.T.,#15840);
#15842=COMPOSITE_CURVE('',(#15834,#15841),.F.);
#15847=CIRCLE('',#15846,2.E-2);
#15848=TRIMMED_CURVE('',#15847,(PARAMETER_VALUE(0.E0)),(PARAMETER_VALUE(1.8E2)),
.T.,.UNSPECIFIED.);
#15849=COMPOSITE_CURVE_SEGMENT(.CONTINUOUS.,.T.,#15848);
#15854=CIRCLE('',#15853,2.E-2);
#15855=TRIMMED_CURVE('',#15854,(PARAMETER_VALUE(0.E0)),(PARAMETER_VALUE(1.8E2)),
.T.,.UNSPECIFIED.);
#15856=COMPOSITE_CURVE_SEGMENT(.CONTINUOUS.,.T.,#15855);
#15857=COMPOSITE_CURVE('',(#15849,#15856),.F.);
#15862=CIRCLE('',#15861,2.E-2);
#15863=TRIMMED_CURVE('',#15862,(PARAMETER_VALUE(0.E0)),(PARAMETER_VALUE(1.8E2)),
.T.,.UNSPECIFIED.);
#15864=COMPOSITE_CURVE_SEGMENT(.CONTINUOUS.,.T.,#15863);
#15869=CIRCLE('',#15868,2.E-2);
#15870=TRIMMED_CURVE('',#15869,(PARAMETER_VALUE(0.E0)),(PARAMETER_VALUE(1.8E2)),
.T.,.UNSPECIFIED.);
#15871=COMPOSITE_CURVE_SEGMENT(.CONTINUOUS.,.T.,#15870);
#15872=COMPOSITE_CURVE('',(#15864,#15871),.F.);
#15877=CIRCLE('',#15876,2.E-2);
#15878=TRIMMED_CURVE('',#15877,(PARAMETER_VALUE(0.E0)),(PARAMETER_VALUE(1.8E2)),
.T.,.UNSPECIFIED.);
#15879=COMPOSITE_CURVE_SEGMENT(.CONTINUOUS.,.T.,#15878);
#15884=CIRCLE('',#15883,2.E-2);
#15885=TRIMMED_CURVE('',#15884,(PARAMETER_VALUE(0.E0)),(PARAMETER_VALUE(1.8E2)),
.T.,.UNSPECIFIED.);
#15886=COMPOSITE_CURVE_SEGMENT(.CONTINUOUS.,.T.,#15885);
#15887=COMPOSITE_CURVE('',(#15879,#15886),.F.);
#15892=CIRCLE('',#15891,2.E-2);
#15893=TRIMMED_CURVE('',#15892,(PARAMETER_VALUE(0.E0)),(PARAMETER_VALUE(1.8E2)),
.T.,.UNSPECIFIED.);
#15894=COMPOSITE_CURVE_SEGMENT(.CONTINUOUS.,.T.,#15893);
#15899=CIRCLE('',#15898,2.E-2);
#15900=TRIMMED_CURVE('',#15899,(PARAMETER_VALUE(0.E0)),(PARAMETER_VALUE(1.8E2)),
.T.,.UNSPECIFIED.);
#15901=COMPOSITE_CURVE_SEGMENT(.CONTINUOUS.,.T.,#15900);
#15902=COMPOSITE_CURVE('',(#15894,#15901),.F.);
#15907=CIRCLE('',#15906,2.E-2);
#15908=TRIMMED_CURVE('',#15907,(PARAMETER_VALUE(0.E0)),(PARAMETER_VALUE(1.8E2)),
.T.,.UNSPECIFIED.);
#15909=COMPOSITE_CURVE_SEGMENT(.CONTINUOUS.,.T.,#15908);
#15914=CIRCLE('',#15913,2.E-2);
#15915=TRIMMED_CURVE('',#15914,(PARAMETER_VALUE(0.E0)),(PARAMETER_VALUE(1.8E2)),
.T.,.UNSPECIFIED.);
#15916=COMPOSITE_CURVE_SEGMENT(.CONTINUOUS.,.T.,#15915);
#15917=COMPOSITE_CURVE('',(#15909,#15916),.F.);
#15922=CIRCLE('',#15921,2.E-2);
#15923=TRIMMED_CURVE('',#15922,(PARAMETER_VALUE(0.E0)),(PARAMETER_VALUE(1.8E2)),
.T.,.UNSPECIFIED.);
#15924=COMPOSITE_CURVE_SEGMENT(.CONTINUOUS.,.T.,#15923);
#15929=CIRCLE('',#15928,2.E-2);
#15930=TRIMMED_CURVE('',#15929,(PARAMETER_VALUE(0.E0)),(PARAMETER_VALUE(1.8E2)),
.T.,.UNSPECIFIED.);
#15931=COMPOSITE_CURVE_SEGMENT(.CONTINUOUS.,.T.,#15930);
#15932=COMPOSITE_CURVE('',(#15924,#15931),.F.);
#15937=CIRCLE('',#15936,2.E-2);
#15938=TRIMMED_CURVE('',#15937,(PARAMETER_VALUE(0.E0)),(PARAMETER_VALUE(1.8E2)),
.T.,.UNSPECIFIED.);
#15939=COMPOSITE_CURVE_SEGMENT(.CONTINUOUS.,.T.,#15938);
#15944=CIRCLE('',#15943,2.E-2);
#15945=TRIMMED_CURVE('',#15944,(PARAMETER_VALUE(0.E0)),(PARAMETER_VALUE(1.8E2)),
.T.,.UNSPECIFIED.);
#15946=COMPOSITE_CURVE_SEGMENT(.CONTINUOUS.,.T.,#15945);
#15947=COMPOSITE_CURVE('',(#15939,#15946),.F.);
#15952=CIRCLE('',#15951,2.E-2);
#15953=TRIMMED_CURVE('',#15952,(PARAMETER_VALUE(0.E0)),(PARAMETER_VALUE(1.8E2)),
.T.,.UNSPECIFIED.);
#15954=COMPOSITE_CURVE_SEGMENT(.CONTINUOUS.,.T.,#15953);
#15959=CIRCLE('',#15958,2.E-2);
#15960=TRIMMED_CURVE('',#15959,(PARAMETER_VALUE(0.E0)),(PARAMETER_VALUE(1.8E2)),
.T.,.UNSPECIFIED.);
#15961=COMPOSITE_CURVE_SEGMENT(.CONTINUOUS.,.T.,#15960);
#15962=COMPOSITE_CURVE('',(#15954,#15961),.F.);
#15967=CIRCLE('',#15966,2.E-2);
#15968=TRIMMED_CURVE('',#15967,(PARAMETER_VALUE(0.E0)),(PARAMETER_VALUE(1.8E2)),
.T.,.UNSPECIFIED.);
#15969=COMPOSITE_CURVE_SEGMENT(.CONTINUOUS.,.T.,#15968);
#15974=CIRCLE('',#15973,2.E-2);
#15975=TRIMMED_CURVE('',#15974,(PARAMETER_VALUE(0.E0)),(PARAMETER_VALUE(1.8E2)),
.T.,.UNSPECIFIED.);
#15976=COMPOSITE_CURVE_SEGMENT(.CONTINUOUS.,.T.,#15975);
#15977=COMPOSITE_CURVE('',(#15969,#15976),.F.);
#15982=CIRCLE('',#15981,2.E-2);
#15983=TRIMMED_CURVE('',#15982,(PARAMETER_VALUE(0.E0)),(PARAMETER_VALUE(1.8E2)),
.T.,.UNSPECIFIED.);
#15984=COMPOSITE_CURVE_SEGMENT(.CONTINUOUS.,.T.,#15983);
#15989=CIRCLE('',#15988,2.E-2);
#15990=TRIMMED_CURVE('',#15989,(PARAMETER_VALUE(0.E0)),(PARAMETER_VALUE(1.8E2)),
.T.,.UNSPECIFIED.);
#15991=COMPOSITE_CURVE_SEGMENT(.CONTINUOUS.,.T.,#15990);
#15992=COMPOSITE_CURVE('',(#15984,#15991),.F.);
#15997=CIRCLE('',#15996,2.E-2);
#15998=TRIMMED_CURVE('',#15997,(PARAMETER_VALUE(0.E0)),(PARAMETER_VALUE(1.8E2)),
.T.,.UNSPECIFIED.);
#15999=COMPOSITE_CURVE_SEGMENT(.CONTINUOUS.,.T.,#15998);
#16004=CIRCLE('',#16003,2.E-2);
#16005=TRIMMED_CURVE('',#16004,(PARAMETER_VALUE(0.E0)),(PARAMETER_VALUE(1.8E2)),
.T.,.UNSPECIFIED.);
#16006=COMPOSITE_CURVE_SEGMENT(.CONTINUOUS.,.T.,#16005);
#16007=COMPOSITE_CURVE('',(#15999,#16006),.F.);
#16009=(LENGTH_UNIT()NAMED_UNIT(*)SI_UNIT(.MILLI.,.METRE.));
#16013=(NAMED_UNIT(*)PLANE_ANGLE_UNIT()SI_UNIT($,.RADIAN.));
#16016=(NAMED_UNIT(*)SI_UNIT($,.STERADIAN.)SOLID_ANGLE_UNIT());
#16019=ADVANCED_BREP_SHAPE_REPRESENTATION('',(#15462),#16018);
#16020=GEOMETRICALLY_BOUNDED_SURFACE_SHAPE_REPRESENTATION('',(#15482),#16018);
#16021=SHAPE_REPRESENTATION('',(#15466),#16018);
#16030=PRODUCT_DEFINITION('design','',#16029,#16026);
#16031=PRODUCT_DEFINITION_SHAPE('','SHAPE FOR 010897362.',#16030);
#16032=SHAPE_DEFINITION_REPRESENTATION(#16031,#16021);
ENDSEC;
END-ISO-10303-21;
