ISO-10303-21;
HEADER;
FILE_DESCRIPTION(('FreeCAD Model'),'2;1');
FILE_NAME('Open CASCADE Shape Model','2025-02-13T11:31:46',(''),(''),
  'Open CASCADE STEP processor 7.8','FreeCAD','Unknown');
FILE_SCHEMA(('AUTOMOTIVE_DESIGN { 1 0 10303 214 1 1 1 1 }'));
ENDSEC;
DATA;
#1 = APPLICATION_PROTOCOL_DEFINITION('international standard',
  'automotive_design',2000,#2);
#2 = APPLICATION_CONTEXT(
  'core data for automotive mechanical design processes');
#3 = SHAPE_DEFINITION_REPRESENTATION(#4,#10);
#4 = PRODUCT_DEFINITION_SHAPE('','',#5);
#5 = PRODUCT_DEFINITION('design','',#6,#9);
#6 = PRODUCT_DEFINITION_FORMATION('','',#7);
#7 = PRODUCT('C_640457','C_640457','',(#8));
#8 = PRODUCT_CONTEXT('',#2,'mechanical');
#9 = PRODUCT_DEFINITION_CONTEXT('part definition',#2,'design');
#10 = SHAPE_REPRESENTATION('',(#11,#15,#19),#23);
#11 = AXIS2_PLACEMENT_3D('',#12,#13,#14);
#12 = CARTESIAN_POINT('',(0.,0.,0.));
#13 = DIRECTION('',(0.,0.,1.));
#14 = DIRECTION('',(1.,0.,-0.));
#15 = AXIS2_PLACEMENT_3D('',#16,#17,#18);
#16 = CARTESIAN_POINT('',(0.,0.,0.));
#17 = DIRECTION('',(0.,0.,1.));
#18 = DIRECTION('',(1.,0.,0.));
#19 = AXIS2_PLACEMENT_3D('',#20,#21,#22);
#20 = CARTESIAN_POINT('',(2.54,0.,0.));
#21 = DIRECTION('',(0.,0.,1.));
#22 = DIRECTION('',(1.,0.,0.));
#23 = ( GEOMETRIC_REPRESENTATION_CONTEXT(3) 
GLOBAL_UNCERTAINTY_ASSIGNED_CONTEXT((#27)) GLOBAL_UNIT_ASSIGNED_CONTEXT(
(#24,#25,#26)) REPRESENTATION_CONTEXT('Context #1',
  '3D Context with UNIT and UNCERTAINTY') );
#24 = ( LENGTH_UNIT() NAMED_UNIT(*) SI_UNIT(.MILLI.,.METRE.) );
#25 = ( NAMED_UNIT(*) PLANE_ANGLE_UNIT() SI_UNIT($,.RADIAN.) );
#26 = ( NAMED_UNIT(*) SI_UNIT($,.STERADIAN.) SOLID_ANGLE_UNIT() );
#27 = UNCERTAINTY_MEASURE_WITH_UNIT(LENGTH_MEASURE(2.E-06),#24,
  'distance_accuracy_value','confusion accuracy');
#28 = PRODUCT_RELATED_PRODUCT_CATEGORY('part',$,(#7));
#29 = SHAPE_DEFINITION_REPRESENTATION(#30,#36);
#30 = PRODUCT_DEFINITION_SHAPE('','',#31);
#31 = PRODUCT_DEFINITION('design','',#32,#35);
#32 = PRODUCT_DEFINITION_FORMATION('','',#33);
#33 = PRODUCT('Array','Array','',(#34));
#34 = PRODUCT_CONTEXT('',#2,'mechanical');
#35 = PRODUCT_DEFINITION_CONTEXT('part definition',#2,'design');
#36 = SHAPE_REPRESENTATION('',(#11,#37,#41,#45),#49);
#37 = AXIS2_PLACEMENT_3D('',#38,#39,#40);
#38 = CARTESIAN_POINT('',(0.,0.,0.));
#39 = DIRECTION('',(0.,0.,1.));
#40 = DIRECTION('',(1.,0.,0.));
#41 = AXIS2_PLACEMENT_3D('',#42,#43,#44);
#42 = CARTESIAN_POINT('',(2.54,0.,0.));
#43 = DIRECTION('',(0.,0.,1.));
#44 = DIRECTION('',(1.,0.,0.));
#45 = AXIS2_PLACEMENT_3D('',#46,#47,#48);
#46 = CARTESIAN_POINT('',(5.08,0.,0.));
#47 = DIRECTION('',(0.,0.,1.));
#48 = DIRECTION('',(1.,0.,0.));
#49 = ( GEOMETRIC_REPRESENTATION_CONTEXT(3) 
GLOBAL_UNCERTAINTY_ASSIGNED_CONTEXT((#53)) GLOBAL_UNIT_ASSIGNED_CONTEXT(
(#50,#51,#52)) REPRESENTATION_CONTEXT('Context #1',
  '3D Context with UNIT and UNCERTAINTY') );
#50 = ( LENGTH_UNIT() NAMED_UNIT(*) SI_UNIT(.MILLI.,.METRE.) );
#51 = ( NAMED_UNIT(*) PLANE_ANGLE_UNIT() SI_UNIT($,.RADIAN.) );
#52 = ( NAMED_UNIT(*) SI_UNIT($,.STERADIAN.) SOLID_ANGLE_UNIT() );
#53 = UNCERTAINTY_MEASURE_WITH_UNIT(LENGTH_MEASURE(1.E-07),#50,
  'distance_accuracy_value','confusion accuracy');
#54 = CONTEXT_DEPENDENT_SHAPE_REPRESENTATION(#55,#57);
#55 = ( REPRESENTATION_RELATIONSHIP('','',#36,#10) 
REPRESENTATION_RELATIONSHIP_WITH_TRANSFORMATION(#56) 
SHAPE_REPRESENTATION_RELATIONSHIP() );
#56 = ITEM_DEFINED_TRANSFORMATION('','',#11,#15);
#57 = PRODUCT_DEFINITION_SHAPE('Placement','Placement of an item',#58);
#58 = NEXT_ASSEMBLY_USAGE_OCCURRENCE('936','Array','',#5,#31,$);
#59 = PRODUCT_RELATED_PRODUCT_CATEGORY('part',$,(#33));
#60 = SHAPE_DEFINITION_REPRESENTATION(#61,#67);
#61 = PRODUCT_DEFINITION_SHAPE('','',#62);
#62 = PRODUCT_DEFINITION('design','',#63,#66);
#63 = PRODUCT_DEFINITION_FORMATION('','',#64);
#64 = PRODUCT('Body001','Body001','',(#65));
#65 = PRODUCT_CONTEXT('',#2,'mechanical');
#66 = PRODUCT_DEFINITION_CONTEXT('part definition',#2,'design');
#67 = ADVANCED_BREP_SHAPE_REPRESENTATION('',(#11,#68),#606);
#68 = MANIFOLD_SOLID_BREP('',#69);
#69 = CLOSED_SHELL('',(#70,#110,#141,#165,#189,#206,#237,#261,#285,#302,
    #335,#360,#385,#402,#433,#457,#481,#498,#529,#553,#577,#594));
#70 = ADVANCED_FACE('',(#71),#105,.T.);
#71 = FACE_BOUND('',#72,.T.);
#72 = EDGE_LOOP('',(#73,#83,#91,#99));
#73 = ORIENTED_EDGE('',*,*,#74,.T.);
#74 = EDGE_CURVE('',#75,#77,#79,.T.);
#75 = VERTEX_POINT('',#76);
#76 = CARTESIAN_POINT('',(0.127,-3.937,-0.127000000003));
#77 = VERTEX_POINT('',#78);
#78 = CARTESIAN_POINT('',(0.127,-3.937,0.126999999997));
#79 = LINE('',#80,#81);
#80 = CARTESIAN_POINT('',(0.127,-3.937,-0.317500000003));
#81 = VECTOR('',#82,1.);
#82 = DIRECTION('',(0.,2.2E-16,1.));
#83 = ORIENTED_EDGE('',*,*,#84,.T.);
#84 = EDGE_CURVE('',#77,#85,#87,.T.);
#85 = VERTEX_POINT('',#86);
#86 = CARTESIAN_POINT('',(-0.127,-3.937,0.126999999997));
#87 = LINE('',#88,#89);
#88 = CARTESIAN_POINT('',(0.3175,-3.937,0.126999999997));
#89 = VECTOR('',#90,1.);
#90 = DIRECTION('',(-1.,-0.,0.));
#91 = ORIENTED_EDGE('',*,*,#92,.T.);
#92 = EDGE_CURVE('',#85,#93,#95,.T.);
#93 = VERTEX_POINT('',#94);
#94 = CARTESIAN_POINT('',(-0.127,-3.937,-0.127000000003));
#95 = LINE('',#96,#97);
#96 = CARTESIAN_POINT('',(-0.127,-3.937,0.317499999997));
#97 = VECTOR('',#98,1.);
#98 = DIRECTION('',(0.,-2.2E-16,-1.));
#99 = ORIENTED_EDGE('',*,*,#100,.T.);
#100 = EDGE_CURVE('',#93,#75,#101,.T.);
#101 = LINE('',#102,#103);
#102 = CARTESIAN_POINT('',(-0.3175,-3.937,-0.127000000003));
#103 = VECTOR('',#104,1.);
#104 = DIRECTION('',(1.,0.,0.));
#105 = PLANE('',#106);
#106 = AXIS2_PLACEMENT_3D('',#107,#108,#109);
#107 = CARTESIAN_POINT('',(1.E-17,-3.937,-2.8714E-12));
#108 = DIRECTION('',(3.5E-16,-1.,1.3E-16));
#109 = DIRECTION('',(1.,3.5E-16,0.));
#110 = ADVANCED_FACE('',(#111),#136,.F.);
#111 = FACE_BOUND('',#112,.F.);
#112 = EDGE_LOOP('',(#113,#121,#122,#130));
#113 = ORIENTED_EDGE('',*,*,#114,.F.);
#114 = EDGE_CURVE('',#75,#115,#117,.T.);
#115 = VERTEX_POINT('',#116);
#116 = CARTESIAN_POINT('',(0.3175,-3.7465,-0.317500000003));
#117 = LINE('',#118,#119);
#118 = CARTESIAN_POINT('',(0.148166666667,-3.915833333333,
    -0.148166666669));
#119 = VECTOR('',#120,1.);
#120 = DIRECTION('',(0.57735026919,0.57735026919,-0.577350269189));
#121 = ORIENTED_EDGE('',*,*,#74,.T.);
#122 = ORIENTED_EDGE('',*,*,#123,.T.);
#123 = EDGE_CURVE('',#77,#124,#126,.T.);
#124 = VERTEX_POINT('',#125);
#125 = CARTESIAN_POINT('',(0.3175,-3.7465,0.317499999997));
#126 = LINE('',#127,#128);
#127 = CARTESIAN_POINT('',(0.148166666667,-3.915833333333,0.148166666664
    ));
#128 = VECTOR('',#129,1.);
#129 = DIRECTION('',(0.577350269189,0.577350269189,0.57735026919));
#130 = ORIENTED_EDGE('',*,*,#131,.F.);
#131 = EDGE_CURVE('',#115,#124,#132,.T.);
#132 = LINE('',#133,#134);
#133 = CARTESIAN_POINT('',(0.3175,-3.7465,-0.317500000003));
#134 = VECTOR('',#135,1.);
#135 = DIRECTION('',(0.,2.2E-16,1.));
#136 = PLANE('',#137);
#137 = AXIS2_PLACEMENT_3D('',#138,#139,#140);
#138 = CARTESIAN_POINT('',(0.22225,-3.84175,-0.317500000003));
#139 = DIRECTION('',(-0.707106781187,0.707106781187,-1.E-16));
#140 = DIRECTION('',(3.928932188135E-17,1.807106781187E-16,1.));
#141 = ADVANCED_FACE('',(#142),#160,.F.);
#142 = FACE_BOUND('',#143,.F.);
#143 = EDGE_LOOP('',(#144,#152,#153,#154));
#144 = ORIENTED_EDGE('',*,*,#145,.F.);
#145 = EDGE_CURVE('',#93,#146,#148,.T.);
#146 = VERTEX_POINT('',#147);
#147 = CARTESIAN_POINT('',(-0.3175,-3.7465,-0.317500000003));
#148 = LINE('',#149,#150);
#149 = CARTESIAN_POINT('',(-0.148166666667,-3.915833333333,
    -0.14816666667));
#150 = VECTOR('',#151,1.);
#151 = DIRECTION('',(-0.57735026919,0.57735026919,-0.577350269189));
#152 = ORIENTED_EDGE('',*,*,#100,.T.);
#153 = ORIENTED_EDGE('',*,*,#114,.T.);
#154 = ORIENTED_EDGE('',*,*,#155,.F.);
#155 = EDGE_CURVE('',#146,#115,#156,.T.);
#156 = LINE('',#157,#158);
#157 = CARTESIAN_POINT('',(-0.3175,-3.7465,-0.317500000003));
#158 = VECTOR('',#159,1.);
#159 = DIRECTION('',(1.,0.,0.));
#160 = PLANE('',#161);
#161 = AXIS2_PLACEMENT_3D('',#162,#163,#164);
#162 = CARTESIAN_POINT('',(-0.3175,-3.84175,-0.222250000003));
#163 = DIRECTION('',(-2.5E-16,0.707106781186,0.707106781187));
#164 = DIRECTION('',(1.,1.767766952966E-16,1.767766952966E-16));
#165 = ADVANCED_FACE('',(#166),#184,.F.);
#166 = FACE_BOUND('',#167,.F.);
#167 = EDGE_LOOP('',(#168,#169,#170,#178));
#168 = ORIENTED_EDGE('',*,*,#123,.F.);
#169 = ORIENTED_EDGE('',*,*,#84,.T.);
#170 = ORIENTED_EDGE('',*,*,#171,.T.);
#171 = EDGE_CURVE('',#85,#172,#174,.T.);
#172 = VERTEX_POINT('',#173);
#173 = CARTESIAN_POINT('',(-0.3175,-3.7465,0.317499999997));
#174 = LINE('',#175,#176);
#175 = CARTESIAN_POINT('',(-0.148166666667,-3.915833333333,
    0.148166666664));
#176 = VECTOR('',#177,1.);
#177 = DIRECTION('',(-0.577350269189,0.577350269189,0.57735026919));
#178 = ORIENTED_EDGE('',*,*,#179,.F.);
#179 = EDGE_CURVE('',#124,#172,#180,.T.);
#180 = LINE('',#181,#182);
#181 = CARTESIAN_POINT('',(0.3175,-3.7465,0.317499999997));
#182 = VECTOR('',#183,1.);
#183 = DIRECTION('',(-1.,-0.,0.));
#184 = PLANE('',#185);
#185 = AXIS2_PLACEMENT_3D('',#186,#187,#188);
#186 = CARTESIAN_POINT('',(0.3175,-3.84175,0.222249999997));
#187 = DIRECTION('',(-2.5E-16,0.707106781187,-0.707106781186));
#188 = DIRECTION('',(-1.,-1.767766952966E-16,1.767766952966E-16));
#189 = ADVANCED_FACE('',(#190),#201,.F.);
#190 = FACE_BOUND('',#191,.F.);
#191 = EDGE_LOOP('',(#192,#193,#194,#195));
#192 = ORIENTED_EDGE('',*,*,#171,.F.);
#193 = ORIENTED_EDGE('',*,*,#92,.T.);
#194 = ORIENTED_EDGE('',*,*,#145,.T.);
#195 = ORIENTED_EDGE('',*,*,#196,.F.);
#196 = EDGE_CURVE('',#172,#146,#197,.T.);
#197 = LINE('',#198,#199);
#198 = CARTESIAN_POINT('',(-0.3175,-3.7465,0.317499999997));
#199 = VECTOR('',#200,1.);
#200 = DIRECTION('',(0.,-2.2E-16,-1.));
#201 = PLANE('',#202);
#202 = AXIS2_PLACEMENT_3D('',#203,#204,#205);
#203 = CARTESIAN_POINT('',(-0.22225,-3.84175,0.317499999997));
#204 = DIRECTION('',(0.707106781187,0.707106781187,-9.E-17));
#205 = DIRECTION('',(5.136038969321E-17,-1.786396103068E-16,-1.));
#206 = ADVANCED_FACE('',(#207),#232,.F.);
#207 = FACE_BOUND('',#208,.F.);
#208 = EDGE_LOOP('',(#209,#217,#218,#226));
#209 = ORIENTED_EDGE('',*,*,#210,.F.);
#210 = EDGE_CURVE('',#115,#211,#213,.T.);
#211 = VERTEX_POINT('',#212);
#212 = CARTESIAN_POINT('',(0.3175,1.778,-0.317499999999));
#213 = LINE('',#214,#215);
#214 = CARTESIAN_POINT('',(0.3175,-3.937,-0.317500000003));
#215 = VECTOR('',#216,1.);
#216 = DIRECTION('',(0.,1.,-2.2E-16));
#217 = ORIENTED_EDGE('',*,*,#131,.T.);
#218 = ORIENTED_EDGE('',*,*,#219,.T.);
#219 = EDGE_CURVE('',#124,#220,#222,.T.);
#220 = VERTEX_POINT('',#221);
#221 = CARTESIAN_POINT('',(0.3175,1.778,0.317500000001));
#222 = LINE('',#223,#224);
#223 = CARTESIAN_POINT('',(0.3175,-3.937,0.317499999997));
#224 = VECTOR('',#225,1.);
#225 = DIRECTION('',(0.,1.,-2.2E-16));
#226 = ORIENTED_EDGE('',*,*,#227,.F.);
#227 = EDGE_CURVE('',#211,#220,#228,.T.);
#228 = LINE('',#229,#230);
#229 = CARTESIAN_POINT('',(0.3175,1.778,-0.317500000003));
#230 = VECTOR('',#231,1.);
#231 = DIRECTION('',(0.,2.2E-16,1.));
#232 = PLANE('',#233);
#233 = AXIS2_PLACEMENT_3D('',#234,#235,#236);
#234 = CARTESIAN_POINT('',(0.3175,-3.937,-0.317500000003));
#235 = DIRECTION('',(-1.,0.,0.));
#236 = DIRECTION('',(0.,2.2E-16,1.));
#237 = ADVANCED_FACE('',(#238),#256,.F.);
#238 = FACE_BOUND('',#239,.F.);
#239 = EDGE_LOOP('',(#240,#248,#249,#250));
#240 = ORIENTED_EDGE('',*,*,#241,.F.);
#241 = EDGE_CURVE('',#146,#242,#244,.T.);
#242 = VERTEX_POINT('',#243);
#243 = CARTESIAN_POINT('',(-0.3175,1.778,-0.317499999999));
#244 = LINE('',#245,#246);
#245 = CARTESIAN_POINT('',(-0.3175,-3.937,-0.317500000003));
#246 = VECTOR('',#247,1.);
#247 = DIRECTION('',(0.,1.,-2.2E-16));
#248 = ORIENTED_EDGE('',*,*,#155,.T.);
#249 = ORIENTED_EDGE('',*,*,#210,.T.);
#250 = ORIENTED_EDGE('',*,*,#251,.F.);
#251 = EDGE_CURVE('',#242,#211,#252,.T.);
#252 = LINE('',#253,#254);
#253 = CARTESIAN_POINT('',(-0.3175,1.778,-0.317499999999));
#254 = VECTOR('',#255,1.);
#255 = DIRECTION('',(1.,0.,0.));
#256 = PLANE('',#257);
#257 = AXIS2_PLACEMENT_3D('',#258,#259,#260);
#258 = CARTESIAN_POINT('',(-0.3175,-3.937,-0.317500000003));
#259 = DIRECTION('',(0.,-7.2935E-13,1.));
#260 = DIRECTION('',(1.,0.,0.));
#261 = ADVANCED_FACE('',(#262),#280,.F.);
#262 = FACE_BOUND('',#263,.F.);
#263 = EDGE_LOOP('',(#264,#265,#266,#274));
#264 = ORIENTED_EDGE('',*,*,#219,.F.);
#265 = ORIENTED_EDGE('',*,*,#179,.T.);
#266 = ORIENTED_EDGE('',*,*,#267,.T.);
#267 = EDGE_CURVE('',#172,#268,#270,.T.);
#268 = VERTEX_POINT('',#269);
#269 = CARTESIAN_POINT('',(-0.3175,1.778,0.317500000001));
#270 = LINE('',#271,#272);
#271 = CARTESIAN_POINT('',(-0.3175,-3.937,0.317499999997));
#272 = VECTOR('',#273,1.);
#273 = DIRECTION('',(0.,1.,7.2935E-13));
#274 = ORIENTED_EDGE('',*,*,#275,.F.);
#275 = EDGE_CURVE('',#220,#268,#276,.T.);
#276 = LINE('',#277,#278);
#277 = CARTESIAN_POINT('',(0.3175,1.778,0.317500000001));
#278 = VECTOR('',#279,1.);
#279 = DIRECTION('',(-1.,0.,0.));
#280 = PLANE('',#281);
#281 = AXIS2_PLACEMENT_3D('',#282,#283,#284);
#282 = CARTESIAN_POINT('',(0.3175,-3.937,0.317499999997));
#283 = DIRECTION('',(0.,7.2935E-13,-1.));
#284 = DIRECTION('',(-1.,0.,0.));
#285 = ADVANCED_FACE('',(#286),#297,.F.);
#286 = FACE_BOUND('',#287,.F.);
#287 = EDGE_LOOP('',(#288,#289,#290,#291));
#288 = ORIENTED_EDGE('',*,*,#267,.F.);
#289 = ORIENTED_EDGE('',*,*,#196,.T.);
#290 = ORIENTED_EDGE('',*,*,#241,.T.);
#291 = ORIENTED_EDGE('',*,*,#292,.F.);
#292 = EDGE_CURVE('',#268,#242,#293,.T.);
#293 = LINE('',#294,#295);
#294 = CARTESIAN_POINT('',(-0.3175,1.778,0.317499999997));
#295 = VECTOR('',#296,1.);
#296 = DIRECTION('',(0.,-2.2E-16,-1.));
#297 = PLANE('',#298);
#298 = AXIS2_PLACEMENT_3D('',#299,#300,#301);
#299 = CARTESIAN_POINT('',(-0.3175,-3.937,0.317499999997));
#300 = DIRECTION('',(1.,0.,0.));
#301 = DIRECTION('',(0.,-2.2E-16,-1.));
#302 = ADVANCED_FACE('',(#303),#330,.T.);
#303 = FACE_BOUND('',#304,.T.);
#304 = EDGE_LOOP('',(#305,#314,#322,#329));
#305 = ORIENTED_EDGE('',*,*,#306,.T.);
#306 = EDGE_CURVE('',#211,#307,#309,.T.);
#307 = VERTEX_POINT('',#308);
#308 = CARTESIAN_POINT('',(0.3175,2.603499999997,-1.142999999996));
#309 = CIRCLE('',#310,0.825499999997);
#310 = AXIS2_PLACEMENT_3D('',#311,#312,#313);
#311 = CARTESIAN_POINT('',(0.3175,1.778,-1.142999999996));
#312 = DIRECTION('',(-1.,0.,0.));
#313 = DIRECTION('',(0.,1.,1.905E-14));
#314 = ORIENTED_EDGE('',*,*,#315,.T.);
#315 = EDGE_CURVE('',#307,#316,#318,.T.);
#316 = VERTEX_POINT('',#317);
#317 = CARTESIAN_POINT('',(0.3175,3.238499999997,-1.142999999996));
#318 = LINE('',#319,#320);
#319 = CARTESIAN_POINT('',(0.3175,2.603499999997,-1.142999999996));
#320 = VECTOR('',#321,1.);
#321 = DIRECTION('',(0.,1.,-9.786E-14));
#322 = ORIENTED_EDGE('',*,*,#323,.F.);
#323 = EDGE_CURVE('',#220,#316,#324,.T.);
#324 = CIRCLE('',#325,1.460499999997);
#325 = AXIS2_PLACEMENT_3D('',#326,#327,#328);
#326 = CARTESIAN_POINT('',(0.3175,1.778,-1.142999999996));
#327 = DIRECTION('',(-1.,0.,-0.));
#328 = DIRECTION('',(0.,1.,-1.057E-14));
#329 = ORIENTED_EDGE('',*,*,#227,.F.);
#330 = PLANE('',#331);
#331 = AXIS2_PLACEMENT_3D('',#332,#333,#334);
#332 = CARTESIAN_POINT('',(0.3175,2.586223050894,-0.334776949102));
#333 = DIRECTION('',(1.,0.,0.));
#334 = DIRECTION('',(0.,0.707106781187,-0.707106781187));
#335 = ADVANCED_FACE('',(#336),#355,.F.);
#336 = FACE_BOUND('',#337,.T.);
#337 = EDGE_LOOP('',(#338,#347,#353,#354));
#338 = ORIENTED_EDGE('',*,*,#339,.T.);
#339 = EDGE_CURVE('',#242,#340,#342,.T.);
#340 = VERTEX_POINT('',#341);
#341 = CARTESIAN_POINT('',(-0.3175,2.603499999997,-1.142999999996));
#342 = CIRCLE('',#343,0.825499999997);
#343 = AXIS2_PLACEMENT_3D('',#344,#345,#346);
#344 = CARTESIAN_POINT('',(-0.3175,1.778,-1.142999999996));
#345 = DIRECTION('',(-1.,0.,0.));
#346 = DIRECTION('',(0.,1.,1.878E-14));
#347 = ORIENTED_EDGE('',*,*,#348,.T.);
#348 = EDGE_CURVE('',#340,#307,#349,.T.);
#349 = LINE('',#350,#351);
#350 = CARTESIAN_POINT('',(-0.3175,2.603499999997,-1.142999999996));
#351 = VECTOR('',#352,1.);
#352 = DIRECTION('',(1.,0.,0.));
#353 = ORIENTED_EDGE('',*,*,#306,.F.);
#354 = ORIENTED_EDGE('',*,*,#251,.F.);
#355 = CYLINDRICAL_SURFACE('',#356,0.825499999997);
#356 = AXIS2_PLACEMENT_3D('',#357,#358,#359);
#357 = CARTESIAN_POINT('',(-0.3175,1.778,-1.142999999996));
#358 = DIRECTION('',(1.,0.,0.));
#359 = DIRECTION('',(0.,1.,1.905E-14));
#360 = ADVANCED_FACE('',(#361),#380,.T.);
#361 = FACE_BOUND('',#362,.T.);
#362 = EDGE_LOOP('',(#363,#364,#372,#379));
#363 = ORIENTED_EDGE('',*,*,#323,.T.);
#364 = ORIENTED_EDGE('',*,*,#365,.T.);
#365 = EDGE_CURVE('',#316,#366,#368,.T.);
#366 = VERTEX_POINT('',#367);
#367 = CARTESIAN_POINT('',(-0.3175,3.238499999997,-1.142999999996));
#368 = LINE('',#369,#370);
#369 = CARTESIAN_POINT('',(0.3175,3.238499999997,-1.142999999996));
#370 = VECTOR('',#371,1.);
#371 = DIRECTION('',(-1.,0.,0.));
#372 = ORIENTED_EDGE('',*,*,#373,.F.);
#373 = EDGE_CURVE('',#268,#366,#374,.T.);
#374 = CIRCLE('',#375,1.460499999997);
#375 = AXIS2_PLACEMENT_3D('',#376,#377,#378);
#376 = CARTESIAN_POINT('',(-0.3175,1.778,-1.142999999996));
#377 = DIRECTION('',(-1.,0.,-0.));
#378 = DIRECTION('',(0.,1.,-1.072E-14));
#379 = ORIENTED_EDGE('',*,*,#275,.F.);
#380 = CYLINDRICAL_SURFACE('',#381,1.460499999997);
#381 = AXIS2_PLACEMENT_3D('',#382,#383,#384);
#382 = CARTESIAN_POINT('',(0.3175,1.778,-1.142999999996));
#383 = DIRECTION('',(-1.,0.,0.));
#384 = DIRECTION('',(0.,1.,-1.072E-14));
#385 = ADVANCED_FACE('',(#386),#397,.T.);
#386 = FACE_BOUND('',#387,.T.);
#387 = EDGE_LOOP('',(#388,#389,#395,#396));
#388 = ORIENTED_EDGE('',*,*,#373,.T.);
#389 = ORIENTED_EDGE('',*,*,#390,.T.);
#390 = EDGE_CURVE('',#366,#340,#391,.T.);
#391 = LINE('',#392,#393);
#392 = CARTESIAN_POINT('',(-0.3175,3.238499999997,-1.142999999996));
#393 = VECTOR('',#394,1.);
#394 = DIRECTION('',(0.,-1.,9.786E-14));
#395 = ORIENTED_EDGE('',*,*,#339,.F.);
#396 = ORIENTED_EDGE('',*,*,#292,.F.);
#397 = PLANE('',#398);
#398 = AXIS2_PLACEMENT_3D('',#399,#400,#401);
#399 = CARTESIAN_POINT('',(-0.3175,2.586223050894,-0.334776949102));
#400 = DIRECTION('',(-1.,0.,0.));
#401 = DIRECTION('',(0.,0.707106781187,-0.707106781187));
#402 = ADVANCED_FACE('',(#403),#428,.F.);
#403 = FACE_BOUND('',#404,.F.);
#404 = EDGE_LOOP('',(#405,#413,#414,#422));
#405 = ORIENTED_EDGE('',*,*,#406,.F.);
#406 = EDGE_CURVE('',#307,#407,#409,.T.);
#407 = VERTEX_POINT('',#408);
#408 = CARTESIAN_POINT('',(0.3175,2.603499999996,-10.2997));
#409 = LINE('',#410,#411);
#410 = CARTESIAN_POINT('',(0.3175,2.603499999997,-1.142999999996));
#411 = VECTOR('',#412,1.);
#412 = DIRECTION('',(0.,-9.786E-14,-1.));
#413 = ORIENTED_EDGE('',*,*,#315,.T.);
#414 = ORIENTED_EDGE('',*,*,#415,.T.);
#415 = EDGE_CURVE('',#316,#416,#418,.T.);
#416 = VERTEX_POINT('',#417);
#417 = CARTESIAN_POINT('',(0.3175,3.238499999996,-10.2997));
#418 = LINE('',#419,#420);
#419 = CARTESIAN_POINT('',(0.3175,3.238499999997,-1.142999999996));
#420 = VECTOR('',#421,1.);
#421 = DIRECTION('',(0.,-9.786E-14,-1.));
#422 = ORIENTED_EDGE('',*,*,#423,.F.);
#423 = EDGE_CURVE('',#407,#416,#424,.T.);
#424 = LINE('',#425,#426);
#425 = CARTESIAN_POINT('',(0.3175,2.603499999997,-10.2997));
#426 = VECTOR('',#427,1.);
#427 = DIRECTION('',(0.,1.,-9.786E-14));
#428 = PLANE('',#429);
#429 = AXIS2_PLACEMENT_3D('',#430,#431,#432);
#430 = CARTESIAN_POINT('',(0.3175,2.603499999997,-1.142999999996));
#431 = DIRECTION('',(-1.,0.,0.));
#432 = DIRECTION('',(0.,1.,-9.786E-14));
#433 = ADVANCED_FACE('',(#434),#452,.F.);
#434 = FACE_BOUND('',#435,.F.);
#435 = EDGE_LOOP('',(#436,#444,#445,#446));
#436 = ORIENTED_EDGE('',*,*,#437,.F.);
#437 = EDGE_CURVE('',#340,#438,#440,.T.);
#438 = VERTEX_POINT('',#439);
#439 = CARTESIAN_POINT('',(-0.3175,2.603499999996,-10.2997));
#440 = LINE('',#441,#442);
#441 = CARTESIAN_POINT('',(-0.3175,2.603499999997,-1.142999999996));
#442 = VECTOR('',#443,1.);
#443 = DIRECTION('',(0.,-9.786E-14,-1.));
#444 = ORIENTED_EDGE('',*,*,#348,.T.);
#445 = ORIENTED_EDGE('',*,*,#406,.T.);
#446 = ORIENTED_EDGE('',*,*,#447,.F.);
#447 = EDGE_CURVE('',#438,#407,#448,.T.);
#448 = LINE('',#449,#450);
#449 = CARTESIAN_POINT('',(-0.3175,2.603499999997,-10.2997));
#450 = VECTOR('',#451,1.);
#451 = DIRECTION('',(1.,0.,0.));
#452 = PLANE('',#453);
#453 = AXIS2_PLACEMENT_3D('',#454,#455,#456);
#454 = CARTESIAN_POINT('',(-0.3175,2.603499999997,-1.142999999996));
#455 = DIRECTION('',(0.,1.,-2.2E-16));
#456 = DIRECTION('',(1.,0.,0.));
#457 = ADVANCED_FACE('',(#458),#476,.F.);
#458 = FACE_BOUND('',#459,.F.);
#459 = EDGE_LOOP('',(#460,#461,#462,#470));
#460 = ORIENTED_EDGE('',*,*,#415,.F.);
#461 = ORIENTED_EDGE('',*,*,#365,.T.);
#462 = ORIENTED_EDGE('',*,*,#463,.T.);
#463 = EDGE_CURVE('',#366,#464,#466,.T.);
#464 = VERTEX_POINT('',#465);
#465 = CARTESIAN_POINT('',(-0.3175,3.238499999997,-10.2997));
#466 = LINE('',#467,#468);
#467 = CARTESIAN_POINT('',(-0.3175,3.238499999997,-1.142999999996));
#468 = VECTOR('',#469,1.);
#469 = DIRECTION('',(0.,-2.2E-16,-1.));
#470 = ORIENTED_EDGE('',*,*,#471,.F.);
#471 = EDGE_CURVE('',#416,#464,#472,.T.);
#472 = LINE('',#473,#474);
#473 = CARTESIAN_POINT('',(0.3175,3.238499999997,-10.2997));
#474 = VECTOR('',#475,1.);
#475 = DIRECTION('',(-1.,-0.,0.));
#476 = PLANE('',#477);
#477 = AXIS2_PLACEMENT_3D('',#478,#479,#480);
#478 = CARTESIAN_POINT('',(0.3175,3.238499999997,-1.142999999996));
#479 = DIRECTION('',(0.,-1.,2.2E-16));
#480 = DIRECTION('',(-1.,0.,0.));
#481 = ADVANCED_FACE('',(#482),#493,.F.);
#482 = FACE_BOUND('',#483,.F.);
#483 = EDGE_LOOP('',(#484,#485,#486,#487));
#484 = ORIENTED_EDGE('',*,*,#463,.F.);
#485 = ORIENTED_EDGE('',*,*,#390,.T.);
#486 = ORIENTED_EDGE('',*,*,#437,.T.);
#487 = ORIENTED_EDGE('',*,*,#488,.F.);
#488 = EDGE_CURVE('',#464,#438,#489,.T.);
#489 = LINE('',#490,#491);
#490 = CARTESIAN_POINT('',(-0.3175,3.238499999997,-10.2997));
#491 = VECTOR('',#492,1.);
#492 = DIRECTION('',(0.,-1.,9.786E-14));
#493 = PLANE('',#494);
#494 = AXIS2_PLACEMENT_3D('',#495,#496,#497);
#495 = CARTESIAN_POINT('',(-0.3175,3.238499999997,-1.142999999996));
#496 = DIRECTION('',(1.,0.,0.));
#497 = DIRECTION('',(0.,-1.,9.786E-14));
#498 = ADVANCED_FACE('',(#499),#524,.T.);
#499 = FACE_BOUND('',#500,.F.);
#500 = EDGE_LOOP('',(#501,#509,#510,#518));
#501 = ORIENTED_EDGE('',*,*,#502,.F.);
#502 = EDGE_CURVE('',#407,#503,#505,.T.);
#503 = VERTEX_POINT('',#504);
#504 = CARTESIAN_POINT('',(0.127,2.793999999997,-10.4902));
#505 = LINE('',#506,#507);
#506 = CARTESIAN_POINT('',(0.148166666667,2.77283333333,-10.46903333333)
  );
#507 = VECTOR('',#508,1.);
#508 = DIRECTION('',(-0.57735026919,0.57735026919,-0.57735026919));
#509 = ORIENTED_EDGE('',*,*,#423,.T.);
#510 = ORIENTED_EDGE('',*,*,#511,.T.);
#511 = EDGE_CURVE('',#416,#512,#514,.T.);
#512 = VERTEX_POINT('',#513);
#513 = CARTESIAN_POINT('',(0.127,3.047999999997,-10.4902));
#514 = LINE('',#515,#516);
#515 = CARTESIAN_POINT('',(0.148166666667,3.069166666664,-10.46903333333
    ));
#516 = VECTOR('',#517,1.);
#517 = DIRECTION('',(-0.57735026919,-0.57735026919,-0.57735026919));
#518 = ORIENTED_EDGE('',*,*,#519,.F.);
#519 = EDGE_CURVE('',#503,#512,#520,.T.);
#520 = LINE('',#521,#522);
#521 = CARTESIAN_POINT('',(0.127,2.603499999997,-10.4902));
#522 = VECTOR('',#523,1.);
#523 = DIRECTION('',(0.,1.,-9.786E-14));
#524 = PLANE('',#525);
#525 = AXIS2_PLACEMENT_3D('',#526,#527,#528);
#526 = CARTESIAN_POINT('',(0.22225,2.603499999997,-10.39495));
#527 = DIRECTION('',(0.707106781187,-7.006E-14,-0.707106781187));
#528 = DIRECTION('',(-6.099010899295E-16,-1.,9.846990108993E-14));
#529 = ADVANCED_FACE('',(#530),#548,.T.);
#530 = FACE_BOUND('',#531,.T.);
#531 = EDGE_LOOP('',(#532,#540,#546,#547));
#532 = ORIENTED_EDGE('',*,*,#533,.F.);
#533 = EDGE_CURVE('',#534,#438,#536,.T.);
#534 = VERTEX_POINT('',#535);
#535 = CARTESIAN_POINT('',(-0.127,2.793999999997,-10.4902));
#536 = LINE('',#537,#538);
#537 = CARTESIAN_POINT('',(-0.148166666667,2.77283333333,-10.46903333333
    ));
#538 = VECTOR('',#539,1.);
#539 = DIRECTION('',(-0.57735026919,-0.57735026919,0.57735026919));
#540 = ORIENTED_EDGE('',*,*,#541,.T.);
#541 = EDGE_CURVE('',#534,#503,#542,.T.);
#542 = LINE('',#543,#544);
#543 = CARTESIAN_POINT('',(-0.3175,2.793999999997,-10.4902));
#544 = VECTOR('',#545,1.);
#545 = DIRECTION('',(1.,0.,0.));
#546 = ORIENTED_EDGE('',*,*,#502,.F.);
#547 = ORIENTED_EDGE('',*,*,#447,.F.);
#548 = PLANE('',#549);
#549 = AXIS2_PLACEMENT_3D('',#550,#551,#552);
#550 = CARTESIAN_POINT('',(-0.3175,2.698749999997,-10.39495));
#551 = DIRECTION('',(1.01E-15,-0.707106781187,-0.707106781187));
#552 = DIRECTION('',(1.,7.141778489984E-16,7.141778489984E-16));
#553 = ADVANCED_FACE('',(#554),#572,.T.);
#554 = FACE_BOUND('',#555,.T.);
#555 = EDGE_LOOP('',(#556,#557,#565,#571));
#556 = ORIENTED_EDGE('',*,*,#511,.T.);
#557 = ORIENTED_EDGE('',*,*,#558,.T.);
#558 = EDGE_CURVE('',#512,#559,#561,.T.);
#559 = VERTEX_POINT('',#560);
#560 = CARTESIAN_POINT('',(-0.127,3.047999999997,-10.4902));
#561 = LINE('',#562,#563);
#562 = CARTESIAN_POINT('',(0.3175,3.047999999997,-10.4902));
#563 = VECTOR('',#564,1.);
#564 = DIRECTION('',(-1.,-0.,0.));
#565 = ORIENTED_EDGE('',*,*,#566,.T.);
#566 = EDGE_CURVE('',#559,#464,#567,.T.);
#567 = LINE('',#568,#569);
#568 = CARTESIAN_POINT('',(-0.148166666667,3.069166666664,
    -10.46903333333));
#569 = VECTOR('',#570,1.);
#570 = DIRECTION('',(-0.57735026919,0.57735026919,0.57735026919));
#571 = ORIENTED_EDGE('',*,*,#471,.F.);
#572 = PLANE('',#573);
#573 = AXIS2_PLACEMENT_3D('',#574,#575,#576);
#574 = CARTESIAN_POINT('',(0.3175,3.143249999997,-10.39495));
#575 = DIRECTION('',(1.E-15,0.707106781187,-0.707106781187));
#576 = DIRECTION('',(-1.,7.071067811865E-16,-7.071067811865E-16));
#577 = ADVANCED_FACE('',(#578),#589,.T.);
#578 = FACE_BOUND('',#579,.T.);
#579 = EDGE_LOOP('',(#580,#581,#587,#588));
#580 = ORIENTED_EDGE('',*,*,#566,.F.);
#581 = ORIENTED_EDGE('',*,*,#582,.T.);
#582 = EDGE_CURVE('',#559,#534,#583,.T.);
#583 = LINE('',#584,#585);
#584 = CARTESIAN_POINT('',(-0.127,3.238499999997,-10.4902));
#585 = VECTOR('',#586,1.);
#586 = DIRECTION('',(0.,-1.,9.786E-14));
#587 = ORIENTED_EDGE('',*,*,#533,.T.);
#588 = ORIENTED_EDGE('',*,*,#488,.F.);
#589 = PLANE('',#590);
#590 = AXIS2_PLACEMENT_3D('',#591,#592,#593);
#591 = CARTESIAN_POINT('',(-0.22225,3.238499999997,-10.39495));
#592 = DIRECTION('',(-0.707106781187,-7.006E-14,-0.707106781187));
#593 = DIRECTION('',(6.099010899295E-16,-1.,9.846990108993E-14));
#594 = ADVANCED_FACE('',(#595),#601,.F.);
#595 = FACE_BOUND('',#596,.F.);
#596 = EDGE_LOOP('',(#597,#598,#599,#600));
#597 = ORIENTED_EDGE('',*,*,#519,.T.);
#598 = ORIENTED_EDGE('',*,*,#558,.T.);
#599 = ORIENTED_EDGE('',*,*,#582,.T.);
#600 = ORIENTED_EDGE('',*,*,#541,.T.);
#601 = PLANE('',#602);
#602 = AXIS2_PLACEMENT_3D('',#603,#604,#605);
#603 = CARTESIAN_POINT('',(1.E-17,2.920999999997,-10.4902));
#604 = DIRECTION('',(-1.4E-15,9.909E-14,1.));
#605 = DIRECTION('',(0.,-1.,9.909E-14));
#606 = ( GEOMETRIC_REPRESENTATION_CONTEXT(3) 
GLOBAL_UNCERTAINTY_ASSIGNED_CONTEXT((#610)) GLOBAL_UNIT_ASSIGNED_CONTEXT
((#607,#608,#609)) REPRESENTATION_CONTEXT('Context #1',
  '3D Context with UNIT and UNCERTAINTY') );
#607 = ( LENGTH_UNIT() NAMED_UNIT(*) SI_UNIT(.MILLI.,.METRE.) );
#608 = ( NAMED_UNIT(*) PLANE_ANGLE_UNIT() SI_UNIT($,.RADIAN.) );
#609 = ( NAMED_UNIT(*) SI_UNIT($,.STERADIAN.) SOLID_ANGLE_UNIT() );
#610 = UNCERTAINTY_MEASURE_WITH_UNIT(LENGTH_MEASURE(1.E-07),#607,
  'distance_accuracy_value','confusion accuracy');
#611 = CONTEXT_DEPENDENT_SHAPE_REPRESENTATION(#612,#614);
#612 = ( REPRESENTATION_RELATIONSHIP('','',#67,#36) 
REPRESENTATION_RELATIONSHIP_WITH_TRANSFORMATION(#613) 
SHAPE_REPRESENTATION_RELATIONSHIP() );
#613 = ITEM_DEFINED_TRANSFORMATION('','',#11,#37);
#614 = PRODUCT_DEFINITION_SHAPE('Placement','Placement of an item',#615
  );
#615 = NEXT_ASSEMBLY_USAGE_OCCURRENCE('933','0','',#31,#62,$);
#616 = PRODUCT_RELATED_PRODUCT_CATEGORY('part',$,(#64));
#617 = CONTEXT_DEPENDENT_SHAPE_REPRESENTATION(#618,#620);
#618 = ( REPRESENTATION_RELATIONSHIP('','',#67,#36) 
REPRESENTATION_RELATIONSHIP_WITH_TRANSFORMATION(#619) 
SHAPE_REPRESENTATION_RELATIONSHIP() );
#619 = ITEM_DEFINED_TRANSFORMATION('','',#11,#41);
#620 = PRODUCT_DEFINITION_SHAPE('Placement','Placement of an item',#621
  );
#621 = NEXT_ASSEMBLY_USAGE_OCCURRENCE('934','1','',#31,#62,$);
#622 = CONTEXT_DEPENDENT_SHAPE_REPRESENTATION(#623,#625);
#623 = ( REPRESENTATION_RELATIONSHIP('','',#67,#36) 
REPRESENTATION_RELATIONSHIP_WITH_TRANSFORMATION(#624) 
SHAPE_REPRESENTATION_RELATIONSHIP() );
#624 = ITEM_DEFINED_TRANSFORMATION('','',#11,#45);
#625 = PRODUCT_DEFINITION_SHAPE('Placement','Placement of an item',#626
  );
#626 = NEXT_ASSEMBLY_USAGE_OCCURRENCE('935','2','',#31,#62,$);
#627 = SHAPE_DEFINITION_REPRESENTATION(#628,#634);
#628 = PRODUCT_DEFINITION_SHAPE('','',#629);
#629 = PRODUCT_DEFINITION('design','',#630,#633);
#630 = PRODUCT_DEFINITION_FORMATION('','',#631);
#631 = PRODUCT('Body','Body','',(#632));
#632 = PRODUCT_CONTEXT('',#2,'mechanical');
#633 = PRODUCT_DEFINITION_CONTEXT('part definition',#2,'design');
#634 = ADVANCED_BREP_SHAPE_REPRESENTATION('',(#11,#635),#2216);
#635 = MANIFOLD_SOLID_BREP('',#636);
#636 = CLOSED_SHELL('',(#637,#677,#942,#975,#1008,#1041,#1065,#1089,
    #1113,#1137,#1161,#1227,#1251,#1275,#1334,#1365,#1389,#1413,#1430,
    #1461,#1485,#1509,#1526,#1557,#1581,#1605,#1622,#1653,#1677,#1701,
    #1718,#1749,#1773,#1797,#1814,#1831,#1886,#1903,#1920,#1969,#1993,
    #2019,#2036,#2086,#2111,#2153,#2170,#2187,#2204));
#637 = ADVANCED_FACE('',(#638),#672,.T.);
#638 = FACE_BOUND('',#639,.T.);
#639 = EDGE_LOOP('',(#640,#650,#658,#666));
#640 = ORIENTED_EDGE('',*,*,#641,.T.);
#641 = EDGE_CURVE('',#642,#644,#646,.T.);
#642 = VERTEX_POINT('',#643);
#643 = CARTESIAN_POINT('',(-3.81,2.572941859569E-15,-2.985));
#644 = VERTEX_POINT('',#645);
#645 = CARTESIAN_POINT('',(3.81,-5.886957588075E-15,-2.985));
#646 = LINE('',#647,#648);
#647 = CARTESIAN_POINT('',(-3.81,8.608114221431E-15,-2.985));
#648 = VECTOR('',#649,1.);
#649 = DIRECTION('',(1.,-1.998401444325E-15,-3.330669073875E-16));
#650 = ORIENTED_EDGE('',*,*,#651,.T.);
#651 = EDGE_CURVE('',#644,#652,#654,.T.);
#652 = VERTEX_POINT('',#653);
#653 = CARTESIAN_POINT('',(3.81,-4.688471832992E-15,-0.826));
#654 = LINE('',#655,#656);
#655 = CARTESIAN_POINT('',(3.81,-2.572941859569E-15,-2.985));
#656 = VECTOR('',#657,1.);
#657 = DIRECTION('',(-2.775557561563E-15,-5.551115123126E-16,1.));
#658 = ORIENTED_EDGE('',*,*,#659,.F.);
#659 = EDGE_CURVE('',#660,#652,#662,.T.);
#660 = VERTEX_POINT('',#661);
#661 = CARTESIAN_POINT('',(-3.81,3.771427614652E-15,-0.826));
#662 = LINE('',#663,#664);
#663 = CARTESIAN_POINT('',(-3.81,7.889022768381E-15,-0.826));
#664 = VECTOR('',#665,1.);
#665 = DIRECTION('',(1.,-1.998401444325E-15,-3.330669073875E-16));
#666 = ORIENTED_EDGE('',*,*,#667,.F.);
#667 = EDGE_CURVE('',#642,#660,#668,.T.);
#668 = LINE('',#669,#670);
#669 = CARTESIAN_POINT('',(-3.81,5.886957588075E-15,-2.985));
#670 = VECTOR('',#671,1.);
#671 = DIRECTION('',(-2.775557561563E-15,-5.551115123126E-16,1.));
#672 = PLANE('',#673);
#673 = AXIS2_PLACEMENT_3D('',#674,#675,#676);
#674 = CARTESIAN_POINT('',(-3.81,8.608114221431E-15,-2.985));
#675 = DIRECTION('',(6.661338147751E-16,-1.,2.331468351713E-15));
#676 = DIRECTION('',(-2.553512956638E-15,-3.330669073875E-16,1.));
#677 = ADVANCED_FACE('',(#678,#767,#801,#835,#869,#903),#937,.F.);
#678 = FACE_BOUND('',#679,.F.);
#679 = EDGE_LOOP('',(#680,#688,#689,#697,#705,#713,#721,#729,#737,#745,
    #753,#761));
#680 = ORIENTED_EDGE('',*,*,#681,.F.);
#681 = EDGE_CURVE('',#642,#682,#684,.T.);
#682 = VERTEX_POINT('',#683);
#683 = CARTESIAN_POINT('',(-3.81,1.905,-2.985));
#684 = LINE('',#685,#686);
#685 = CARTESIAN_POINT('',(-3.81,5.886957588075E-15,-2.985));
#686 = VECTOR('',#687,1.);
#687 = DIRECTION('',(-1.110223024625E-15,1.,-2.775557561563E-15));
#688 = ORIENTED_EDGE('',*,*,#641,.T.);
#689 = ORIENTED_EDGE('',*,*,#690,.T.);
#690 = EDGE_CURVE('',#644,#691,#693,.T.);
#691 = VERTEX_POINT('',#692);
#692 = CARTESIAN_POINT('',(3.81,1.905,-2.985));
#693 = LINE('',#694,#695);
#694 = CARTESIAN_POINT('',(3.81,-2.572941859569E-15,-2.985));
#695 = VECTOR('',#696,1.);
#696 = DIRECTION('',(-1.110223024625E-15,1.,-2.775557561563E-15));
#697 = ORIENTED_EDGE('',*,*,#698,.F.);
#698 = EDGE_CURVE('',#699,#691,#701,.T.);
#699 = VERTEX_POINT('',#700);
#700 = CARTESIAN_POINT('',(3.556,1.905,-2.985));
#701 = LINE('',#702,#703);
#702 = CARTESIAN_POINT('',(3.556,1.905,-2.985));
#703 = VECTOR('',#704,1.);
#704 = DIRECTION('',(1.,-1.110223024625E-15,-2.22044604925E-16));
#705 = ORIENTED_EDGE('',*,*,#706,.F.);
#706 = EDGE_CURVE('',#707,#699,#709,.T.);
#707 = VERTEX_POINT('',#708);
#708 = CARTESIAN_POINT('',(3.556,3.937,-2.985));
#709 = LINE('',#710,#711);
#710 = CARTESIAN_POINT('',(3.556,3.937,-2.985));
#711 = VECTOR('',#712,1.);
#712 = DIRECTION('',(2.22044604925E-16,-1.,1.110223024625E-15));
#713 = ORIENTED_EDGE('',*,*,#714,.F.);
#714 = EDGE_CURVE('',#715,#707,#717,.T.);
#715 = VERTEX_POINT('',#716);
#716 = CARTESIAN_POINT('',(3.81,3.937,-2.985));
#717 = LINE('',#718,#719);
#718 = CARTESIAN_POINT('',(4.064,3.937,-2.985));
#719 = VECTOR('',#720,1.);
#720 = DIRECTION('',(-1.,1.110223024625E-15,2.22044604925E-16));
#721 = ORIENTED_EDGE('',*,*,#722,.T.);
#722 = EDGE_CURVE('',#715,#723,#725,.T.);
#723 = VERTEX_POINT('',#724);
#724 = CARTESIAN_POINT('',(3.81,4.191,-2.985));
#725 = LINE('',#726,#727);
#726 = CARTESIAN_POINT('',(3.81,-2.572941859569E-15,-2.985));
#727 = VECTOR('',#728,1.);
#728 = DIRECTION('',(-1.110223024625E-15,1.,-2.775557561563E-15));
#729 = ORIENTED_EDGE('',*,*,#730,.F.);
#730 = EDGE_CURVE('',#731,#723,#733,.T.);
#731 = VERTEX_POINT('',#732);
#732 = CARTESIAN_POINT('',(-3.81,4.191,-2.985));
#733 = LINE('',#734,#735);
#734 = CARTESIAN_POINT('',(-3.81,4.191,-2.985));
#735 = VECTOR('',#736,1.);
#736 = DIRECTION('',(1.,-1.998401444325E-15,-3.330669073875E-16));
#737 = ORIENTED_EDGE('',*,*,#738,.F.);
#738 = EDGE_CURVE('',#739,#731,#741,.T.);
#739 = VERTEX_POINT('',#740);
#740 = CARTESIAN_POINT('',(-3.81,3.937,-2.985));
#741 = LINE('',#742,#743);
#742 = CARTESIAN_POINT('',(-3.81,5.886957588075E-15,-2.985));
#743 = VECTOR('',#744,1.);
#744 = DIRECTION('',(-1.110223024625E-15,1.,-2.775557561563E-15));
#745 = ORIENTED_EDGE('',*,*,#746,.F.);
#746 = EDGE_CURVE('',#747,#739,#749,.T.);
#747 = VERTEX_POINT('',#748);
#748 = CARTESIAN_POINT('',(-3.556,3.937,-2.985));
#749 = LINE('',#750,#751);
#750 = CARTESIAN_POINT('',(-3.556,3.937,-2.985));
#751 = VECTOR('',#752,1.);
#752 = DIRECTION('',(-1.,1.221245327088E-15,7.771561172376E-16));
#753 = ORIENTED_EDGE('',*,*,#754,.F.);
#754 = EDGE_CURVE('',#755,#747,#757,.T.);
#755 = VERTEX_POINT('',#756);
#756 = CARTESIAN_POINT('',(-3.556,1.905,-2.985));
#757 = LINE('',#758,#759);
#758 = CARTESIAN_POINT('',(-3.556,1.905,-2.985));
#759 = VECTOR('',#760,1.);
#760 = DIRECTION('',(-7.771561172376E-16,1.,-1.33226762955E-15));
#761 = ORIENTED_EDGE('',*,*,#762,.F.);
#762 = EDGE_CURVE('',#682,#755,#763,.T.);
#763 = LINE('',#764,#765);
#764 = CARTESIAN_POINT('',(-4.064,1.905,-2.985));
#765 = VECTOR('',#766,1.);
#766 = DIRECTION('',(1.,-1.221245327088E-15,-7.771561172376E-16));
#767 = FACE_BOUND('',#768,.F.);
#768 = EDGE_LOOP('',(#769,#779,#787,#795));
#769 = ORIENTED_EDGE('',*,*,#770,.F.);
#770 = EDGE_CURVE('',#771,#773,#775,.T.);
#771 = VERTEX_POINT('',#772);
#772 = CARTESIAN_POINT('',(1.016,3.937,-2.985));
#773 = VERTEX_POINT('',#774);
#774 = CARTESIAN_POINT('',(1.016,1.905,-2.985));
#775 = LINE('',#776,#777);
#776 = CARTESIAN_POINT('',(1.016,3.937,-2.985));
#777 = VECTOR('',#778,1.);
#778 = DIRECTION('',(7.771561172376E-16,-1.,1.33226762955E-15));
#779 = ORIENTED_EDGE('',*,*,#780,.F.);
#780 = EDGE_CURVE('',#781,#771,#783,.T.);
#781 = VERTEX_POINT('',#782);
#782 = CARTESIAN_POINT('',(1.524,3.937,-2.985));
#783 = LINE('',#784,#785);
#784 = CARTESIAN_POINT('',(1.524,3.937,-2.985));
#785 = VECTOR('',#786,1.);
#786 = DIRECTION('',(-1.,1.221245327088E-15,7.771561172376E-16));
#787 = ORIENTED_EDGE('',*,*,#788,.F.);
#788 = EDGE_CURVE('',#789,#781,#791,.T.);
#789 = VERTEX_POINT('',#790);
#790 = CARTESIAN_POINT('',(1.524,1.905,-2.985));
#791 = LINE('',#792,#793);
#792 = CARTESIAN_POINT('',(1.524,1.905,-2.985));
#793 = VECTOR('',#794,1.);
#794 = DIRECTION('',(-7.771561172376E-16,1.,-1.33226762955E-15));
#795 = ORIENTED_EDGE('',*,*,#796,.F.);
#796 = EDGE_CURVE('',#773,#789,#797,.T.);
#797 = LINE('',#798,#799);
#798 = CARTESIAN_POINT('',(1.016,1.905,-2.985));
#799 = VECTOR('',#800,1.);
#800 = DIRECTION('',(1.,-1.221245327088E-15,-7.771561172376E-16));
#801 = FACE_BOUND('',#802,.F.);
#802 = EDGE_LOOP('',(#803,#813,#821,#829));
#803 = ORIENTED_EDGE('',*,*,#804,.T.);
#804 = EDGE_CURVE('',#805,#807,#809,.T.);
#805 = VERTEX_POINT('',#806);
#806 = CARTESIAN_POINT('',(2.8575,2.6035,-2.985));
#807 = VERTEX_POINT('',#808);
#808 = CARTESIAN_POINT('',(2.2225,2.6035,-2.985));
#809 = LINE('',#810,#811);
#810 = CARTESIAN_POINT('',(2.8575,2.6035,-2.985));
#811 = VECTOR('',#812,1.);
#812 = DIRECTION('',(-1.,7.771561172376E-16,-4.440892098501E-16));
#813 = ORIENTED_EDGE('',*,*,#814,.T.);
#814 = EDGE_CURVE('',#807,#815,#817,.T.);
#815 = VERTEX_POINT('',#816);
#816 = CARTESIAN_POINT('',(2.2225,3.2385,-2.985));
#817 = LINE('',#818,#819);
#818 = CARTESIAN_POINT('',(2.2225,2.6035,-2.985));
#819 = VECTOR('',#820,1.);
#820 = DIRECTION('',(-5.551115123126E-16,1.,-7.771561172376E-16));
#821 = ORIENTED_EDGE('',*,*,#822,.T.);
#822 = EDGE_CURVE('',#815,#823,#825,.T.);
#823 = VERTEX_POINT('',#824);
#824 = CARTESIAN_POINT('',(2.8575,3.2385,-2.985));
#825 = LINE('',#826,#827);
#826 = CARTESIAN_POINT('',(2.2225,3.2385,-2.985));
#827 = VECTOR('',#828,1.);
#828 = DIRECTION('',(1.,-7.771561172376E-16,4.440892098501E-16));
#829 = ORIENTED_EDGE('',*,*,#830,.T.);
#830 = EDGE_CURVE('',#823,#805,#831,.T.);
#831 = LINE('',#832,#833);
#832 = CARTESIAN_POINT('',(2.8575,3.2385,-2.985));
#833 = VECTOR('',#834,1.);
#834 = DIRECTION('',(5.551115123126E-16,-1.,7.771561172376E-16));
#835 = FACE_BOUND('',#836,.F.);
#836 = EDGE_LOOP('',(#837,#847,#855,#863));
#837 = ORIENTED_EDGE('',*,*,#838,.T.);
#838 = EDGE_CURVE('',#839,#841,#843,.T.);
#839 = VERTEX_POINT('',#840);
#840 = CARTESIAN_POINT('',(0.3175,2.6035,-2.985));
#841 = VERTEX_POINT('',#842);
#842 = CARTESIAN_POINT('',(-0.3175,2.6035,-2.985));
#843 = LINE('',#844,#845);
#844 = CARTESIAN_POINT('',(0.3175,2.6035,-2.985));
#845 = VECTOR('',#846,1.);
#846 = DIRECTION('',(-1.,7.771561172376E-16,-4.440892098501E-16));
#847 = ORIENTED_EDGE('',*,*,#848,.T.);
#848 = EDGE_CURVE('',#841,#849,#851,.T.);
#849 = VERTEX_POINT('',#850);
#850 = CARTESIAN_POINT('',(-0.3175,3.2385,-2.985));
#851 = LINE('',#852,#853);
#852 = CARTESIAN_POINT('',(-0.3175,2.6035,-2.985));
#853 = VECTOR('',#854,1.);
#854 = DIRECTION('',(-5.551115123126E-16,1.,-7.771561172376E-16));
#855 = ORIENTED_EDGE('',*,*,#856,.T.);
#856 = EDGE_CURVE('',#849,#857,#859,.T.);
#857 = VERTEX_POINT('',#858);
#858 = CARTESIAN_POINT('',(0.3175,3.2385,-2.985));
#859 = LINE('',#860,#861);
#860 = CARTESIAN_POINT('',(-0.3175,3.2385,-2.985));
#861 = VECTOR('',#862,1.);
#862 = DIRECTION('',(1.,-7.771561172376E-16,4.440892098501E-16));
#863 = ORIENTED_EDGE('',*,*,#864,.T.);
#864 = EDGE_CURVE('',#857,#839,#865,.T.);
#865 = LINE('',#866,#867);
#866 = CARTESIAN_POINT('',(0.3175,3.2385,-2.985));
#867 = VECTOR('',#868,1.);
#868 = DIRECTION('',(5.551115123126E-16,-1.,7.771561172376E-16));
#869 = FACE_BOUND('',#870,.F.);
#870 = EDGE_LOOP('',(#871,#881,#889,#897));
#871 = ORIENTED_EDGE('',*,*,#872,.F.);
#872 = EDGE_CURVE('',#873,#875,#877,.T.);
#873 = VERTEX_POINT('',#874);
#874 = CARTESIAN_POINT('',(-1.524,3.937,-2.985));
#875 = VERTEX_POINT('',#876);
#876 = CARTESIAN_POINT('',(-1.524,1.905,-2.985));
#877 = LINE('',#878,#879);
#878 = CARTESIAN_POINT('',(-1.524,3.937,-2.985));
#879 = VECTOR('',#880,1.);
#880 = DIRECTION('',(7.771561172376E-16,-1.,1.33226762955E-15));
#881 = ORIENTED_EDGE('',*,*,#882,.F.);
#882 = EDGE_CURVE('',#883,#873,#885,.T.);
#883 = VERTEX_POINT('',#884);
#884 = CARTESIAN_POINT('',(-1.016,3.937,-2.985));
#885 = LINE('',#886,#887);
#886 = CARTESIAN_POINT('',(-1.016,3.937,-2.985));
#887 = VECTOR('',#888,1.);
#888 = DIRECTION('',(-1.,1.221245327088E-15,7.771561172376E-16));
#889 = ORIENTED_EDGE('',*,*,#890,.F.);
#890 = EDGE_CURVE('',#891,#883,#893,.T.);
#891 = VERTEX_POINT('',#892);
#892 = CARTESIAN_POINT('',(-1.016,1.905,-2.985));
#893 = LINE('',#894,#895);
#894 = CARTESIAN_POINT('',(-1.016,1.905,-2.985));
#895 = VECTOR('',#896,1.);
#896 = DIRECTION('',(-7.771561172376E-16,1.,-1.33226762955E-15));
#897 = ORIENTED_EDGE('',*,*,#898,.F.);
#898 = EDGE_CURVE('',#875,#891,#899,.T.);
#899 = LINE('',#900,#901);
#900 = CARTESIAN_POINT('',(-1.524,1.905,-2.985));
#901 = VECTOR('',#902,1.);
#902 = DIRECTION('',(1.,-1.221245327088E-15,-7.771561172376E-16));
#903 = FACE_BOUND('',#904,.F.);
#904 = EDGE_LOOP('',(#905,#915,#923,#931));
#905 = ORIENTED_EDGE('',*,*,#906,.T.);
#906 = EDGE_CURVE('',#907,#909,#911,.T.);
#907 = VERTEX_POINT('',#908);
#908 = CARTESIAN_POINT('',(-2.2225,2.6035,-2.985));
#909 = VERTEX_POINT('',#910);
#910 = CARTESIAN_POINT('',(-2.8575,2.6035,-2.985));
#911 = LINE('',#912,#913);
#912 = CARTESIAN_POINT('',(-2.2225,2.6035,-2.985));
#913 = VECTOR('',#914,1.);
#914 = DIRECTION('',(-1.,6.661338147751E-16,-9.992007221626E-16));
#915 = ORIENTED_EDGE('',*,*,#916,.T.);
#916 = EDGE_CURVE('',#909,#917,#919,.T.);
#917 = VERTEX_POINT('',#918);
#918 = CARTESIAN_POINT('',(-2.8575,3.2385,-2.985));
#919 = LINE('',#920,#921);
#920 = CARTESIAN_POINT('',(-2.8575,2.6035,-2.985));
#921 = VECTOR('',#922,1.);
#922 = DIRECTION('',(2.218671295934E-31,1.,-5.551115123126E-16));
#923 = ORIENTED_EDGE('',*,*,#924,.T.);
#924 = EDGE_CURVE('',#917,#925,#927,.T.);
#925 = VERTEX_POINT('',#926);
#926 = CARTESIAN_POINT('',(-2.2225,3.2385,-2.985));
#927 = LINE('',#928,#929);
#928 = CARTESIAN_POINT('',(-2.8575,3.2385,-2.985));
#929 = VECTOR('',#930,1.);
#930 = DIRECTION('',(1.,-6.661338147751E-16,9.992007221626E-16));
#931 = ORIENTED_EDGE('',*,*,#932,.T.);
#932 = EDGE_CURVE('',#925,#907,#933,.T.);
#933 = LINE('',#934,#935);
#934 = CARTESIAN_POINT('',(-2.2225,3.2385,-2.985));
#935 = VECTOR('',#936,1.);
#936 = DIRECTION('',(-2.218671295934E-31,-1.,5.551115123126E-16));
#937 = PLANE('',#938);
#938 = AXIS2_PLACEMENT_3D('',#939,#940,#941);
#939 = CARTESIAN_POINT('',(-3.81,8.608114221431E-15,-2.985));
#940 = DIRECTION('',(-2.331468351713E-15,-1.110223024625E-16,1.));
#941 = DIRECTION('',(-8.881784197001E-16,1.,-2.553512956638E-15));
#942 = ADVANCED_FACE('',(#943),#970,.T.);
#943 = FACE_BOUND('',#944,.F.);
#944 = EDGE_LOOP('',(#945,#955,#962,#963));
#945 = ORIENTED_EDGE('',*,*,#946,.T.);
#946 = EDGE_CURVE('',#947,#949,#951,.T.);
#947 = VERTEX_POINT('',#948);
#948 = CARTESIAN_POINT('',(-3.81,0.762,-0.826));
#949 = VERTEX_POINT('',#950);
#950 = CARTESIAN_POINT('',(3.81,0.762,-0.826));
#951 = LINE('',#952,#953);
#952 = CARTESIAN_POINT('',(-3.81,0.762,-0.826));
#953 = VECTOR('',#954,1.);
#954 = DIRECTION('',(1.,-1.998401444325E-15,-3.330669073875E-16));
#955 = ORIENTED_EDGE('',*,*,#956,.T.);
#956 = EDGE_CURVE('',#949,#652,#957,.T.);
#957 = CIRCLE('',#958,0.381);
#958 = AXIS2_PLACEMENT_3D('',#959,#960,#961);
#959 = CARTESIAN_POINT('',(3.81,0.381,-0.826));
#960 = DIRECTION('',(1.,1.110223024625E-15,2.775557561563E-15));
#961 = DIRECTION('',(-1.110223024625E-15,1.,-2.775557561563E-15));
#962 = ORIENTED_EDGE('',*,*,#659,.F.);
#963 = ORIENTED_EDGE('',*,*,#964,.F.);
#964 = EDGE_CURVE('',#947,#660,#965,.T.);
#965 = CIRCLE('',#966,0.381);
#966 = AXIS2_PLACEMENT_3D('',#967,#968,#969);
#967 = CARTESIAN_POINT('',(-3.81,0.381,-0.826));
#968 = DIRECTION('',(1.,1.110223024625E-15,2.775557561563E-15));
#969 = DIRECTION('',(-1.110223024625E-15,1.,-2.775557561563E-15));
#970 = CYLINDRICAL_SURFACE('',#971,0.381);
#971 = AXIS2_PLACEMENT_3D('',#972,#973,#974);
#972 = CARTESIAN_POINT('',(-3.81,0.381,-0.826));
#973 = DIRECTION('',(-1.,1.7763568394E-15,1.110223024625E-16));
#974 = DIRECTION('',(-8.881784197001E-16,1.,-2.553512956638E-15));
#975 = ADVANCED_FACE('',(#976),#1003,.F.);
#976 = FACE_BOUND('',#977,.F.);
#977 = EDGE_LOOP('',(#978,#979,#980,#988,#996,#1002));
#978 = ORIENTED_EDGE('',*,*,#667,.F.);
#979 = ORIENTED_EDGE('',*,*,#681,.T.);
#980 = ORIENTED_EDGE('',*,*,#981,.T.);
#981 = EDGE_CURVE('',#682,#982,#984,.T.);
#982 = VERTEX_POINT('',#983);
#983 = CARTESIAN_POINT('',(-3.81,1.905,-1.207));
#984 = LINE('',#985,#986);
#985 = CARTESIAN_POINT('',(-3.81,1.905,-3.16869347977));
#986 = VECTOR('',#987,1.);
#987 = DIRECTION('',(-9.992007221626E-16,4.067564042546E-31,1.));
#988 = ORIENTED_EDGE('',*,*,#989,.F.);
#989 = EDGE_CURVE('',#990,#982,#992,.T.);
#990 = VERTEX_POINT('',#991);
#991 = CARTESIAN_POINT('',(-3.81,0.762,-1.207));
#992 = LINE('',#993,#994);
#993 = CARTESIAN_POINT('',(-3.81,0.762,-1.207));
#994 = VECTOR('',#995,1.);
#995 = DIRECTION('',(-1.110223024625E-15,1.,-2.775557561563E-15));
#996 = ORIENTED_EDGE('',*,*,#997,.F.);
#997 = EDGE_CURVE('',#947,#990,#998,.T.);
#998 = LINE('',#999,#1000);
#999 = CARTESIAN_POINT('',(-3.81,0.762,-0.826));
#1000 = VECTOR('',#1001,1.);
#1001 = DIRECTION('',(2.775557561563E-15,5.551115123126E-16,-1.));
#1002 = ORIENTED_EDGE('',*,*,#964,.T.);
#1003 = PLANE('',#1004);
#1004 = AXIS2_PLACEMENT_3D('',#1005,#1006,#1007);
#1005 = CARTESIAN_POINT('',(-3.81,3.943549779385,-3.35238695954));
#1006 = DIRECTION('',(1.,-2.22044604925E-15,-5.551115123126E-16));
#1007 = DIRECTION('',(-2.775557561563E-15,-5.551115123126E-16,1.));
#1008 = ADVANCED_FACE('',(#1009),#1036,.T.);
#1009 = FACE_BOUND('',#1010,.T.);
#1010 = EDGE_LOOP('',(#1011,#1012,#1013,#1021,#1029,#1035));
#1011 = ORIENTED_EDGE('',*,*,#651,.F.);
#1012 = ORIENTED_EDGE('',*,*,#690,.T.);
#1013 = ORIENTED_EDGE('',*,*,#1014,.T.);
#1014 = EDGE_CURVE('',#691,#1015,#1017,.T.);
#1015 = VERTEX_POINT('',#1016);
#1016 = CARTESIAN_POINT('',(3.81,1.905,-1.207));
#1017 = LINE('',#1018,#1019);
#1018 = CARTESIAN_POINT('',(3.81,1.905,-3.16869347977));
#1019 = VECTOR('',#1020,1.);
#1020 = DIRECTION('',(-9.992007221626E-16,3.944304526105E-31,1.));
#1021 = ORIENTED_EDGE('',*,*,#1022,.F.);
#1022 = EDGE_CURVE('',#1023,#1015,#1025,.T.);
#1023 = VERTEX_POINT('',#1024);
#1024 = CARTESIAN_POINT('',(3.81,0.762,-1.207));
#1025 = LINE('',#1026,#1027);
#1026 = CARTESIAN_POINT('',(3.81,0.762,-1.207));
#1027 = VECTOR('',#1028,1.);
#1028 = DIRECTION('',(-1.110223024625E-15,1.,-2.775557561563E-15));
#1029 = ORIENTED_EDGE('',*,*,#1030,.F.);
#1030 = EDGE_CURVE('',#949,#1023,#1031,.T.);
#1031 = LINE('',#1032,#1033);
#1032 = CARTESIAN_POINT('',(3.81,0.762,-0.826));
#1033 = VECTOR('',#1034,1.);
#1034 = DIRECTION('',(2.775557561563E-15,5.551115123126E-16,-1.));
#1035 = ORIENTED_EDGE('',*,*,#956,.T.);
#1036 = PLANE('',#1037);
#1037 = AXIS2_PLACEMENT_3D('',#1038,#1039,#1040);
#1038 = CARTESIAN_POINT('',(3.81,3.943549779385,-3.35238695954));
#1039 = DIRECTION('',(1.,-2.22044604925E-15,-5.551115123126E-16));
#1040 = DIRECTION('',(-2.775557561563E-15,-5.551115123126E-16,1.));
#1041 = ADVANCED_FACE('',(#1042),#1060,.T.);
#1042 = FACE_BOUND('',#1043,.T.);
#1043 = EDGE_LOOP('',(#1044,#1045,#1046,#1054));
#1044 = ORIENTED_EDGE('',*,*,#762,.F.);
#1045 = ORIENTED_EDGE('',*,*,#981,.T.);
#1046 = ORIENTED_EDGE('',*,*,#1047,.F.);
#1047 = EDGE_CURVE('',#1048,#982,#1050,.T.);
#1048 = VERTEX_POINT('',#1049);
#1049 = CARTESIAN_POINT('',(-3.556,1.905,-1.207));
#1050 = LINE('',#1051,#1052);
#1051 = CARTESIAN_POINT('',(-3.937,1.905,-1.207));
#1052 = VECTOR('',#1053,1.);
#1053 = DIRECTION('',(-1.,5.551115123126E-16,-9.992007221626E-16));
#1054 = ORIENTED_EDGE('',*,*,#1055,.F.);
#1055 = EDGE_CURVE('',#755,#1048,#1056,.T.);
#1056 = LINE('',#1057,#1058);
#1057 = CARTESIAN_POINT('',(-3.556,1.905,-2.985));
#1058 = VECTOR('',#1059,1.);
#1059 = DIRECTION('',(-9.992007221626E-16,-4.440892098501E-16,1.));
#1060 = PLANE('',#1061);
#1061 = AXIS2_PLACEMENT_3D('',#1062,#1063,#1064);
#1062 = CARTESIAN_POINT('',(-4.064,1.905,-2.985));
#1063 = DIRECTION('',(-3.330669073875E-16,1.,-8.881784197001E-16));
#1064 = DIRECTION('',(1.,-9.992007221626E-16,-5.551115123126E-16));
#1065 = ADVANCED_FACE('',(#1066),#1084,.T.);
#1066 = FACE_BOUND('',#1067,.T.);
#1067 = EDGE_LOOP('',(#1068,#1069,#1070,#1078));
#1068 = ORIENTED_EDGE('',*,*,#754,.F.);
#1069 = ORIENTED_EDGE('',*,*,#1055,.T.);
#1070 = ORIENTED_EDGE('',*,*,#1071,.F.);
#1071 = EDGE_CURVE('',#1072,#1048,#1074,.T.);
#1072 = VERTEX_POINT('',#1073);
#1073 = CARTESIAN_POINT('',(-3.556,3.937,-1.207));
#1074 = LINE('',#1075,#1076);
#1075 = CARTESIAN_POINT('',(-3.556,1.3335,-1.207));
#1076 = VECTOR('',#1077,1.);
#1077 = DIRECTION('',(1.110223024625E-16,-1.,1.221245327088E-15));
#1078 = ORIENTED_EDGE('',*,*,#1079,.F.);
#1079 = EDGE_CURVE('',#747,#1072,#1080,.T.);
#1080 = LINE('',#1081,#1082);
#1081 = CARTESIAN_POINT('',(-3.556,3.937,-2.985));
#1082 = VECTOR('',#1083,1.);
#1083 = DIRECTION('',(-9.992007221626E-16,-4.440892098501E-16,1.));
#1084 = PLANE('',#1085);
#1085 = AXIS2_PLACEMENT_3D('',#1086,#1087,#1088);
#1086 = CARTESIAN_POINT('',(-3.556,1.905,-2.985));
#1087 = DIRECTION('',(-1.,7.771561172376E-16,3.330669073875E-16));
#1088 = DIRECTION('',(-5.551115123126E-16,1.,-1.110223024625E-15));
#1089 = ADVANCED_FACE('',(#1090),#1108,.T.);
#1090 = FACE_BOUND('',#1091,.T.);
#1091 = EDGE_LOOP('',(#1092,#1093,#1101,#1107));
#1092 = ORIENTED_EDGE('',*,*,#698,.F.);
#1093 = ORIENTED_EDGE('',*,*,#1094,.T.);
#1094 = EDGE_CURVE('',#699,#1095,#1097,.T.);
#1095 = VERTEX_POINT('',#1096);
#1096 = CARTESIAN_POINT('',(3.556,1.905,-1.207));
#1097 = LINE('',#1098,#1099);
#1098 = CARTESIAN_POINT('',(3.556,1.905,-2.985));
#1099 = VECTOR('',#1100,1.);
#1100 = DIRECTION('',(-8.881784197001E-16,2.958228394579E-31,1.));
#1101 = ORIENTED_EDGE('',*,*,#1102,.F.);
#1102 = EDGE_CURVE('',#1015,#1095,#1103,.T.);
#1103 = LINE('',#1104,#1105);
#1104 = CARTESIAN_POINT('',(-0.127,1.905,-1.207));
#1105 = VECTOR('',#1106,1.);
#1106 = DIRECTION('',(-1.,8.881784197001E-16,-9.992007221626E-16));
#1107 = ORIENTED_EDGE('',*,*,#1014,.F.);
#1108 = PLANE('',#1109);
#1109 = AXIS2_PLACEMENT_3D('',#1110,#1111,#1112);
#1110 = CARTESIAN_POINT('',(3.556,1.905,-2.985));
#1111 = DIRECTION('',(2.22044604925E-16,1.,-6.661338147751E-16));
#1112 = DIRECTION('',(1.,-8.881784197001E-16,5.546678239835E-31));
#1113 = ADVANCED_FACE('',(#1114),#1132,.T.);
#1114 = FACE_BOUND('',#1115,.T.);
#1115 = EDGE_LOOP('',(#1116,#1117,#1118,#1126));
#1116 = ORIENTED_EDGE('',*,*,#746,.F.);
#1117 = ORIENTED_EDGE('',*,*,#1079,.T.);
#1118 = ORIENTED_EDGE('',*,*,#1119,.F.);
#1119 = EDGE_CURVE('',#1120,#1072,#1122,.T.);
#1120 = VERTEX_POINT('',#1121);
#1121 = CARTESIAN_POINT('',(-3.81,3.937,-1.207));
#1122 = LINE('',#1123,#1124);
#1123 = CARTESIAN_POINT('',(-3.683,3.937,-1.207));
#1124 = VECTOR('',#1125,1.);
#1125 = DIRECTION('',(1.,-5.551115123126E-16,9.992007221626E-16));
#1126 = ORIENTED_EDGE('',*,*,#1127,.T.);
#1127 = EDGE_CURVE('',#1120,#739,#1128,.T.);
#1128 = LINE('',#1129,#1130);
#1129 = CARTESIAN_POINT('',(-3.81,3.937,-3.16869347977));
#1130 = VECTOR('',#1131,1.);
#1131 = DIRECTION('',(9.992007221626E-16,-4.067564042546E-31,-1.));
#1132 = PLANE('',#1133);
#1133 = AXIS2_PLACEMENT_3D('',#1134,#1135,#1136);
#1134 = CARTESIAN_POINT('',(-3.556,3.937,-2.985));
#1135 = DIRECTION('',(3.330669073875E-16,-1.,8.881784197001E-16));
#1136 = DIRECTION('',(-1.,9.992007221626E-16,5.551115123126E-16));
#1137 = ADVANCED_FACE('',(#1138),#1156,.T.);
#1138 = FACE_BOUND('',#1139,.T.);
#1139 = EDGE_LOOP('',(#1140,#1141,#1149,#1155));
#1140 = ORIENTED_EDGE('',*,*,#706,.F.);
#1141 = ORIENTED_EDGE('',*,*,#1142,.T.);
#1142 = EDGE_CURVE('',#707,#1143,#1145,.T.);
#1143 = VERTEX_POINT('',#1144);
#1144 = CARTESIAN_POINT('',(3.556,3.937,-1.207));
#1145 = LINE('',#1146,#1147);
#1146 = CARTESIAN_POINT('',(3.556,3.937,-2.985));
#1147 = VECTOR('',#1148,1.);
#1148 = DIRECTION('',(-8.881784197001E-16,2.958228394579E-31,1.));
#1149 = ORIENTED_EDGE('',*,*,#1150,.F.);
#1150 = EDGE_CURVE('',#1095,#1143,#1151,.T.);
#1151 = LINE('',#1152,#1153);
#1152 = CARTESIAN_POINT('',(3.556,2.3495,-1.207));
#1153 = VECTOR('',#1154,1.);
#1154 = DIRECTION('',(6.656013887802E-31,1.,-1.221245327088E-15));
#1155 = ORIENTED_EDGE('',*,*,#1094,.F.);
#1156 = PLANE('',#1157);
#1157 = AXIS2_PLACEMENT_3D('',#1158,#1159,#1160);
#1158 = CARTESIAN_POINT('',(3.556,3.937,-2.985));
#1159 = DIRECTION('',(1.,-6.661338147751E-16,2.22044604925E-16));
#1160 = DIRECTION('',(-3.451266460342E-31,-1.,8.881784197001E-16));
#1161 = ADVANCED_FACE('',(#1162),#1222,.F.);
#1162 = FACE_BOUND('',#1163,.F.);
#1163 = EDGE_LOOP('',(#1164,#1165,#1166,#1174,#1183,#1191,#1199,#1208,
    #1216));
#1164 = ORIENTED_EDGE('',*,*,#1127,.T.);
#1165 = ORIENTED_EDGE('',*,*,#738,.T.);
#1166 = ORIENTED_EDGE('',*,*,#1167,.F.);
#1167 = EDGE_CURVE('',#1168,#731,#1170,.T.);
#1168 = VERTEX_POINT('',#1169);
#1169 = CARTESIAN_POINT('',(-3.81,4.191,-2.604));
#1170 = LINE('',#1171,#1172);
#1171 = CARTESIAN_POINT('',(-3.81,4.191,-2.604));
#1172 = VECTOR('',#1173,1.);
#1173 = DIRECTION('',(2.775557561563E-15,5.551115123126E-16,-1.));
#1174 = ORIENTED_EDGE('',*,*,#1175,.F.);
#1175 = EDGE_CURVE('',#1176,#1168,#1178,.T.);
#1176 = VERTEX_POINT('',#1177);
#1177 = CARTESIAN_POINT('',(-3.81,5.202653989578,-2.670307305648));
#1178 = CIRCLE('',#1179,0.508);
#1179 = AXIS2_PLACEMENT_3D('',#1180,#1181,#1182);
#1180 = CARTESIAN_POINT('',(-3.81,4.699,-2.604));
#1181 = DIRECTION('',(1.,1.110223024625E-15,2.775557561563E-15));
#1182 = DIRECTION('',(-1.110223024625E-15,1.,-2.775557561563E-15));
#1183 = ORIENTED_EDGE('',*,*,#1184,.F.);
#1184 = EDGE_CURVE('',#1185,#1176,#1187,.T.);
#1185 = VERTEX_POINT('',#1186);
#1186 = CARTESIAN_POINT('',(-3.81,6.096,-2.670307305648));
#1187 = LINE('',#1188,#1189);
#1188 = CARTESIAN_POINT('',(-3.81,6.096,-2.670307305648));
#1189 = VECTOR('',#1190,1.);
#1190 = DIRECTION('',(8.881784197001E-16,-1.,2.22044604925E-15));
#1191 = ORIENTED_EDGE('',*,*,#1192,.F.);
#1192 = EDGE_CURVE('',#1193,#1185,#1195,.T.);
#1193 = VERTEX_POINT('',#1194);
#1194 = CARTESIAN_POINT('',(-3.81,6.096,-0.826));
#1195 = LINE('',#1196,#1197);
#1196 = CARTESIAN_POINT('',(-3.81,6.096,-0.826));
#1197 = VECTOR('',#1198,1.);
#1198 = DIRECTION('',(2.775557561563E-15,5.551115123126E-16,-1.));
#1199 = ORIENTED_EDGE('',*,*,#1200,.T.);
#1200 = EDGE_CURVE('',#1193,#1201,#1203,.T.);
#1201 = VERTEX_POINT('',#1202);
#1202 = CARTESIAN_POINT('',(-3.81,5.334,-0.826));
#1203 = CIRCLE('',#1204,0.381);
#1204 = AXIS2_PLACEMENT_3D('',#1205,#1206,#1207);
#1205 = CARTESIAN_POINT('',(-3.81,5.715,-0.826));
#1206 = DIRECTION('',(1.,1.110223024625E-15,2.775557561563E-15));
#1207 = DIRECTION('',(-1.110223024625E-15,1.,-2.775557561563E-15));
#1208 = ORIENTED_EDGE('',*,*,#1209,.F.);
#1209 = EDGE_CURVE('',#1210,#1201,#1212,.T.);
#1210 = VERTEX_POINT('',#1211);
#1211 = CARTESIAN_POINT('',(-3.81,5.334,-1.207));
#1212 = LINE('',#1213,#1214);
#1213 = CARTESIAN_POINT('',(-3.81,5.334,-1.207));
#1214 = VECTOR('',#1215,1.);
#1215 = DIRECTION('',(-2.775557561563E-15,-5.551115123126E-16,1.));
#1216 = ORIENTED_EDGE('',*,*,#1217,.F.);
#1217 = EDGE_CURVE('',#1120,#1210,#1218,.T.);
#1218 = LINE('',#1219,#1220);
#1219 = CARTESIAN_POINT('',(-3.81,0.762,-1.207));
#1220 = VECTOR('',#1221,1.);
#1221 = DIRECTION('',(-1.110223024625E-15,1.,-2.775557561563E-15));
#1222 = PLANE('',#1223);
#1223 = AXIS2_PLACEMENT_3D('',#1224,#1225,#1226);
#1224 = CARTESIAN_POINT('',(-3.81,3.943549779385,-3.35238695954));
#1225 = DIRECTION('',(1.,-2.22044604925E-15,-5.551115123126E-16));
#1226 = DIRECTION('',(-2.775557561563E-15,-5.551115123126E-16,1.));
#1227 = ADVANCED_FACE('',(#1228),#1246,.T.);
#1228 = FACE_BOUND('',#1229,.T.);
#1229 = EDGE_LOOP('',(#1230,#1231,#1239,#1245));
#1230 = ORIENTED_EDGE('',*,*,#714,.F.);
#1231 = ORIENTED_EDGE('',*,*,#1232,.F.);
#1232 = EDGE_CURVE('',#1233,#715,#1235,.T.);
#1233 = VERTEX_POINT('',#1234);
#1234 = CARTESIAN_POINT('',(3.81,3.937,-1.207));
#1235 = LINE('',#1236,#1237);
#1236 = CARTESIAN_POINT('',(3.81,3.937,-3.16869347977));
#1237 = VECTOR('',#1238,1.);
#1238 = DIRECTION('',(9.992007221626E-16,-3.944304526105E-31,-1.));
#1239 = ORIENTED_EDGE('',*,*,#1240,.F.);
#1240 = EDGE_CURVE('',#1143,#1233,#1241,.T.);
#1241 = LINE('',#1242,#1243);
#1242 = CARTESIAN_POINT('',(0.127,3.937,-1.207));
#1243 = VECTOR('',#1244,1.);
#1244 = DIRECTION('',(1.,-8.881784197001E-16,9.992007221626E-16));
#1245 = ORIENTED_EDGE('',*,*,#1142,.F.);
#1246 = PLANE('',#1247);
#1247 = AXIS2_PLACEMENT_3D('',#1248,#1249,#1250);
#1248 = CARTESIAN_POINT('',(4.064,3.937,-2.985));
#1249 = DIRECTION('',(-2.22044604925E-16,-1.,6.661338147751E-16));
#1250 = DIRECTION('',(-1.,8.881784197001E-16,-5.546678239835E-31));
#1251 = ADVANCED_FACE('',(#1252),#1270,.T.);
#1252 = FACE_BOUND('',#1253,.T.);
#1253 = EDGE_LOOP('',(#1254,#1262,#1268,#1269));
#1254 = ORIENTED_EDGE('',*,*,#1255,.T.);
#1255 = EDGE_CURVE('',#1168,#1256,#1258,.T.);
#1256 = VERTEX_POINT('',#1257);
#1257 = CARTESIAN_POINT('',(3.81,4.191,-2.604));
#1258 = LINE('',#1259,#1260);
#1259 = CARTESIAN_POINT('',(-3.81,4.191,-2.604));
#1260 = VECTOR('',#1261,1.);
#1261 = DIRECTION('',(1.,-1.998401444325E-15,-3.330669073875E-16));
#1262 = ORIENTED_EDGE('',*,*,#1263,.T.);
#1263 = EDGE_CURVE('',#1256,#723,#1264,.T.);
#1264 = LINE('',#1265,#1266);
#1265 = CARTESIAN_POINT('',(3.81,4.191,-2.604));
#1266 = VECTOR('',#1267,1.);
#1267 = DIRECTION('',(2.775557561563E-15,5.551115123126E-16,-1.));
#1268 = ORIENTED_EDGE('',*,*,#730,.F.);
#1269 = ORIENTED_EDGE('',*,*,#1167,.F.);
#1270 = PLANE('',#1271);
#1271 = AXIS2_PLACEMENT_3D('',#1272,#1273,#1274);
#1272 = CARTESIAN_POINT('',(-3.81,4.191,-2.604));
#1273 = DIRECTION('',(-6.661338147751E-16,1.,-2.331468351713E-15));
#1274 = DIRECTION('',(2.553512956638E-15,3.330669073875E-16,-1.));
#1275 = ADVANCED_FACE('',(#1276),#1329,.T.);
#1276 = FACE_BOUND('',#1277,.T.);
#1277 = EDGE_LOOP('',(#1278,#1279,#1280,#1281,#1290,#1298,#1306,#1315,
    #1323));
#1278 = ORIENTED_EDGE('',*,*,#1232,.T.);
#1279 = ORIENTED_EDGE('',*,*,#722,.T.);
#1280 = ORIENTED_EDGE('',*,*,#1263,.F.);
#1281 = ORIENTED_EDGE('',*,*,#1282,.F.);
#1282 = EDGE_CURVE('',#1283,#1256,#1285,.T.);
#1283 = VERTEX_POINT('',#1284);
#1284 = CARTESIAN_POINT('',(3.81,5.202653989578,-2.670307305648));
#1285 = CIRCLE('',#1286,0.508);
#1286 = AXIS2_PLACEMENT_3D('',#1287,#1288,#1289);
#1287 = CARTESIAN_POINT('',(3.81,4.699,-2.604));
#1288 = DIRECTION('',(1.,1.110223024625E-15,2.775557561563E-15));
#1289 = DIRECTION('',(-1.110223024625E-15,1.,-2.775557561563E-15));
#1290 = ORIENTED_EDGE('',*,*,#1291,.F.);
#1291 = EDGE_CURVE('',#1292,#1283,#1294,.T.);
#1292 = VERTEX_POINT('',#1293);
#1293 = CARTESIAN_POINT('',(3.81,6.096,-2.670307305648));
#1294 = LINE('',#1295,#1296);
#1295 = CARTESIAN_POINT('',(3.81,6.096,-2.670307305648));
#1296 = VECTOR('',#1297,1.);
#1297 = DIRECTION('',(6.661338147751E-16,-1.,1.665334536938E-15));
#1298 = ORIENTED_EDGE('',*,*,#1299,.F.);
#1299 = EDGE_CURVE('',#1300,#1292,#1302,.T.);
#1300 = VERTEX_POINT('',#1301);
#1301 = CARTESIAN_POINT('',(3.81,6.096,-0.826));
#1302 = LINE('',#1303,#1304);
#1303 = CARTESIAN_POINT('',(3.81,6.096,-0.826));
#1304 = VECTOR('',#1305,1.);
#1305 = DIRECTION('',(2.775557561563E-15,5.551115123126E-16,-1.));
#1306 = ORIENTED_EDGE('',*,*,#1307,.T.);
#1307 = EDGE_CURVE('',#1300,#1308,#1310,.T.);
#1308 = VERTEX_POINT('',#1309);
#1309 = CARTESIAN_POINT('',(3.81,5.334,-0.826));
#1310 = CIRCLE('',#1311,0.381);
#1311 = AXIS2_PLACEMENT_3D('',#1312,#1313,#1314);
#1312 = CARTESIAN_POINT('',(3.81,5.715,-0.826));
#1313 = DIRECTION('',(1.,1.110223024625E-15,2.775557561563E-15));
#1314 = DIRECTION('',(-1.110223024625E-15,1.,-2.775557561563E-15));
#1315 = ORIENTED_EDGE('',*,*,#1316,.F.);
#1316 = EDGE_CURVE('',#1317,#1308,#1319,.T.);
#1317 = VERTEX_POINT('',#1318);
#1318 = CARTESIAN_POINT('',(3.81,5.334,-1.207));
#1319 = LINE('',#1320,#1321);
#1320 = CARTESIAN_POINT('',(3.81,5.334,-1.207));
#1321 = VECTOR('',#1322,1.);
#1322 = DIRECTION('',(-2.775557561563E-15,-5.551115123126E-16,1.));
#1323 = ORIENTED_EDGE('',*,*,#1324,.F.);
#1324 = EDGE_CURVE('',#1233,#1317,#1325,.T.);
#1325 = LINE('',#1326,#1327);
#1326 = CARTESIAN_POINT('',(3.81,0.762,-1.207));
#1327 = VECTOR('',#1328,1.);
#1328 = DIRECTION('',(-1.110223024625E-15,1.,-2.775557561563E-15));
#1329 = PLANE('',#1330);
#1330 = AXIS2_PLACEMENT_3D('',#1331,#1332,#1333);
#1331 = CARTESIAN_POINT('',(3.81,3.943549779385,-3.35238695954));
#1332 = DIRECTION('',(1.,-2.22044604925E-15,-5.551115123126E-16));
#1333 = DIRECTION('',(-2.775557561563E-15,-5.551115123126E-16,1.));
#1334 = ADVANCED_FACE('',(#1335),#1360,.T.);
#1335 = FACE_BOUND('',#1336,.T.);
#1336 = EDGE_LOOP('',(#1337,#1338,#1346,#1354));
#1337 = ORIENTED_EDGE('',*,*,#770,.F.);
#1338 = ORIENTED_EDGE('',*,*,#1339,.T.);
#1339 = EDGE_CURVE('',#771,#1340,#1342,.T.);
#1340 = VERTEX_POINT('',#1341);
#1341 = CARTESIAN_POINT('',(1.016,3.937,-1.207));
#1342 = LINE('',#1343,#1344);
#1343 = CARTESIAN_POINT('',(1.016,3.937,-2.985));
#1344 = VECTOR('',#1345,1.);
#1345 = DIRECTION('',(-9.992007221626E-16,-4.440892098501E-16,1.));
#1346 = ORIENTED_EDGE('',*,*,#1347,.F.);
#1347 = EDGE_CURVE('',#1348,#1340,#1350,.T.);
#1348 = VERTEX_POINT('',#1349);
#1349 = CARTESIAN_POINT('',(1.016,1.905,-1.207));
#1350 = LINE('',#1351,#1352);
#1351 = CARTESIAN_POINT('',(1.016,2.3495,-1.207));
#1352 = VECTOR('',#1353,1.);
#1353 = DIRECTION('',(-1.110223024625E-16,1.,-1.221245327088E-15));
#1354 = ORIENTED_EDGE('',*,*,#1355,.F.);
#1355 = EDGE_CURVE('',#773,#1348,#1356,.T.);
#1356 = LINE('',#1357,#1358);
#1357 = CARTESIAN_POINT('',(1.016,1.905,-2.985));
#1358 = VECTOR('',#1359,1.);
#1359 = DIRECTION('',(-9.992007221626E-16,-4.440892098501E-16,1.));
#1360 = PLANE('',#1361);
#1361 = AXIS2_PLACEMENT_3D('',#1362,#1363,#1364);
#1362 = CARTESIAN_POINT('',(1.016,3.937,-2.985));
#1363 = DIRECTION('',(1.,-7.771561172376E-16,-3.330669073875E-16));
#1364 = DIRECTION('',(5.551115123126E-16,-1.,1.110223024625E-15));
#1365 = ADVANCED_FACE('',(#1366),#1384,.T.);
#1366 = FACE_BOUND('',#1367,.T.);
#1367 = EDGE_LOOP('',(#1368,#1369,#1377,#1383));
#1368 = ORIENTED_EDGE('',*,*,#780,.F.);
#1369 = ORIENTED_EDGE('',*,*,#1370,.T.);
#1370 = EDGE_CURVE('',#781,#1371,#1373,.T.);
#1371 = VERTEX_POINT('',#1372);
#1372 = CARTESIAN_POINT('',(1.524,3.937,-1.207));
#1373 = LINE('',#1374,#1375);
#1374 = CARTESIAN_POINT('',(1.524,3.937,-2.985));
#1375 = VECTOR('',#1376,1.);
#1376 = DIRECTION('',(-9.992007221626E-16,-4.440892098501E-16,1.));
#1377 = ORIENTED_EDGE('',*,*,#1378,.F.);
#1378 = EDGE_CURVE('',#1340,#1371,#1379,.T.);
#1379 = LINE('',#1380,#1381);
#1380 = CARTESIAN_POINT('',(-1.143,3.937,-1.207));
#1381 = VECTOR('',#1382,1.);
#1382 = DIRECTION('',(1.,-5.551115123126E-16,9.992007221626E-16));
#1383 = ORIENTED_EDGE('',*,*,#1339,.F.);
#1384 = PLANE('',#1385);
#1385 = AXIS2_PLACEMENT_3D('',#1386,#1387,#1388);
#1386 = CARTESIAN_POINT('',(1.524,3.937,-2.985));
#1387 = DIRECTION('',(3.330669073875E-16,-1.,8.881784197001E-16));
#1388 = DIRECTION('',(-1.,9.992007221626E-16,5.551115123126E-16));
#1389 = ADVANCED_FACE('',(#1390),#1408,.T.);
#1390 = FACE_BOUND('',#1391,.T.);
#1391 = EDGE_LOOP('',(#1392,#1393,#1394,#1402));
#1392 = ORIENTED_EDGE('',*,*,#796,.F.);
#1393 = ORIENTED_EDGE('',*,*,#1355,.T.);
#1394 = ORIENTED_EDGE('',*,*,#1395,.F.);
#1395 = EDGE_CURVE('',#1396,#1348,#1398,.T.);
#1396 = VERTEX_POINT('',#1397);
#1397 = CARTESIAN_POINT('',(1.524,1.905,-1.207));
#1398 = LINE('',#1399,#1400);
#1399 = CARTESIAN_POINT('',(-1.397,1.905,-1.207));
#1400 = VECTOR('',#1401,1.);
#1401 = DIRECTION('',(-1.,5.551115123126E-16,-9.992007221626E-16));
#1402 = ORIENTED_EDGE('',*,*,#1403,.F.);
#1403 = EDGE_CURVE('',#789,#1396,#1404,.T.);
#1404 = LINE('',#1405,#1406);
#1405 = CARTESIAN_POINT('',(1.524,1.905,-2.985));
#1406 = VECTOR('',#1407,1.);
#1407 = DIRECTION('',(-9.992007221626E-16,-4.440892098501E-16,1.));
#1408 = PLANE('',#1409);
#1409 = AXIS2_PLACEMENT_3D('',#1410,#1411,#1412);
#1410 = CARTESIAN_POINT('',(1.016,1.905,-2.985));
#1411 = DIRECTION('',(-3.330669073875E-16,1.,-8.881784197001E-16));
#1412 = DIRECTION('',(1.,-9.992007221626E-16,-5.551115123126E-16));
#1413 = ADVANCED_FACE('',(#1414),#1425,.T.);
#1414 = FACE_BOUND('',#1415,.T.);
#1415 = EDGE_LOOP('',(#1416,#1417,#1418,#1424));
#1416 = ORIENTED_EDGE('',*,*,#788,.F.);
#1417 = ORIENTED_EDGE('',*,*,#1403,.T.);
#1418 = ORIENTED_EDGE('',*,*,#1419,.F.);
#1419 = EDGE_CURVE('',#1371,#1396,#1420,.T.);
#1420 = LINE('',#1421,#1422);
#1421 = CARTESIAN_POINT('',(1.524,1.3335,-1.207));
#1422 = VECTOR('',#1423,1.);
#1423 = DIRECTION('',(1.110223024625E-16,-1.,1.221245327088E-15));
#1424 = ORIENTED_EDGE('',*,*,#1370,.F.);
#1425 = PLANE('',#1426);
#1426 = AXIS2_PLACEMENT_3D('',#1427,#1428,#1429);
#1427 = CARTESIAN_POINT('',(1.524,1.905,-2.985));
#1428 = DIRECTION('',(-1.,7.771561172376E-16,3.330669073875E-16));
#1429 = DIRECTION('',(-5.551115123126E-16,1.,-1.110223024625E-15));
#1430 = ADVANCED_FACE('',(#1431),#1456,.F.);
#1431 = FACE_BOUND('',#1432,.F.);
#1432 = EDGE_LOOP('',(#1433,#1434,#1442,#1450));
#1433 = ORIENTED_EDGE('',*,*,#804,.F.);
#1434 = ORIENTED_EDGE('',*,*,#1435,.T.);
#1435 = EDGE_CURVE('',#805,#1436,#1438,.T.);
#1436 = VERTEX_POINT('',#1437);
#1437 = CARTESIAN_POINT('',(2.8575,2.6035,-1.207));
#1438 = LINE('',#1439,#1440);
#1439 = CARTESIAN_POINT('',(2.8575,2.6035,-2.985));
#1440 = VECTOR('',#1441,1.);
#1441 = DIRECTION('',(-1.554312234475E-15,-3.330669073875E-16,1.));
#1442 = ORIENTED_EDGE('',*,*,#1443,.F.);
#1443 = EDGE_CURVE('',#1444,#1436,#1446,.T.);
#1444 = VERTEX_POINT('',#1445);
#1445 = CARTESIAN_POINT('',(2.2225,2.6035,-1.207));
#1446 = LINE('',#1447,#1448);
#1447 = CARTESIAN_POINT('',(-0.47625,2.6035,-1.207));
#1448 = VECTOR('',#1449,1.);
#1449 = DIRECTION('',(1.,-1.110223024625E-16,1.443289932013E-15));
#1450 = ORIENTED_EDGE('',*,*,#1451,.F.);
#1451 = EDGE_CURVE('',#807,#1444,#1452,.T.);
#1452 = LINE('',#1453,#1454);
#1453 = CARTESIAN_POINT('',(2.2225,2.6035,-2.985));
#1454 = VECTOR('',#1455,1.);
#1455 = DIRECTION('',(-1.554312234475E-15,-3.330669073875E-16,1.));
#1456 = PLANE('',#1457);
#1457 = AXIS2_PLACEMENT_3D('',#1458,#1459,#1460);
#1458 = CARTESIAN_POINT('',(2.8575,2.6035,-2.985));
#1459 = DIRECTION('',(1.110223024625E-16,-1.,3.330669073875E-16));
#1460 = DIRECTION('',(-1.,5.551115123126E-16,-6.661338147751E-16));
#1461 = ADVANCED_FACE('',(#1462),#1480,.F.);
#1462 = FACE_BOUND('',#1463,.F.);
#1463 = EDGE_LOOP('',(#1464,#1465,#1473,#1479));
#1464 = ORIENTED_EDGE('',*,*,#830,.F.);
#1465 = ORIENTED_EDGE('',*,*,#1466,.T.);
#1466 = EDGE_CURVE('',#823,#1467,#1469,.T.);
#1467 = VERTEX_POINT('',#1468);
#1468 = CARTESIAN_POINT('',(2.8575,3.2385,-1.207));
#1469 = LINE('',#1470,#1471);
#1470 = CARTESIAN_POINT('',(2.8575,3.2385,-2.985));
#1471 = VECTOR('',#1472,1.);
#1472 = DIRECTION('',(-1.554312234475E-15,-3.330669073875E-16,1.));
#1473 = ORIENTED_EDGE('',*,*,#1474,.F.);
#1474 = EDGE_CURVE('',#1436,#1467,#1475,.T.);
#1475 = LINE('',#1476,#1477);
#1476 = CARTESIAN_POINT('',(2.8575,2.00025,-1.207));
#1477 = VECTOR('',#1478,1.);
#1478 = DIRECTION('',(1.110223024625E-16,1.,-7.771561172376E-16));
#1479 = ORIENTED_EDGE('',*,*,#1435,.F.);
#1480 = PLANE('',#1481);
#1481 = AXIS2_PLACEMENT_3D('',#1482,#1483,#1484);
#1482 = CARTESIAN_POINT('',(2.8575,3.2385,-2.985));
#1483 = DIRECTION('',(1.,-3.330669073875E-16,8.881784197001E-16));
#1484 = DIRECTION('',(3.330669073875E-16,-1.,5.551115123126E-16));
#1485 = ADVANCED_FACE('',(#1486),#1504,.F.);
#1486 = FACE_BOUND('',#1487,.F.);
#1487 = EDGE_LOOP('',(#1488,#1489,#1497,#1503));
#1488 = ORIENTED_EDGE('',*,*,#822,.F.);
#1489 = ORIENTED_EDGE('',*,*,#1490,.T.);
#1490 = EDGE_CURVE('',#815,#1491,#1493,.T.);
#1491 = VERTEX_POINT('',#1492);
#1492 = CARTESIAN_POINT('',(2.2225,3.2385,-1.207));
#1493 = LINE('',#1494,#1495);
#1494 = CARTESIAN_POINT('',(2.2225,3.2385,-2.985));
#1495 = VECTOR('',#1496,1.);
#1496 = DIRECTION('',(-1.554312234475E-15,-3.330669073875E-16,1.));
#1497 = ORIENTED_EDGE('',*,*,#1498,.F.);
#1498 = EDGE_CURVE('',#1467,#1491,#1499,.T.);
#1499 = LINE('',#1500,#1501);
#1500 = CARTESIAN_POINT('',(-0.79375,3.2385,-1.207));
#1501 = VECTOR('',#1502,1.);
#1502 = DIRECTION('',(-1.,1.110223024625E-16,-1.443289932013E-15));
#1503 = ORIENTED_EDGE('',*,*,#1466,.F.);
#1504 = PLANE('',#1505);
#1505 = AXIS2_PLACEMENT_3D('',#1506,#1507,#1508);
#1506 = CARTESIAN_POINT('',(2.2225,3.2385,-2.985));
#1507 = DIRECTION('',(-1.110223024625E-16,1.,-3.330669073875E-16));
#1508 = DIRECTION('',(1.,-5.551115123126E-16,6.661338147751E-16));
#1509 = ADVANCED_FACE('',(#1510),#1521,.F.);
#1510 = FACE_BOUND('',#1511,.F.);
#1511 = EDGE_LOOP('',(#1512,#1513,#1514,#1520));
#1512 = ORIENTED_EDGE('',*,*,#814,.F.);
#1513 = ORIENTED_EDGE('',*,*,#1451,.T.);
#1514 = ORIENTED_EDGE('',*,*,#1515,.F.);
#1515 = EDGE_CURVE('',#1491,#1444,#1516,.T.);
#1516 = LINE('',#1517,#1518);
#1517 = CARTESIAN_POINT('',(2.2225,1.68275,-1.207));
#1518 = VECTOR('',#1519,1.);
#1519 = DIRECTION('',(-1.110223024625E-16,-1.,7.771561172376E-16));
#1520 = ORIENTED_EDGE('',*,*,#1490,.F.);
#1521 = PLANE('',#1522);
#1522 = AXIS2_PLACEMENT_3D('',#1523,#1524,#1525);
#1523 = CARTESIAN_POINT('',(2.2225,2.6035,-2.985));
#1524 = DIRECTION('',(-1.,3.330669073875E-16,-8.881784197001E-16));
#1525 = DIRECTION('',(-3.330669073875E-16,1.,-5.551115123126E-16));
#1526 = ADVANCED_FACE('',(#1527),#1552,.F.);
#1527 = FACE_BOUND('',#1528,.F.);
#1528 = EDGE_LOOP('',(#1529,#1530,#1538,#1546));
#1529 = ORIENTED_EDGE('',*,*,#838,.F.);
#1530 = ORIENTED_EDGE('',*,*,#1531,.T.);
#1531 = EDGE_CURVE('',#839,#1532,#1534,.T.);
#1532 = VERTEX_POINT('',#1533);
#1533 = CARTESIAN_POINT('',(0.3175,2.6035,-1.207));
#1534 = LINE('',#1535,#1536);
#1535 = CARTESIAN_POINT('',(0.3175,2.6035,-2.985));
#1536 = VECTOR('',#1537,1.);
#1537 = DIRECTION('',(-1.554312234475E-15,-3.330669073875E-16,1.));
#1538 = ORIENTED_EDGE('',*,*,#1539,.F.);
#1539 = EDGE_CURVE('',#1540,#1532,#1542,.T.);
#1540 = VERTEX_POINT('',#1541);
#1541 = CARTESIAN_POINT('',(-0.3175,2.6035,-1.207));
#1542 = LINE('',#1543,#1544);
#1543 = CARTESIAN_POINT('',(-1.74625,2.6035,-1.207));
#1544 = VECTOR('',#1545,1.);
#1545 = DIRECTION('',(1.,-1.110223024625E-16,1.443289932013E-15));
#1546 = ORIENTED_EDGE('',*,*,#1547,.F.);
#1547 = EDGE_CURVE('',#841,#1540,#1548,.T.);
#1548 = LINE('',#1549,#1550);
#1549 = CARTESIAN_POINT('',(-0.3175,2.6035,-2.985));
#1550 = VECTOR('',#1551,1.);
#1551 = DIRECTION('',(-1.554312234475E-15,-3.330669073875E-16,1.));
#1552 = PLANE('',#1553);
#1553 = AXIS2_PLACEMENT_3D('',#1554,#1555,#1556);
#1554 = CARTESIAN_POINT('',(0.3175,2.6035,-2.985));
#1555 = DIRECTION('',(1.110223024625E-16,-1.,3.330669073875E-16));
#1556 = DIRECTION('',(-1.,5.551115123126E-16,-6.661338147751E-16));
#1557 = ADVANCED_FACE('',(#1558),#1576,.F.);
#1558 = FACE_BOUND('',#1559,.F.);
#1559 = EDGE_LOOP('',(#1560,#1561,#1569,#1575));
#1560 = ORIENTED_EDGE('',*,*,#864,.F.);
#1561 = ORIENTED_EDGE('',*,*,#1562,.T.);
#1562 = EDGE_CURVE('',#857,#1563,#1565,.T.);
#1563 = VERTEX_POINT('',#1564);
#1564 = CARTESIAN_POINT('',(0.3175,3.2385,-1.207));
#1565 = LINE('',#1566,#1567);
#1566 = CARTESIAN_POINT('',(0.3175,3.2385,-2.985));
#1567 = VECTOR('',#1568,1.);
#1568 = DIRECTION('',(-1.554312234475E-15,-3.330669073875E-16,1.));
#1569 = ORIENTED_EDGE('',*,*,#1570,.F.);
#1570 = EDGE_CURVE('',#1532,#1563,#1571,.T.);
#1571 = LINE('',#1572,#1573);
#1572 = CARTESIAN_POINT('',(0.3175,2.00025,-1.207));
#1573 = VECTOR('',#1574,1.);
#1574 = DIRECTION('',(1.110223024625E-16,1.,-7.771561172376E-16));
#1575 = ORIENTED_EDGE('',*,*,#1531,.F.);
#1576 = PLANE('',#1577);
#1577 = AXIS2_PLACEMENT_3D('',#1578,#1579,#1580);
#1578 = CARTESIAN_POINT('',(0.3175,3.2385,-2.985));
#1579 = DIRECTION('',(1.,-3.330669073875E-16,8.881784197001E-16));
#1580 = DIRECTION('',(3.330669073875E-16,-1.,5.551115123126E-16));
#1581 = ADVANCED_FACE('',(#1582),#1600,.F.);
#1582 = FACE_BOUND('',#1583,.F.);
#1583 = EDGE_LOOP('',(#1584,#1585,#1593,#1599));
#1584 = ORIENTED_EDGE('',*,*,#856,.F.);
#1585 = ORIENTED_EDGE('',*,*,#1586,.T.);
#1586 = EDGE_CURVE('',#849,#1587,#1589,.T.);
#1587 = VERTEX_POINT('',#1588);
#1588 = CARTESIAN_POINT('',(-0.3175,3.2385,-1.207));
#1589 = LINE('',#1590,#1591);
#1590 = CARTESIAN_POINT('',(-0.3175,3.2385,-2.985));
#1591 = VECTOR('',#1592,1.);
#1592 = DIRECTION('',(-1.554312234475E-15,-3.330669073875E-16,1.));
#1593 = ORIENTED_EDGE('',*,*,#1594,.F.);
#1594 = EDGE_CURVE('',#1563,#1587,#1595,.T.);
#1595 = LINE('',#1596,#1597);
#1596 = CARTESIAN_POINT('',(-2.06375,3.2385,-1.207));
#1597 = VECTOR('',#1598,1.);
#1598 = DIRECTION('',(-1.,1.110223024625E-16,-1.443289932013E-15));
#1599 = ORIENTED_EDGE('',*,*,#1562,.F.);
#1600 = PLANE('',#1601);
#1601 = AXIS2_PLACEMENT_3D('',#1602,#1603,#1604);
#1602 = CARTESIAN_POINT('',(-0.3175,3.2385,-2.985));
#1603 = DIRECTION('',(-1.110223024625E-16,1.,-3.330669073875E-16));
#1604 = DIRECTION('',(1.,-5.551115123126E-16,6.661338147751E-16));
#1605 = ADVANCED_FACE('',(#1606),#1617,.F.);
#1606 = FACE_BOUND('',#1607,.F.);
#1607 = EDGE_LOOP('',(#1608,#1609,#1610,#1616));
#1608 = ORIENTED_EDGE('',*,*,#848,.F.);
#1609 = ORIENTED_EDGE('',*,*,#1547,.T.);
#1610 = ORIENTED_EDGE('',*,*,#1611,.F.);
#1611 = EDGE_CURVE('',#1587,#1540,#1612,.T.);
#1612 = LINE('',#1613,#1614);
#1613 = CARTESIAN_POINT('',(-0.3175,1.68275,-1.207));
#1614 = VECTOR('',#1615,1.);
#1615 = DIRECTION('',(-1.110223024625E-16,-1.,7.771561172376E-16));
#1616 = ORIENTED_EDGE('',*,*,#1586,.F.);
#1617 = PLANE('',#1618);
#1618 = AXIS2_PLACEMENT_3D('',#1619,#1620,#1621);
#1619 = CARTESIAN_POINT('',(-0.3175,2.6035,-2.985));
#1620 = DIRECTION('',(-1.,3.330669073875E-16,-8.881784197001E-16));
#1621 = DIRECTION('',(-3.330669073875E-16,1.,-5.551115123126E-16));
#1622 = ADVANCED_FACE('',(#1623),#1648,.T.);
#1623 = FACE_BOUND('',#1624,.T.);
#1624 = EDGE_LOOP('',(#1625,#1626,#1634,#1642));
#1625 = ORIENTED_EDGE('',*,*,#872,.F.);
#1626 = ORIENTED_EDGE('',*,*,#1627,.T.);
#1627 = EDGE_CURVE('',#873,#1628,#1630,.T.);
#1628 = VERTEX_POINT('',#1629);
#1629 = CARTESIAN_POINT('',(-1.524,3.937,-1.207));
#1630 = LINE('',#1631,#1632);
#1631 = CARTESIAN_POINT('',(-1.524,3.937,-2.985));
#1632 = VECTOR('',#1633,1.);
#1633 = DIRECTION('',(-9.992007221626E-16,-4.440892098501E-16,1.));
#1634 = ORIENTED_EDGE('',*,*,#1635,.F.);
#1635 = EDGE_CURVE('',#1636,#1628,#1638,.T.);
#1636 = VERTEX_POINT('',#1637);
#1637 = CARTESIAN_POINT('',(-1.524,1.905,-1.207));
#1638 = LINE('',#1639,#1640);
#1639 = CARTESIAN_POINT('',(-1.524,2.3495,-1.207));
#1640 = VECTOR('',#1641,1.);
#1641 = DIRECTION('',(-1.110223024625E-16,1.,-1.221245327088E-15));
#1642 = ORIENTED_EDGE('',*,*,#1643,.F.);
#1643 = EDGE_CURVE('',#875,#1636,#1644,.T.);
#1644 = LINE('',#1645,#1646);
#1645 = CARTESIAN_POINT('',(-1.524,1.905,-2.985));
#1646 = VECTOR('',#1647,1.);
#1647 = DIRECTION('',(-9.992007221626E-16,-4.440892098501E-16,1.));
#1648 = PLANE('',#1649);
#1649 = AXIS2_PLACEMENT_3D('',#1650,#1651,#1652);
#1650 = CARTESIAN_POINT('',(-1.524,3.937,-2.985));
#1651 = DIRECTION('',(1.,-7.771561172376E-16,-3.330669073875E-16));
#1652 = DIRECTION('',(5.551115123126E-16,-1.,1.110223024625E-15));
#1653 = ADVANCED_FACE('',(#1654),#1672,.T.);
#1654 = FACE_BOUND('',#1655,.T.);
#1655 = EDGE_LOOP('',(#1656,#1657,#1665,#1671));
#1656 = ORIENTED_EDGE('',*,*,#882,.F.);
#1657 = ORIENTED_EDGE('',*,*,#1658,.T.);
#1658 = EDGE_CURVE('',#883,#1659,#1661,.T.);
#1659 = VERTEX_POINT('',#1660);
#1660 = CARTESIAN_POINT('',(-1.016,3.937,-1.207));
#1661 = LINE('',#1662,#1663);
#1662 = CARTESIAN_POINT('',(-1.016,3.937,-2.985));
#1663 = VECTOR('',#1664,1.);
#1664 = DIRECTION('',(-9.992007221626E-16,-4.440892098501E-16,1.));
#1665 = ORIENTED_EDGE('',*,*,#1666,.F.);
#1666 = EDGE_CURVE('',#1628,#1659,#1667,.T.);
#1667 = LINE('',#1668,#1669);
#1668 = CARTESIAN_POINT('',(-2.413,3.937,-1.207));
#1669 = VECTOR('',#1670,1.);
#1670 = DIRECTION('',(1.,-5.551115123126E-16,9.992007221626E-16));
#1671 = ORIENTED_EDGE('',*,*,#1627,.F.);
#1672 = PLANE('',#1673);
#1673 = AXIS2_PLACEMENT_3D('',#1674,#1675,#1676);
#1674 = CARTESIAN_POINT('',(-1.016,3.937,-2.985));
#1675 = DIRECTION('',(3.330669073875E-16,-1.,8.881784197001E-16));
#1676 = DIRECTION('',(-1.,9.992007221626E-16,5.551115123126E-16));
#1677 = ADVANCED_FACE('',(#1678),#1696,.T.);
#1678 = FACE_BOUND('',#1679,.T.);
#1679 = EDGE_LOOP('',(#1680,#1681,#1682,#1690));
#1680 = ORIENTED_EDGE('',*,*,#898,.F.);
#1681 = ORIENTED_EDGE('',*,*,#1643,.T.);
#1682 = ORIENTED_EDGE('',*,*,#1683,.F.);
#1683 = EDGE_CURVE('',#1684,#1636,#1686,.T.);
#1684 = VERTEX_POINT('',#1685);
#1685 = CARTESIAN_POINT('',(-1.016,1.905,-1.207));
#1686 = LINE('',#1687,#1688);
#1687 = CARTESIAN_POINT('',(-2.667,1.905,-1.207));
#1688 = VECTOR('',#1689,1.);
#1689 = DIRECTION('',(-1.,5.551115123126E-16,-9.992007221626E-16));
#1690 = ORIENTED_EDGE('',*,*,#1691,.F.);
#1691 = EDGE_CURVE('',#891,#1684,#1692,.T.);
#1692 = LINE('',#1693,#1694);
#1693 = CARTESIAN_POINT('',(-1.016,1.905,-2.985));
#1694 = VECTOR('',#1695,1.);
#1695 = DIRECTION('',(-9.992007221626E-16,-4.440892098501E-16,1.));
#1696 = PLANE('',#1697);
#1697 = AXIS2_PLACEMENT_3D('',#1698,#1699,#1700);
#1698 = CARTESIAN_POINT('',(-1.524,1.905,-2.985));
#1699 = DIRECTION('',(-3.330669073875E-16,1.,-8.881784197001E-16));
#1700 = DIRECTION('',(1.,-9.992007221626E-16,-5.551115123126E-16));
#1701 = ADVANCED_FACE('',(#1702),#1713,.T.);
#1702 = FACE_BOUND('',#1703,.T.);
#1703 = EDGE_LOOP('',(#1704,#1705,#1706,#1712));
#1704 = ORIENTED_EDGE('',*,*,#890,.F.);
#1705 = ORIENTED_EDGE('',*,*,#1691,.T.);
#1706 = ORIENTED_EDGE('',*,*,#1707,.F.);
#1707 = EDGE_CURVE('',#1659,#1684,#1708,.T.);
#1708 = LINE('',#1709,#1710);
#1709 = CARTESIAN_POINT('',(-1.016,1.3335,-1.207));
#1710 = VECTOR('',#1711,1.);
#1711 = DIRECTION('',(1.110223024625E-16,-1.,1.221245327088E-15));
#1712 = ORIENTED_EDGE('',*,*,#1658,.F.);
#1713 = PLANE('',#1714);
#1714 = AXIS2_PLACEMENT_3D('',#1715,#1716,#1717);
#1715 = CARTESIAN_POINT('',(-1.016,1.905,-2.985));
#1716 = DIRECTION('',(-1.,7.771561172376E-16,3.330669073875E-16));
#1717 = DIRECTION('',(-5.551115123126E-16,1.,-1.110223024625E-15));
#1718 = ADVANCED_FACE('',(#1719),#1744,.F.);
#1719 = FACE_BOUND('',#1720,.F.);
#1720 = EDGE_LOOP('',(#1721,#1722,#1730,#1738));
#1721 = ORIENTED_EDGE('',*,*,#906,.F.);
#1722 = ORIENTED_EDGE('',*,*,#1723,.T.);
#1723 = EDGE_CURVE('',#907,#1724,#1726,.T.);
#1724 = VERTEX_POINT('',#1725);
#1725 = CARTESIAN_POINT('',(-2.2225,2.6035,-1.207));
#1726 = LINE('',#1727,#1728);
#1727 = CARTESIAN_POINT('',(-2.2225,2.6035,-2.985));
#1728 = VECTOR('',#1729,1.);
#1729 = DIRECTION('',(-1.443289932013E-15,1.110223024625E-16,1.));
#1730 = ORIENTED_EDGE('',*,*,#1731,.F.);
#1731 = EDGE_CURVE('',#1732,#1724,#1734,.T.);
#1732 = VERTEX_POINT('',#1733);
#1733 = CARTESIAN_POINT('',(-2.8575,2.6035,-1.207));
#1734 = LINE('',#1735,#1736);
#1735 = CARTESIAN_POINT('',(-3.01625,2.6035,-1.207));
#1736 = VECTOR('',#1737,1.);
#1737 = DIRECTION('',(1.,-4.440892098501E-16,1.443289932013E-15));
#1738 = ORIENTED_EDGE('',*,*,#1739,.F.);
#1739 = EDGE_CURVE('',#909,#1732,#1740,.T.);
#1740 = LINE('',#1741,#1742);
#1741 = CARTESIAN_POINT('',(-2.8575,2.6035,-2.985));
#1742 = VECTOR('',#1743,1.);
#1743 = DIRECTION('',(-1.443289932013E-15,1.110223024625E-16,1.));
#1744 = PLANE('',#1745);
#1745 = AXIS2_PLACEMENT_3D('',#1746,#1747,#1748);
#1746 = CARTESIAN_POINT('',(-2.2225,2.6035,-2.985));
#1747 = DIRECTION('',(-4.440892098501E-16,-1.,1.110223024625E-16));
#1748 = DIRECTION('',(-1.,4.440892098501E-16,-1.221245327088E-15));
#1749 = ADVANCED_FACE('',(#1750),#1768,.F.);
#1750 = FACE_BOUND('',#1751,.F.);
#1751 = EDGE_LOOP('',(#1752,#1753,#1761,#1767));
#1752 = ORIENTED_EDGE('',*,*,#932,.F.);
#1753 = ORIENTED_EDGE('',*,*,#1754,.T.);
#1754 = EDGE_CURVE('',#925,#1755,#1757,.T.);
#1755 = VERTEX_POINT('',#1756);
#1756 = CARTESIAN_POINT('',(-2.2225,3.2385,-1.207));
#1757 = LINE('',#1758,#1759);
#1758 = CARTESIAN_POINT('',(-2.2225,3.2385,-2.985));
#1759 = VECTOR('',#1760,1.);
#1760 = DIRECTION('',(-1.443289932013E-15,1.110223024625E-16,1.));
#1761 = ORIENTED_EDGE('',*,*,#1762,.F.);
#1762 = EDGE_CURVE('',#1724,#1755,#1763,.T.);
#1763 = LINE('',#1764,#1765);
#1764 = CARTESIAN_POINT('',(-2.2225,2.00025,-1.207));
#1765 = VECTOR('',#1766,1.);
#1766 = DIRECTION('',(2.22044604925E-16,1.,-7.771561172376E-16));
#1767 = ORIENTED_EDGE('',*,*,#1723,.F.);
#1768 = PLANE('',#1769);
#1769 = AXIS2_PLACEMENT_3D('',#1770,#1771,#1772);
#1770 = CARTESIAN_POINT('',(-2.2225,3.2385,-2.985));
#1771 = DIRECTION('',(1.,-2.22044604925E-16,1.443289932013E-15));
#1772 = DIRECTION('',(-2.22044604925E-16,-1.,3.330669073875E-16));
#1773 = ADVANCED_FACE('',(#1774),#1792,.F.);
#1774 = FACE_BOUND('',#1775,.F.);
#1775 = EDGE_LOOP('',(#1776,#1777,#1778,#1786));
#1776 = ORIENTED_EDGE('',*,*,#916,.F.);
#1777 = ORIENTED_EDGE('',*,*,#1739,.T.);
#1778 = ORIENTED_EDGE('',*,*,#1779,.F.);
#1779 = EDGE_CURVE('',#1780,#1732,#1782,.T.);
#1780 = VERTEX_POINT('',#1781);
#1781 = CARTESIAN_POINT('',(-2.8575,3.2385,-1.207));
#1782 = LINE('',#1783,#1784);
#1783 = CARTESIAN_POINT('',(-2.8575,1.68275,-1.207));
#1784 = VECTOR('',#1785,1.);
#1785 = DIRECTION('',(-2.22044604925E-16,-1.,7.771561172376E-16));
#1786 = ORIENTED_EDGE('',*,*,#1787,.F.);
#1787 = EDGE_CURVE('',#917,#1780,#1788,.T.);
#1788 = LINE('',#1789,#1790);
#1789 = CARTESIAN_POINT('',(-2.8575,3.2385,-2.985));
#1790 = VECTOR('',#1791,1.);
#1791 = DIRECTION('',(-1.443289932013E-15,1.110223024625E-16,1.));
#1792 = PLANE('',#1793);
#1793 = AXIS2_PLACEMENT_3D('',#1794,#1795,#1796);
#1794 = CARTESIAN_POINT('',(-2.8575,2.6035,-2.985));
#1795 = DIRECTION('',(-1.,2.22044604925E-16,-1.443289932013E-15));
#1796 = DIRECTION('',(2.22044604925E-16,1.,-3.330669073875E-16));
#1797 = ADVANCED_FACE('',(#1798),#1809,.F.);
#1798 = FACE_BOUND('',#1799,.F.);
#1799 = EDGE_LOOP('',(#1800,#1801,#1802,#1808));
#1800 = ORIENTED_EDGE('',*,*,#924,.F.);
#1801 = ORIENTED_EDGE('',*,*,#1787,.T.);
#1802 = ORIENTED_EDGE('',*,*,#1803,.F.);
#1803 = EDGE_CURVE('',#1755,#1780,#1804,.T.);
#1804 = LINE('',#1805,#1806);
#1805 = CARTESIAN_POINT('',(-3.33375,3.2385,-1.207));
#1806 = VECTOR('',#1807,1.);
#1807 = DIRECTION('',(-1.,4.440892098501E-16,-1.443289932013E-15));
#1808 = ORIENTED_EDGE('',*,*,#1754,.F.);
#1809 = PLANE('',#1810);
#1810 = AXIS2_PLACEMENT_3D('',#1811,#1812,#1813);
#1811 = CARTESIAN_POINT('',(-2.8575,3.2385,-2.985));
#1812 = DIRECTION('',(4.440892098501E-16,1.,-1.110223024625E-16));
#1813 = DIRECTION('',(1.,-4.440892098501E-16,1.221245327088E-15));
#1814 = ADVANCED_FACE('',(#1815),#1826,.T.);
#1815 = FACE_BOUND('',#1816,.T.);
#1816 = EDGE_LOOP('',(#1817,#1818,#1819,#1825));
#1817 = ORIENTED_EDGE('',*,*,#946,.T.);
#1818 = ORIENTED_EDGE('',*,*,#1030,.T.);
#1819 = ORIENTED_EDGE('',*,*,#1820,.F.);
#1820 = EDGE_CURVE('',#990,#1023,#1821,.T.);
#1821 = LINE('',#1822,#1823);
#1822 = CARTESIAN_POINT('',(-3.81,0.762,-1.207));
#1823 = VECTOR('',#1824,1.);
#1824 = DIRECTION('',(1.,-1.998401444325E-15,-3.330669073875E-16));
#1825 = ORIENTED_EDGE('',*,*,#997,.F.);
#1826 = PLANE('',#1827);
#1827 = AXIS2_PLACEMENT_3D('',#1828,#1829,#1830);
#1828 = CARTESIAN_POINT('',(-3.81,0.762,-0.826));
#1829 = DIRECTION('',(-6.661338147751E-16,1.,-2.331468351713E-15));
#1830 = DIRECTION('',(2.553512956638E-15,3.330669073875E-16,-1.));
#1831 = ADVANCED_FACE('',(#1832,#1851,#1857,#1863,#1869,#1875),#1881,.T.
  );
#1832 = FACE_BOUND('',#1833,.T.);
#1833 = EDGE_LOOP('',(#1834,#1835,#1836,#1837,#1838,#1839,#1840,#1841,
    #1847,#1848,#1849,#1850));
#1834 = ORIENTED_EDGE('',*,*,#989,.F.);
#1835 = ORIENTED_EDGE('',*,*,#1820,.T.);
#1836 = ORIENTED_EDGE('',*,*,#1022,.T.);
#1837 = ORIENTED_EDGE('',*,*,#1102,.T.);
#1838 = ORIENTED_EDGE('',*,*,#1150,.T.);
#1839 = ORIENTED_EDGE('',*,*,#1240,.T.);
#1840 = ORIENTED_EDGE('',*,*,#1324,.T.);
#1841 = ORIENTED_EDGE('',*,*,#1842,.F.);
#1842 = EDGE_CURVE('',#1210,#1317,#1843,.T.);
#1843 = LINE('',#1844,#1845);
#1844 = CARTESIAN_POINT('',(-3.81,5.334,-1.207));
#1845 = VECTOR('',#1846,1.);
#1846 = DIRECTION('',(1.,-1.998401444325E-15,-3.330669073875E-16));
#1847 = ORIENTED_EDGE('',*,*,#1217,.F.);
#1848 = ORIENTED_EDGE('',*,*,#1119,.T.);
#1849 = ORIENTED_EDGE('',*,*,#1071,.T.);
#1850 = ORIENTED_EDGE('',*,*,#1047,.T.);
#1851 = FACE_BOUND('',#1852,.T.);
#1852 = EDGE_LOOP('',(#1853,#1854,#1855,#1856));
#1853 = ORIENTED_EDGE('',*,*,#1395,.T.);
#1854 = ORIENTED_EDGE('',*,*,#1347,.T.);
#1855 = ORIENTED_EDGE('',*,*,#1378,.T.);
#1856 = ORIENTED_EDGE('',*,*,#1419,.T.);
#1857 = FACE_BOUND('',#1858,.T.);
#1858 = EDGE_LOOP('',(#1859,#1860,#1861,#1862));
#1859 = ORIENTED_EDGE('',*,*,#1515,.F.);
#1860 = ORIENTED_EDGE('',*,*,#1498,.F.);
#1861 = ORIENTED_EDGE('',*,*,#1474,.F.);
#1862 = ORIENTED_EDGE('',*,*,#1443,.F.);
#1863 = FACE_BOUND('',#1864,.T.);
#1864 = EDGE_LOOP('',(#1865,#1866,#1867,#1868));
#1865 = ORIENTED_EDGE('',*,*,#1611,.F.);
#1866 = ORIENTED_EDGE('',*,*,#1594,.F.);
#1867 = ORIENTED_EDGE('',*,*,#1570,.F.);
#1868 = ORIENTED_EDGE('',*,*,#1539,.F.);
#1869 = FACE_BOUND('',#1870,.T.);
#1870 = EDGE_LOOP('',(#1871,#1872,#1873,#1874));
#1871 = ORIENTED_EDGE('',*,*,#1683,.T.);
#1872 = ORIENTED_EDGE('',*,*,#1635,.T.);
#1873 = ORIENTED_EDGE('',*,*,#1666,.T.);
#1874 = ORIENTED_EDGE('',*,*,#1707,.T.);
#1875 = FACE_BOUND('',#1876,.T.);
#1876 = EDGE_LOOP('',(#1877,#1878,#1879,#1880));
#1877 = ORIENTED_EDGE('',*,*,#1779,.F.);
#1878 = ORIENTED_EDGE('',*,*,#1803,.F.);
#1879 = ORIENTED_EDGE('',*,*,#1762,.F.);
#1880 = ORIENTED_EDGE('',*,*,#1731,.F.);
#1881 = PLANE('',#1882);
#1882 = AXIS2_PLACEMENT_3D('',#1883,#1884,#1885);
#1883 = CARTESIAN_POINT('',(-3.81,0.762,-1.207));
#1884 = DIRECTION('',(-2.331468351713E-15,-1.110223024625E-16,1.));
#1885 = DIRECTION('',(-8.881784197001E-16,1.,-2.553512956638E-15));
#1886 = ADVANCED_FACE('',(#1887),#1898,.T.);
#1887 = FACE_BOUND('',#1888,.T.);
#1888 = EDGE_LOOP('',(#1889,#1890,#1891,#1897));
#1889 = ORIENTED_EDGE('',*,*,#1842,.T.);
#1890 = ORIENTED_EDGE('',*,*,#1316,.T.);
#1891 = ORIENTED_EDGE('',*,*,#1892,.F.);
#1892 = EDGE_CURVE('',#1201,#1308,#1893,.T.);
#1893 = LINE('',#1894,#1895);
#1894 = CARTESIAN_POINT('',(-3.81,5.334,-0.826));
#1895 = VECTOR('',#1896,1.);
#1896 = DIRECTION('',(1.,-1.998401444325E-15,-3.330669073875E-16));
#1897 = ORIENTED_EDGE('',*,*,#1209,.F.);
#1898 = PLANE('',#1899);
#1899 = AXIS2_PLACEMENT_3D('',#1900,#1901,#1902);
#1900 = CARTESIAN_POINT('',(-3.81,5.334,-1.207));
#1901 = DIRECTION('',(6.661338147751E-16,-1.,2.331468351713E-15));
#1902 = DIRECTION('',(-2.553512956638E-15,-3.330669073875E-16,1.));
#1903 = ADVANCED_FACE('',(#1904),#1915,.T.);
#1904 = FACE_BOUND('',#1905,.F.);
#1905 = EDGE_LOOP('',(#1906,#1912,#1913,#1914));
#1906 = ORIENTED_EDGE('',*,*,#1907,.T.);
#1907 = EDGE_CURVE('',#1193,#1300,#1908,.T.);
#1908 = LINE('',#1909,#1910);
#1909 = CARTESIAN_POINT('',(-3.81,6.096,-0.826));
#1910 = VECTOR('',#1911,1.);
#1911 = DIRECTION('',(1.,-1.998401444325E-15,-3.330669073875E-16));
#1912 = ORIENTED_EDGE('',*,*,#1307,.T.);
#1913 = ORIENTED_EDGE('',*,*,#1892,.F.);
#1914 = ORIENTED_EDGE('',*,*,#1200,.F.);
#1915 = CYLINDRICAL_SURFACE('',#1916,0.381);
#1916 = AXIS2_PLACEMENT_3D('',#1917,#1918,#1919);
#1917 = CARTESIAN_POINT('',(-3.81,5.715,-0.826));
#1918 = DIRECTION('',(-1.,1.7763568394E-15,1.110223024625E-16));
#1919 = DIRECTION('',(-8.881784197001E-16,1.,-2.553512956638E-15));
#1920 = ADVANCED_FACE('',(#1921),#1964,.T.);
#1921 = FACE_BOUND('',#1922,.T.);
#1922 = EDGE_LOOP('',(#1923,#1924,#1925,#1926,#1934,#1942,#1950,#1958));
#1923 = ORIENTED_EDGE('',*,*,#1192,.F.);
#1924 = ORIENTED_EDGE('',*,*,#1907,.T.);
#1925 = ORIENTED_EDGE('',*,*,#1299,.T.);
#1926 = ORIENTED_EDGE('',*,*,#1927,.T.);
#1927 = EDGE_CURVE('',#1292,#1928,#1930,.T.);
#1928 = VERTEX_POINT('',#1929);
#1929 = CARTESIAN_POINT('',(2.54,6.096,-2.670307305648));
#1930 = LINE('',#1931,#1932);
#1931 = CARTESIAN_POINT('',(3.81,6.096,-2.670307305648));
#1932 = VECTOR('',#1933,1.);
#1933 = DIRECTION('',(-1.,1.110223024625E-15,1.110223024625E-16));
#1934 = ORIENTED_EDGE('',*,*,#1935,.F.);
#1935 = EDGE_CURVE('',#1936,#1928,#1938,.T.);
#1936 = VERTEX_POINT('',#1937);
#1937 = CARTESIAN_POINT('',(2.54,6.096,-7.557));
#1938 = LINE('',#1939,#1940);
#1939 = CARTESIAN_POINT('',(2.54,6.096,-7.557));
#1940 = VECTOR('',#1941,1.);
#1941 = DIRECTION('',(-1.665334536938E-15,-3.330669073875E-16,1.));
#1942 = ORIENTED_EDGE('',*,*,#1943,.F.);
#1943 = EDGE_CURVE('',#1944,#1936,#1946,.T.);
#1944 = VERTEX_POINT('',#1945);
#1945 = CARTESIAN_POINT('',(-2.54,6.096,-7.557));
#1946 = LINE('',#1947,#1948);
#1947 = CARTESIAN_POINT('',(-3.81,6.096,-7.557));
#1948 = VECTOR('',#1949,1.);
#1949 = DIRECTION('',(1.,-1.998401444325E-15,-3.330669073875E-16));
#1950 = ORIENTED_EDGE('',*,*,#1951,.T.);
#1951 = EDGE_CURVE('',#1944,#1952,#1954,.T.);
#1952 = VERTEX_POINT('',#1953);
#1953 = CARTESIAN_POINT('',(-2.54,6.096,-2.670307305648));
#1954 = LINE('',#1955,#1956);
#1955 = CARTESIAN_POINT('',(-2.54,6.096,-7.557));
#1956 = VECTOR('',#1957,1.);
#1957 = DIRECTION('',(-2.22044604925E-15,-4.440892098501E-16,1.));
#1958 = ORIENTED_EDGE('',*,*,#1959,.F.);
#1959 = EDGE_CURVE('',#1185,#1952,#1960,.T.);
#1960 = LINE('',#1961,#1962);
#1961 = CARTESIAN_POINT('',(-3.81,6.096,-2.670307305648));
#1962 = VECTOR('',#1963,1.);
#1963 = DIRECTION('',(1.,-1.554312234475E-15,-2.22044604925E-16));
#1964 = PLANE('',#1965);
#1965 = AXIS2_PLACEMENT_3D('',#1966,#1967,#1968);
#1966 = CARTESIAN_POINT('',(-3.81,6.096,-0.826));
#1967 = DIRECTION('',(-6.661338147751E-16,1.,-2.331468351713E-15));
#1968 = DIRECTION('',(2.553512956638E-15,3.330669073875E-16,-1.));
#1969 = ADVANCED_FACE('',(#1970),#1988,.T.);
#1970 = FACE_BOUND('',#1971,.T.);
#1971 = EDGE_LOOP('',(#1972,#1973,#1981,#1987));
#1972 = ORIENTED_EDGE('',*,*,#1959,.T.);
#1973 = ORIENTED_EDGE('',*,*,#1974,.T.);
#1974 = EDGE_CURVE('',#1952,#1975,#1977,.T.);
#1975 = VERTEX_POINT('',#1976);
#1976 = CARTESIAN_POINT('',(-2.54,5.202653989578,-2.670307305648));
#1977 = LINE('',#1978,#1979);
#1978 = CARTESIAN_POINT('',(-2.54,6.096,-2.670307305648));
#1979 = VECTOR('',#1980,1.);
#1980 = DIRECTION('',(8.881784197001E-16,-1.,2.22044604925E-15));
#1981 = ORIENTED_EDGE('',*,*,#1982,.F.);
#1982 = EDGE_CURVE('',#1176,#1975,#1983,.T.);
#1983 = LINE('',#1984,#1985);
#1984 = CARTESIAN_POINT('',(-3.81,5.202653989578,-2.670307305648));
#1985 = VECTOR('',#1986,1.);
#1986 = DIRECTION('',(1.,-1.998401444325E-15,-3.330669073875E-16));
#1987 = ORIENTED_EDGE('',*,*,#1184,.F.);
#1988 = PLANE('',#1989);
#1989 = AXIS2_PLACEMENT_3D('',#1990,#1991,#1992);
#1990 = CARTESIAN_POINT('',(-3.81,6.096,-2.670307305648));
#1991 = DIRECTION('',(1.7763568394E-15,-1.627025617018E-30,-1.));
#1992 = DIRECTION('',(6.661338147751E-16,-1.,1.998401444325E-15));
#1993 = ADVANCED_FACE('',(#1994),#2014,.F.);
#1994 = FACE_BOUND('',#1995,.T.);
#1995 = EDGE_LOOP('',(#1996,#1997,#2005,#2011,#2012,#2013));
#1996 = ORIENTED_EDGE('',*,*,#1982,.T.);
#1997 = ORIENTED_EDGE('',*,*,#1998,.T.);
#1998 = EDGE_CURVE('',#1975,#1999,#2001,.T.);
#1999 = VERTEX_POINT('',#2000);
#2000 = CARTESIAN_POINT('',(2.54,5.202653989578,-2.670307305648));
#2001 = LINE('',#2002,#2003);
#2002 = CARTESIAN_POINT('',(-3.81,5.202653989578,-2.670307305648));
#2003 = VECTOR('',#2004,1.);
#2004 = DIRECTION('',(1.,-1.998401444325E-15,-3.330669073875E-16));
#2005 = ORIENTED_EDGE('',*,*,#2006,.T.);
#2006 = EDGE_CURVE('',#1999,#1283,#2007,.T.);
#2007 = LINE('',#2008,#2009);
#2008 = CARTESIAN_POINT('',(-3.81,5.202653989578,-2.670307305648));
#2009 = VECTOR('',#2010,1.);
#2010 = DIRECTION('',(1.,-1.998401444325E-15,-3.330669073875E-16));
#2011 = ORIENTED_EDGE('',*,*,#1282,.T.);
#2012 = ORIENTED_EDGE('',*,*,#1255,.F.);
#2013 = ORIENTED_EDGE('',*,*,#1175,.F.);
#2014 = CYLINDRICAL_SURFACE('',#2015,0.508);
#2015 = AXIS2_PLACEMENT_3D('',#2016,#2017,#2018);
#2016 = CARTESIAN_POINT('',(-3.81,4.699,-2.604));
#2017 = DIRECTION('',(-1.,1.7763568394E-15,1.110223024625E-16));
#2018 = DIRECTION('',(-8.881784197001E-16,1.,-2.553512956638E-15));
#2019 = ADVANCED_FACE('',(#2020),#2031,.F.);
#2020 = FACE_BOUND('',#2021,.F.);
#2021 = EDGE_LOOP('',(#2022,#2023,#2029,#2030));
#2022 = ORIENTED_EDGE('',*,*,#1927,.T.);
#2023 = ORIENTED_EDGE('',*,*,#2024,.T.);
#2024 = EDGE_CURVE('',#1928,#1999,#2025,.T.);
#2025 = LINE('',#2026,#2027);
#2026 = CARTESIAN_POINT('',(2.54,6.096,-2.670307305648));
#2027 = VECTOR('',#2028,1.);
#2028 = DIRECTION('',(6.661338147751E-16,-1.,1.665334536938E-15));
#2029 = ORIENTED_EDGE('',*,*,#2006,.T.);
#2030 = ORIENTED_EDGE('',*,*,#1291,.F.);
#2031 = PLANE('',#2032);
#2032 = AXIS2_PLACEMENT_3D('',#2033,#2034,#2035);
#2033 = CARTESIAN_POINT('',(3.81,6.096,-2.670307305648));
#2034 = DIRECTION('',(-1.221245327088E-15,1.110223024625E-16,1.));
#2035 = DIRECTION('',(4.440892098501E-16,-1.,1.443289932013E-15));
#2036 = ADVANCED_FACE('',(#2037),#2081,.F.);
#2037 = FACE_BOUND('',#2038,.F.);
#2038 = EDGE_LOOP('',(#2039,#2047,#2055,#2064,#2072,#2079,#2080));
#2039 = ORIENTED_EDGE('',*,*,#2040,.T.);
#2040 = EDGE_CURVE('',#1975,#2041,#2043,.T.);
#2041 = VERTEX_POINT('',#2042);
#2042 = CARTESIAN_POINT('',(-2.54,4.81853487275,-5.587981667069));
#2043 = LINE('',#2044,#2045);
#2044 = CARTESIAN_POINT('',(-2.54,5.202653989578,-2.670307305648));
#2045 = VECTOR('',#2046,1.);
#2046 = DIRECTION('',(2.317380372622E-15,-0.13052619222,-0.991444861374)
  );
#2047 = ORIENTED_EDGE('',*,*,#2048,.T.);
#2048 = EDGE_CURVE('',#2041,#2049,#2051,.T.);
#2049 = VERTEX_POINT('',#2050);
#2050 = CARTESIAN_POINT('',(-2.54,4.356588642316,-6.388096008546));
#2051 = LINE('',#2052,#2053);
#2052 = CARTESIAN_POINT('',(-2.54,4.81853487275,-5.587981667069));
#2053 = VECTOR('',#2054,1.);
#2054 = DIRECTION('',(2.367051896234E-15,-0.5,-0.866025403784));
#2055 = ORIENTED_EDGE('',*,*,#2056,.F.);
#2056 = EDGE_CURVE('',#2057,#2049,#2059,.T.);
#2057 = VERTEX_POINT('',#2058);
#2058 = CARTESIAN_POINT('',(-2.54,4.411964754698,-7.23297221745));
#2059 = CIRCLE('',#2060,0.762);
#2060 = AXIS2_PLACEMENT_3D('',#2061,#2062,#2063);
#2061 = CARTESIAN_POINT('',(-2.54,5.0165,-6.769096008546));
#2062 = DIRECTION('',(-1.,-8.881784197001E-16,-2.22044604925E-15));
#2063 = DIRECTION('',(-8.881784197001E-16,1.,-2.22044604925E-15));
#2064 = ORIENTED_EDGE('',*,*,#2065,.T.);
#2065 = EDGE_CURVE('',#2057,#2066,#2068,.T.);
#2066 = VERTEX_POINT('',#2067);
#2067 = CARTESIAN_POINT('',(-2.54,4.957220628915,-7.943563507421));
#2068 = LINE('',#2069,#2070);
#2069 = CARTESIAN_POINT('',(-2.54,4.411964754698,-7.23297221745));
#2070 = VECTOR('',#2071,1.);
#2071 = DIRECTION('',(1.220909526118E-15,0.608761429009,-0.793353340291)
  );
#2072 = ORIENTED_EDGE('',*,*,#2073,.F.);
#2073 = EDGE_CURVE('',#1944,#2066,#2074,.T.);
#2074 = CIRCLE('',#2075,0.635);
#2075 = AXIS2_PLACEMENT_3D('',#2076,#2077,#2078);
#2076 = CARTESIAN_POINT('',(-2.54,5.461,-7.557));
#2077 = DIRECTION('',(-1.,-8.881784197001E-16,-2.22044604925E-15));
#2078 = DIRECTION('',(-8.881784197001E-16,1.,-2.22044604925E-15));
#2079 = ORIENTED_EDGE('',*,*,#1951,.T.);
#2080 = ORIENTED_EDGE('',*,*,#1974,.T.);
#2081 = PLANE('',#2082);
#2082 = AXIS2_PLACEMENT_3D('',#2083,#2084,#2085);
#2083 = CARTESIAN_POINT('',(-2.54,5.43325818139,-5.412319442254));
#2084 = DIRECTION('',(1.,-1.7763568394E-15,-4.440892098501E-16));
#2085 = DIRECTION('',(-2.22044604925E-15,-4.440892098501E-16,1.));
#2086 = ADVANCED_FACE('',(#2087),#2106,.T.);
#2087 = FACE_BOUND('',#2088,.F.);
#2088 = EDGE_LOOP('',(#2089,#2090,#2091,#2099));
#2089 = ORIENTED_EDGE('',*,*,#1943,.F.);
#2090 = ORIENTED_EDGE('',*,*,#2073,.T.);
#2091 = ORIENTED_EDGE('',*,*,#2092,.T.);
#2092 = EDGE_CURVE('',#2066,#2093,#2095,.T.);
#2093 = VERTEX_POINT('',#2094);
#2094 = CARTESIAN_POINT('',(2.54,4.957220628915,-7.943563507421));
#2095 = LINE('',#2096,#2097);
#2096 = CARTESIAN_POINT('',(-3.81,4.957220628915,-7.943563507421));
#2097 = VECTOR('',#2098,1.);
#2098 = DIRECTION('',(1.,-1.998401444325E-15,-3.330669073875E-16));
#2099 = ORIENTED_EDGE('',*,*,#2100,.T.);
#2100 = EDGE_CURVE('',#2093,#1936,#2101,.T.);
#2101 = CIRCLE('',#2102,0.635);
#2102 = AXIS2_PLACEMENT_3D('',#2103,#2104,#2105);
#2103 = CARTESIAN_POINT('',(2.54,5.461,-7.557));
#2104 = DIRECTION('',(1.,6.661338147751E-16,1.665334536938E-15));
#2105 = DIRECTION('',(-6.661338147751E-16,1.,-1.665334536938E-15));
#2106 = CYLINDRICAL_SURFACE('',#2107,0.635);
#2107 = AXIS2_PLACEMENT_3D('',#2108,#2109,#2110);
#2108 = CARTESIAN_POINT('',(-3.81,5.461,-7.557));
#2109 = DIRECTION('',(-1.,1.7763568394E-15,1.110223024625E-16));
#2110 = DIRECTION('',(-8.881784197001E-16,1.,-2.553512956638E-15));
#2111 = ADVANCED_FACE('',(#2112),#2148,.T.);
#2112 = FACE_BOUND('',#2113,.T.);
#2113 = EDGE_LOOP('',(#2114,#2122,#2130,#2139,#2145,#2146,#2147));
#2114 = ORIENTED_EDGE('',*,*,#2115,.T.);
#2115 = EDGE_CURVE('',#1999,#2116,#2118,.T.);
#2116 = VERTEX_POINT('',#2117);
#2117 = CARTESIAN_POINT('',(2.54,4.81853487275,-5.587981667069));
#2118 = LINE('',#2119,#2120);
#2119 = CARTESIAN_POINT('',(2.54,5.202653989578,-2.670307305648));
#2120 = VECTOR('',#2121,1.);
#2121 = DIRECTION('',(1.738035279467E-15,-0.13052619222,-0.991444861374)
  );
#2122 = ORIENTED_EDGE('',*,*,#2123,.T.);
#2123 = EDGE_CURVE('',#2116,#2124,#2126,.T.);
#2124 = VERTEX_POINT('',#2125);
#2125 = CARTESIAN_POINT('',(2.54,4.356588642316,-6.388096008546));
#2126 = LINE('',#2127,#2128);
#2127 = CARTESIAN_POINT('',(2.54,4.81853487275,-5.587981667069));
#2128 = VECTOR('',#2129,1.);
#2129 = DIRECTION('',(1.775288922175E-15,-0.5,-0.866025403784));
#2130 = ORIENTED_EDGE('',*,*,#2131,.T.);
#2131 = EDGE_CURVE('',#2124,#2132,#2134,.T.);
#2132 = VERTEX_POINT('',#2133);
#2133 = CARTESIAN_POINT('',(2.54,4.411964754698,-7.23297221745));
#2134 = CIRCLE('',#2135,0.762);
#2135 = AXIS2_PLACEMENT_3D('',#2136,#2137,#2138);
#2136 = CARTESIAN_POINT('',(2.54,5.0165,-6.769096008546));
#2137 = DIRECTION('',(1.,6.661338147751E-16,1.665334536938E-15));
#2138 = DIRECTION('',(-6.661338147751E-16,1.,-1.665334536938E-15));
#2139 = ORIENTED_EDGE('',*,*,#2140,.T.);
#2140 = EDGE_CURVE('',#2132,#2093,#2141,.T.);
#2141 = LINE('',#2142,#2143);
#2142 = CARTESIAN_POINT('',(2.54,4.411964754698,-7.23297221745));
#2143 = VECTOR('',#2144,1.);
#2144 = DIRECTION('',(9.156821445884E-16,0.608761429009,-0.793353340291)
  );
#2145 = ORIENTED_EDGE('',*,*,#2100,.T.);
#2146 = ORIENTED_EDGE('',*,*,#1935,.T.);
#2147 = ORIENTED_EDGE('',*,*,#2024,.T.);
#2148 = PLANE('',#2149);
#2149 = AXIS2_PLACEMENT_3D('',#2150,#2151,#2152);
#2150 = CARTESIAN_POINT('',(2.54,5.43325818139,-5.412319442254));
#2151 = DIRECTION('',(1.,-1.33226762955E-15,-3.330669073875E-16));
#2152 = DIRECTION('',(-1.665334536938E-15,-3.330669073875E-16,1.));
#2153 = ADVANCED_FACE('',(#2154),#2165,.T.);
#2154 = FACE_BOUND('',#2155,.T.);
#2155 = EDGE_LOOP('',(#2156,#2157,#2158,#2164));
#2156 = ORIENTED_EDGE('',*,*,#1998,.F.);
#2157 = ORIENTED_EDGE('',*,*,#2040,.T.);
#2158 = ORIENTED_EDGE('',*,*,#2159,.T.);
#2159 = EDGE_CURVE('',#2041,#2116,#2160,.T.);
#2160 = LINE('',#2161,#2162);
#2161 = CARTESIAN_POINT('',(-3.81,4.81853487275,-5.587981667069));
#2162 = VECTOR('',#2163,1.);
#2163 = DIRECTION('',(1.,-1.998401444325E-15,-3.330669073875E-16));
#2164 = ORIENTED_EDGE('',*,*,#2115,.F.);
#2165 = PLANE('',#2166);
#2166 = AXIS2_PLACEMENT_3D('',#2167,#2168,#2169);
#2167 = CARTESIAN_POINT('',(-3.81,4.81853487275,-5.587981667069));
#2168 = DIRECTION('',(3.561172614155E-16,-0.991444861374,0.13052619222)
  );
#2169 = DIRECTION('',(-2.647597846446E-15,0.13052619222,0.991444861374)
  );
#2170 = ADVANCED_FACE('',(#2171),#2182,.T.);
#2171 = FACE_BOUND('',#2172,.T.);
#2172 = EDGE_LOOP('',(#2173,#2174,#2175,#2181));
#2173 = ORIENTED_EDGE('',*,*,#2159,.F.);
#2174 = ORIENTED_EDGE('',*,*,#2048,.T.);
#2175 = ORIENTED_EDGE('',*,*,#2176,.T.);
#2176 = EDGE_CURVE('',#2049,#2124,#2177,.T.);
#2177 = LINE('',#2178,#2179);
#2178 = CARTESIAN_POINT('',(-3.81,4.356588642316,-6.388096008546));
#2179 = VECTOR('',#2180,1.);
#2180 = DIRECTION('',(1.,-1.998401444325E-15,-3.330669073875E-16));
#2181 = ORIENTED_EDGE('',*,*,#2123,.F.);
#2182 = PLANE('',#2183);
#2183 = AXIS2_PLACEMENT_3D('',#2184,#2185,#2186);
#2184 = CARTESIAN_POINT('',(-3.81,4.356588642316,-6.388096008546));
#2185 = DIRECTION('',(-5.888453699413E-16,-0.866025403784,0.5));
#2186 = DIRECTION('',(-2.655496299191E-15,0.5,0.866025403784));
#2187 = ADVANCED_FACE('',(#2188),#2199,.T.);
#2188 = FACE_BOUND('',#2189,.F.);
#2189 = EDGE_LOOP('',(#2190,#2196,#2197,#2198));
#2190 = ORIENTED_EDGE('',*,*,#2191,.F.);
#2191 = EDGE_CURVE('',#2057,#2132,#2192,.T.);
#2192 = LINE('',#2193,#2194);
#2193 = CARTESIAN_POINT('',(-3.81,4.411964754698,-7.23297221745));
#2194 = VECTOR('',#2195,1.);
#2195 = DIRECTION('',(1.,-1.998401444325E-15,-3.330669073875E-16));
#2196 = ORIENTED_EDGE('',*,*,#2056,.T.);
#2197 = ORIENTED_EDGE('',*,*,#2176,.T.);
#2198 = ORIENTED_EDGE('',*,*,#2131,.T.);
#2199 = CYLINDRICAL_SURFACE('',#2200,0.762);
#2200 = AXIS2_PLACEMENT_3D('',#2201,#2202,#2203);
#2201 = CARTESIAN_POINT('',(-3.81,5.0165,-6.769096008546));
#2202 = DIRECTION('',(-1.,1.7763568394E-15,1.110223024625E-16));
#2203 = DIRECTION('',(-8.881784197001E-16,1.,-2.553512956638E-15));
#2204 = ADVANCED_FACE('',(#2205),#2211,.T.);
#2205 = FACE_BOUND('',#2206,.T.);
#2206 = EDGE_LOOP('',(#2207,#2208,#2209,#2210));
#2207 = ORIENTED_EDGE('',*,*,#2191,.F.);
#2208 = ORIENTED_EDGE('',*,*,#2065,.T.);
#2209 = ORIENTED_EDGE('',*,*,#2092,.T.);
#2210 = ORIENTED_EDGE('',*,*,#2140,.F.);
#2211 = PLANE('',#2212);
#2212 = AXIS2_PLACEMENT_3D('',#2213,#2214,#2215);
#2213 = CARTESIAN_POINT('',(-3.81,4.957220628915,-7.943563507421));
#2214 = DIRECTION('',(1.94778749251E-15,-0.793353340291,-0.608761429009)
  );
#2215 = DIRECTION('',(-1.485149269634E-15,-0.608761429009,0.793353340291
    ));
#2216 = ( GEOMETRIC_REPRESENTATION_CONTEXT(3) 
GLOBAL_UNCERTAINTY_ASSIGNED_CONTEXT((#2220)) 
GLOBAL_UNIT_ASSIGNED_CONTEXT((#2217,#2218,#2219)) REPRESENTATION_CONTEXT
('Context #1','3D Context with UNIT and UNCERTAINTY') );
#2217 = ( LENGTH_UNIT() NAMED_UNIT(*) SI_UNIT(.MILLI.,.METRE.) );
#2218 = ( NAMED_UNIT(*) PLANE_ANGLE_UNIT() SI_UNIT($,.RADIAN.) );
#2219 = ( NAMED_UNIT(*) SI_UNIT($,.STERADIAN.) SOLID_ANGLE_UNIT() );
#2220 = UNCERTAINTY_MEASURE_WITH_UNIT(LENGTH_MEASURE(5.E-06),#2217,
  'distance_accuracy_value','confusion accuracy');
#2221 = CONTEXT_DEPENDENT_SHAPE_REPRESENTATION(#2222,#2224);
#2222 = ( REPRESENTATION_RELATIONSHIP('','',#634,#10) 
REPRESENTATION_RELATIONSHIP_WITH_TRANSFORMATION(#2223) 
SHAPE_REPRESENTATION_RELATIONSHIP() );
#2223 = ITEM_DEFINED_TRANSFORMATION('','',#11,#19);
#2224 = PRODUCT_DEFINITION_SHAPE('Placement','Placement of an item',
  #2225);
#2225 = NEXT_ASSEMBLY_USAGE_OCCURRENCE('937','Body','',#5,#629,$);
#2226 = PRODUCT_RELATED_PRODUCT_CATEGORY('part',$,(#631));
#2227 = MECHANICAL_DESIGN_GEOMETRIC_PRESENTATION_REPRESENTATION('',(
    #2228),#606);
#2228 = STYLED_ITEM('color',(#2229),#68);
#2229 = PRESENTATION_STYLE_ASSIGNMENT((#2230,#2236));
#2230 = SURFACE_STYLE_USAGE(.BOTH.,#2231);
#2231 = SURFACE_SIDE_STYLE('',(#2232));
#2232 = SURFACE_STYLE_FILL_AREA(#2233);
#2233 = FILL_AREA_STYLE('',(#2234));
#2234 = FILL_AREA_STYLE_COLOUR('',#2235);
#2235 = COLOUR_RGB('',0.796078452645,0.823529417451,0.937254901616);
#2236 = CURVE_STYLE('',#2237,POSITIVE_LENGTH_MEASURE(0.1),#2238);
#2237 = DRAUGHTING_PRE_DEFINED_CURVE_FONT('continuous');
#2238 = COLOUR_RGB('',9.803921802644E-02,9.803921802644E-02,
  9.803921802644E-02);
#2239 = MECHANICAL_DESIGN_GEOMETRIC_PRESENTATION_REPRESENTATION('',(
    #2240),#2216);
#2240 = STYLED_ITEM('color',(#2241),#635);
#2241 = PRESENTATION_STYLE_ASSIGNMENT((#2242,#2248));
#2242 = SURFACE_STYLE_USAGE(.BOTH.,#2243);
#2243 = SURFACE_SIDE_STYLE('',(#2244));
#2244 = SURFACE_STYLE_FILL_AREA(#2245);
#2245 = FILL_AREA_STYLE('',(#2246));
#2246 = FILL_AREA_STYLE_COLOUR('',#2247);
#2247 = DRAUGHTING_PRE_DEFINED_COLOUR('white');
#2248 = CURVE_STYLE('',#2249,POSITIVE_LENGTH_MEASURE(0.1),#2238);
#2249 = DRAUGHTING_PRE_DEFINED_CURVE_FONT('continuous');
ENDSEC;
END-ISO-10303-21;
