ISO-10303-21;
HEADER;
FILE_DESCRIPTION((''),'2;1');
FILE_NAME('MSBR-1','2014-07-08T',('guohe'),('FCI'),
'PRO/ENGINEER BY PARAMETRIC TECHNOLOGY CORPORATION, 2013150',
'PRO/ENGINEER BY PARAMETRIC TECHNOLOGY CORPORATION, 2013150','');
FILE_SCHEMA(('AUTOMOTIVE_DESIGN { 1 0 10303 214 1 1 1 1 }'));
ENDSEC;
DATA;
#182=DIRECTION('',(0.E0,-1.E0,0.E0));
#183=VECTOR('',#182,2.399999999988E-1);
#184=CARTESIAN_POINT('',(-2.49E0,-1.766E1,-1.2E-1));
#185=LINE('501',#184,#183);
#186=DIRECTION('',(0.E0,1.E0,0.E0));
#187=VECTOR('',#186,6.4E-1);
#188=CARTESIAN_POINT('',(0.E0,-1.81E1,-3.2E-1));
#189=LINE('1000',#188,#187);
#190=DIRECTION('',(0.E0,-1.E0,0.E0));
#191=VECTOR('',#190,6.400000000009E-1);
#192=CARTESIAN_POINT('',(-2.061098615898E0,-1.746E1,-3.2E-1));
#193=LINE('507',#192,#191);
#194=DIRECTION('',(0.E0,1.E0,0.E0));
#195=VECTOR('',#194,6.4E-1);
#196=CARTESIAN_POINT('',(2.14E0,-1.81E1,-3.2E-1));
#197=LINE('1001',#196,#195);
#198=CARTESIAN_POINT('',(0.E0,-1.844E1,-5.55E-1));
#199=DIRECTION('',(-1.E0,0.E0,0.E0));
#200=DIRECTION('',(0.E0,-1.E0,0.E0));
#201=AXIS2_PLACEMENT_3D('',#198,#199,#200);
#203=CARTESIAN_POINT('',(0.E0,-1.844E1,-5.55E-1));
#204=DIRECTION('',(-1.E0,0.E0,0.E0));
#205=DIRECTION('',(0.E0,1.E0,0.E0));
#206=AXIS2_PLACEMENT_3D('',#203,#204,#205);
#208=CARTESIAN_POINT('',(0.E0,-1.712E1,5.6E-1));
#209=DIRECTION('',(-1.E0,0.E0,0.E0));
#210=DIRECTION('',(0.E0,-1.E0,0.E0));
#211=AXIS2_PLACEMENT_3D('',#208,#209,#210);
#213=CARTESIAN_POINT('',(0.E0,-1.712E1,5.6E-1));
#214=DIRECTION('',(-1.E0,0.E0,0.E0));
#215=DIRECTION('',(0.E0,1.E0,0.E0));
#216=AXIS2_PLACEMENT_3D('',#213,#214,#215);
#218=CARTESIAN_POINT('',(0.E0,-1.458E1,5.6E-1));
#219=DIRECTION('',(-1.E0,0.E0,0.E0));
#220=DIRECTION('',(0.E0,-1.E0,0.E0));
#221=AXIS2_PLACEMENT_3D('',#218,#219,#220);
#223=CARTESIAN_POINT('',(0.E0,-1.458E1,5.6E-1));
#224=DIRECTION('',(-1.E0,0.E0,0.E0));
#225=DIRECTION('',(0.E0,1.E0,0.E0));
#226=AXIS2_PLACEMENT_3D('',#223,#224,#225);
#228=CARTESIAN_POINT('',(0.E0,-1.59E1,-5.55E-1));
#229=DIRECTION('',(-1.E0,0.E0,0.E0));
#230=DIRECTION('',(0.E0,-1.E0,0.E0));
#231=AXIS2_PLACEMENT_3D('',#228,#229,#230);
#233=CARTESIAN_POINT('',(0.E0,-1.59E1,-5.55E-1));
#234=DIRECTION('',(-1.E0,0.E0,0.E0));
#235=DIRECTION('',(0.E0,1.E0,0.E0));
#236=AXIS2_PLACEMENT_3D('',#233,#234,#235);
#238=CARTESIAN_POINT('',(0.E0,-1.204E1,5.6E-1));
#239=DIRECTION('',(-1.E0,0.E0,0.E0));
#240=DIRECTION('',(0.E0,-1.E0,0.E0));
#241=AXIS2_PLACEMENT_3D('',#238,#239,#240);
#243=CARTESIAN_POINT('',(0.E0,-1.204E1,5.6E-1));
#244=DIRECTION('',(-1.E0,0.E0,0.E0));
#245=DIRECTION('',(0.E0,1.E0,0.E0));
#246=AXIS2_PLACEMENT_3D('',#243,#244,#245);
#248=CARTESIAN_POINT('',(0.E0,-1.336E1,-5.55E-1));
#249=DIRECTION('',(-1.E0,0.E0,0.E0));
#250=DIRECTION('',(0.E0,-1.E0,0.E0));
#251=AXIS2_PLACEMENT_3D('',#248,#249,#250);
#253=CARTESIAN_POINT('',(0.E0,-1.336E1,-5.55E-1));
#254=DIRECTION('',(-1.E0,0.E0,0.E0));
#255=DIRECTION('',(0.E0,1.E0,0.E0));
#256=AXIS2_PLACEMENT_3D('',#253,#254,#255);
#258=CARTESIAN_POINT('',(0.E0,-9.5E0,5.6E-1));
#259=DIRECTION('',(-1.E0,0.E0,0.E0));
#260=DIRECTION('',(0.E0,-1.E0,0.E0));
#261=AXIS2_PLACEMENT_3D('',#258,#259,#260);
#263=CARTESIAN_POINT('',(0.E0,-9.5E0,5.6E-1));
#264=DIRECTION('',(-1.E0,0.E0,0.E0));
#265=DIRECTION('',(0.E0,1.E0,0.E0));
#266=AXIS2_PLACEMENT_3D('',#263,#264,#265);
#268=CARTESIAN_POINT('',(0.E0,-1.082E1,-5.55E-1));
#269=DIRECTION('',(-1.E0,0.E0,0.E0));
#270=DIRECTION('',(0.E0,-1.E0,0.E0));
#271=AXIS2_PLACEMENT_3D('',#268,#269,#270);
#273=CARTESIAN_POINT('',(0.E0,-1.082E1,-5.55E-1));
#274=DIRECTION('',(-1.E0,0.E0,0.E0));
#275=DIRECTION('',(0.E0,1.E0,0.E0));
#276=AXIS2_PLACEMENT_3D('',#273,#274,#275);
#278=CARTESIAN_POINT('',(0.E0,-6.96E0,5.6E-1));
#279=DIRECTION('',(-1.E0,0.E0,0.E0));
#280=DIRECTION('',(0.E0,-1.E0,0.E0));
#281=AXIS2_PLACEMENT_3D('',#278,#279,#280);
#283=CARTESIAN_POINT('',(0.E0,-6.96E0,5.6E-1));
#284=DIRECTION('',(-1.E0,0.E0,0.E0));
#285=DIRECTION('',(0.E0,1.E0,0.E0));
#286=AXIS2_PLACEMENT_3D('',#283,#284,#285);
#288=CARTESIAN_POINT('',(0.E0,-8.28E0,-5.55E-1));
#289=DIRECTION('',(-1.E0,0.E0,0.E0));
#290=DIRECTION('',(0.E0,-1.E0,0.E0));
#291=AXIS2_PLACEMENT_3D('',#288,#289,#290);
#293=CARTESIAN_POINT('',(0.E0,-8.28E0,-5.55E-1));
#294=DIRECTION('',(-1.E0,0.E0,0.E0));
#295=DIRECTION('',(0.E0,1.E0,0.E0));
#296=AXIS2_PLACEMENT_3D('',#293,#294,#295);
#298=CARTESIAN_POINT('',(0.E0,-5.74E0,-5.55E-1));
#299=DIRECTION('',(-1.E0,0.E0,0.E0));
#300=DIRECTION('',(0.E0,-1.E0,0.E0));
#301=AXIS2_PLACEMENT_3D('',#298,#299,#300);
#303=CARTESIAN_POINT('',(0.E0,-5.74E0,-5.55E-1));
#304=DIRECTION('',(-1.E0,0.E0,0.E0));
#305=DIRECTION('',(0.E0,1.E0,0.E0));
#306=AXIS2_PLACEMENT_3D('',#303,#304,#305);
#308=CARTESIAN_POINT('',(0.E0,-4.42E0,5.6E-1));
#309=DIRECTION('',(-1.E0,0.E0,0.E0));
#310=DIRECTION('',(0.E0,-1.E0,0.E0));
#311=AXIS2_PLACEMENT_3D('',#308,#309,#310);
#313=CARTESIAN_POINT('',(0.E0,-4.42E0,5.6E-1));
#314=DIRECTION('',(-1.E0,0.E0,0.E0));
#315=DIRECTION('',(0.E0,1.E0,0.E0));
#316=AXIS2_PLACEMENT_3D('',#313,#314,#315);
#318=CARTESIAN_POINT('',(0.E0,-3.2E0,-5.55E-1));
#319=DIRECTION('',(-1.E0,0.E0,0.E0));
#320=DIRECTION('',(0.E0,-1.E0,0.E0));
#321=AXIS2_PLACEMENT_3D('',#318,#319,#320);
#323=CARTESIAN_POINT('',(0.E0,-3.2E0,-5.55E-1));
#324=DIRECTION('',(-1.E0,0.E0,0.E0));
#325=DIRECTION('',(0.E0,1.E0,0.E0));
#326=AXIS2_PLACEMENT_3D('',#323,#324,#325);
#328=CARTESIAN_POINT('',(0.E0,-1.88E0,5.6E-1));
#329=DIRECTION('',(-1.E0,0.E0,0.E0));
#330=DIRECTION('',(0.E0,-1.E0,0.E0));
#331=AXIS2_PLACEMENT_3D('',#328,#329,#330);
#333=CARTESIAN_POINT('',(0.E0,-1.88E0,5.6E-1));
#334=DIRECTION('',(-1.E0,0.E0,0.E0));
#335=DIRECTION('',(0.E0,1.E0,0.E0));
#336=AXIS2_PLACEMENT_3D('',#333,#334,#335);
#338=CARTESIAN_POINT('',(0.E0,6.6E-1,5.6E-1));
#339=DIRECTION('',(-1.E0,0.E0,0.E0));
#340=DIRECTION('',(0.E0,-1.E0,0.E0));
#341=AXIS2_PLACEMENT_3D('',#338,#339,#340);
#343=CARTESIAN_POINT('',(0.E0,6.6E-1,5.6E-1));
#344=DIRECTION('',(-1.E0,0.E0,0.E0));
#345=DIRECTION('',(0.E0,1.E0,0.E0));
#346=AXIS2_PLACEMENT_3D('',#343,#344,#345);
#348=CARTESIAN_POINT('',(0.E0,-6.6E-1,-5.55E-1));
#349=DIRECTION('',(-1.E0,0.E0,0.E0));
#350=DIRECTION('',(0.E0,-1.E0,0.E0));
#351=AXIS2_PLACEMENT_3D('',#348,#349,#350);
#353=CARTESIAN_POINT('',(0.E0,-6.6E-1,-5.55E-1));
#354=DIRECTION('',(-1.E0,0.E0,0.E0));
#355=DIRECTION('',(0.E0,1.E0,0.E0));
#356=AXIS2_PLACEMENT_3D('',#353,#354,#355);
#358=DIRECTION('',(0.E0,1.E0,0.E0));
#359=VECTOR('',#358,6.4E-1);
#360=CARTESIAN_POINT('',(0.E0,-2.86E0,-3.2E-1));
#361=LINE('814',#360,#359);
#362=DIRECTION('',(0.E0,0.E0,-1.E0));
#363=VECTOR('',#362,6.4E-1);
#364=CARTESIAN_POINT('',(0.E0,-2.86E0,3.2E-1));
#365=LINE('816',#364,#363);
#366=DIRECTION('',(0.E0,-1.E0,0.E0));
#367=VECTOR('',#366,6.4E-1);
#368=CARTESIAN_POINT('',(0.E0,-2.22E0,3.2E-1));
#369=LINE('815',#368,#367);
#370=DIRECTION('',(0.E0,0.E0,1.E0));
#371=VECTOR('',#370,6.4E-1);
#372=CARTESIAN_POINT('',(0.E0,-2.22E0,-3.2E-1));
#373=LINE('817',#372,#371);
#374=DIRECTION('',(0.E0,1.E0,0.E0));
#375=VECTOR('',#374,6.4E-1);
#376=CARTESIAN_POINT('',(0.E0,-3.2E-1,-3.2E-1));
#377=LINE('877',#376,#375);
#378=DIRECTION('',(0.E0,0.E0,-1.E0));
#379=VECTOR('',#378,6.4E-1);
#380=CARTESIAN_POINT('',(0.E0,-3.2E-1,3.2E-1));
#381=LINE('879',#380,#379);
#382=DIRECTION('',(0.E0,-1.E0,0.E0));
#383=VECTOR('',#382,6.4E-1);
#384=CARTESIAN_POINT('',(0.E0,3.2E-1,3.2E-1));
#385=LINE('878',#384,#383);
#386=DIRECTION('',(0.E0,0.E0,1.E0));
#387=VECTOR('',#386,6.4E-1);
#388=CARTESIAN_POINT('',(0.E0,3.2E-1,-3.2E-1));
#389=LINE('880',#388,#387);
#390=DIRECTION('',(0.E0,-4.067366430757E-1,9.135454576427E-1));
#391=VECTOR('',#390,3.083417014582E-1);
#392=CARTESIAN_POINT('',(0.E0,-6.578386364411E0,9.233158392311E-1));
#393=LINE('1469',#392,#391);
#394=DIRECTION('',(0.E0,-4.067366430753E-1,-9.135454576428E-1));
#395=VECTOR('',#394,3.083417014581E-1);
#396=CARTESIAN_POINT('',(0.E0,-8.536199767018E0,1.205E0));
#397=LINE('1471',#396,#395);
#398=DIRECTION('',(0.E0,-4.067366430756E-1,9.135454576427E-1));
#399=VECTOR('',#398,3.083417014582E-1);
#400=CARTESIAN_POINT('',(0.E0,-9.118386364411E0,9.233158392311E-1));
#401=LINE('1330',#400,#399);
#402=DIRECTION('',(0.E0,-4.067366430691E-1,-9.135454576456E-1));
#403=VECTOR('',#402,3.083417014576E-1);
#404=CARTESIAN_POINT('',(0.E0,-1.107619976702E1,1.205E0));
#405=LINE('1332',#404,#403);
#406=DIRECTION('',(0.E0,-4.067366430686E-1,9.135454576458E-1));
#407=VECTOR('',#406,3.083417014575E-1);
#408=CARTESIAN_POINT('',(0.E0,-1.165838636441E1,9.233158392308E-1));
#409=LINE('1191',#408,#407);
#410=DIRECTION('',(0.E0,-4.067366430691E-1,-9.135454576456E-1));
#411=VECTOR('',#410,3.083417014576E-1);
#412=CARTESIAN_POINT('',(0.E0,-1.361619976702E1,1.205E0));
#413=LINE('1193',#412,#411);
#414=DIRECTION('',(0.E0,-4.067366430686E-1,9.135454576458E-1));
#415=VECTOR('',#414,3.083417014575E-1);
#416=CARTESIAN_POINT('',(0.E0,-1.419838636441E1,9.233158392308E-1));
#417=LINE('1052',#416,#415);
#418=DIRECTION('',(0.E0,-4.067366430691E-1,-9.135454576456E-1));
#419=VECTOR('',#418,3.083417014576E-1);
#420=CARTESIAN_POINT('',(0.E0,-1.615619976702E1,1.205E0));
#421=LINE('1054',#420,#419);
#422=DIRECTION('',(0.E0,-4.067366430686E-1,9.135454576458E-1));
#423=VECTOR('',#422,3.083417014575E-1);
#424=CARTESIAN_POINT('',(0.E0,-1.673838636441E1,9.233158392308E-1));
#425=LINE('929',#424,#423);
#426=DIRECTION('',(0.E0,-4.067366430691E-1,-9.135454576456E-1));
#427=VECTOR('',#426,3.083417014576E-1);
#428=CARTESIAN_POINT('',(0.E0,-1.869619976702E1,1.205E0));
#429=LINE('931',#428,#427);
#430=CARTESIAN_POINT('',(0.E0,-1.905E1,1.025E0));
#431=DIRECTION('',(-1.E0,0.E0,0.E0));
#432=DIRECTION('',(0.E0,9.135454576421E-1,-4.067366430769E-1));
#433=AXIS2_PLACEMENT_3D('',#430,#431,#432);
#435=CARTESIAN_POINT('',(0.E0,-1.905E1,-1.025E0));
#436=DIRECTION('',(-1.E0,0.E0,0.E0));
#437=DIRECTION('',(0.E0,0.E0,1.E0));
#438=AXIS2_PLACEMENT_3D('',#435,#436,#437);
#440=DIRECTION('',(0.E0,4.067366430686E-1,-9.135454576458E-1));
#441=VECTOR('',#440,3.083417014575E-1);
#442=CARTESIAN_POINT('',(0.E0,-1.882161363559E1,-9.233158392308E-1));
#443=LINE('935',#442,#441);
#444=DIRECTION('',(0.E0,4.067366430691E-1,9.135454576456E-1));
#445=VECTOR('',#444,3.083417014576E-1);
#446=CARTESIAN_POINT('',(0.E0,-1.686380023298E1,-1.205E0));
#447=LINE('925',#446,#445);
#448=DIRECTION('',(0.E0,4.067366430686E-1,-9.135454576458E-1));
#449=VECTOR('',#448,3.083417014575E-1);
#450=CARTESIAN_POINT('',(0.E0,-1.628161363559E1,-9.233158392308E-1));
#451=LINE('1058',#450,#449);
#452=DIRECTION('',(0.E0,4.067366430691E-1,9.135454576456E-1));
#453=VECTOR('',#452,3.083417014576E-1);
#454=CARTESIAN_POINT('',(0.E0,-1.432380023298E1,-1.205E0));
#455=LINE('1048',#454,#453);
#456=DIRECTION('',(0.E0,4.067366430686E-1,-9.135454576458E-1));
#457=VECTOR('',#456,3.083417014575E-1);
#458=CARTESIAN_POINT('',(0.E0,-1.374161363559E1,-9.233158392308E-1));
#459=LINE('1197',#458,#457);
#460=DIRECTION('',(0.E0,4.067366430691E-1,9.135454576456E-1));
#461=VECTOR('',#460,3.083417014576E-1);
#462=CARTESIAN_POINT('',(0.E0,-1.178380023298E1,-1.205E0));
#463=LINE('1187',#462,#461);
#464=DIRECTION('',(0.E0,4.067366430686E-1,-9.135454576458E-1));
#465=VECTOR('',#464,3.083417014575E-1);
#466=CARTESIAN_POINT('',(0.E0,-1.120161363559E1,-9.233158392308E-1));
#467=LINE('1336',#466,#465);
#468=DIRECTION('',(0.E0,4.067366430753E-1,9.135454576428E-1));
#469=VECTOR('',#468,3.083417014581E-1);
#470=CARTESIAN_POINT('',(0.E0,-9.243800232982E0,-1.205E0));
#471=LINE('1326',#470,#469);
#472=DIRECTION('',(0.E0,4.067366430756E-1,-9.135454576427E-1));
#473=VECTOR('',#472,3.083417014582E-1);
#474=CARTESIAN_POINT('',(0.E0,-8.661613635589E0,-9.233158392311E-1));
#475=LINE('1475',#474,#473);
#476=DIRECTION('',(0.E0,4.067366430753E-1,9.135454576428E-1));
#477=VECTOR('',#476,3.083417014581E-1);
#478=CARTESIAN_POINT('',(0.E0,-6.703800232982E0,-1.205E0));
#479=LINE('1465',#478,#477);
#480=DIRECTION('',(0.E0,4.067366430757E-1,-9.135454576427E-1));
#481=VECTOR('',#480,3.083417014582E-1);
#482=CARTESIAN_POINT('',(0.E0,-6.121613635589E0,-9.233158392311E-1));
#483=LINE('1614',#482,#481);
#484=DIRECTION('',(0.E0,4.067366430753E-1,9.135454576428E-1));
#485=VECTOR('',#484,3.083417014581E-1);
#486=CARTESIAN_POINT('',(0.E0,-4.163800232982E0,-1.205E0));
#487=LINE('1604',#486,#485);
#488=DIRECTION('',(0.E0,4.067366430757E-1,-9.135454576427E-1));
#489=VECTOR('',#488,3.083417014582E-1);
#490=CARTESIAN_POINT('',(0.E0,-3.581613635589E0,-9.233158392311E-1));
#491=LINE('404',#490,#489);
#492=DIRECTION('',(0.E0,4.067366430753E-1,9.135454576428E-1));
#493=VECTOR('',#492,3.083417014581E-1);
#494=CARTESIAN_POINT('',(0.E0,-1.623800232982E0,-1.205E0));
#495=LINE('394',#494,#493);
#496=DIRECTION('',(0.E0,4.067366430761E-1,-9.135454576425E-1));
#497=VECTOR('',#496,3.083417014582E-1);
#498=CARTESIAN_POINT('',(0.E0,-1.041613635589E0,-9.233158392311E-1));
#499=LINE('265',#498,#497);
#500=DIRECTION('',(0.E0,4.067366430757E-1,9.135454576426E-1));
#501=VECTOR('',#500,3.083417014581E-1);
#502=CARTESIAN_POINT('',(0.E0,9.161997670179E-1,-1.205E0));
#503=LINE('255',#502,#501);
#504=CARTESIAN_POINT('',(0.E0,1.27E0,-1.025E0));
#505=DIRECTION('',(-1.E0,0.E0,0.E0));
#506=DIRECTION('',(0.E0,-9.135454576428E-1,4.067366430754E-1));
#507=AXIS2_PLACEMENT_3D('',#504,#505,#506);
#509=CARTESIAN_POINT('',(0.E0,1.27E0,1.025E0));
#510=DIRECTION('',(-1.E0,0.E0,0.E0));
#511=DIRECTION('',(0.E0,0.E0,-1.E0));
#512=AXIS2_PLACEMENT_3D('',#509,#510,#511);
#514=DIRECTION('',(0.E0,-4.067366430761E-1,9.135454576425E-1));
#515=VECTOR('',#514,3.083417014582E-1);
#516=CARTESIAN_POINT('',(0.E0,1.041613635589E0,9.233158392311E-1));
#517=LINE('259',#516,#515);
#518=DIRECTION('',(0.E0,-4.067366430757E-1,-9.135454576426E-1));
#519=VECTOR('',#518,3.083417014581E-1);
#520=CARTESIAN_POINT('',(0.E0,-9.161997670179E-1,1.205E0));
#521=LINE('261',#520,#519);
#522=DIRECTION('',(0.E0,-4.067366430756E-1,9.135454576427E-1));
#523=VECTOR('',#522,3.083417014582E-1);
#524=CARTESIAN_POINT('',(0.E0,-1.498386364411E0,9.233158392311E-1));
#525=LINE('398',#524,#523);
#526=DIRECTION('',(0.E0,-4.067366430753E-1,-9.135454576428E-1));
#527=VECTOR('',#526,3.083417014581E-1);
#528=CARTESIAN_POINT('',(0.E0,-3.456199767018E0,1.205E0));
#529=LINE('400',#528,#527);
#530=DIRECTION('',(0.E0,-4.067366430757E-1,9.135454576427E-1));
#531=VECTOR('',#530,3.083417014582E-1);
#532=CARTESIAN_POINT('',(0.E0,-4.038386364411E0,9.233158392311E-1));
#533=LINE('1608',#532,#531);
#534=DIRECTION('',(0.E0,-4.067366430753E-1,-9.135454576428E-1));
#535=VECTOR('',#534,3.083417014581E-1);
#536=CARTESIAN_POINT('',(0.E0,-5.996199767018E0,1.205E0));
#537=LINE('1610',#536,#535);
#538=DIRECTION('',(0.E0,0.E0,-1.E0));
#539=VECTOR('',#538,6.4E-1);
#540=CARTESIAN_POINT('',(0.E0,-1.81E1,3.2E-1));
#541=LINE('1004',#540,#539);
#542=DIRECTION('',(-1.E0,-2.120149803225E-13,0.E0));
#543=VECTOR('',#542,2.061098615898E0);
#544=CARTESIAN_POINT('',(0.E0,-1.81E1,-3.2E-1));
#545=LINE('1009',#544,#543);
#546=DIRECTION('',(1.E0,2.102912812955E-13,0.E0));
#547=VECTOR('',#546,2.061098615898E0);
#548=CARTESIAN_POINT('',(-2.061098615898E0,-1.81E1,3.2E-1));
#549=LINE('1012',#548,#547);
#550=DIRECTION('',(0.E0,0.E0,-1.E0));
#551=VECTOR('',#550,6.4E-1);
#552=CARTESIAN_POINT('',(2.14E0,-1.81E1,3.2E-1));
#553=LINE('1005',#552,#551);
#554=DIRECTION('',(1.E0,-7.787847129515E-14,0.E0));
#555=VECTOR('',#554,5.611098615898E0);
#556=CARTESIAN_POINT('',(2.14E0,-1.81E1,3.2E-1));
#557=LINE('1013',#556,#555);
#558=DIRECTION('',(-1.E0,7.724531299193E-14,0.E0));
#559=VECTOR('',#558,5.611098615898E0);
#560=CARTESIAN_POINT('',(7.751098615898E0,-1.81E1,-3.2E-1));
#561=LINE('1008',#560,#559);
#562=DIRECTION('',(0.E0,0.E0,1.E0));
#563=VECTOR('',#562,2.4E-1);
#564=CARTESIAN_POINT('',(-2.49E0,-1.79E1,-1.2E-1));
#565=LINE('504',#564,#563);
#566=DIRECTION('',(0.E0,0.E0,-1.E0));
#567=VECTOR('',#566,6.4E-1);
#568=CARTESIAN_POINT('',(-2.061098615898E0,-1.81E1,3.2E-1));
#569=LINE('519',#568,#567);
#570=DIRECTION('',(-8.348171294781E-1,3.892816206369E-1,3.892816206350E-1));
#571=VECTOR('',#570,5.137668705596E-1);
#572=CARTESIAN_POINT('',(-2.061098615898E0,-1.81E1,-3.2E-1));
#573=LINE('505',#572,#571);
#574=DIRECTION('',(0.E0,1.E0,0.E0));
#575=VECTOR('',#574,2.399999999988E-1);
#576=CARTESIAN_POINT('',(-2.49E0,-1.79E1,1.2E-1));
#577=LINE('503',#576,#575);
#578=DIRECTION('',(0.E0,-1.E0,0.E0));
#579=VECTOR('',#578,6.400000000009E-1);
#580=CARTESIAN_POINT('',(-2.061098615898E0,-1.746E1,3.2E-1));
#581=LINE('516',#580,#579);
#582=DIRECTION('',(-8.348171294781E-1,3.892816206369E-1,-3.892816206350E-1));
#583=VECTOR('',#582,5.137668705596E-1);
#584=CARTESIAN_POINT('',(-2.061098615898E0,-1.81E1,3.2E-1));
#585=LINE('522',#584,#583);
#586=DIRECTION('',(-8.348171294781E-1,-3.892816206369E-1,-3.892816206350E-1));
#587=VECTOR('',#586,5.137668705596E-1);
#588=CARTESIAN_POINT('',(-2.061098615898E0,-1.746E1,3.2E-1));
#589=LINE('523',#588,#587);
#590=DIRECTION('',(0.E0,0.E0,-1.E0));
#591=VECTOR('',#590,2.4E-1);
#592=CARTESIAN_POINT('',(-2.49E0,-1.766E1,1.2E-1));
#593=LINE('502',#592,#591);
#594=DIRECTION('',(8.348171294781E-1,3.892816206369E-1,-3.892816206350E-1));
#595=VECTOR('',#594,5.137668705596E-1);
#596=CARTESIAN_POINT('',(-2.49E0,-1.766E1,-1.2E-1));
#597=LINE('524',#596,#595);
#598=DIRECTION('',(0.E0,0.E0,1.E0));
#599=VECTOR('',#598,6.4E-1);
#600=CARTESIAN_POINT('',(0.E0,-1.746E1,-3.2E-1));
#601=LINE('1006',#600,#599);
#602=DIRECTION('',(-1.E0,2.085675822685E-13,0.E0));
#603=VECTOR('',#602,2.061098615898E0);
#604=CARTESIAN_POINT('',(0.E0,-1.746E1,3.2E-1));
#605=LINE('1011',#604,#603);
#606=DIRECTION('',(0.E0,0.E0,-1.E0));
#607=VECTOR('',#606,6.4E-1);
#608=CARTESIAN_POINT('',(-2.061098615898E0,-1.746E1,3.2E-1));
#609=LINE('526',#608,#607);
#610=DIRECTION('',(1.E0,-2.085675822685E-13,0.E0));
#611=VECTOR('',#610,2.061098615898E0);
#612=CARTESIAN_POINT('',(-2.061098615898E0,-1.746E1,-3.2E-1));
#613=LINE('1014',#612,#611);
#614=DIRECTION('',(0.E0,0.E0,1.E0));
#615=VECTOR('',#614,6.4E-1);
#616=CARTESIAN_POINT('',(2.14E0,-1.746E1,-3.2E-1));
#617=LINE('1007',#616,#615);
#618=DIRECTION('',(1.E0,7.661215468872E-14,0.E0));
#619=VECTOR('',#618,5.611098615898E0);
#620=CARTESIAN_POINT('',(2.14E0,-1.746E1,-3.2E-1));
#621=LINE('1015',#620,#619);
#622=DIRECTION('',(-1.E0,-7.661215468872E-14,0.E0));
#623=VECTOR('',#622,5.611098615898E0);
#624=CARTESIAN_POINT('',(7.751098615898E0,-1.746E1,3.2E-1));
#625=LINE('1010',#624,#623);
#626=DIRECTION('',(0.E0,-1.E0,0.E0));
#627=VECTOR('',#626,6.4E-1);
#628=CARTESIAN_POINT('',(0.E0,-1.746E1,3.2E-1));
#629=LINE('1002',#628,#627);
#630=DIRECTION('',(0.E0,-1.E0,0.E0));
#631=VECTOR('',#630,6.4E-1);
#632=CARTESIAN_POINT('',(2.14E0,-1.746E1,3.2E-1));
#633=LINE('1003',#632,#631);
#634=DIRECTION('',(0.E0,-1.E0,0.E0));
#635=VECTOR('',#634,6.400000000009E-1);
#636=CARTESIAN_POINT('',(7.751098615898E0,-1.746E1,3.2E-1));
#637=LINE('515',#636,#635);
#638=CARTESIAN_POINT('',(2.14E0,-1.712E1,-5.6E-1));
#639=DIRECTION('',(1.E0,0.E0,0.E0));
#640=DIRECTION('',(0.E0,1.E0,0.E0));
#641=AXIS2_PLACEMENT_3D('',#638,#639,#640);
#643=CARTESIAN_POINT('',(2.14E0,-1.712E1,-5.6E-1));
#644=DIRECTION('',(1.E0,0.E0,0.E0));
#645=DIRECTION('',(0.E0,-1.E0,0.E0));
#646=AXIS2_PLACEMENT_3D('',#643,#644,#645);
#648=CARTESIAN_POINT('',(2.14E0,-1.844E1,5.6E-1));
#649=DIRECTION('',(1.E0,0.E0,0.E0));
#650=DIRECTION('',(0.E0,1.E0,0.E0));
#651=AXIS2_PLACEMENT_3D('',#648,#649,#650);
#653=CARTESIAN_POINT('',(2.14E0,-1.844E1,5.6E-1));
#654=DIRECTION('',(1.E0,0.E0,0.E0));
#655=DIRECTION('',(0.E0,-1.E0,0.E0));
#656=AXIS2_PLACEMENT_3D('',#653,#654,#655);
#658=CARTESIAN_POINT('',(2.14E0,-1.59E1,5.6E-1));
#659=DIRECTION('',(1.E0,0.E0,0.E0));
#660=DIRECTION('',(0.E0,1.E0,0.E0));
#661=AXIS2_PLACEMENT_3D('',#658,#659,#660);
#663=CARTESIAN_POINT('',(2.14E0,-1.59E1,5.6E-1));
#664=DIRECTION('',(1.E0,0.E0,0.E0));
#665=DIRECTION('',(0.E0,-1.E0,0.E0));
#666=AXIS2_PLACEMENT_3D('',#663,#664,#665);
#668=CARTESIAN_POINT('',(2.14E0,-1.458E1,-5.6E-1));
#669=DIRECTION('',(1.E0,0.E0,0.E0));
#670=DIRECTION('',(0.E0,1.E0,0.E0));
#671=AXIS2_PLACEMENT_3D('',#668,#669,#670);
#673=CARTESIAN_POINT('',(2.14E0,-1.458E1,-5.6E-1));
#674=DIRECTION('',(1.E0,0.E0,0.E0));
#675=DIRECTION('',(0.E0,-1.E0,0.E0));
#676=AXIS2_PLACEMENT_3D('',#673,#674,#675);
#678=CARTESIAN_POINT('',(2.14E0,-1.336E1,5.6E-1));
#679=DIRECTION('',(1.E0,0.E0,0.E0));
#680=DIRECTION('',(0.E0,1.E0,0.E0));
#681=AXIS2_PLACEMENT_3D('',#678,#679,#680);
#683=CARTESIAN_POINT('',(2.14E0,-1.336E1,5.6E-1));
#684=DIRECTION('',(1.E0,0.E0,0.E0));
#685=DIRECTION('',(0.E0,-1.E0,0.E0));
#686=AXIS2_PLACEMENT_3D('',#683,#684,#685);
#688=CARTESIAN_POINT('',(2.14E0,-1.204E1,-5.6E-1));
#689=DIRECTION('',(1.E0,0.E0,0.E0));
#690=DIRECTION('',(0.E0,1.E0,0.E0));
#691=AXIS2_PLACEMENT_3D('',#688,#689,#690);
#693=CARTESIAN_POINT('',(2.14E0,-1.204E1,-5.6E-1));
#694=DIRECTION('',(1.E0,0.E0,0.E0));
#695=DIRECTION('',(0.E0,-1.E0,0.E0));
#696=AXIS2_PLACEMENT_3D('',#693,#694,#695);
#698=CARTESIAN_POINT('',(2.14E0,-1.082E1,5.6E-1));
#699=DIRECTION('',(1.E0,0.E0,0.E0));
#700=DIRECTION('',(0.E0,1.E0,0.E0));
#701=AXIS2_PLACEMENT_3D('',#698,#699,#700);
#703=CARTESIAN_POINT('',(2.14E0,-1.082E1,5.6E-1));
#704=DIRECTION('',(1.E0,0.E0,0.E0));
#705=DIRECTION('',(0.E0,-1.E0,0.E0));
#706=AXIS2_PLACEMENT_3D('',#703,#704,#705);
#708=CARTESIAN_POINT('',(2.14E0,-9.5E0,-5.6E-1));
#709=DIRECTION('',(1.E0,0.E0,0.E0));
#710=DIRECTION('',(0.E0,1.E0,0.E0));
#711=AXIS2_PLACEMENT_3D('',#708,#709,#710);
#713=CARTESIAN_POINT('',(2.14E0,-9.5E0,-5.6E-1));
#714=DIRECTION('',(1.E0,0.E0,0.E0));
#715=DIRECTION('',(0.E0,-1.E0,0.E0));
#716=AXIS2_PLACEMENT_3D('',#713,#714,#715);
#718=CARTESIAN_POINT('',(2.14E0,-8.28E0,5.6E-1));
#719=DIRECTION('',(1.E0,0.E0,0.E0));
#720=DIRECTION('',(0.E0,1.E0,0.E0));
#721=AXIS2_PLACEMENT_3D('',#718,#719,#720);
#723=CARTESIAN_POINT('',(2.14E0,-8.28E0,5.6E-1));
#724=DIRECTION('',(1.E0,0.E0,0.E0));
#725=DIRECTION('',(0.E0,-1.E0,0.E0));
#726=AXIS2_PLACEMENT_3D('',#723,#724,#725);
#728=CARTESIAN_POINT('',(2.14E0,-6.96E0,-5.6E-1));
#729=DIRECTION('',(1.E0,0.E0,0.E0));
#730=DIRECTION('',(0.E0,1.E0,0.E0));
#731=AXIS2_PLACEMENT_3D('',#728,#729,#730);
#733=CARTESIAN_POINT('',(2.14E0,-6.96E0,-5.6E-1));
#734=DIRECTION('',(1.E0,0.E0,0.E0));
#735=DIRECTION('',(0.E0,-1.E0,0.E0));
#736=AXIS2_PLACEMENT_3D('',#733,#734,#735);
#738=CARTESIAN_POINT('',(2.14E0,-4.42E0,-5.6E-1));
#739=DIRECTION('',(1.E0,0.E0,0.E0));
#740=DIRECTION('',(0.E0,1.E0,0.E0));
#741=AXIS2_PLACEMENT_3D('',#738,#739,#740);
#743=CARTESIAN_POINT('',(2.14E0,-4.42E0,-5.6E-1));
#744=DIRECTION('',(1.E0,0.E0,0.E0));
#745=DIRECTION('',(0.E0,-1.E0,0.E0));
#746=AXIS2_PLACEMENT_3D('',#743,#744,#745);
#748=CARTESIAN_POINT('',(2.14E0,-5.74E0,5.6E-1));
#749=DIRECTION('',(1.E0,0.E0,0.E0));
#750=DIRECTION('',(0.E0,1.E0,0.E0));
#751=AXIS2_PLACEMENT_3D('',#748,#749,#750);
#753=CARTESIAN_POINT('',(2.14E0,-5.74E0,5.6E-1));
#754=DIRECTION('',(1.E0,0.E0,0.E0));
#755=DIRECTION('',(0.E0,-1.E0,0.E0));
#756=AXIS2_PLACEMENT_3D('',#753,#754,#755);
#758=CARTESIAN_POINT('',(2.14E0,-1.88E0,-5.6E-1));
#759=DIRECTION('',(1.E0,0.E0,0.E0));
#760=DIRECTION('',(0.E0,1.E0,0.E0));
#761=AXIS2_PLACEMENT_3D('',#758,#759,#760);
#763=CARTESIAN_POINT('',(2.14E0,-1.88E0,-5.6E-1));
#764=DIRECTION('',(1.E0,0.E0,0.E0));
#765=DIRECTION('',(0.E0,-1.E0,0.E0));
#766=AXIS2_PLACEMENT_3D('',#763,#764,#765);
#768=CARTESIAN_POINT('',(2.14E0,-3.2E0,5.6E-1));
#769=DIRECTION('',(1.E0,0.E0,0.E0));
#770=DIRECTION('',(0.E0,1.E0,0.E0));
#771=AXIS2_PLACEMENT_3D('',#768,#769,#770);
#773=CARTESIAN_POINT('',(2.14E0,-3.2E0,5.6E-1));
#774=DIRECTION('',(1.E0,0.E0,0.E0));
#775=DIRECTION('',(0.E0,-1.E0,0.E0));
#776=AXIS2_PLACEMENT_3D('',#773,#774,#775);
#778=CARTESIAN_POINT('',(2.14E0,-6.6E-1,5.6E-1));
#779=DIRECTION('',(1.E0,0.E0,0.E0));
#780=DIRECTION('',(0.E0,1.E0,0.E0));
#781=AXIS2_PLACEMENT_3D('',#778,#779,#780);
#783=CARTESIAN_POINT('',(2.14E0,-6.6E-1,5.6E-1));
#784=DIRECTION('',(1.E0,0.E0,0.E0));
#785=DIRECTION('',(0.E0,-1.E0,0.E0));
#786=AXIS2_PLACEMENT_3D('',#783,#784,#785);
#788=CARTESIAN_POINT('',(2.14E0,6.6E-1,-5.6E-1));
#789=DIRECTION('',(1.E0,0.E0,0.E0));
#790=DIRECTION('',(0.E0,1.E0,0.E0));
#791=AXIS2_PLACEMENT_3D('',#788,#789,#790);
#793=CARTESIAN_POINT('',(2.14E0,6.6E-1,-5.6E-1));
#794=DIRECTION('',(1.E0,0.E0,0.E0));
#795=DIRECTION('',(0.E0,-1.E0,0.E0));
#796=AXIS2_PLACEMENT_3D('',#793,#794,#795);
#798=DIRECTION('',(0.E0,1.E0,0.E0));
#799=VECTOR('',#798,6.4E-1);
#800=CARTESIAN_POINT('',(2.14E0,-2.86E0,-3.2E-1));
#801=LINE('818',#800,#799);
#802=DIRECTION('',(0.E0,0.E0,1.E0));
#803=VECTOR('',#802,6.4E-1);
#804=CARTESIAN_POINT('',(2.14E0,-2.22E0,-3.2E-1));
#805=LINE('821',#804,#803);
#806=DIRECTION('',(0.E0,-1.E0,0.E0));
#807=VECTOR('',#806,6.4E-1);
#808=CARTESIAN_POINT('',(2.14E0,-2.22E0,3.2E-1));
#809=LINE('819',#808,#807);
#810=DIRECTION('',(0.E0,0.E0,-1.E0));
#811=VECTOR('',#810,6.4E-1);
#812=CARTESIAN_POINT('',(2.14E0,-2.86E0,3.2E-1));
#813=LINE('820',#812,#811);
#814=DIRECTION('',(0.E0,1.E0,0.E0));
#815=VECTOR('',#814,6.4E-1);
#816=CARTESIAN_POINT('',(2.14E0,-3.2E-1,-3.2E-1));
#817=LINE('881',#816,#815);
#818=DIRECTION('',(0.E0,0.E0,1.E0));
#819=VECTOR('',#818,6.4E-1);
#820=CARTESIAN_POINT('',(2.14E0,3.2E-1,-3.2E-1));
#821=LINE('884',#820,#819);
#822=DIRECTION('',(0.E0,-1.E0,0.E0));
#823=VECTOR('',#822,6.4E-1);
#824=CARTESIAN_POINT('',(2.14E0,3.2E-1,3.2E-1));
#825=LINE('882',#824,#823);
#826=DIRECTION('',(0.E0,0.E0,-1.E0));
#827=VECTOR('',#826,6.4E-1);
#828=CARTESIAN_POINT('',(2.14E0,-3.2E-1,3.2E-1));
#829=LINE('883',#828,#827);
#830=CARTESIAN_POINT('',(2.14E0,-6.35E0,-1.025E0));
#831=DIRECTION('',(1.E0,0.E0,0.E0));
#832=DIRECTION('',(0.E0,9.135454576428E-1,4.067366430754E-1));
#833=AXIS2_PLACEMENT_3D('',#830,#831,#832);
#835=DIRECTION('',(0.E0,-4.067366430753E-1,-9.135454576428E-1));
#836=VECTOR('',#835,3.083417014581E-1);
#837=CARTESIAN_POINT('',(2.14E0,-6.578386364411E0,-9.233158392311E-1));
#838=LINE('1497',#837,#836);
#839=DIRECTION('',(0.E0,-1.E0,0.E0));
#840=VECTOR('',#839,1.832399534036E0);
#841=CARTESIAN_POINT('',(2.14E0,-6.703800232982E0,-1.205E0));
#842=LINE('1498',#841,#840);
#843=DIRECTION('',(0.E0,-4.067366430753E-1,9.135454576428E-1));
#844=VECTOR('',#843,3.083417014582E-1);
#845=CARTESIAN_POINT('',(2.14E0,-8.536199767018E0,-1.205E0));
#846=LINE('1499',#845,#844);
#847=CARTESIAN_POINT('',(2.14E0,-8.89E0,-1.025E0));
#848=DIRECTION('',(1.E0,0.E0,0.E0));
#849=DIRECTION('',(0.E0,9.135454576428E-1,4.067366430754E-1));
#850=AXIS2_PLACEMENT_3D('',#847,#848,#849);
#852=DIRECTION('',(0.E0,-4.067366430753E-1,-9.135454576428E-1));
#853=VECTOR('',#852,3.083417014581E-1);
#854=CARTESIAN_POINT('',(2.14E0,-9.118386364411E0,-9.233158392311E-1));
#855=LINE('1358',#854,#853);
#856=DIRECTION('',(0.E0,-1.E0,-6.264848828751E-14));
#857=VECTOR('',#856,1.832399534038E0);
#858=CARTESIAN_POINT('',(2.14E0,-9.243800232982E0,-1.205E0));
#859=LINE('1359',#858,#857);
#860=DIRECTION('',(0.E0,-4.067366430691E-1,9.135454576456E-1));
#861=VECTOR('',#860,3.083417014576E-1);
#862=CARTESIAN_POINT('',(2.14E0,-1.107619976702E1,-1.205E0));
#863=LINE('1360',#862,#861);
#864=CARTESIAN_POINT('',(2.14E0,-1.143E1,-1.025E0));
#865=DIRECTION('',(1.E0,0.E0,0.E0));
#866=DIRECTION('',(0.E0,9.135454576421E-1,4.067366430769E-1));
#867=AXIS2_PLACEMENT_3D('',#864,#865,#866);
#869=DIRECTION('',(0.E0,-4.067366430691E-1,-9.135454576456E-1));
#870=VECTOR('',#869,3.083417014577E-1);
#871=CARTESIAN_POINT('',(2.14E0,-1.165838636441E1,-9.233158392308E-1));
#872=LINE('1219',#871,#870);
#873=DIRECTION('',(0.E0,-1.E0,0.E0));
#874=VECTOR('',#873,1.832399534041E0);
#875=CARTESIAN_POINT('',(2.14E0,-1.178380023298E1,-1.205E0));
#876=LINE('1220',#875,#874);
#877=DIRECTION('',(0.E0,-4.067366430691E-1,9.135454576456E-1));
#878=VECTOR('',#877,3.083417014576E-1);
#879=CARTESIAN_POINT('',(2.14E0,-1.361619976702E1,-1.205E0));
#880=LINE('1221',#879,#878);
#881=CARTESIAN_POINT('',(2.14E0,-1.397E1,-1.025E0));
#882=DIRECTION('',(1.E0,0.E0,0.E0));
#883=DIRECTION('',(0.E0,9.135454576421E-1,4.067366430769E-1));
#884=AXIS2_PLACEMENT_3D('',#881,#882,#883);
#886=DIRECTION('',(0.E0,-4.067366430691E-1,-9.135454576456E-1));
#887=VECTOR('',#886,3.083417014577E-1);
#888=CARTESIAN_POINT('',(2.14E0,-1.419838636441E1,-9.233158392308E-1));
#889=LINE('1080',#888,#887);
#890=DIRECTION('',(0.E0,-1.E0,0.E0));
#891=VECTOR('',#890,1.832399534041E0);
#892=CARTESIAN_POINT('',(2.14E0,-1.432380023298E1,-1.205E0));
#893=LINE('1081',#892,#891);
#894=DIRECTION('',(0.E0,-4.067366430691E-1,9.135454576456E-1));
#895=VECTOR('',#894,3.083417014576E-1);
#896=CARTESIAN_POINT('',(2.14E0,-1.615619976702E1,-1.205E0));
#897=LINE('1082',#896,#895);
#898=CARTESIAN_POINT('',(2.14E0,-1.651E1,-1.025E0));
#899=DIRECTION('',(1.E0,0.E0,0.E0));
#900=DIRECTION('',(0.E0,9.135454576421E-1,4.067366430769E-1));
#901=AXIS2_PLACEMENT_3D('',#898,#899,#900);
#903=DIRECTION('',(0.E0,-4.067366430691E-1,-9.135454576456E-1));
#904=VECTOR('',#903,3.083417014577E-1);
#905=CARTESIAN_POINT('',(2.14E0,-1.673838636441E1,-9.233158392308E-1));
#906=LINE('957',#905,#904);
#907=DIRECTION('',(0.E0,-1.E0,0.E0));
#908=VECTOR('',#907,1.832399534041E0);
#909=CARTESIAN_POINT('',(2.14E0,-1.686380023298E1,-1.205E0));
#910=LINE('958',#909,#908);
#911=DIRECTION('',(0.E0,-4.067366430691E-1,9.135454576456E-1));
#912=VECTOR('',#911,3.083417014576E-1);
#913=CARTESIAN_POINT('',(2.14E0,-1.869619976702E1,-1.205E0));
#914=LINE('959',#913,#912);
#915=CARTESIAN_POINT('',(2.14E0,-1.905E1,-1.025E0));
#916=DIRECTION('',(1.E0,0.E0,0.E0));
#917=DIRECTION('',(0.E0,9.135454576421E-1,4.067366430769E-1));
#918=AXIS2_PLACEMENT_3D('',#915,#916,#917);
#920=DIRECTION('',(0.E0,1.375244004697E-14,1.E0));
#921=VECTOR('',#920,1.55E0);
#922=CARTESIAN_POINT('',(2.14E0,-1.905E1,-7.75E-1));
#923=LINE('961',#922,#921);
#924=CARTESIAN_POINT('',(2.14E0,-1.905E1,1.025E0));
#925=DIRECTION('',(1.E0,0.E0,0.E0));
#926=DIRECTION('',(0.E0,1.421085471520E-14,-1.E0));
#927=AXIS2_PLACEMENT_3D('',#924,#925,#926);
#929=DIRECTION('',(0.E0,4.067366430685E-1,9.135454576458E-1));
#930=VECTOR('',#929,3.083417014576E-1);
#931=CARTESIAN_POINT('',(2.14E0,-1.882161363559E1,9.233158392308E-1));
#932=LINE('963',#931,#930);
#933=DIRECTION('',(0.E0,1.E0,0.E0));
#934=VECTOR('',#933,1.832399534041E0);
#935=CARTESIAN_POINT('',(2.14E0,-1.869619976702E1,1.205E0));
#936=LINE('964',#935,#934);
#937=DIRECTION('',(0.E0,4.067366430691E-1,-9.135454576456E-1));
#938=VECTOR('',#937,3.083417014576E-1);
#939=CARTESIAN_POINT('',(2.14E0,-1.686380023298E1,1.205E0));
#940=LINE('965',#939,#938);
#941=CARTESIAN_POINT('',(2.14E0,-1.651E1,1.025E0));
#942=DIRECTION('',(1.E0,0.E0,0.E0));
#943=DIRECTION('',(0.E0,-9.135454576421E-1,-4.067366430769E-1));
#944=AXIS2_PLACEMENT_3D('',#941,#942,#943);
#946=DIRECTION('',(0.E0,4.067366430686E-1,9.135454576458E-1));
#947=VECTOR('',#946,3.083417014576E-1);
#948=CARTESIAN_POINT('',(2.14E0,-1.628161363559E1,9.233158392308E-1));
#949=LINE('1086',#948,#947);
#950=DIRECTION('',(0.E0,1.E0,0.E0));
#951=VECTOR('',#950,1.832399534041E0);
#952=CARTESIAN_POINT('',(2.14E0,-1.615619976702E1,1.205E0));
#953=LINE('1087',#952,#951);
#954=DIRECTION('',(0.E0,4.067366430691E-1,-9.135454576456E-1));
#955=VECTOR('',#954,3.083417014576E-1);
#956=CARTESIAN_POINT('',(2.14E0,-1.432380023298E1,1.205E0));
#957=LINE('1088',#956,#955);
#958=CARTESIAN_POINT('',(2.14E0,-1.397E1,1.025E0));
#959=DIRECTION('',(1.E0,0.E0,0.E0));
#960=DIRECTION('',(0.E0,-9.135454576421E-1,-4.067366430769E-1));
#961=AXIS2_PLACEMENT_3D('',#958,#959,#960);
#963=DIRECTION('',(0.E0,4.067366430686E-1,9.135454576458E-1));
#964=VECTOR('',#963,3.083417014576E-1);
#965=CARTESIAN_POINT('',(2.14E0,-1.374161363559E1,9.233158392308E-1));
#966=LINE('1225',#965,#964);
#967=DIRECTION('',(0.E0,1.E0,0.E0));
#968=VECTOR('',#967,1.832399534041E0);
#969=CARTESIAN_POINT('',(2.14E0,-1.361619976702E1,1.205E0));
#970=LINE('1226',#969,#968);
#971=DIRECTION('',(0.E0,4.067366430691E-1,-9.135454576456E-1));
#972=VECTOR('',#971,3.083417014576E-1);
#973=CARTESIAN_POINT('',(2.14E0,-1.178380023298E1,1.205E0));
#974=LINE('1227',#973,#972);
#975=CARTESIAN_POINT('',(2.14E0,-1.143E1,1.025E0));
#976=DIRECTION('',(1.E0,0.E0,0.E0));
#977=DIRECTION('',(0.E0,-9.135454576421E-1,-4.067366430769E-1));
#978=AXIS2_PLACEMENT_3D('',#975,#976,#977);
#980=DIRECTION('',(0.E0,4.067366430686E-1,9.135454576458E-1));
#981=VECTOR('',#980,3.083417014576E-1);
#982=CARTESIAN_POINT('',(2.14E0,-1.120161363559E1,9.233158392308E-1));
#983=LINE('1364',#982,#981);
#984=DIRECTION('',(0.E0,1.E0,-6.252731132757E-14));
#985=VECTOR('',#984,1.832399534038E0);
#986=CARTESIAN_POINT('',(2.14E0,-1.107619976702E1,1.205E0));
#987=LINE('1365',#986,#985);
#988=DIRECTION('',(0.E0,4.067366430753E-1,-9.135454576428E-1));
#989=VECTOR('',#988,3.083417014582E-1);
#990=CARTESIAN_POINT('',(2.14E0,-9.243800232982E0,1.205E0));
#991=LINE('1366',#990,#989);
#992=CARTESIAN_POINT('',(2.14E0,-8.89E0,1.025E0));
#993=DIRECTION('',(1.E0,0.E0,0.E0));
#994=DIRECTION('',(0.E0,-9.135454576428E-1,-4.067366430754E-1));
#995=AXIS2_PLACEMENT_3D('',#992,#993,#994);
#997=DIRECTION('',(0.E0,4.067366430757E-1,9.135454576427E-1));
#998=VECTOR('',#997,3.083417014581E-1);
#999=CARTESIAN_POINT('',(2.14E0,-8.661613635589E0,9.233158392311E-1));
#1000=LINE('1503',#999,#998);
#1001=DIRECTION('',(0.E0,1.E0,0.E0));
#1002=VECTOR('',#1001,1.832399534036E0);
#1003=CARTESIAN_POINT('',(2.14E0,-8.536199767018E0,1.205E0));
#1004=LINE('1504',#1003,#1002);
#1005=DIRECTION('',(0.E0,4.067366430753E-1,-9.135454576428E-1));
#1006=VECTOR('',#1005,3.083417014582E-1);
#1007=CARTESIAN_POINT('',(2.14E0,-6.703800232982E0,1.205E0));
#1008=LINE('1505',#1007,#1006);
#1009=CARTESIAN_POINT('',(2.14E0,-6.35E0,1.025E0));
#1010=DIRECTION('',(1.E0,0.E0,0.E0));
#1011=DIRECTION('',(0.E0,-9.135454576428E-1,-4.067366430754E-1));
#1012=AXIS2_PLACEMENT_3D('',#1009,#1010,#1011);
#1014=DIRECTION('',(0.E0,4.067366430757E-1,9.135454576427E-1));
#1015=VECTOR('',#1014,3.083417014581E-1);
#1016=CARTESIAN_POINT('',(2.14E0,-6.121613635589E0,9.233158392311E-1));
#1017=LINE('1642',#1016,#1015);
#1018=DIRECTION('',(0.E0,1.E0,0.E0));
#1019=VECTOR('',#1018,1.832399534036E0);
#1020=CARTESIAN_POINT('',(2.14E0,-5.996199767018E0,1.205E0));
#1021=LINE('1643',#1020,#1019);
#1022=DIRECTION('',(0.E0,4.067366430753E-1,-9.135454576428E-1));
#1023=VECTOR('',#1022,3.083417014582E-1);
#1024=CARTESIAN_POINT('',(2.14E0,-4.163800232982E0,1.205E0));
#1025=LINE('1644',#1024,#1023);
#1026=CARTESIAN_POINT('',(2.14E0,-3.81E0,1.025E0));
#1027=DIRECTION('',(1.E0,0.E0,0.E0));
#1028=DIRECTION('',(0.E0,-9.135454576428E-1,-4.067366430754E-1));
#1029=AXIS2_PLACEMENT_3D('',#1026,#1027,#1028);
#1031=DIRECTION('',(0.E0,4.067366430756E-1,9.135454576427E-1));
#1032=VECTOR('',#1031,3.083417014581E-1);
#1033=CARTESIAN_POINT('',(2.14E0,-3.581613635589E0,9.233158392311E-1));
#1034=LINE('432',#1033,#1032);
#1035=DIRECTION('',(0.E0,1.E0,0.E0));
#1036=VECTOR('',#1035,1.832399534036E0);
#1037=CARTESIAN_POINT('',(2.14E0,-3.456199767018E0,1.205E0));
#1038=LINE('433',#1037,#1036);
#1039=DIRECTION('',(0.E0,4.067366430753E-1,-9.135454576428E-1));
#1040=VECTOR('',#1039,3.083417014582E-1);
#1041=CARTESIAN_POINT('',(2.14E0,-1.623800232982E0,1.205E0));
#1042=LINE('434',#1041,#1040);
#1043=CARTESIAN_POINT('',(2.14E0,-1.27E0,1.025E0));
#1044=DIRECTION('',(1.E0,0.E0,0.E0));
#1045=DIRECTION('',(0.E0,-9.135454576428E-1,-4.067366430754E-1));
#1046=AXIS2_PLACEMENT_3D('',#1043,#1044,#1045);
#1048=DIRECTION('',(0.E0,4.067366430761E-1,9.135454576425E-1));
#1049=VECTOR('',#1048,3.083417014581E-1);
#1050=CARTESIAN_POINT('',(2.14E0,-1.041613635589E0,9.233158392311E-1));
#1051=LINE('293',#1050,#1049);
#1052=DIRECTION('',(0.E0,1.E0,0.E0));
#1053=VECTOR('',#1052,1.832399534036E0);
#1054=CARTESIAN_POINT('',(2.14E0,-9.161997670179E-1,1.205E0));
#1055=LINE('294',#1054,#1053);
#1056=DIRECTION('',(0.E0,4.067366430757E-1,-9.135454576426E-1));
#1057=VECTOR('',#1056,3.083417014582E-1);
#1058=CARTESIAN_POINT('',(2.14E0,9.161997670179E-1,1.205E0));
#1059=LINE('295',#1058,#1057);
#1060=CARTESIAN_POINT('',(2.14E0,1.27E0,1.025E0));
#1061=DIRECTION('',(1.E0,0.E0,0.E0));
#1062=DIRECTION('',(0.E0,-9.135454576428E-1,-4.067366430754E-1));
#1063=AXIS2_PLACEMENT_3D('',#1060,#1061,#1062);
#1065=DIRECTION('',(0.E0,-1.418220379844E-14,-1.E0));
#1066=VECTOR('',#1065,1.55E0);
#1067=CARTESIAN_POINT('',(2.14E0,1.27E0,7.75E-1));
#1068=LINE('297',#1067,#1066);
#1069=CARTESIAN_POINT('',(2.14E0,1.27E0,-1.025E0));
#1070=DIRECTION('',(1.E0,0.E0,0.E0));
#1071=DIRECTION('',(0.E0,0.E0,1.E0));
#1072=AXIS2_PLACEMENT_3D('',#1069,#1070,#1071);
#1074=DIRECTION('',(0.E0,-4.067366430757E-1,-9.135454576426E-1));
#1075=VECTOR('',#1074,3.083417014581E-1);
#1076=CARTESIAN_POINT('',(2.14E0,1.041613635589E0,-9.233158392311E-1));
#1077=LINE('287',#1076,#1075);
#1078=DIRECTION('',(0.E0,-1.E0,0.E0));
#1079=VECTOR('',#1078,1.832399534036E0);
#1080=CARTESIAN_POINT('',(2.14E0,9.161997670179E-1,-1.205E0));
#1081=LINE('288',#1080,#1079);
#1082=DIRECTION('',(0.E0,-4.067366430757E-1,9.135454576426E-1));
#1083=VECTOR('',#1082,3.083417014582E-1);
#1084=CARTESIAN_POINT('',(2.14E0,-9.161997670179E-1,-1.205E0));
#1085=LINE('289',#1084,#1083);
#1086=CARTESIAN_POINT('',(2.14E0,-1.27E0,-1.025E0));
#1087=DIRECTION('',(1.E0,0.E0,0.E0));
#1088=DIRECTION('',(0.E0,9.135454576428E-1,4.067366430754E-1));
#1089=AXIS2_PLACEMENT_3D('',#1086,#1087,#1088);
#1091=DIRECTION('',(0.E0,-4.067366430753E-1,-9.135454576428E-1));
#1092=VECTOR('',#1091,3.083417014581E-1);
#1093=CARTESIAN_POINT('',(2.14E0,-1.498386364411E0,-9.233158392311E-1));
#1094=LINE('426',#1093,#1092);
#1095=DIRECTION('',(0.E0,-1.E0,0.E0));
#1096=VECTOR('',#1095,1.832399534036E0);
#1097=CARTESIAN_POINT('',(2.14E0,-1.623800232982E0,-1.205E0));
#1098=LINE('427',#1097,#1096);
#1099=DIRECTION('',(0.E0,-4.067366430753E-1,9.135454576428E-1));
#1100=VECTOR('',#1099,3.083417014582E-1);
#1101=CARTESIAN_POINT('',(2.14E0,-3.456199767018E0,-1.205E0));
#1102=LINE('428',#1101,#1100);
#1103=CARTESIAN_POINT('',(2.14E0,-3.81E0,-1.025E0));
#1104=DIRECTION('',(1.E0,0.E0,0.E0));
#1105=DIRECTION('',(0.E0,9.135454576428E-1,4.067366430754E-1));
#1106=AXIS2_PLACEMENT_3D('',#1103,#1104,#1105);
#1108=DIRECTION('',(0.E0,-4.067366430753E-1,-9.135454576428E-1));
#1109=VECTOR('',#1108,3.083417014581E-1);
#1110=CARTESIAN_POINT('',(2.14E0,-4.038386364411E0,-9.233158392311E-1));
#1111=LINE('1636',#1110,#1109);
#1112=DIRECTION('',(0.E0,-1.E0,0.E0));
#1113=VECTOR('',#1112,1.832399534036E0);
#1114=CARTESIAN_POINT('',(2.14E0,-4.163800232982E0,-1.205E0));
#1115=LINE('1637',#1114,#1113);
#1116=DIRECTION('',(0.E0,-4.067366430753E-1,9.135454576428E-1));
#1117=VECTOR('',#1116,3.083417014582E-1);
#1118=CARTESIAN_POINT('',(2.14E0,-5.996199767018E0,-1.205E0));
#1119=LINE('1638',#1118,#1117);
#1120=DIRECTION('',(1.E0,-1.776356839400E-14,0.E0));
#1121=VECTOR('',#1120,2.E-1);
#1122=CARTESIAN_POINT('',(2.14E0,-1.7325E1,-5.6E-1));
#1123=LINE('988',#1122,#1121);
#1124=DIRECTION('',(-1.E0,0.E0,0.E0));
#1125=VECTOR('',#1124,2.E-1);
#1126=CARTESIAN_POINT('',(2.34E0,-1.6915E1,-5.6E-1));
#1127=LINE('987',#1126,#1125);
#1128=CARTESIAN_POINT('',(2.34E0,-1.712E1,-5.6E-1));
#1129=DIRECTION('',(-1.E0,0.E0,0.E0));
#1130=DIRECTION('',(0.E0,-1.E0,0.E0));
#1131=AXIS2_PLACEMENT_3D('',#1128,#1129,#1130);
#1133=CARTESIAN_POINT('',(2.34E0,-1.712E1,-5.6E-1));
#1134=DIRECTION('',(-1.E0,0.E0,0.E0));
#1135=DIRECTION('',(0.E0,1.E0,0.E0));
#1136=AXIS2_PLACEMENT_3D('',#1133,#1134,#1135);
#1138=DIRECTION('',(1.E0,0.E0,0.E0));
#1139=VECTOR('',#1138,2.E-1);
#1140=CARTESIAN_POINT('',(2.14E0,-1.8645E1,5.6E-1));
#1141=LINE('982',#1140,#1139);
#1142=DIRECTION('',(-1.E0,0.E0,0.E0));
#1143=VECTOR('',#1142,2.E-1);
#1144=CARTESIAN_POINT('',(2.34E0,-1.8235E1,5.6E-1));
#1145=LINE('981',#1144,#1143);
#1146=CARTESIAN_POINT('',(2.34E0,-1.844E1,5.6E-1));
#1147=DIRECTION('',(-1.E0,0.E0,0.E0));
#1148=DIRECTION('',(0.E0,-1.E0,0.E0));
#1149=AXIS2_PLACEMENT_3D('',#1146,#1147,#1148);
#1151=CARTESIAN_POINT('',(2.34E0,-1.844E1,5.6E-1));
#1152=DIRECTION('',(-1.E0,0.E0,0.E0));
#1153=DIRECTION('',(0.E0,1.E0,0.E0));
#1154=AXIS2_PLACEMENT_3D('',#1151,#1152,#1153);
#1156=DIRECTION('',(1.E0,0.E0,0.E0));
#1157=VECTOR('',#1156,2.E-1);
#1158=CARTESIAN_POINT('',(2.14E0,-1.6105E1,5.6E-1));
#1159=LINE('1105',#1158,#1157);
#1160=DIRECTION('',(-1.E0,2.664535259100E-14,0.E0));
#1161=VECTOR('',#1160,2.E-1);
#1162=CARTESIAN_POINT('',(2.34E0,-1.5695E1,5.6E-1));
#1163=LINE('1104',#1162,#1161);
#1164=CARTESIAN_POINT('',(2.34E0,-1.59E1,5.6E-1));
#1165=DIRECTION('',(-1.E0,0.E0,0.E0));
#1166=DIRECTION('',(0.E0,-1.E0,0.E0));
#1167=AXIS2_PLACEMENT_3D('',#1164,#1165,#1166);
#1169=CARTESIAN_POINT('',(2.34E0,-1.59E1,5.6E-1));
#1170=DIRECTION('',(-1.E0,0.E0,0.E0));
#1171=DIRECTION('',(0.E0,1.E0,0.E0));
#1172=AXIS2_PLACEMENT_3D('',#1169,#1170,#1171);
#1174=DIRECTION('',(1.E0,0.E0,0.E0));
#1175=VECTOR('',#1174,2.E-1);
#1176=CARTESIAN_POINT('',(2.14E0,-1.4785E1,-5.6E-1));
#1177=LINE('1111',#1176,#1175);
#1178=DIRECTION('',(-1.E0,0.E0,0.E0));
#1179=VECTOR('',#1178,2.E-1);
#1180=CARTESIAN_POINT('',(2.34E0,-1.4375E1,-5.6E-1));
#1181=LINE('1110',#1180,#1179);
#1182=CARTESIAN_POINT('',(2.34E0,-1.458E1,-5.6E-1));
#1183=DIRECTION('',(-1.E0,0.E0,0.E0));
#1184=DIRECTION('',(0.E0,-1.E0,0.E0));
#1185=AXIS2_PLACEMENT_3D('',#1182,#1183,#1184);
#1187=CARTESIAN_POINT('',(2.34E0,-1.458E1,-5.6E-1));
#1188=DIRECTION('',(-1.E0,0.E0,0.E0));
#1189=DIRECTION('',(0.E0,1.E0,0.E0));
#1190=AXIS2_PLACEMENT_3D('',#1187,#1188,#1189);
#1192=DIRECTION('',(0.E0,1.E0,0.E0));
#1193=VECTOR('',#1192,6.4E-1);
#1194=CARTESIAN_POINT('',(0.E0,-1.556E1,-3.2E-1));
#1195=LINE('1123',#1194,#1193);
#1196=DIRECTION('',(0.E0,-1.E0,0.E0));
#1197=VECTOR('',#1196,6.400000000009E-1);
#1198=CARTESIAN_POINT('',(-2.061098615898E0,-1.492E1,-3.2E-1));
#1199=LINE('554',#1198,#1197);
#1200=DIRECTION('',(0.E0,1.E0,0.E0));
#1201=VECTOR('',#1200,6.4E-1);
#1202=CARTESIAN_POINT('',(2.14E0,-1.556E1,-3.2E-1));
#1203=LINE('1124',#1202,#1201);
#1204=DIRECTION('',(0.E0,0.E0,1.E0));
#1205=VECTOR('',#1204,6.4E-1);
#1206=CARTESIAN_POINT('',(0.E0,-1.492E1,-3.2E-1));
#1207=LINE('1129',#1206,#1205);
#1208=DIRECTION('',(-1.E0,2.094294317820E-13,0.E0));
#1209=VECTOR('',#1208,2.061098615898E0);
#1210=CARTESIAN_POINT('',(0.E0,-1.492E1,3.2E-1));
#1211=LINE('1138',#1210,#1209);
#1212=DIRECTION('',(0.E0,0.E0,-1.E0));
#1213=VECTOR('',#1212,6.4E-1);
#1214=CARTESIAN_POINT('',(-2.061098615898E0,-1.492E1,3.2E-1));
#1215=LINE('573',#1214,#1213);
#1216=DIRECTION('',(1.E0,-2.094294317820E-13,0.E0));
#1217=VECTOR('',#1216,2.061098615898E0);
#1218=CARTESIAN_POINT('',(-2.061098615898E0,-1.492E1,-3.2E-1));
#1219=LINE('1141',#1218,#1217);
#1220=DIRECTION('',(0.E0,0.E0,1.E0));
#1221=VECTOR('',#1220,6.4E-1);
#1222=CARTESIAN_POINT('',(2.14E0,-1.492E1,-3.2E-1));
#1223=LINE('1130',#1222,#1221);
#1224=DIRECTION('',(1.E0,7.661215468872E-14,0.E0));
#1225=VECTOR('',#1224,5.611098615898E0);
#1226=CARTESIAN_POINT('',(2.14E0,-1.492E1,-3.2E-1));
#1227=LINE('1142',#1226,#1225);
#1228=DIRECTION('',(-1.E0,-7.692873384033E-14,0.E0));
#1229=VECTOR('',#1228,5.611098615898E0);
#1230=CARTESIAN_POINT('',(7.751098615898E0,-1.492E1,3.2E-1));
#1231=LINE('1137',#1230,#1229);
#1232=DIRECTION('',(0.E0,-1.E0,0.E0));
#1233=VECTOR('',#1232,6.4E-1);
#1234=CARTESIAN_POINT('',(0.E0,-1.492E1,3.2E-1));
#1235=LINE('1125',#1234,#1233);
#1236=DIRECTION('',(0.E0,-1.E0,0.E0));
#1237=VECTOR('',#1236,6.4E-1);
#1238=CARTESIAN_POINT('',(2.14E0,-1.492E1,3.2E-1));
#1239=LINE('1126',#1238,#1237);
#1240=DIRECTION('',(0.E0,-1.E0,0.E0));
#1241=VECTOR('',#1240,6.400000000009E-1);
#1242=CARTESIAN_POINT('',(7.751098615898E0,-1.492E1,3.2E-1));
#1243=LINE('562',#1242,#1241);
#1244=DIRECTION('',(0.E0,0.E0,-1.E0));
#1245=VECTOR('',#1244,6.4E-1);
#1246=CARTESIAN_POINT('',(0.E0,-1.556E1,3.2E-1));
#1247=LINE('1127',#1246,#1245);
#1248=DIRECTION('',(-1.E0,-2.111531308090E-13,0.E0));
#1249=VECTOR('',#1248,2.061098615898E0);
#1250=CARTESIAN_POINT('',(0.E0,-1.556E1,-3.2E-1));
#1251=LINE('1136',#1250,#1249);
#1252=DIRECTION('',(1.E0,2.120149803225E-13,0.E0));
#1253=VECTOR('',#1252,2.061098615898E0);
#1254=CARTESIAN_POINT('',(-2.061098615898E0,-1.556E1,3.2E-1));
#1255=LINE('1139',#1254,#1253);
#1256=DIRECTION('',(0.E0,0.E0,-1.E0));
#1257=VECTOR('',#1256,6.4E-1);
#1258=CARTESIAN_POINT('',(2.14E0,-1.556E1,3.2E-1));
#1259=LINE('1128',#1258,#1257);
#1260=DIRECTION('',(1.E0,-7.756189214354E-14,0.E0));
#1261=VECTOR('',#1260,5.611098615898E0);
#1262=CARTESIAN_POINT('',(2.14E0,-1.556E1,3.2E-1));
#1263=LINE('1140',#1262,#1261);
#1264=DIRECTION('',(-1.E0,7.756189214354E-14,0.E0));
#1265=VECTOR('',#1264,5.611098615898E0);
#1266=CARTESIAN_POINT('',(7.751098615898E0,-1.556E1,-3.2E-1));
#1267=LINE('1135',#1266,#1265);
#1268=DIRECTION('',(0.E0,0.E0,1.E0));
#1269=VECTOR('',#1268,2.4E-1);
#1270=CARTESIAN_POINT('',(-2.49E0,-1.536E1,-1.2E-1));
#1271=LINE('551',#1270,#1269);
#1272=DIRECTION('',(0.E0,0.E0,-1.E0));
#1273=VECTOR('',#1272,6.4E-1);
#1274=CARTESIAN_POINT('',(-2.061098615898E0,-1.556E1,3.2E-1));
#1275=LINE('566',#1274,#1273);
#1276=DIRECTION('',(-8.348171294781E-1,3.892816206369E-1,3.892816206350E-1));
#1277=VECTOR('',#1276,5.137668705596E-1);
#1278=CARTESIAN_POINT('',(-2.061098615898E0,-1.556E1,-3.2E-1));
#1279=LINE('552',#1278,#1277);
#1280=DIRECTION('',(0.E0,-1.E0,0.E0));
#1281=VECTOR('',#1280,2.399999999988E-1);
#1282=CARTESIAN_POINT('',(-2.49E0,-1.512E1,-1.2E-1));
#1283=LINE('548',#1282,#1281);
#1284=DIRECTION('',(-8.348171294781E-1,-3.892816206369E-1,-3.892816206350E-1));
#1285=VECTOR('',#1284,5.137668705596E-1);
#1286=CARTESIAN_POINT('',(-2.061098615898E0,-1.492E1,3.2E-1));
#1287=LINE('570',#1286,#1285);
#1288=DIRECTION('',(0.E0,0.E0,-1.E0));
#1289=VECTOR('',#1288,2.4E-1);
#1290=CARTESIAN_POINT('',(-2.49E0,-1.512E1,1.2E-1));
#1291=LINE('549',#1290,#1289);
#1292=DIRECTION('',(8.348171294781E-1,3.892816206369E-1,-3.892816206350E-1));
#1293=VECTOR('',#1292,5.137668705596E-1);
#1294=CARTESIAN_POINT('',(-2.49E0,-1.512E1,-1.2E-1));
#1295=LINE('571',#1294,#1293);
#1296=DIRECTION('',(0.E0,1.E0,0.E0));
#1297=VECTOR('',#1296,2.399999999988E-1);
#1298=CARTESIAN_POINT('',(-2.49E0,-1.536E1,1.2E-1));
#1299=LINE('550',#1298,#1297);
#1300=DIRECTION('',(0.E0,-1.E0,0.E0));
#1301=VECTOR('',#1300,6.400000000009E-1);
#1302=CARTESIAN_POINT('',(-2.061098615898E0,-1.492E1,3.2E-1));
#1303=LINE('563',#1302,#1301);
#1304=DIRECTION('',(-8.348171294781E-1,3.892816206369E-1,-3.892816206350E-1));
#1305=VECTOR('',#1304,5.137668705596E-1);
#1306=CARTESIAN_POINT('',(-2.061098615898E0,-1.556E1,3.2E-1));
#1307=LINE('569',#1306,#1305);
#1308=DIRECTION('',(0.E0,0.E0,1.E0));
#1309=VECTOR('',#1308,6.4E-1);
#1310=CARTESIAN_POINT('',(7.751098615898E0,-1.556E1,-3.2E-1));
#1311=LINE('565',#1310,#1309);
#1312=DIRECTION('',(8.348171294781E-1,3.892816206369E-1,-3.892816206350E-1));
#1313=VECTOR('',#1312,5.137668705596E-1);
#1314=CARTESIAN_POINT('',(7.751098615898E0,-1.556E1,3.2E-1));
#1315=LINE('561',#1314,#1313);
#1316=DIRECTION('',(0.E0,-1.480297366167E-14,-1.E0));
#1317=VECTOR('',#1316,2.4E-1);
#1318=CARTESIAN_POINT('',(8.18E0,-1.536E1,1.2E-1));
#1319=LINE('560',#1318,#1317);
#1320=DIRECTION('',(-8.348171294781E-1,-3.892816206369E-1,-3.892816206350E-1));
#1321=VECTOR('',#1320,5.137668705596E-1);
#1322=CARTESIAN_POINT('',(8.18E0,-1.536E1,-1.2E-1));
#1323=LINE('568',#1322,#1321);
#1324=DIRECTION('',(0.E0,-1.E0,0.E0));
#1325=VECTOR('',#1324,2.399999999988E-1);
#1326=CARTESIAN_POINT('',(8.18E0,-1.512E1,1.2E-1));
#1327=LINE('557',#1326,#1325);
#1328=DIRECTION('',(0.E0,0.E0,-1.E0));
#1329=VECTOR('',#1328,6.4E-1);
#1330=CARTESIAN_POINT('',(7.751098615898E0,-1.492E1,3.2E-1));
#1331=LINE('572',#1330,#1329);
#1332=DIRECTION('',(8.348171294781E-1,-3.892816206369E-1,3.892816206350E-1));
#1333=VECTOR('',#1332,5.137668705596E-1);
#1334=CARTESIAN_POINT('',(7.751098615898E0,-1.492E1,-3.2E-1));
#1335=LINE('556',#1334,#1333);
#1336=DIRECTION('',(0.E0,0.E0,1.E0));
#1337=VECTOR('',#1336,2.4E-1);
#1338=CARTESIAN_POINT('',(8.18E0,-1.512E1,-1.2E-1));
#1339=LINE('558',#1338,#1337);
#1340=DIRECTION('',(-8.348171294781E-1,3.892816206369E-1,3.892816206350E-1));
#1341=VECTOR('',#1340,5.137668705596E-1);
#1342=CARTESIAN_POINT('',(8.18E0,-1.512E1,1.2E-1));
#1343=LINE('575',#1342,#1341);
#1344=DIRECTION('',(0.E0,-1.E0,0.E0));
#1345=VECTOR('',#1344,6.400000000009E-1);
#1346=CARTESIAN_POINT('',(7.751098615898E0,-1.492E1,-3.2E-1));
#1347=LINE('553',#1346,#1345);
#1348=DIRECTION('',(0.E0,-1.E0,0.E0));
#1349=VECTOR('',#1348,2.399999999988E-1);
#1350=CARTESIAN_POINT('',(8.18E0,-1.512E1,-1.2E-1));
#1351=LINE('559',#1350,#1349);
#1352=DIRECTION('',(1.E0,0.E0,0.E0));
#1353=VECTOR('',#1352,2.E-1);
#1354=CARTESIAN_POINT('',(2.14E0,-1.3565E1,5.6E-1));
#1355=LINE('1244',#1354,#1353);
#1356=DIRECTION('',(-1.E0,1.776356839400E-14,0.E0));
#1357=VECTOR('',#1356,2.E-1);
#1358=CARTESIAN_POINT('',(2.34E0,-1.3155E1,5.6E-1));
#1359=LINE('1243',#1358,#1357);
#1360=CARTESIAN_POINT('',(2.34E0,-1.336E1,5.6E-1));
#1361=DIRECTION('',(-1.E0,0.E0,0.E0));
#1362=DIRECTION('',(0.E0,-1.E0,0.E0));
#1363=AXIS2_PLACEMENT_3D('',#1360,#1361,#1362);
#1365=CARTESIAN_POINT('',(2.34E0,-1.336E1,5.6E-1));
#1366=DIRECTION('',(-1.E0,0.E0,0.E0));
#1367=DIRECTION('',(0.E0,1.E0,0.E0));
#1368=AXIS2_PLACEMENT_3D('',#1365,#1366,#1367);
#1370=DIRECTION('',(1.E0,0.E0,0.E0));
#1371=VECTOR('',#1370,2.E-1);
#1372=CARTESIAN_POINT('',(2.14E0,-1.2245E1,-5.6E-1));
#1373=LINE('1250',#1372,#1371);
#1374=DIRECTION('',(-1.E0,0.E0,0.E0));
#1375=VECTOR('',#1374,2.E-1);
#1376=CARTESIAN_POINT('',(2.34E0,-1.1835E1,-5.6E-1));
#1377=LINE('1249',#1376,#1375);
#1378=CARTESIAN_POINT('',(2.34E0,-1.204E1,-5.6E-1));
#1379=DIRECTION('',(-1.E0,0.E0,0.E0));
#1380=DIRECTION('',(0.E0,-1.E0,0.E0));
#1381=AXIS2_PLACEMENT_3D('',#1378,#1379,#1380);
#1383=CARTESIAN_POINT('',(2.34E0,-1.204E1,-5.6E-1));
#1384=DIRECTION('',(-1.E0,0.E0,0.E0));
#1385=DIRECTION('',(0.E0,1.E0,0.E0));
#1386=AXIS2_PLACEMENT_3D('',#1383,#1384,#1385);
#1388=DIRECTION('',(0.E0,1.E0,0.E0));
#1389=VECTOR('',#1388,6.4E-1);
#1390=CARTESIAN_POINT('',(0.E0,-1.302E1,-3.2E-1));
#1391=LINE('1262',#1390,#1389);
#1392=DIRECTION('',(0.E0,-1.E0,0.E0));
#1393=VECTOR('',#1392,6.400000000009E-1);
#1394=CARTESIAN_POINT('',(-2.061098615898E0,-1.238E1,-3.2E-1));
#1395=LINE('601',#1394,#1393);
#1396=DIRECTION('',(0.E0,1.E0,0.E0));
#1397=VECTOR('',#1396,6.4E-1);
#1398=CARTESIAN_POINT('',(2.14E0,-1.302E1,-3.2E-1));
#1399=LINE('1263',#1398,#1397);
#1400=DIRECTION('',(0.E0,0.E0,1.E0));
#1401=VECTOR('',#1400,6.4E-1);
#1402=CARTESIAN_POINT('',(0.E0,-1.238E1,-3.2E-1));
#1403=LINE('1268',#1402,#1401);
#1404=DIRECTION('',(-1.E0,2.102912812955E-13,0.E0));
#1405=VECTOR('',#1404,2.061098615898E0);
#1406=CARTESIAN_POINT('',(0.E0,-1.238E1,3.2E-1));
#1407=LINE('1277',#1406,#1405);
#1408=DIRECTION('',(0.E0,0.E0,-1.E0));
#1409=VECTOR('',#1408,6.4E-1);
#1410=CARTESIAN_POINT('',(-2.061098615898E0,-1.238E1,3.2E-1));
#1411=LINE('620',#1410,#1409);
#1412=DIRECTION('',(1.E0,-2.102912812955E-13,0.E0));
#1413=VECTOR('',#1412,2.061098615898E0);
#1414=CARTESIAN_POINT('',(-2.061098615898E0,-1.238E1,-3.2E-1));
#1415=LINE('1280',#1414,#1413);
#1416=DIRECTION('',(0.E0,0.E0,1.E0));
#1417=VECTOR('',#1416,6.4E-1);
#1418=CARTESIAN_POINT('',(2.14E0,-1.238E1,-3.2E-1));
#1419=LINE('1269',#1418,#1417);
#1420=DIRECTION('',(1.E0,7.724531299193E-14,0.E0));
#1421=VECTOR('',#1420,5.611098615898E0);
#1422=CARTESIAN_POINT('',(2.14E0,-1.238E1,-3.2E-1));
#1423=LINE('1281',#1422,#1421);
#1424=DIRECTION('',(-1.E0,-7.724531299193E-14,0.E0));
#1425=VECTOR('',#1424,5.611098615898E0);
#1426=CARTESIAN_POINT('',(7.751098615898E0,-1.238E1,3.2E-1));
#1427=LINE('1276',#1426,#1425);
#1428=DIRECTION('',(0.E0,-1.E0,0.E0));
#1429=VECTOR('',#1428,6.4E-1);
#1430=CARTESIAN_POINT('',(0.E0,-1.238E1,3.2E-1));
#1431=LINE('1264',#1430,#1429);
#1432=DIRECTION('',(0.E0,-1.E0,0.E0));
#1433=VECTOR('',#1432,6.4E-1);
#1434=CARTESIAN_POINT('',(2.14E0,-1.238E1,3.2E-1));
#1435=LINE('1265',#1434,#1433);
#1436=DIRECTION('',(0.E0,-1.E0,0.E0));
#1437=VECTOR('',#1436,6.400000000009E-1);
#1438=CARTESIAN_POINT('',(7.751098615898E0,-1.238E1,3.2E-1));
#1439=LINE('609',#1438,#1437);
#1440=DIRECTION('',(0.E0,0.E0,-1.E0));
#1441=VECTOR('',#1440,6.4E-1);
#1442=CARTESIAN_POINT('',(0.E0,-1.302E1,3.2E-1));
#1443=LINE('1266',#1442,#1441);
#1444=DIRECTION('',(-1.E0,-2.102912812955E-13,0.E0));
#1445=VECTOR('',#1444,2.061098615898E0);
#1446=CARTESIAN_POINT('',(0.E0,-1.302E1,-3.2E-1));
#1447=LINE('1275',#1446,#1445);
#1448=DIRECTION('',(1.E0,2.102912812955E-13,0.E0));
#1449=VECTOR('',#1448,2.061098615898E0);
#1450=CARTESIAN_POINT('',(-2.061098615898E0,-1.302E1,3.2E-1));
#1451=LINE('1278',#1450,#1449);
#1452=DIRECTION('',(0.E0,0.E0,-1.E0));
#1453=VECTOR('',#1452,6.4E-1);
#1454=CARTESIAN_POINT('',(2.14E0,-1.302E1,3.2E-1));
#1455=LINE('1267',#1454,#1453);
#1456=DIRECTION('',(1.E0,-7.724531299193E-14,0.E0));
#1457=VECTOR('',#1456,5.611098615898E0);
#1458=CARTESIAN_POINT('',(2.14E0,-1.302E1,3.2E-1));
#1459=LINE('1279',#1458,#1457);
#1460=DIRECTION('',(-1.E0,7.756189214354E-14,0.E0));
#1461=VECTOR('',#1460,5.611098615898E0);
#1462=CARTESIAN_POINT('',(7.751098615898E0,-1.302E1,-3.2E-1));
#1463=LINE('1274',#1462,#1461);
#1464=DIRECTION('',(0.E0,0.E0,1.E0));
#1465=VECTOR('',#1464,2.4E-1);
#1466=CARTESIAN_POINT('',(-2.49E0,-1.282E1,-1.2E-1));
#1467=LINE('598',#1466,#1465);
#1468=DIRECTION('',(0.E0,0.E0,-1.E0));
#1469=VECTOR('',#1468,6.4E-1);
#1470=CARTESIAN_POINT('',(-2.061098615898E0,-1.302E1,3.2E-1));
#1471=LINE('613',#1470,#1469);
#1472=DIRECTION('',(-8.348171294781E-1,3.892816206369E-1,3.892816206350E-1));
#1473=VECTOR('',#1472,5.137668705596E-1);
#1474=CARTESIAN_POINT('',(-2.061098615898E0,-1.302E1,-3.2E-1));
#1475=LINE('599',#1474,#1473);
#1476=DIRECTION('',(0.E0,-1.E0,0.E0));
#1477=VECTOR('',#1476,2.399999999988E-1);
#1478=CARTESIAN_POINT('',(-2.49E0,-1.258E1,-1.2E-1));
#1479=LINE('595',#1478,#1477);
#1480=DIRECTION('',(-8.348171294781E-1,-3.892816206369E-1,-3.892816206350E-1));
#1481=VECTOR('',#1480,5.137668705596E-1);
#1482=CARTESIAN_POINT('',(-2.061098615898E0,-1.238E1,3.2E-1));
#1483=LINE('617',#1482,#1481);
#1484=DIRECTION('',(0.E0,0.E0,-1.E0));
#1485=VECTOR('',#1484,2.4E-1);
#1486=CARTESIAN_POINT('',(-2.49E0,-1.258E1,1.2E-1));
#1487=LINE('596',#1486,#1485);
#1488=DIRECTION('',(8.348171294781E-1,3.892816206369E-1,-3.892816206350E-1));
#1489=VECTOR('',#1488,5.137668705596E-1);
#1490=CARTESIAN_POINT('',(-2.49E0,-1.258E1,-1.2E-1));
#1491=LINE('618',#1490,#1489);
#1492=DIRECTION('',(0.E0,1.E0,0.E0));
#1493=VECTOR('',#1492,2.399999999988E-1);
#1494=CARTESIAN_POINT('',(-2.49E0,-1.282E1,1.2E-1));
#1495=LINE('597',#1494,#1493);
#1496=DIRECTION('',(0.E0,-1.E0,0.E0));
#1497=VECTOR('',#1496,6.400000000009E-1);
#1498=CARTESIAN_POINT('',(-2.061098615898E0,-1.238E1,3.2E-1));
#1499=LINE('610',#1498,#1497);
#1500=DIRECTION('',(-8.348171294781E-1,3.892816206369E-1,-3.892816206350E-1));
#1501=VECTOR('',#1500,5.137668705596E-1);
#1502=CARTESIAN_POINT('',(-2.061098615898E0,-1.302E1,3.2E-1));
#1503=LINE('616',#1502,#1501);
#1504=DIRECTION('',(0.E0,0.E0,1.E0));
#1505=VECTOR('',#1504,6.4E-1);
#1506=CARTESIAN_POINT('',(7.751098615898E0,-1.302E1,-3.2E-1));
#1507=LINE('612',#1506,#1505);
#1508=DIRECTION('',(8.348171294781E-1,3.892816206369E-1,-3.892816206350E-1));
#1509=VECTOR('',#1508,5.137668705596E-1);
#1510=CARTESIAN_POINT('',(7.751098615898E0,-1.302E1,3.2E-1));
#1511=LINE('608',#1510,#1509);
#1512=DIRECTION('',(0.E0,2.220446049250E-14,-1.E0));
#1513=VECTOR('',#1512,2.4E-1);
#1514=CARTESIAN_POINT('',(8.18E0,-1.282E1,1.2E-1));
#1515=LINE('607',#1514,#1513);
#1516=DIRECTION('',(-8.348171294781E-1,-3.892816206369E-1,-3.892816206350E-1));
#1517=VECTOR('',#1516,5.137668705596E-1);
#1518=CARTESIAN_POINT('',(8.18E0,-1.282E1,-1.2E-1));
#1519=LINE('615',#1518,#1517);
#1520=DIRECTION('',(0.E0,-1.E0,0.E0));
#1521=VECTOR('',#1520,2.399999999988E-1);
#1522=CARTESIAN_POINT('',(8.18E0,-1.258E1,1.2E-1));
#1523=LINE('604',#1522,#1521);
#1524=DIRECTION('',(0.E0,0.E0,-1.E0));
#1525=VECTOR('',#1524,6.4E-1);
#1526=CARTESIAN_POINT('',(7.751098615898E0,-1.238E1,3.2E-1));
#1527=LINE('619',#1526,#1525);
#1528=DIRECTION('',(8.348171294781E-1,-3.892816206369E-1,3.892816206350E-1));
#1529=VECTOR('',#1528,5.137668705596E-1);
#1530=CARTESIAN_POINT('',(7.751098615898E0,-1.238E1,-3.2E-1));
#1531=LINE('603',#1530,#1529);
#1532=DIRECTION('',(0.E0,0.E0,1.E0));
#1533=VECTOR('',#1532,2.4E-1);
#1534=CARTESIAN_POINT('',(8.18E0,-1.258E1,-1.2E-1));
#1535=LINE('605',#1534,#1533);
#1536=DIRECTION('',(-8.348171294781E-1,3.892816206369E-1,3.892816206350E-1));
#1537=VECTOR('',#1536,5.137668705596E-1);
#1538=CARTESIAN_POINT('',(8.18E0,-1.258E1,1.2E-1));
#1539=LINE('622',#1538,#1537);
#1540=DIRECTION('',(0.E0,-1.E0,0.E0));
#1541=VECTOR('',#1540,6.400000000009E-1);
#1542=CARTESIAN_POINT('',(7.751098615898E0,-1.238E1,-3.2E-1));
#1543=LINE('600',#1542,#1541);
#1544=DIRECTION('',(0.E0,-1.E0,0.E0));
#1545=VECTOR('',#1544,2.399999999988E-1);
#1546=CARTESIAN_POINT('',(8.18E0,-1.258E1,-1.2E-1));
#1547=LINE('606',#1546,#1545);
#1548=DIRECTION('',(1.E0,0.E0,0.E0));
#1549=VECTOR('',#1548,2.E-1);
#1550=CARTESIAN_POINT('',(2.14E0,-1.1025E1,5.6E-1));
#1551=LINE('1383',#1550,#1549);
#1552=DIRECTION('',(-1.E0,0.E0,0.E0));
#1553=VECTOR('',#1552,2.E-1);
#1554=CARTESIAN_POINT('',(2.34E0,-1.0615E1,5.6E-1));
#1555=LINE('1382',#1554,#1553);
#1556=CARTESIAN_POINT('',(2.34E0,-1.082E1,5.6E-1));
#1557=DIRECTION('',(-1.E0,0.E0,0.E0));
#1558=DIRECTION('',(0.E0,-1.E0,0.E0));
#1559=AXIS2_PLACEMENT_3D('',#1556,#1557,#1558);
#1561=CARTESIAN_POINT('',(2.34E0,-1.082E1,5.6E-1));
#1562=DIRECTION('',(-1.E0,0.E0,0.E0));
#1563=DIRECTION('',(0.E0,1.E0,0.E0));
#1564=AXIS2_PLACEMENT_3D('',#1561,#1562,#1563);
#1566=DIRECTION('',(1.E0,0.E0,0.E0));
#1567=VECTOR('',#1566,2.E-1);
#1568=CARTESIAN_POINT('',(2.14E0,-9.705E0,-5.6E-1));
#1569=LINE('1389',#1568,#1567);
#1570=DIRECTION('',(-1.E0,0.E0,0.E0));
#1571=VECTOR('',#1570,2.E-1);
#1572=CARTESIAN_POINT('',(2.34E0,-9.295E0,-5.6E-1));
#1573=LINE('1388',#1572,#1571);
#1574=CARTESIAN_POINT('',(2.34E0,-9.5E0,-5.6E-1));
#1575=DIRECTION('',(-1.E0,0.E0,0.E0));
#1576=DIRECTION('',(0.E0,-1.E0,0.E0));
#1577=AXIS2_PLACEMENT_3D('',#1574,#1575,#1576);
#1579=CARTESIAN_POINT('',(2.34E0,-9.5E0,-5.6E-1));
#1580=DIRECTION('',(-1.E0,0.E0,0.E0));
#1581=DIRECTION('',(0.E0,1.E0,0.E0));
#1582=AXIS2_PLACEMENT_3D('',#1579,#1580,#1581);
#1584=DIRECTION('',(0.E0,1.E0,0.E0));
#1585=VECTOR('',#1584,6.4E-1);
#1586=CARTESIAN_POINT('',(0.E0,-1.048E1,-3.2E-1));
#1587=LINE('1401',#1586,#1585);
#1588=DIRECTION('',(-2.914335439639E-13,-1.E0,0.E0));
#1589=VECTOR('',#1588,6.400000000005E-1);
#1590=CARTESIAN_POINT('',(-2.061098615898E0,-9.84E0,-3.2E-1));
#1591=LINE('648',#1590,#1589);
#1592=DIRECTION('',(0.E0,1.E0,0.E0));
#1593=VECTOR('',#1592,6.4E-1);
#1594=CARTESIAN_POINT('',(2.14E0,-1.048E1,-3.2E-1));
#1595=LINE('1402',#1594,#1593);
#1596=DIRECTION('',(0.E0,0.E0,1.E0));
#1597=VECTOR('',#1596,6.4E-1);
#1598=CARTESIAN_POINT('',(0.E0,-9.84E0,-3.2E-1));
#1599=LINE('1407',#1598,#1597);
#1600=DIRECTION('',(-1.E0,1.551329124311E-14,0.E0));
#1601=VECTOR('',#1600,2.061098615898E0);
#1602=CARTESIAN_POINT('',(0.E0,-9.84E0,3.2E-1));
#1603=LINE('1416',#1602,#1601);
#1604=DIRECTION('',(0.E0,0.E0,-1.E0));
#1605=VECTOR('',#1604,6.4E-1);
#1606=CARTESIAN_POINT('',(-2.061098615898E0,-9.84E0,3.2E-1));
#1607=LINE('667',#1606,#1605);
#1608=DIRECTION('',(1.E0,-1.637514075662E-14,0.E0));
#1609=VECTOR('',#1608,2.061098615898E0);
#1610=CARTESIAN_POINT('',(-2.061098615898E0,-9.84E0,-3.2E-1));
#1611=LINE('1419',#1610,#1609);
#1612=DIRECTION('',(0.E0,0.E0,1.E0));
#1613=VECTOR('',#1612,6.4E-1);
#1614=CARTESIAN_POINT('',(2.14E0,-9.84E0,-3.2E-1));
#1615=LINE('1408',#1614,#1613);
#1616=DIRECTION('',(1.E0,0.E0,0.E0));
#1617=VECTOR('',#1616,5.611098615898E0);
#1618=CARTESIAN_POINT('',(2.14E0,-9.84E0,-3.2E-1));
#1619=LINE('1420',#1618,#1617);
#1620=DIRECTION('',(-1.E0,0.E0,0.E0));
#1621=VECTOR('',#1620,5.611098615898E0);
#1622=CARTESIAN_POINT('',(7.751098615898E0,-9.84E0,3.2E-1));
#1623=LINE('1415',#1622,#1621);
#1624=DIRECTION('',(0.E0,-1.E0,0.E0));
#1625=VECTOR('',#1624,6.4E-1);
#1626=CARTESIAN_POINT('',(0.E0,-9.84E0,3.2E-1));
#1627=LINE('1403',#1626,#1625);
#1628=DIRECTION('',(0.E0,-1.E0,0.E0));
#1629=VECTOR('',#1628,6.4E-1);
#1630=CARTESIAN_POINT('',(2.14E0,-9.84E0,3.2E-1));
#1631=LINE('1404',#1630,#1629);
#1632=DIRECTION('',(2.900457651831E-13,-1.E0,0.E0));
#1633=VECTOR('',#1632,6.400000000005E-1);
#1634=CARTESIAN_POINT('',(7.751098615898E0,-9.84E0,3.2E-1));
#1635=LINE('656',#1634,#1633);
#1636=DIRECTION('',(0.E0,0.E0,-1.E0));
#1637=VECTOR('',#1636,6.4E-1);
#1638=CARTESIAN_POINT('',(0.E0,-1.048E1,3.2E-1));
#1639=LINE('1405',#1638,#1637);
#1640=DIRECTION('',(-1.E0,-2.102912812955E-13,0.E0));
#1641=VECTOR('',#1640,2.061098615898E0);
#1642=CARTESIAN_POINT('',(0.E0,-1.048E1,-3.2E-1));
#1643=LINE('1414',#1642,#1641);
#1644=DIRECTION('',(1.E0,2.102912812955E-13,0.E0));
#1645=VECTOR('',#1644,2.061098615898E0);
#1646=CARTESIAN_POINT('',(-2.061098615898E0,-1.048E1,3.2E-1));
#1647=LINE('1417',#1646,#1645);
#1648=DIRECTION('',(0.E0,0.E0,-1.E0));
#1649=VECTOR('',#1648,6.4E-1);
#1650=CARTESIAN_POINT('',(2.14E0,-1.048E1,3.2E-1));
#1651=LINE('1406',#1650,#1649);
#1652=DIRECTION('',(1.E0,-7.724531299193E-14,0.E0));
#1653=VECTOR('',#1652,5.611098615898E0);
#1654=CARTESIAN_POINT('',(2.14E0,-1.048E1,3.2E-1));
#1655=LINE('1418',#1654,#1653);
#1656=DIRECTION('',(-1.E0,7.724531299193E-14,0.E0));
#1657=VECTOR('',#1656,5.611098615898E0);
#1658=CARTESIAN_POINT('',(7.751098615898E0,-1.048E1,-3.2E-1));
#1659=LINE('1413',#1658,#1657);
#1660=DIRECTION('',(0.E0,0.E0,1.E0));
#1661=VECTOR('',#1660,2.4E-1);
#1662=CARTESIAN_POINT('',(-2.49E0,-1.028E1,-1.2E-1));
#1663=LINE('645',#1662,#1661);
#1664=DIRECTION('',(0.E0,0.E0,-1.E0));
#1665=VECTOR('',#1664,6.4E-1);
#1666=CARTESIAN_POINT('',(-2.061098615898E0,-1.048E1,3.2E-1));
#1667=LINE('660',#1666,#1665);
#1668=DIRECTION('',(-8.348171294781E-1,3.892816206369E-1,3.892816206350E-1));
#1669=VECTOR('',#1668,5.137668705596E-1);
#1670=CARTESIAN_POINT('',(-2.061098615898E0,-1.048E1,-3.2E-1));
#1671=LINE('646',#1670,#1669);
#1672=DIRECTION('',(-2.590520390805E-14,-1.E0,0.E0));
#1673=VECTOR('',#1672,2.399999999988E-1);
#1674=CARTESIAN_POINT('',(-2.49E0,-1.004E1,-1.2E-1));
#1675=LINE('642',#1674,#1673);
#1676=DIRECTION('',(-8.348171294785E-1,-3.892816206362E-1,-3.892816206350E-1));
#1677=VECTOR('',#1676,5.137668705596E-1);
#1678=CARTESIAN_POINT('',(-2.061098615898E0,-9.84E0,3.2E-1));
#1679=LINE('664',#1678,#1677);
#1680=DIRECTION('',(0.E0,0.E0,-1.E0));
#1681=VECTOR('',#1680,2.4E-1);
#1682=CARTESIAN_POINT('',(-2.49E0,-1.004E1,1.2E-1));
#1683=LINE('643',#1682,#1681);
#1684=DIRECTION('',(8.348171294785E-1,3.892816206362E-1,-3.892816206350E-1));
#1685=VECTOR('',#1684,5.137668705596E-1);
#1686=CARTESIAN_POINT('',(-2.49E0,-1.004E1,-1.2E-1));
#1687=LINE('665',#1686,#1685);
#1688=DIRECTION('',(2.590520390805E-14,1.E0,0.E0));
#1689=VECTOR('',#1688,2.399999999988E-1);
#1690=CARTESIAN_POINT('',(-2.49E0,-1.028E1,1.2E-1));
#1691=LINE('644',#1690,#1689);
#1692=DIRECTION('',(-2.914335439639E-13,-1.E0,0.E0));
#1693=VECTOR('',#1692,6.400000000005E-1);
#1694=CARTESIAN_POINT('',(-2.061098615898E0,-9.84E0,3.2E-1));
#1695=LINE('657',#1694,#1693);
#1696=DIRECTION('',(-8.348171294781E-1,3.892816206369E-1,-3.892816206350E-1));
#1697=VECTOR('',#1696,5.137668705596E-1);
#1698=CARTESIAN_POINT('',(-2.061098615898E0,-1.048E1,3.2E-1));
#1699=LINE('663',#1698,#1697);
#1700=DIRECTION('',(0.E0,0.E0,1.E0));
#1701=VECTOR('',#1700,6.4E-1);
#1702=CARTESIAN_POINT('',(7.751098615898E0,-1.048E1,-3.2E-1));
#1703=LINE('659',#1702,#1701);
#1704=DIRECTION('',(8.348171294781E-1,3.892816206369E-1,-3.892816206350E-1));
#1705=VECTOR('',#1704,5.137668705596E-1);
#1706=CARTESIAN_POINT('',(7.751098615898E0,-1.048E1,3.2E-1));
#1707=LINE('655',#1706,#1705);
#1708=DIRECTION('',(0.E0,0.E0,-1.E0));
#1709=VECTOR('',#1708,2.4E-1);
#1710=CARTESIAN_POINT('',(8.18E0,-1.028E1,1.2E-1));
#1711=LINE('654',#1710,#1709);
#1712=DIRECTION('',(-8.348171294781E-1,-3.892816206369E-1,-3.892816206350E-1));
#1713=VECTOR('',#1712,5.137668705596E-1);
#1714=CARTESIAN_POINT('',(8.18E0,-1.028E1,-1.2E-1));
#1715=LINE('662',#1714,#1713);
#1716=DIRECTION('',(2.960594732348E-14,-1.E0,0.E0));
#1717=VECTOR('',#1716,2.399999999988E-1);
#1718=CARTESIAN_POINT('',(8.18E0,-1.004E1,1.2E-1));
#1719=LINE('651',#1718,#1717);
#1720=DIRECTION('',(0.E0,0.E0,-1.E0));
#1721=VECTOR('',#1720,6.4E-1);
#1722=CARTESIAN_POINT('',(7.751098615898E0,-9.84E0,3.2E-1));
#1723=LINE('666',#1722,#1721);
#1724=DIRECTION('',(8.348171294785E-1,-3.892816206362E-1,3.892816206350E-1));
#1725=VECTOR('',#1724,5.137668705596E-1);
#1726=CARTESIAN_POINT('',(7.751098615898E0,-9.84E0,-3.2E-1));
#1727=LINE('650',#1726,#1725);
#1728=DIRECTION('',(0.E0,0.E0,1.E0));
#1729=VECTOR('',#1728,2.4E-1);
#1730=CARTESIAN_POINT('',(8.18E0,-1.004E1,-1.2E-1));
#1731=LINE('652',#1730,#1729);
#1732=DIRECTION('',(-8.348171294785E-1,3.892816206362E-1,3.892816206350E-1));
#1733=VECTOR('',#1732,5.137668705596E-1);
#1734=CARTESIAN_POINT('',(8.18E0,-1.004E1,1.2E-1));
#1735=LINE('669',#1734,#1733);
#1736=DIRECTION('',(2.928213227447E-13,-1.E0,0.E0));
#1737=VECTOR('',#1736,6.400000000005E-1);
#1738=CARTESIAN_POINT('',(7.751098615898E0,-9.84E0,-3.2E-1));
#1739=LINE('647',#1738,#1737);
#1740=DIRECTION('',(2.220446049261E-14,-1.E0,0.E0));
#1741=VECTOR('',#1740,2.399999999988E-1);
#1742=CARTESIAN_POINT('',(8.18E0,-1.004E1,-1.2E-1));
#1743=LINE('653',#1742,#1741);
#1744=DIRECTION('',(1.E0,0.E0,0.E0));
#1745=VECTOR('',#1744,2.E-1);
#1746=CARTESIAN_POINT('',(2.14E0,-8.485E0,5.6E-1));
#1747=LINE('1522',#1746,#1745);
#1748=DIRECTION('',(-1.E0,0.E0,0.E0));
#1749=VECTOR('',#1748,2.E-1);
#1750=CARTESIAN_POINT('',(2.34E0,-8.075E0,5.6E-1));
#1751=LINE('1521',#1750,#1749);
#1752=CARTESIAN_POINT('',(2.34E0,-8.28E0,5.6E-1));
#1753=DIRECTION('',(-1.E0,0.E0,0.E0));
#1754=DIRECTION('',(0.E0,-1.E0,0.E0));
#1755=AXIS2_PLACEMENT_3D('',#1752,#1753,#1754);
#1757=CARTESIAN_POINT('',(2.34E0,-8.28E0,5.6E-1));
#1758=DIRECTION('',(-1.E0,0.E0,0.E0));
#1759=DIRECTION('',(0.E0,1.E0,0.E0));
#1760=AXIS2_PLACEMENT_3D('',#1757,#1758,#1759);
#1762=DIRECTION('',(1.E0,0.E0,0.E0));
#1763=VECTOR('',#1762,2.E-1);
#1764=CARTESIAN_POINT('',(2.14E0,-7.165E0,-5.6E-1));
#1765=LINE('1528',#1764,#1763);
#1766=DIRECTION('',(-1.E0,0.E0,0.E0));
#1767=VECTOR('',#1766,2.E-1);
#1768=CARTESIAN_POINT('',(2.34E0,-6.755E0,-5.6E-1));
#1769=LINE('1527',#1768,#1767);
#1770=CARTESIAN_POINT('',(2.34E0,-6.96E0,-5.6E-1));
#1771=DIRECTION('',(-1.E0,0.E0,0.E0));
#1772=DIRECTION('',(0.E0,-1.E0,0.E0));
#1773=AXIS2_PLACEMENT_3D('',#1770,#1771,#1772);
#1775=CARTESIAN_POINT('',(2.34E0,-6.96E0,-5.6E-1));
#1776=DIRECTION('',(-1.E0,0.E0,0.E0));
#1777=DIRECTION('',(0.E0,1.E0,0.E0));
#1778=AXIS2_PLACEMENT_3D('',#1775,#1776,#1777);
#1780=DIRECTION('',(0.E0,1.E0,0.E0));
#1781=VECTOR('',#1780,6.4E-1);
#1782=CARTESIAN_POINT('',(0.E0,-7.94E0,-3.2E-1));
#1783=LINE('1540',#1782,#1781);
#1784=DIRECTION('',(0.E0,-1.E0,0.E0));
#1785=VECTOR('',#1784,6.400000000001E-1);
#1786=CARTESIAN_POINT('',(-2.061098615898E0,-7.3E0,-3.2E-1));
#1787=LINE('695',#1786,#1785);
#1788=DIRECTION('',(0.E0,1.E0,0.E0));
#1789=VECTOR('',#1788,6.4E-1);
#1790=CARTESIAN_POINT('',(2.14E0,-7.94E0,-3.2E-1));
#1791=LINE('1541',#1790,#1789);
#1792=DIRECTION('',(0.E0,0.E0,1.E0));
#1793=VECTOR('',#1792,6.4E-1);
#1794=CARTESIAN_POINT('',(0.E0,-7.3E0,-3.2E-1));
#1795=LINE('1546',#1794,#1793);
#1796=DIRECTION('',(-1.E0,2.111531308090E-14,0.E0));
#1797=VECTOR('',#1796,2.061098615898E0);
#1798=CARTESIAN_POINT('',(0.E0,-7.3E0,3.2E-1));
#1799=LINE('1555',#1798,#1797);
#1800=DIRECTION('',(0.E0,0.E0,-1.E0));
#1801=VECTOR('',#1800,6.4E-1);
#1802=CARTESIAN_POINT('',(-2.061098615898E0,-7.3E0,3.2E-1));
#1803=LINE('714',#1802,#1801);
#1804=DIRECTION('',(1.E0,-2.068438832415E-14,0.E0));
#1805=VECTOR('',#1804,2.061098615898E0);
#1806=CARTESIAN_POINT('',(-2.061098615898E0,-7.3E0,-3.2E-1));
#1807=LINE('1558',#1806,#1805);
#1808=DIRECTION('',(0.E0,0.E0,1.E0));
#1809=VECTOR('',#1808,6.4E-1);
#1810=CARTESIAN_POINT('',(2.14E0,-7.3E0,-3.2E-1));
#1811=LINE('1547',#1810,#1809);
#1812=DIRECTION('',(1.E0,0.E0,0.E0));
#1813=VECTOR('',#1812,5.611098615898E0);
#1814=CARTESIAN_POINT('',(2.14E0,-7.3E0,-3.2E-1));
#1815=LINE('1559',#1814,#1813);
#1816=DIRECTION('',(-1.E0,0.E0,0.E0));
#1817=VECTOR('',#1816,5.611098615898E0);
#1818=CARTESIAN_POINT('',(7.751098615898E0,-7.3E0,3.2E-1));
#1819=LINE('1554',#1818,#1817);
#1820=DIRECTION('',(0.E0,-1.E0,0.E0));
#1821=VECTOR('',#1820,6.4E-1);
#1822=CARTESIAN_POINT('',(0.E0,-7.3E0,3.2E-1));
#1823=LINE('1542',#1822,#1821);
#1824=DIRECTION('',(0.E0,-1.E0,0.E0));
#1825=VECTOR('',#1824,6.4E-1);
#1826=CARTESIAN_POINT('',(2.14E0,-7.3E0,3.2E-1));
#1827=LINE('1543',#1826,#1825);
#1828=DIRECTION('',(0.E0,-1.E0,0.E0));
#1829=VECTOR('',#1828,6.400000000001E-1);
#1830=CARTESIAN_POINT('',(7.751098615898E0,-7.3E0,3.2E-1));
#1831=LINE('703',#1830,#1829);
#1832=DIRECTION('',(0.E0,0.E0,-1.E0));
#1833=VECTOR('',#1832,6.4E-1);
#1834=CARTESIAN_POINT('',(0.E0,-7.94E0,3.2E-1));
#1835=LINE('1544',#1834,#1833);
#1836=DIRECTION('',(-1.E0,-2.154623783766E-14,0.E0));
#1837=VECTOR('',#1836,2.061098615898E0);
#1838=CARTESIAN_POINT('',(0.E0,-7.94E0,-3.2E-1));
#1839=LINE('1553',#1838,#1837);
#1840=DIRECTION('',(1.E0,2.154623783766E-14,0.E0));
#1841=VECTOR('',#1840,2.061098615898E0);
#1842=CARTESIAN_POINT('',(-2.061098615898E0,-7.94E0,3.2E-1));
#1843=LINE('1556',#1842,#1841);
#1844=DIRECTION('',(0.E0,0.E0,-1.E0));
#1845=VECTOR('',#1844,6.4E-1);
#1846=CARTESIAN_POINT('',(2.14E0,-7.94E0,3.2E-1));
#1847=LINE('1545',#1846,#1845);
#1848=DIRECTION('',(1.E0,0.E0,0.E0));
#1849=VECTOR('',#1848,5.611098615898E0);
#1850=CARTESIAN_POINT('',(2.14E0,-7.94E0,3.2E-1));
#1851=LINE('1557',#1850,#1849);
#1852=DIRECTION('',(-1.E0,0.E0,0.E0));
#1853=VECTOR('',#1852,5.611098615898E0);
#1854=CARTESIAN_POINT('',(7.751098615898E0,-7.94E0,-3.2E-1));
#1855=LINE('1552',#1854,#1853);
#1856=DIRECTION('',(0.E0,0.E0,1.E0));
#1857=VECTOR('',#1856,2.4E-1);
#1858=CARTESIAN_POINT('',(-2.49E0,-7.74E0,-1.2E-1));
#1859=LINE('692',#1858,#1857);
#1860=DIRECTION('',(0.E0,0.E0,-1.E0));
#1861=VECTOR('',#1860,6.4E-1);
#1862=CARTESIAN_POINT('',(-2.061098615898E0,-7.94E0,3.2E-1));
#1863=LINE('707',#1862,#1861);
#1864=DIRECTION('',(-8.348171294789E-1,3.892816206352E-1,3.892816206350E-1));
#1865=VECTOR('',#1864,5.137668705596E-1);
#1866=CARTESIAN_POINT('',(-2.061098615898E0,-7.94E0,-3.2E-1));
#1867=LINE('693',#1866,#1865);
#1868=DIRECTION('',(0.E0,-1.E0,0.E0));
#1869=VECTOR('',#1868,2.399999999999E-1);
#1870=CARTESIAN_POINT('',(-2.49E0,-7.5E0,-1.2E-1));
#1871=LINE('689',#1870,#1869);
#1872=DIRECTION('',(-8.348171294789E-1,-3.892816206352E-1,-3.892816206350E-1));
#1873=VECTOR('',#1872,5.137668705596E-1);
#1874=CARTESIAN_POINT('',(-2.061098615898E0,-7.3E0,3.2E-1));
#1875=LINE('711',#1874,#1873);
#1876=DIRECTION('',(0.E0,0.E0,-1.E0));
#1877=VECTOR('',#1876,2.4E-1);
#1878=CARTESIAN_POINT('',(-2.49E0,-7.5E0,1.2E-1));
#1879=LINE('690',#1878,#1877);
#1880=DIRECTION('',(8.348171294789E-1,3.892816206352E-1,-3.892816206350E-1));
#1881=VECTOR('',#1880,5.137668705596E-1);
#1882=CARTESIAN_POINT('',(-2.49E0,-7.5E0,-1.2E-1));
#1883=LINE('712',#1882,#1881);
#1884=DIRECTION('',(0.E0,1.E0,0.E0));
#1885=VECTOR('',#1884,2.399999999999E-1);
#1886=CARTESIAN_POINT('',(-2.49E0,-7.74E0,1.2E-1));
#1887=LINE('691',#1886,#1885);
#1888=DIRECTION('',(0.E0,-1.E0,0.E0));
#1889=VECTOR('',#1888,6.400000000001E-1);
#1890=CARTESIAN_POINT('',(-2.061098615898E0,-7.3E0,3.2E-1));
#1891=LINE('704',#1890,#1889);
#1892=DIRECTION('',(-8.348171294789E-1,3.892816206352E-1,-3.892816206350E-1));
#1893=VECTOR('',#1892,5.137668705596E-1);
#1894=CARTESIAN_POINT('',(-2.061098615898E0,-7.94E0,3.2E-1));
#1895=LINE('710',#1894,#1893);
#1896=DIRECTION('',(0.E0,0.E0,1.E0));
#1897=VECTOR('',#1896,6.4E-1);
#1898=CARTESIAN_POINT('',(7.751098615898E0,-7.94E0,-3.2E-1));
#1899=LINE('706',#1898,#1897);
#1900=DIRECTION('',(8.348171294789E-1,3.892816206352E-1,-3.892816206350E-1));
#1901=VECTOR('',#1900,5.137668705596E-1);
#1902=CARTESIAN_POINT('',(7.751098615898E0,-7.94E0,3.2E-1));
#1903=LINE('702',#1902,#1901);
#1904=DIRECTION('',(0.E0,0.E0,-1.E0));
#1905=VECTOR('',#1904,2.4E-1);
#1906=CARTESIAN_POINT('',(8.18E0,-7.74E0,1.2E-1));
#1907=LINE('701',#1906,#1905);
#1908=DIRECTION('',(-8.348171294789E-1,-3.892816206352E-1,-3.892816206350E-1));
#1909=VECTOR('',#1908,5.137668705596E-1);
#1910=CARTESIAN_POINT('',(8.18E0,-7.74E0,-1.2E-1));
#1911=LINE('709',#1910,#1909);
#1912=DIRECTION('',(0.E0,-1.E0,0.E0));
#1913=VECTOR('',#1912,2.399999999999E-1);
#1914=CARTESIAN_POINT('',(8.18E0,-7.5E0,1.2E-1));
#1915=LINE('698',#1914,#1913);
#1916=DIRECTION('',(0.E0,0.E0,-1.E0));
#1917=VECTOR('',#1916,6.4E-1);
#1918=CARTESIAN_POINT('',(7.751098615898E0,-7.3E0,3.2E-1));
#1919=LINE('713',#1918,#1917);
#1920=DIRECTION('',(8.348171294789E-1,-3.892816206352E-1,3.892816206350E-1));
#1921=VECTOR('',#1920,5.137668705596E-1);
#1922=CARTESIAN_POINT('',(7.751098615898E0,-7.3E0,-3.2E-1));
#1923=LINE('697',#1922,#1921);
#1924=DIRECTION('',(0.E0,0.E0,1.E0));
#1925=VECTOR('',#1924,2.4E-1);
#1926=CARTESIAN_POINT('',(8.18E0,-7.5E0,-1.2E-1));
#1927=LINE('699',#1926,#1925);
#1928=DIRECTION('',(-8.348171294789E-1,3.892816206352E-1,3.892816206350E-1));
#1929=VECTOR('',#1928,5.137668705596E-1);
#1930=CARTESIAN_POINT('',(8.18E0,-7.5E0,1.2E-1));
#1931=LINE('716',#1930,#1929);
#1932=DIRECTION('',(0.E0,-1.E0,0.E0));
#1933=VECTOR('',#1932,6.400000000001E-1);
#1934=CARTESIAN_POINT('',(7.751098615898E0,-7.3E0,-3.2E-1));
#1935=LINE('694',#1934,#1933);
#1936=DIRECTION('',(0.E0,-1.E0,0.E0));
#1937=VECTOR('',#1936,2.399999999999E-1);
#1938=CARTESIAN_POINT('',(8.18E0,-7.5E0,-1.2E-1));
#1939=LINE('700',#1938,#1937);
#1940=DIRECTION('',(0.E0,1.E0,0.E0));
#1941=VECTOR('',#1940,6.4E-1);
#1942=CARTESIAN_POINT('',(0.E0,-5.4E0,-3.2E-1));
#1943=LINE('1683',#1942,#1941);
#1944=DIRECTION('',(0.E0,-1.E0,0.E0));
#1945=VECTOR('',#1944,6.400000000001E-1);
#1946=CARTESIAN_POINT('',(-2.061098615898E0,-4.76E0,-3.2E-1));
#1947=LINE('742',#1946,#1945);
#1948=DIRECTION('',(0.E0,1.E0,0.E0));
#1949=VECTOR('',#1948,6.4E-1);
#1950=CARTESIAN_POINT('',(2.14E0,-5.4E0,-3.2E-1));
#1951=LINE('1684',#1950,#1949);
#1952=DIRECTION('',(0.E0,0.E0,1.E0));
#1953=VECTOR('',#1952,6.4E-1);
#1954=CARTESIAN_POINT('',(0.E0,-4.76E0,-3.2E-1));
#1955=LINE('1689',#1954,#1953);
#1956=DIRECTION('',(-1.E0,2.111531308090E-14,0.E0));
#1957=VECTOR('',#1956,2.061098615898E0);
#1958=CARTESIAN_POINT('',(0.E0,-4.76E0,3.2E-1));
#1959=LINE('1702',#1958,#1957);
#1960=DIRECTION('',(0.E0,0.E0,-1.E0));
#1961=VECTOR('',#1960,6.4E-1);
#1962=CARTESIAN_POINT('',(-2.061098615898E0,-4.76E0,3.2E-1));
#1963=LINE('761',#1962,#1961);
#1964=DIRECTION('',(1.E0,-2.068438832415E-14,0.E0));
#1965=VECTOR('',#1964,2.061098615898E0);
#1966=CARTESIAN_POINT('',(-2.061098615898E0,-4.76E0,-3.2E-1));
#1967=LINE('1705',#1966,#1965);
#1968=DIRECTION('',(0.E0,0.E0,1.E0));
#1969=VECTOR('',#1968,6.4E-1);
#1970=CARTESIAN_POINT('',(2.14E0,-4.76E0,-3.2E-1));
#1971=LINE('1690',#1970,#1969);
#1972=DIRECTION('',(1.E0,0.E0,0.E0));
#1973=VECTOR('',#1972,5.611098615898E0);
#1974=CARTESIAN_POINT('',(2.14E0,-4.76E0,-3.2E-1));
#1975=LINE('1706',#1974,#1973);
#1976=DIRECTION('',(-1.E0,0.E0,0.E0));
#1977=VECTOR('',#1976,5.611098615898E0);
#1978=CARTESIAN_POINT('',(7.751098615898E0,-4.76E0,3.2E-1));
#1979=LINE('1701',#1978,#1977);
#1980=DIRECTION('',(0.E0,-1.E0,0.E0));
#1981=VECTOR('',#1980,6.4E-1);
#1982=CARTESIAN_POINT('',(0.E0,-4.76E0,3.2E-1));
#1983=LINE('1685',#1982,#1981);
#1984=DIRECTION('',(0.E0,-1.E0,0.E0));
#1985=VECTOR('',#1984,6.4E-1);
#1986=CARTESIAN_POINT('',(2.14E0,-4.76E0,3.2E-1));
#1987=LINE('1686',#1986,#1985);
#1988=DIRECTION('',(0.E0,-1.E0,0.E0));
#1989=VECTOR('',#1988,6.400000000001E-1);
#1990=CARTESIAN_POINT('',(7.751098615898E0,-4.76E0,3.2E-1));
#1991=LINE('750',#1990,#1989);
#1992=DIRECTION('',(0.E0,0.E0,-1.E0));
#1993=VECTOR('',#1992,6.4E-1);
#1994=CARTESIAN_POINT('',(0.E0,-5.4E0,3.2E-1));
#1995=LINE('1687',#1994,#1993);
#1996=DIRECTION('',(-1.E0,-2.111531308090E-14,0.E0));
#1997=VECTOR('',#1996,2.061098615898E0);
#1998=CARTESIAN_POINT('',(0.E0,-5.4E0,-3.2E-1));
#1999=LINE('1700',#1998,#1997);
#2000=DIRECTION('',(1.E0,2.154623783766E-14,0.E0));
#2001=VECTOR('',#2000,2.061098615898E0);
#2002=CARTESIAN_POINT('',(-2.061098615898E0,-5.4E0,3.2E-1));
#2003=LINE('1703',#2002,#2001);
#2004=DIRECTION('',(0.E0,0.E0,-1.E0));
#2005=VECTOR('',#2004,6.4E-1);
#2006=CARTESIAN_POINT('',(2.14E0,-5.4E0,3.2E-1));
#2007=LINE('1688',#2006,#2005);
#2008=DIRECTION('',(1.E0,0.E0,0.E0));
#2009=VECTOR('',#2008,5.611098615898E0);
#2010=CARTESIAN_POINT('',(2.14E0,-5.4E0,3.2E-1));
#2011=LINE('1704',#2010,#2009);
#2012=DIRECTION('',(-1.E0,0.E0,0.E0));
#2013=VECTOR('',#2012,5.611098615898E0);
#2014=CARTESIAN_POINT('',(7.751098615898E0,-5.4E0,-3.2E-1));
#2015=LINE('1699',#2014,#2013);
#2016=DIRECTION('',(0.E0,0.E0,1.E0));
#2017=VECTOR('',#2016,2.4E-1);
#2018=CARTESIAN_POINT('',(-2.49E0,-5.2E0,-1.2E-1));
#2019=LINE('739',#2018,#2017);
#2020=DIRECTION('',(0.E0,0.E0,-1.E0));
#2021=VECTOR('',#2020,6.4E-1);
#2022=CARTESIAN_POINT('',(-2.061098615898E0,-5.4E0,3.2E-1));
#2023=LINE('754',#2022,#2021);
#2024=DIRECTION('',(-8.348171294789E-1,3.892816206352E-1,3.892816206350E-1));
#2025=VECTOR('',#2024,5.137668705596E-1);
#2026=CARTESIAN_POINT('',(-2.061098615898E0,-5.4E0,-3.2E-1));
#2027=LINE('740',#2026,#2025);
#2028=DIRECTION('',(0.E0,-1.E0,0.E0));
#2029=VECTOR('',#2028,2.399999999999E-1);
#2030=CARTESIAN_POINT('',(-2.49E0,-4.96E0,-1.2E-1));
#2031=LINE('736',#2030,#2029);
#2032=DIRECTION('',(-8.348171294789E-1,-3.892816206352E-1,-3.892816206350E-1));
#2033=VECTOR('',#2032,5.137668705596E-1);
#2034=CARTESIAN_POINT('',(-2.061098615898E0,-4.76E0,3.2E-1));
#2035=LINE('758',#2034,#2033);
#2036=DIRECTION('',(0.E0,0.E0,-1.E0));
#2037=VECTOR('',#2036,2.4E-1);
#2038=CARTESIAN_POINT('',(-2.49E0,-4.96E0,1.2E-1));
#2039=LINE('737',#2038,#2037);
#2040=DIRECTION('',(8.348171294789E-1,3.892816206352E-1,-3.892816206350E-1));
#2041=VECTOR('',#2040,5.137668705596E-1);
#2042=CARTESIAN_POINT('',(-2.49E0,-4.96E0,-1.2E-1));
#2043=LINE('759',#2042,#2041);
#2044=DIRECTION('',(0.E0,1.E0,0.E0));
#2045=VECTOR('',#2044,2.399999999999E-1);
#2046=CARTESIAN_POINT('',(-2.49E0,-5.2E0,1.2E-1));
#2047=LINE('738',#2046,#2045);
#2048=DIRECTION('',(0.E0,-1.E0,0.E0));
#2049=VECTOR('',#2048,6.400000000001E-1);
#2050=CARTESIAN_POINT('',(-2.061098615898E0,-4.76E0,3.2E-1));
#2051=LINE('751',#2050,#2049);
#2052=DIRECTION('',(-8.348171294789E-1,3.892816206352E-1,-3.892816206350E-1));
#2053=VECTOR('',#2052,5.137668705596E-1);
#2054=CARTESIAN_POINT('',(-2.061098615898E0,-5.4E0,3.2E-1));
#2055=LINE('757',#2054,#2053);
#2056=DIRECTION('',(0.E0,0.E0,1.E0));
#2057=VECTOR('',#2056,6.4E-1);
#2058=CARTESIAN_POINT('',(7.751098615898E0,-5.4E0,-3.2E-1));
#2059=LINE('753',#2058,#2057);
#2060=DIRECTION('',(8.348171294789E-1,3.892816206352E-1,-3.892816206350E-1));
#2061=VECTOR('',#2060,5.137668705596E-1);
#2062=CARTESIAN_POINT('',(7.751098615898E0,-5.4E0,3.2E-1));
#2063=LINE('749',#2062,#2061);
#2064=DIRECTION('',(0.E0,0.E0,-1.E0));
#2065=VECTOR('',#2064,2.4E-1);
#2066=CARTESIAN_POINT('',(8.18E0,-5.2E0,1.2E-1));
#2067=LINE('748',#2066,#2065);
#2068=DIRECTION('',(-8.348171294789E-1,-3.892816206352E-1,-3.892816206350E-1));
#2069=VECTOR('',#2068,5.137668705596E-1);
#2070=CARTESIAN_POINT('',(8.18E0,-5.2E0,-1.2E-1));
#2071=LINE('756',#2070,#2069);
#2072=DIRECTION('',(0.E0,-1.E0,0.E0));
#2073=VECTOR('',#2072,2.399999999999E-1);
#2074=CARTESIAN_POINT('',(8.18E0,-4.96E0,1.2E-1));
#2075=LINE('745',#2074,#2073);
#2076=DIRECTION('',(0.E0,0.E0,-1.E0));
#2077=VECTOR('',#2076,6.4E-1);
#2078=CARTESIAN_POINT('',(7.751098615898E0,-4.76E0,3.2E-1));
#2079=LINE('760',#2078,#2077);
#2080=DIRECTION('',(8.348171294789E-1,-3.892816206352E-1,3.892816206350E-1));
#2081=VECTOR('',#2080,5.137668705596E-1);
#2082=CARTESIAN_POINT('',(7.751098615898E0,-4.76E0,-3.2E-1));
#2083=LINE('744',#2082,#2081);
#2084=DIRECTION('',(0.E0,0.E0,1.E0));
#2085=VECTOR('',#2084,2.4E-1);
#2086=CARTESIAN_POINT('',(8.18E0,-4.96E0,-1.2E-1));
#2087=LINE('746',#2086,#2085);
#2088=DIRECTION('',(-8.348171294789E-1,3.892816206352E-1,3.892816206350E-1));
#2089=VECTOR('',#2088,5.137668705596E-1);
#2090=CARTESIAN_POINT('',(8.18E0,-4.96E0,1.2E-1));
#2091=LINE('763',#2090,#2089);
#2092=DIRECTION('',(0.E0,-1.E0,0.E0));
#2093=VECTOR('',#2092,6.400000000001E-1);
#2094=CARTESIAN_POINT('',(7.751098615898E0,-4.76E0,-3.2E-1));
#2095=LINE('741',#2094,#2093);
#2096=DIRECTION('',(0.E0,-1.E0,0.E0));
#2097=VECTOR('',#2096,2.399999999999E-1);
#2098=CARTESIAN_POINT('',(8.18E0,-4.96E0,-1.2E-1));
#2099=LINE('747',#2098,#2097);
#2100=DIRECTION('',(1.E0,0.E0,0.E0));
#2101=VECTOR('',#2100,2.E-1);
#2102=CARTESIAN_POINT('',(2.14E0,-4.625E0,-5.6E-1));
#2103=LINE('1667',#2102,#2101);
#2104=DIRECTION('',(-1.E0,0.E0,0.E0));
#2105=VECTOR('',#2104,2.E-1);
#2106=CARTESIAN_POINT('',(2.34E0,-4.215E0,-5.6E-1));
#2107=LINE('1666',#2106,#2105);
#2108=CARTESIAN_POINT('',(2.34E0,-4.42E0,-5.6E-1));
#2109=DIRECTION('',(-1.E0,0.E0,0.E0));
#2110=DIRECTION('',(0.E0,-1.E0,0.E0));
#2111=AXIS2_PLACEMENT_3D('',#2108,#2109,#2110);
#2113=CARTESIAN_POINT('',(2.34E0,-4.42E0,-5.6E-1));
#2114=DIRECTION('',(-1.E0,0.E0,0.E0));
#2115=DIRECTION('',(0.E0,1.E0,0.E0));
#2116=AXIS2_PLACEMENT_3D('',#2113,#2114,#2115);
#2118=DIRECTION('',(1.E0,0.E0,0.E0));
#2119=VECTOR('',#2118,2.E-1);
#2120=CARTESIAN_POINT('',(2.14E0,-5.945E0,5.6E-1));
#2121=LINE('1661',#2120,#2119);
#2122=DIRECTION('',(-1.E0,0.E0,0.E0));
#2123=VECTOR('',#2122,2.E-1);
#2124=CARTESIAN_POINT('',(2.34E0,-5.535E0,5.6E-1));
#2125=LINE('1660',#2124,#2123);
#2126=CARTESIAN_POINT('',(2.34E0,-5.74E0,5.6E-1));
#2127=DIRECTION('',(-1.E0,0.E0,0.E0));
#2128=DIRECTION('',(0.E0,-1.E0,0.E0));
#2129=AXIS2_PLACEMENT_3D('',#2126,#2127,#2128);
#2131=CARTESIAN_POINT('',(2.34E0,-5.74E0,5.6E-1));
#2132=DIRECTION('',(-1.E0,0.E0,0.E0));
#2133=DIRECTION('',(0.E0,1.E0,0.E0));
#2134=AXIS2_PLACEMENT_3D('',#2131,#2132,#2133);
#2136=DIRECTION('',(1.E0,0.E0,0.E0));
#2137=VECTOR('',#2136,2.E-1);
#2138=CARTESIAN_POINT('',(2.14E0,-2.085E0,-5.6E-1));
#2139=LINE('457',#2138,#2137);
#2140=DIRECTION('',(-1.E0,0.E0,0.E0));
#2141=VECTOR('',#2140,2.E-1);
#2142=CARTESIAN_POINT('',(2.34E0,-1.675E0,-5.6E-1));
#2143=LINE('456',#2142,#2141);
#2144=CARTESIAN_POINT('',(2.34E0,-1.88E0,-5.6E-1));
#2145=DIRECTION('',(-1.E0,0.E0,0.E0));
#2146=DIRECTION('',(0.E0,-1.E0,0.E0));
#2147=AXIS2_PLACEMENT_3D('',#2144,#2145,#2146);
#2149=CARTESIAN_POINT('',(2.34E0,-1.88E0,-5.6E-1));
#2150=DIRECTION('',(-1.E0,0.E0,0.E0));
#2151=DIRECTION('',(0.E0,1.E0,0.E0));
#2152=AXIS2_PLACEMENT_3D('',#2149,#2150,#2151);
#2154=DIRECTION('',(1.E0,0.E0,0.E0));
#2155=VECTOR('',#2154,2.E-1);
#2156=CARTESIAN_POINT('',(2.14E0,-3.405E0,5.6E-1));
#2157=LINE('451',#2156,#2155);
#2158=DIRECTION('',(-1.E0,0.E0,0.E0));
#2159=VECTOR('',#2158,2.E-1);
#2160=CARTESIAN_POINT('',(2.34E0,-2.995E0,5.6E-1));
#2161=LINE('450',#2160,#2159);
#2162=CARTESIAN_POINT('',(2.34E0,-3.2E0,5.6E-1));
#2163=DIRECTION('',(-1.E0,0.E0,0.E0));
#2164=DIRECTION('',(0.E0,-1.E0,0.E0));
#2165=AXIS2_PLACEMENT_3D('',#2162,#2163,#2164);
#2167=CARTESIAN_POINT('',(2.34E0,-3.2E0,5.6E-1));
#2168=DIRECTION('',(-1.E0,0.E0,0.E0));
#2169=DIRECTION('',(0.E0,1.E0,0.E0));
#2170=AXIS2_PLACEMENT_3D('',#2167,#2168,#2169);
#2172=DIRECTION('',(1.E0,0.E0,0.E0));
#2173=VECTOR('',#2172,2.E-1);
#2174=CARTESIAN_POINT('',(2.14E0,-8.65E-1,5.6E-1));
#2175=LINE('312',#2174,#2173);
#2176=DIRECTION('',(-1.E0,0.E0,0.E0));
#2177=VECTOR('',#2176,2.E-1);
#2178=CARTESIAN_POINT('',(2.34E0,-4.55E-1,5.6E-1));
#2179=LINE('311',#2178,#2177);
#2180=CARTESIAN_POINT('',(2.34E0,-6.6E-1,5.6E-1));
#2181=DIRECTION('',(-1.E0,0.E0,0.E0));
#2182=DIRECTION('',(0.E0,-1.E0,0.E0));
#2183=AXIS2_PLACEMENT_3D('',#2180,#2181,#2182);
#2185=CARTESIAN_POINT('',(2.34E0,-6.6E-1,5.6E-1));
#2186=DIRECTION('',(-1.E0,0.E0,0.E0));
#2187=DIRECTION('',(0.E0,1.E0,0.E0));
#2188=AXIS2_PLACEMENT_3D('',#2185,#2186,#2187);
#2190=DIRECTION('',(1.E0,0.E0,0.E0));
#2191=VECTOR('',#2190,2.E-1);
#2192=CARTESIAN_POINT('',(2.14E0,4.55E-1,-5.6E-1));
#2193=LINE('318',#2192,#2191);
#2194=DIRECTION('',(-1.E0,0.E0,0.E0));
#2195=VECTOR('',#2194,2.E-1);
#2196=CARTESIAN_POINT('',(2.34E0,8.65E-1,-5.6E-1));
#2197=LINE('317',#2196,#2195);
#2198=CARTESIAN_POINT('',(2.34E0,6.6E-1,-5.6E-1));
#2199=DIRECTION('',(-1.E0,0.E0,0.E0));
#2200=DIRECTION('',(0.E0,-1.E0,0.E0));
#2201=AXIS2_PLACEMENT_3D('',#2198,#2199,#2200);
#2203=CARTESIAN_POINT('',(2.34E0,6.6E-1,-5.6E-1));
#2204=DIRECTION('',(-1.E0,0.E0,0.E0));
#2205=DIRECTION('',(0.E0,1.E0,0.E0));
#2206=AXIS2_PLACEMENT_3D('',#2203,#2204,#2205);
#2208=DIRECTION('',(0.E0,-1.E0,0.E0));
#2209=VECTOR('',#2208,6.400000000001E-1);
#2210=CARTESIAN_POINT('',(-2.061098615898E0,-2.22E0,-3.2E-1));
#2211=LINE('789',#2210,#2209);
#2212=DIRECTION('',(-1.E0,2.154623783766E-14,0.E0));
#2213=VECTOR('',#2212,2.061098615898E0);
#2214=CARTESIAN_POINT('',(0.E0,-2.22E0,3.2E-1));
#2215=LINE('825',#2214,#2213);
#2216=DIRECTION('',(0.E0,0.E0,-1.E0));
#2217=VECTOR('',#2216,6.4E-1);
#2218=CARTESIAN_POINT('',(-2.061098615898E0,-2.22E0,3.2E-1));
#2219=LINE('808',#2218,#2217);
#2220=DIRECTION('',(1.E0,-2.111531308090E-14,0.E0));
#2221=VECTOR('',#2220,2.061098615898E0);
#2222=CARTESIAN_POINT('',(-2.061098615898E0,-2.22E0,-3.2E-1));
#2223=LINE('828',#2222,#2221);
#2224=DIRECTION('',(1.E0,0.E0,0.E0));
#2225=VECTOR('',#2224,5.611098615898E0);
#2226=CARTESIAN_POINT('',(2.14E0,-2.22E0,-3.2E-1));
#2227=LINE('829',#2226,#2225);
#2228=DIRECTION('',(-1.E0,0.E0,0.E0));
#2229=VECTOR('',#2228,5.611098615898E0);
#2230=CARTESIAN_POINT('',(7.751098615898E0,-2.22E0,3.2E-1));
#2231=LINE('824',#2230,#2229);
#2232=DIRECTION('',(0.E0,-1.E0,0.E0));
#2233=VECTOR('',#2232,6.400000000001E-1);
#2234=CARTESIAN_POINT('',(7.751098615898E0,-2.22E0,3.2E-1));
#2235=LINE('797',#2234,#2233);
#2236=DIRECTION('',(-1.E0,-2.089985070253E-14,0.E0));
#2237=VECTOR('',#2236,2.061098615898E0);
#2238=CARTESIAN_POINT('',(0.E0,-2.86E0,-3.2E-1));
#2239=LINE('823',#2238,#2237);
#2240=DIRECTION('',(1.E0,2.089985070253E-14,0.E0));
#2241=VECTOR('',#2240,2.061098615898E0);
#2242=CARTESIAN_POINT('',(-2.061098615898E0,-2.86E0,3.2E-1));
#2243=LINE('826',#2242,#2241);
#2244=DIRECTION('',(1.E0,0.E0,0.E0));
#2245=VECTOR('',#2244,5.611098615898E0);
#2246=CARTESIAN_POINT('',(2.14E0,-2.86E0,3.2E-1));
#2247=LINE('827',#2246,#2245);
#2248=DIRECTION('',(-1.E0,0.E0,0.E0));
#2249=VECTOR('',#2248,5.611098615898E0);
#2250=CARTESIAN_POINT('',(7.751098615898E0,-2.86E0,-3.2E-1));
#2251=LINE('822',#2250,#2249);
#2252=DIRECTION('',(0.E0,0.E0,1.E0));
#2253=VECTOR('',#2252,2.4E-1);
#2254=CARTESIAN_POINT('',(-2.49E0,-2.66E0,-1.2E-1));
#2255=LINE('786',#2254,#2253);
#2256=DIRECTION('',(0.E0,0.E0,-1.E0));
#2257=VECTOR('',#2256,6.4E-1);
#2258=CARTESIAN_POINT('',(-2.061098615898E0,-2.86E0,3.2E-1));
#2259=LINE('801',#2258,#2257);
#2260=DIRECTION('',(-8.348171294789E-1,3.892816206352E-1,3.892816206350E-1));
#2261=VECTOR('',#2260,5.137668705596E-1);
#2262=CARTESIAN_POINT('',(-2.061098615898E0,-2.86E0,-3.2E-1));
#2263=LINE('787',#2262,#2261);
#2264=DIRECTION('',(0.E0,-1.E0,0.E0));
#2265=VECTOR('',#2264,2.399999999999E-1);
#2266=CARTESIAN_POINT('',(-2.49E0,-2.42E0,-1.2E-1));
#2267=LINE('783',#2266,#2265);
#2268=DIRECTION('',(-8.348171294789E-1,-3.892816206352E-1,-3.892816206350E-1));
#2269=VECTOR('',#2268,5.137668705596E-1);
#2270=CARTESIAN_POINT('',(-2.061098615898E0,-2.22E0,3.2E-1));
#2271=LINE('805',#2270,#2269);
#2272=DIRECTION('',(0.E0,0.E0,-1.E0));
#2273=VECTOR('',#2272,2.4E-1);
#2274=CARTESIAN_POINT('',(-2.49E0,-2.42E0,1.2E-1));
#2275=LINE('784',#2274,#2273);
#2276=DIRECTION('',(8.348171294789E-1,3.892816206352E-1,-3.892816206350E-1));
#2277=VECTOR('',#2276,5.137668705596E-1);
#2278=CARTESIAN_POINT('',(-2.49E0,-2.42E0,-1.2E-1));
#2279=LINE('806',#2278,#2277);
#2280=DIRECTION('',(0.E0,1.E0,0.E0));
#2281=VECTOR('',#2280,2.399999999999E-1);
#2282=CARTESIAN_POINT('',(-2.49E0,-2.66E0,1.2E-1));
#2283=LINE('785',#2282,#2281);
#2284=DIRECTION('',(0.E0,-1.E0,0.E0));
#2285=VECTOR('',#2284,6.400000000001E-1);
#2286=CARTESIAN_POINT('',(-2.061098615898E0,-2.22E0,3.2E-1));
#2287=LINE('798',#2286,#2285);
#2288=DIRECTION('',(-8.348171294789E-1,3.892816206352E-1,-3.892816206350E-1));
#2289=VECTOR('',#2288,5.137668705596E-1);
#2290=CARTESIAN_POINT('',(-2.061098615898E0,-2.86E0,3.2E-1));
#2291=LINE('804',#2290,#2289);
#2292=DIRECTION('',(0.E0,0.E0,1.E0));
#2293=VECTOR('',#2292,6.4E-1);
#2294=CARTESIAN_POINT('',(7.751098615898E0,-2.86E0,-3.2E-1));
#2295=LINE('800',#2294,#2293);
#2296=DIRECTION('',(8.348171294789E-1,3.892816206352E-1,-3.892816206350E-1));
#2297=VECTOR('',#2296,5.137668705596E-1);
#2298=CARTESIAN_POINT('',(7.751098615898E0,-2.86E0,3.2E-1));
#2299=LINE('796',#2298,#2297);
#2300=DIRECTION('',(1.480297366167E-14,0.E0,-1.E0));
#2301=VECTOR('',#2300,2.4E-1);
#2302=CARTESIAN_POINT('',(8.18E0,-2.66E0,1.2E-1));
#2303=LINE('795',#2302,#2301);
#2304=DIRECTION('',(-8.348171294789E-1,-3.892816206352E-1,-3.892816206350E-1));
#2305=VECTOR('',#2304,5.137668705596E-1);
#2306=CARTESIAN_POINT('',(8.18E0,-2.66E0,-1.2E-1));
#2307=LINE('803',#2306,#2305);
#2308=DIRECTION('',(0.E0,-1.E0,0.E0));
#2309=VECTOR('',#2308,2.399999999999E-1);
#2310=CARTESIAN_POINT('',(8.18E0,-2.42E0,1.2E-1));
#2311=LINE('792',#2310,#2309);
#2312=DIRECTION('',(0.E0,0.E0,-1.E0));
#2313=VECTOR('',#2312,6.4E-1);
#2314=CARTESIAN_POINT('',(7.751098615898E0,-2.22E0,3.2E-1));
#2315=LINE('807',#2314,#2313);
#2316=DIRECTION('',(8.348171294789E-1,-3.892816206352E-1,3.892816206350E-1));
#2317=VECTOR('',#2316,5.137668705596E-1);
#2318=CARTESIAN_POINT('',(7.751098615898E0,-2.22E0,-3.2E-1));
#2319=LINE('791',#2318,#2317);
#2320=DIRECTION('',(0.E0,0.E0,1.E0));
#2321=VECTOR('',#2320,2.4E-1);
#2322=CARTESIAN_POINT('',(8.18E0,-2.42E0,-1.2E-1));
#2323=LINE('793',#2322,#2321);
#2324=DIRECTION('',(-8.348171294789E-1,3.892816206352E-1,3.892816206350E-1));
#2325=VECTOR('',#2324,5.137668705596E-1);
#2326=CARTESIAN_POINT('',(8.18E0,-2.42E0,1.2E-1));
#2327=LINE('810',#2326,#2325);
#2328=DIRECTION('',(0.E0,-1.E0,0.E0));
#2329=VECTOR('',#2328,6.400000000001E-1);
#2330=CARTESIAN_POINT('',(7.751098615898E0,-2.22E0,-3.2E-1));
#2331=LINE('788',#2330,#2329);
#2332=DIRECTION('',(1.480297366168E-14,-1.E0,0.E0));
#2333=VECTOR('',#2332,2.399999999999E-1);
#2334=CARTESIAN_POINT('',(8.18E0,-2.42E0,-1.2E-1));
#2335=LINE('794',#2334,#2333);
#2336=DIRECTION('',(0.E0,-1.E0,0.E0));
#2337=VECTOR('',#2336,6.4E-1);
#2338=CARTESIAN_POINT('',(-2.061098615898E0,3.2E-1,-3.2E-1));
#2339=LINE('852',#2338,#2337);
#2340=DIRECTION('',(-1.E0,0.E0,0.E0));
#2341=VECTOR('',#2340,2.061098615898E0);
#2342=CARTESIAN_POINT('',(0.E0,3.2E-1,3.2E-1));
#2343=LINE('888',#2342,#2341);
#2344=DIRECTION('',(0.E0,0.E0,-1.E0));
#2345=VECTOR('',#2344,6.4E-1);
#2346=CARTESIAN_POINT('',(-2.061098615898E0,3.2E-1,3.2E-1));
#2347=LINE('871',#2346,#2345);
#2348=DIRECTION('',(1.E0,0.E0,0.E0));
#2349=VECTOR('',#2348,2.061098615898E0);
#2350=CARTESIAN_POINT('',(-2.061098615898E0,3.2E-1,-3.2E-1));
#2351=LINE('891',#2350,#2349);
#2352=DIRECTION('',(1.E0,0.E0,0.E0));
#2353=VECTOR('',#2352,5.611098615898E0);
#2354=CARTESIAN_POINT('',(2.14E0,3.2E-1,-3.2E-1));
#2355=LINE('892',#2354,#2353);
#2356=DIRECTION('',(-1.E0,0.E0,0.E0));
#2357=VECTOR('',#2356,5.611098615898E0);
#2358=CARTESIAN_POINT('',(7.751098615898E0,3.2E-1,3.2E-1));
#2359=LINE('887',#2358,#2357);
#2360=DIRECTION('',(0.E0,-1.E0,0.E0));
#2361=VECTOR('',#2360,6.4E-1);
#2362=CARTESIAN_POINT('',(7.751098615898E0,3.2E-1,3.2E-1));
#2363=LINE('860',#2362,#2361);
#2364=DIRECTION('',(-1.E0,0.E0,0.E0));
#2365=VECTOR('',#2364,2.061098615898E0);
#2366=CARTESIAN_POINT('',(0.E0,-3.2E-1,-3.2E-1));
#2367=LINE('886',#2366,#2365);
#2368=DIRECTION('',(1.E0,0.E0,0.E0));
#2369=VECTOR('',#2368,2.061098615898E0);
#2370=CARTESIAN_POINT('',(-2.061098615898E0,-3.2E-1,3.2E-1));
#2371=LINE('889',#2370,#2369);
#2372=DIRECTION('',(1.E0,0.E0,0.E0));
#2373=VECTOR('',#2372,5.611098615898E0);
#2374=CARTESIAN_POINT('',(2.14E0,-3.2E-1,3.2E-1));
#2375=LINE('890',#2374,#2373);
#2376=DIRECTION('',(-1.E0,0.E0,0.E0));
#2377=VECTOR('',#2376,5.611098615898E0);
#2378=CARTESIAN_POINT('',(7.751098615898E0,-3.2E-1,-3.2E-1));
#2379=LINE('885',#2378,#2377);
#2380=DIRECTION('',(0.E0,0.E0,1.E0));
#2381=VECTOR('',#2380,2.4E-1);
#2382=CARTESIAN_POINT('',(-2.49E0,-1.2E-1,-1.2E-1));
#2383=LINE('849',#2382,#2381);
#2384=DIRECTION('',(0.E0,0.E0,-1.E0));
#2385=VECTOR('',#2384,6.4E-1);
#2386=CARTESIAN_POINT('',(-2.061098615898E0,-3.2E-1,3.2E-1));
#2387=LINE('864',#2386,#2385);
#2388=DIRECTION('',(-8.348171294790E-1,3.892816206350E-1,3.892816206350E-1));
#2389=VECTOR('',#2388,5.137668705596E-1);
#2390=CARTESIAN_POINT('',(-2.061098615898E0,-3.2E-1,-3.2E-1));
#2391=LINE('850',#2390,#2389);
#2392=DIRECTION('',(0.E0,-1.E0,0.E0));
#2393=VECTOR('',#2392,2.4E-1);
#2394=CARTESIAN_POINT('',(-2.49E0,1.2E-1,-1.2E-1));
#2395=LINE('846',#2394,#2393);
#2396=DIRECTION('',(-8.348171294790E-1,-3.892816206350E-1,-3.892816206350E-1));
#2397=VECTOR('',#2396,5.137668705596E-1);
#2398=CARTESIAN_POINT('',(-2.061098615898E0,3.2E-1,3.2E-1));
#2399=LINE('868',#2398,#2397);
#2400=DIRECTION('',(0.E0,0.E0,-1.E0));
#2401=VECTOR('',#2400,2.4E-1);
#2402=CARTESIAN_POINT('',(-2.49E0,1.2E-1,1.2E-1));
#2403=LINE('847',#2402,#2401);
#2404=DIRECTION('',(8.348171294790E-1,3.892816206350E-1,-3.892816206350E-1));
#2405=VECTOR('',#2404,5.137668705596E-1);
#2406=CARTESIAN_POINT('',(-2.49E0,1.2E-1,-1.2E-1));
#2407=LINE('869',#2406,#2405);
#2408=DIRECTION('',(0.E0,1.E0,0.E0));
#2409=VECTOR('',#2408,2.4E-1);
#2410=CARTESIAN_POINT('',(-2.49E0,-1.2E-1,1.2E-1));
#2411=LINE('848',#2410,#2409);
#2412=DIRECTION('',(0.E0,-1.E0,0.E0));
#2413=VECTOR('',#2412,6.4E-1);
#2414=CARTESIAN_POINT('',(-2.061098615898E0,3.2E-1,3.2E-1));
#2415=LINE('861',#2414,#2413);
#2416=DIRECTION('',(-8.348171294790E-1,3.892816206350E-1,-3.892816206350E-1));
#2417=VECTOR('',#2416,5.137668705596E-1);
#2418=CARTESIAN_POINT('',(-2.061098615898E0,-3.2E-1,3.2E-1));
#2419=LINE('867',#2418,#2417);
#2420=DIRECTION('',(0.E0,0.E0,1.E0));
#2421=VECTOR('',#2420,6.4E-1);
#2422=CARTESIAN_POINT('',(7.751098615898E0,-3.2E-1,-3.2E-1));
#2423=LINE('863',#2422,#2421);
#2424=DIRECTION('',(8.348171294790E-1,3.892816206350E-1,-3.892816206350E-1));
#2425=VECTOR('',#2424,5.137668705596E-1);
#2426=CARTESIAN_POINT('',(7.751098615898E0,-3.2E-1,3.2E-1));
#2427=LINE('859',#2426,#2425);
#2428=DIRECTION('',(0.E0,0.E0,-1.E0));
#2429=VECTOR('',#2428,2.4E-1);
#2430=CARTESIAN_POINT('',(8.18E0,-1.2E-1,1.2E-1));
#2431=LINE('858',#2430,#2429);
#2432=DIRECTION('',(-8.348171294790E-1,-3.892816206350E-1,-3.892816206350E-1));
#2433=VECTOR('',#2432,5.137668705596E-1);
#2434=CARTESIAN_POINT('',(8.18E0,-1.2E-1,-1.2E-1));
#2435=LINE('866',#2434,#2433);
#2436=DIRECTION('',(0.E0,-1.E0,0.E0));
#2437=VECTOR('',#2436,2.4E-1);
#2438=CARTESIAN_POINT('',(8.18E0,1.2E-1,1.2E-1));
#2439=LINE('855',#2438,#2437);
#2440=DIRECTION('',(0.E0,0.E0,-1.E0));
#2441=VECTOR('',#2440,6.4E-1);
#2442=CARTESIAN_POINT('',(7.751098615898E0,3.2E-1,3.2E-1));
#2443=LINE('870',#2442,#2441);
#2444=DIRECTION('',(8.348171294790E-1,-3.892816206350E-1,3.892816206350E-1));
#2445=VECTOR('',#2444,5.137668705596E-1);
#2446=CARTESIAN_POINT('',(7.751098615898E0,3.2E-1,-3.2E-1));
#2447=LINE('854',#2446,#2445);
#2448=DIRECTION('',(0.E0,0.E0,1.E0));
#2449=VECTOR('',#2448,2.4E-1);
#2450=CARTESIAN_POINT('',(8.18E0,1.2E-1,-1.2E-1));
#2451=LINE('856',#2450,#2449);
#2452=DIRECTION('',(-8.348171294790E-1,3.892816206350E-1,3.892816206350E-1));
#2453=VECTOR('',#2452,5.137668705596E-1);
#2454=CARTESIAN_POINT('',(8.18E0,1.2E-1,1.2E-1));
#2455=LINE('873',#2454,#2453);
#2456=DIRECTION('',(0.E0,-1.E0,0.E0));
#2457=VECTOR('',#2456,6.4E-1);
#2458=CARTESIAN_POINT('',(7.751098615898E0,3.2E-1,-3.2E-1));
#2459=LINE('851',#2458,#2457);
#2460=DIRECTION('',(0.E0,-1.E0,0.E0));
#2461=VECTOR('',#2460,2.4E-1);
#2462=CARTESIAN_POINT('',(8.18E0,1.2E-1,-1.2E-1));
#2463=LINE('857',#2462,#2461);
#2464=DIRECTION('',(-1.E0,-5.852016690548E-14,0.E0));
#2465=VECTOR('',#2464,2.14E0);
#2466=CARTESIAN_POINT('',(2.14E0,-6.121613635589E0,-9.233158392311E-1));
#2467=LINE('1626',#2466,#2465);
#2468=CARTESIAN_POINT('',(0.E0,-6.35E0,-1.025E0));
#2469=DIRECTION('',(1.E0,0.E0,0.E0));
#2470=DIRECTION('',(0.E0,9.135454576425E-1,4.067366430760E-1));
#2471=AXIS2_PLACEMENT_3D('',#2468,#2469,#2470);
#2473=DIRECTION('',(1.E0,0.E0,-1.379996843693E-14));
#2474=VECTOR('',#2473,2.14E0);
#2475=CARTESIAN_POINT('',(0.E0,-6.578386364411E0,-9.233158392311E-1));
#2476=LINE('1496',#2475,#2474);
#2477=DIRECTION('',(-1.E0,0.E0,0.E0));
#2478=VECTOR('',#2477,2.14E0);
#2479=CARTESIAN_POINT('',(2.14E0,-5.996199767018E0,-1.205E0));
#2480=LINE('1625',#2479,#2478);
#2481=DIRECTION('',(0.E0,-1.E0,0.E0));
#2482=VECTOR('',#2481,1.832399534036E0);
#2483=CARTESIAN_POINT('',(0.E0,-4.163800232982E0,-1.205E0));
#2484=LINE('1615',#2483,#2482);
#2485=DIRECTION('',(-1.E0,0.E0,0.E0));
#2486=VECTOR('',#2485,2.14E0);
#2487=CARTESIAN_POINT('',(2.14E0,-4.163800232982E0,-1.205E0));
#2488=LINE('1624',#2487,#2486);
#2489=CARTESIAN_POINT('',(0.E0,-3.81E0,-1.025E0));
#2490=DIRECTION('',(1.E0,0.E0,0.E0));
#2491=DIRECTION('',(0.E0,9.135454576425E-1,4.067366430760E-1));
#2492=AXIS2_PLACEMENT_3D('',#2489,#2490,#2491);
#2494=DIRECTION('',(1.E0,0.E0,-1.369620927575E-14));
#2495=VECTOR('',#2494,2.14E0);
#2496=CARTESIAN_POINT('',(0.E0,-4.038386364411E0,-9.233158392311E-1));
#2497=LINE('1635',#2496,#2495);
#2498=DIRECTION('',(-1.E0,-5.872768522784E-14,0.E0));
#2499=VECTOR('',#2498,2.14E0);
#2500=CARTESIAN_POINT('',(2.14E0,-3.581613635589E0,-9.233158392311E-1));
#2501=LINE('416',#2500,#2499);
#2502=DIRECTION('',(-1.E0,0.E0,0.E0));
#2503=VECTOR('',#2502,2.14E0);
#2504=CARTESIAN_POINT('',(2.14E0,-3.456199767018E0,-1.205E0));
#2505=LINE('415',#2504,#2503);
#2506=DIRECTION('',(0.E0,-1.E0,0.E0));
#2507=VECTOR('',#2506,1.832399534036E0);
#2508=CARTESIAN_POINT('',(0.E0,-1.623800232982E0,-1.205E0));
#2509=LINE('405',#2508,#2507);
#2510=DIRECTION('',(-1.E0,0.E0,0.E0));
#2511=VECTOR('',#2510,2.14E0);
#2512=CARTESIAN_POINT('',(2.14E0,-1.623800232982E0,-1.205E0));
#2513=LINE('414',#2512,#2511);
#2514=CARTESIAN_POINT('',(0.E0,-1.27E0,-1.025E0));
#2515=DIRECTION('',(1.E0,0.E0,0.E0));
#2516=DIRECTION('',(0.E0,9.135454576425E-1,4.067366430760E-1));
#2517=AXIS2_PLACEMENT_3D('',#2514,#2515,#2516);
#2519=DIRECTION('',(1.E0,0.E0,-1.385184801752E-14));
#2520=VECTOR('',#2519,2.14E0);
#2521=CARTESIAN_POINT('',(0.E0,-1.498386364411E0,-9.233158392311E-1));
#2522=LINE('425',#2521,#2520);
#2523=DIRECTION('',(-1.E0,-5.862392606666E-14,0.E0));
#2524=VECTOR('',#2523,2.14E0);
#2525=CARTESIAN_POINT('',(2.14E0,-1.041613635589E0,-9.233158392311E-1));
#2526=LINE('277',#2525,#2524);
#2527=DIRECTION('',(-1.E0,0.E0,0.E0));
#2528=VECTOR('',#2527,2.14E0);
#2529=CARTESIAN_POINT('',(2.14E0,-9.161997670179E-1,-1.205E0));
#2530=LINE('276',#2529,#2528);
#2531=DIRECTION('',(0.E0,-1.E0,0.E0));
#2532=VECTOR('',#2531,1.832399534036E0);
#2533=CARTESIAN_POINT('',(0.E0,9.161997670179E-1,-1.205E0));
#2534=LINE('266',#2533,#2532);
#2535=DIRECTION('',(-1.E0,0.E0,0.E0));
#2536=VECTOR('',#2535,2.14E0);
#2537=CARTESIAN_POINT('',(2.14E0,9.161997670179E-1,-1.205E0));
#2538=LINE('275',#2537,#2536);
#2539=DIRECTION('',(1.E0,0.E0,-1.379996843693E-14));
#2540=VECTOR('',#2539,2.14E0);
#2541=CARTESIAN_POINT('',(0.E0,1.041613635589E0,-9.233158392311E-1));
#2542=LINE('286',#2541,#2540);
#2543=DIRECTION('',(-1.E0,-1.037591611799E-14,0.E0));
#2544=VECTOR('',#2543,2.14E0);
#2545=CARTESIAN_POINT('',(2.14E0,1.27E0,-7.75E-1));
#2546=LINE('285',#2545,#2544);
#2547=DIRECTION('',(0.E0,-2.850766218070E-14,-1.E0));
#2548=VECTOR('',#2547,1.55E0);
#2549=CARTESIAN_POINT('',(0.E0,1.27E0,7.75E-1));
#2550=LINE('257',#2549,#2548);
#2551=DIRECTION('',(-1.E0,0.E0,0.E0));
#2552=VECTOR('',#2551,2.14E0);
#2553=CARTESIAN_POINT('',(2.14E0,1.27E0,7.75E-1));
#2554=LINE('284',#2553,#2552);
#2555=DIRECTION('',(-1.E0,5.862392606666E-14,0.E0));
#2556=VECTOR('',#2555,2.14E0);
#2557=CARTESIAN_POINT('',(2.14E0,1.041613635589E0,9.233158392311E-1));
#2558=LINE('283',#2557,#2556);
#2559=DIRECTION('',(-1.E0,0.E0,0.E0));
#2560=VECTOR('',#2559,2.14E0);
#2561=CARTESIAN_POINT('',(2.14E0,9.161997670179E-1,1.205E0));
#2562=LINE('282',#2561,#2560);
#2563=DIRECTION('',(0.E0,1.E0,0.E0));
#2564=VECTOR('',#2563,1.832399534036E0);
#2565=CARTESIAN_POINT('',(0.E0,-9.161997670179E-1,1.205E0));
#2566=LINE('260',#2565,#2564);
#2567=DIRECTION('',(-1.E0,0.E0,0.E0));
#2568=VECTOR('',#2567,2.14E0);
#2569=CARTESIAN_POINT('',(2.14E0,-9.161997670179E-1,1.205E0));
#2570=LINE('281',#2569,#2568);
#2571=DIRECTION('',(-1.E0,4.835176910984E-14,-2.158190552542E-14));
#2572=VECTOR('',#2571,2.14E0);
#2573=CARTESIAN_POINT('',(2.14E0,-1.041613635589E0,9.233158392311E-1));
#2574=LINE('280',#2573,#2572);
#2575=DIRECTION('',(-1.E0,5.872768522784E-14,0.E0));
#2576=VECTOR('',#2575,2.14E0);
#2577=CARTESIAN_POINT('',(2.14E0,-1.498386364411E0,9.233158392311E-1));
#2578=LINE('422',#2577,#2576);
#2579=CARTESIAN_POINT('',(0.E0,-1.27E0,1.025E0));
#2580=DIRECTION('',(1.E0,0.E0,0.E0));
#2581=DIRECTION('',(0.E0,-9.135454576425E-1,-4.067366430760E-1));
#2582=AXIS2_PLACEMENT_3D('',#2579,#2580,#2581);
#2584=DIRECTION('',(-1.E0,0.E0,0.E0));
#2585=VECTOR('',#2584,2.14E0);
#2586=CARTESIAN_POINT('',(2.14E0,-1.623800232982E0,1.205E0));
#2587=LINE('421',#2586,#2585);
#2588=DIRECTION('',(0.E0,1.E0,0.E0));
#2589=VECTOR('',#2588,1.832399534036E0);
#2590=CARTESIAN_POINT('',(0.E0,-3.456199767018E0,1.205E0));
#2591=LINE('399',#2590,#2589);
#2592=DIRECTION('',(-1.E0,0.E0,0.E0));
#2593=VECTOR('',#2592,2.14E0);
#2594=CARTESIAN_POINT('',(2.14E0,-3.456199767018E0,1.205E0));
#2595=LINE('420',#2594,#2593);
#2596=DIRECTION('',(-1.E0,4.814425078748E-14,-2.142626678365E-14));
#2597=VECTOR('',#2596,2.14E0);
#2598=CARTESIAN_POINT('',(2.14E0,-3.581613635589E0,9.233158392311E-1));
#2599=LINE('419',#2598,#2597);
#2600=DIRECTION('',(-1.E0,5.893520355020E-14,0.E0));
#2601=VECTOR('',#2600,2.14E0);
#2602=CARTESIAN_POINT('',(2.14E0,-4.038386364411E0,9.233158392311E-1));
#2603=LINE('1632',#2602,#2601);
#2604=CARTESIAN_POINT('',(0.E0,-3.81E0,1.025E0));
#2605=DIRECTION('',(1.E0,0.E0,0.E0));
#2606=DIRECTION('',(0.E0,-9.135454576425E-1,-4.067366430760E-1));
#2607=AXIS2_PLACEMENT_3D('',#2604,#2605,#2606);
#2609=DIRECTION('',(-1.E0,0.E0,0.E0));
#2610=VECTOR('',#2609,2.14E0);
#2611=CARTESIAN_POINT('',(2.14E0,-4.163800232982E0,1.205E0));
#2612=LINE('1631',#2611,#2610);
#2613=DIRECTION('',(0.E0,1.E0,0.E0));
#2614=VECTOR('',#2613,1.832399534036E0);
#2615=CARTESIAN_POINT('',(0.E0,-5.996199767018E0,1.205E0));
#2616=LINE('1609',#2615,#2614);
#2617=DIRECTION('',(-1.E0,0.E0,0.E0));
#2618=VECTOR('',#2617,2.14E0);
#2619=CARTESIAN_POINT('',(2.14E0,-5.996199767018E0,1.205E0));
#2620=LINE('1630',#2619,#2618);
#2621=DIRECTION('',(-1.E0,4.814425078748E-14,-2.137438720306E-14));
#2622=VECTOR('',#2621,2.14E0);
#2623=CARTESIAN_POINT('',(2.14E0,-6.121613635589E0,9.233158392311E-1));
#2624=LINE('1629',#2623,#2622);
#2625=CARTESIAN_POINT('',(0.E0,-6.35E0,1.025E0));
#2626=DIRECTION('',(1.E0,0.E0,0.E0));
#2627=DIRECTION('',(0.E0,-9.135454576425E-1,-4.067366430760E-1));
#2628=AXIS2_PLACEMENT_3D('',#2625,#2626,#2627);
#2630=DIRECTION('',(-1.E0,5.935024019491E-14,0.E0));
#2631=VECTOR('',#2630,2.14E0);
#2632=CARTESIAN_POINT('',(2.14E0,-6.578386364411E0,9.233158392311E-1));
#2633=LINE('1493',#2632,#2631);
#2634=DIRECTION('',(-1.E0,0.E0,0.E0));
#2635=VECTOR('',#2634,2.14E0);
#2636=CARTESIAN_POINT('',(2.14E0,-6.703800232982E0,1.205E0));
#2637=LINE('1492',#2636,#2635);
#2638=DIRECTION('',(0.E0,1.E0,0.E0));
#2639=VECTOR('',#2638,1.832399534036E0);
#2640=CARTESIAN_POINT('',(0.E0,-8.536199767018E0,1.205E0));
#2641=LINE('1470',#2640,#2639);
#2642=DIRECTION('',(-1.E0,0.E0,0.E0));
#2643=VECTOR('',#2642,2.14E0);
#2644=CARTESIAN_POINT('',(2.14E0,-8.536199767018E0,1.205E0));
#2645=LINE('1491',#2644,#2643);
#2646=DIRECTION('',(-1.E0,4.814425078748E-14,-2.158190552542E-14));
#2647=VECTOR('',#2646,2.14E0);
#2648=CARTESIAN_POINT('',(2.14E0,-8.661613635589E0,9.233158392311E-1));
#2649=LINE('1490',#2648,#2647);
#2650=CARTESIAN_POINT('',(0.E0,-8.89E0,1.025E0));
#2651=DIRECTION('',(1.E0,0.E0,0.E0));
#2652=DIRECTION('',(0.E0,-9.135454576425E-1,-4.067366430760E-1));
#2653=AXIS2_PLACEMENT_3D('',#2650,#2651,#2652);
#2655=DIRECTION('',(-1.E0,5.893520355020E-14,0.E0));
#2656=VECTOR('',#2655,2.14E0);
#2657=CARTESIAN_POINT('',(2.14E0,-9.118386364411E0,9.233158392311E-1));
#2658=LINE('1354',#2657,#2656);
#2659=DIRECTION('',(-1.E0,0.E0,0.E0));
#2660=VECTOR('',#2659,2.14E0);
#2661=CARTESIAN_POINT('',(2.14E0,-9.243800232982E0,1.205E0));
#2662=LINE('1353',#2661,#2660);
#2663=DIRECTION('',(0.E0,1.E0,-6.228495740770E-14));
#2664=VECTOR('',#2663,1.832399534038E0);
#2665=CARTESIAN_POINT('',(0.E0,-1.107619976702E1,1.205E0));
#2666=LINE('1331',#2665,#2664);
#2667=DIRECTION('',(-1.E0,0.E0,0.E0));
#2668=VECTOR('',#2667,2.14E0);
#2669=CARTESIAN_POINT('',(2.14E0,-1.107619976702E1,1.205E0));
#2670=LINE('1352',#2669,#2668);
#2671=DIRECTION('',(-1.E0,-8.217725565450E-14,3.636758599356E-14));
#2672=VECTOR('',#2671,2.14E0);
#2673=CARTESIAN_POINT('',(2.14E0,-1.120161363559E1,9.233158392308E-1));
#2674=LINE('1351',#2673,#2672);
#2675=CARTESIAN_POINT('',(0.E0,-1.143E1,1.025E0));
#2676=DIRECTION('',(1.E0,0.E0,0.E0));
#2677=DIRECTION('',(0.E0,-9.135454576425E-1,-4.067366430760E-1));
#2678=AXIS2_PLACEMENT_3D('',#2675,#2676,#2677);
#2680=DIRECTION('',(-1.E0,-9.794864815385E-14,0.E0));
#2681=VECTOR('',#2680,2.14E0);
#2682=CARTESIAN_POINT('',(2.14E0,-1.165838636441E1,9.233158392308E-1));
#2683=LINE('1215',#2682,#2681);
#2684=DIRECTION('',(-1.E0,0.E0,0.E0));
#2685=VECTOR('',#2684,2.14E0);
#2686=CARTESIAN_POINT('',(2.14E0,-1.178380023298E1,1.205E0));
#2687=LINE('1214',#2686,#2685);
#2688=DIRECTION('',(0.E0,1.E0,0.E0));
#2689=VECTOR('',#2688,1.832399534041E0);
#2690=CARTESIAN_POINT('',(0.E0,-1.361619976702E1,1.205E0));
#2691=LINE('1192',#2690,#2689);
#2692=DIRECTION('',(-1.E0,0.E0,0.E0));
#2693=VECTOR('',#2692,2.14E0);
#2694=CARTESIAN_POINT('',(2.14E0,-1.361619976702E1,1.205E0));
#2695=LINE('1213',#2694,#2693);
#2696=DIRECTION('',(-1.E0,-8.134718236506E-14,3.641946557415E-14));
#2697=VECTOR('',#2696,2.14E0);
#2698=CARTESIAN_POINT('',(2.14E0,-1.374161363559E1,9.233158392308E-1));
#2699=LINE('1212',#2698,#2697);
#2700=CARTESIAN_POINT('',(0.E0,-1.397E1,1.025E0));
#2701=DIRECTION('',(1.E0,0.E0,0.E0));
#2702=DIRECTION('',(0.E0,-9.135454576425E-1,-4.067366430760E-1));
#2703=AXIS2_PLACEMENT_3D('',#2700,#2701,#2702);
#2705=DIRECTION('',(-1.E0,-9.628850157497E-14,0.E0));
#2706=VECTOR('',#2705,2.14E0);
#2707=CARTESIAN_POINT('',(2.14E0,-1.419838636441E1,9.233158392308E-1));
#2708=LINE('1076',#2707,#2706);
#2709=DIRECTION('',(-1.E0,0.E0,0.E0));
#2710=VECTOR('',#2709,2.14E0);
#2711=CARTESIAN_POINT('',(2.14E0,-1.432380023298E1,1.205E0));
#2712=LINE('1075',#2711,#2710);
#2713=DIRECTION('',(0.E0,1.E0,0.E0));
#2714=VECTOR('',#2713,1.832399534041E0);
#2715=CARTESIAN_POINT('',(0.E0,-1.615619976702E1,1.205E0));
#2716=LINE('1053',#2715,#2714);
#2717=DIRECTION('',(-1.E0,0.E0,0.E0));
#2718=VECTOR('',#2717,2.14E0);
#2719=CARTESIAN_POINT('',(2.14E0,-1.615619976702E1,1.205E0));
#2720=LINE('1074',#2719,#2718);
#2721=DIRECTION('',(-1.E0,-7.968703578618E-14,3.564127186530E-14));
#2722=VECTOR('',#2721,2.14E0);
#2723=CARTESIAN_POINT('',(2.14E0,-1.628161363559E1,9.233158392308E-1));
#2724=LINE('1073',#2723,#2722);
#2725=CARTESIAN_POINT('',(0.E0,-1.651E1,1.025E0));
#2726=DIRECTION('',(1.E0,0.E0,0.E0));
#2727=DIRECTION('',(0.E0,-9.135454576425E-1,-4.067366430760E-1));
#2728=AXIS2_PLACEMENT_3D('',#2725,#2726,#2727);
#2730=DIRECTION('',(-1.E0,-9.794864815385E-14,0.E0));
#2731=VECTOR('',#2730,2.14E0);
#2732=CARTESIAN_POINT('',(2.14E0,-1.673838636441E1,9.233158392308E-1));
#2733=LINE('953',#2732,#2731);
#2734=DIRECTION('',(-1.E0,0.E0,0.E0));
#2735=VECTOR('',#2734,2.14E0);
#2736=CARTESIAN_POINT('',(2.14E0,-1.686380023298E1,1.205E0));
#2737=LINE('952',#2736,#2735);
#2738=DIRECTION('',(0.E0,1.E0,0.E0));
#2739=VECTOR('',#2738,1.832399534041E0);
#2740=CARTESIAN_POINT('',(0.E0,-1.869619976702E1,1.205E0));
#2741=LINE('930',#2740,#2739);
#2742=DIRECTION('',(-1.E0,0.E0,0.E0));
#2743=VECTOR('',#2742,2.14E0);
#2744=CARTESIAN_POINT('',(2.14E0,-1.869619976702E1,1.205E0));
#2745=LINE('951',#2744,#2743);
#2746=DIRECTION('',(-1.E0,-7.968703578618E-14,3.621194725179E-14));
#2747=VECTOR('',#2746,2.14E0);
#2748=CARTESIAN_POINT('',(2.14E0,-1.882161363559E1,9.233158392308E-1));
#2749=LINE('950',#2748,#2747);
#2750=DIRECTION('',(-1.E0,1.162102605215E-14,0.E0));
#2751=VECTOR('',#2750,2.14E0);
#2752=CARTESIAN_POINT('',(2.14E0,-1.905E1,7.75E-1));
#2753=LINE('949',#2752,#2751);
#2754=DIRECTION('',(0.E0,2.750488009394E-14,1.E0));
#2755=VECTOR('',#2754,1.55E0);
#2756=CARTESIAN_POINT('',(0.E0,-1.905E1,-7.75E-1));
#2757=LINE('933',#2756,#2755);
#2758=DIRECTION('',(-1.E0,0.E0,0.E0));
#2759=VECTOR('',#2758,2.14E0);
#2760=CARTESIAN_POINT('',(2.14E0,-1.905E1,-7.75E-1));
#2761=LINE('948',#2760,#2759);
#2762=DIRECTION('',(-1.E0,9.628850157497E-14,0.E0));
#2763=VECTOR('',#2762,2.14E0);
#2764=CARTESIAN_POINT('',(2.14E0,-1.882161363559E1,-9.233158392308E-1));
#2765=LINE('947',#2764,#2763);
#2766=DIRECTION('',(-1.E0,0.E0,0.E0));
#2767=VECTOR('',#2766,2.14E0);
#2768=CARTESIAN_POINT('',(2.14E0,-1.869619976702E1,-1.205E0));
#2769=LINE('946',#2768,#2767);
#2770=DIRECTION('',(0.E0,-1.E0,0.E0));
#2771=VECTOR('',#2770,1.832399534041E0);
#2772=CARTESIAN_POINT('',(0.E0,-1.686380023298E1,-1.205E0));
#2773=LINE('936',#2772,#2771);
#2774=DIRECTION('',(-1.E0,0.E0,0.E0));
#2775=VECTOR('',#2774,2.14E0);
#2776=CARTESIAN_POINT('',(2.14E0,-1.686380023298E1,-1.205E0));
#2777=LINE('945',#2776,#2775);
#2778=DIRECTION('',(-1.E0,9.628850157497E-14,0.E0));
#2779=VECTOR('',#2778,2.14E0);
#2780=CARTESIAN_POINT('',(2.14E0,-1.628161363559E1,-9.233158392308E-1));
#2781=LINE('1070',#2780,#2779);
#2782=CARTESIAN_POINT('',(0.E0,-1.651E1,-1.025E0));
#2783=DIRECTION('',(1.E0,0.E0,0.E0));
#2784=DIRECTION('',(0.E0,9.135454576425E-1,4.067366430760E-1));
#2785=AXIS2_PLACEMENT_3D('',#2782,#2783,#2784);
#2787=DIRECTION('',(1.E0,1.660146578879E-14,4.363072727616E-14));
#2788=VECTOR('',#2787,2.14E0);
#2789=CARTESIAN_POINT('',(0.E0,-1.673838636441E1,-9.233158392309E-1));
#2790=LINE('956',#2789,#2788);
#2791=DIRECTION('',(-1.E0,0.E0,0.E0));
#2792=VECTOR('',#2791,2.14E0);
#2793=CARTESIAN_POINT('',(2.14E0,-1.615619976702E1,-1.205E0));
#2794=LINE('1069',#2793,#2792);
#2795=DIRECTION('',(0.E0,-1.E0,0.E0));
#2796=VECTOR('',#2795,1.832399534041E0);
#2797=CARTESIAN_POINT('',(0.E0,-1.432380023298E1,-1.205E0));
#2798=LINE('1059',#2797,#2796);
#2799=DIRECTION('',(-1.E0,0.E0,0.E0));
#2800=VECTOR('',#2799,2.14E0);
#2801=CARTESIAN_POINT('',(2.14E0,-1.432380023298E1,-1.205E0));
#2802=LINE('1068',#2801,#2800);
#2803=DIRECTION('',(-1.E0,9.628850157497E-14,0.E0));
#2804=VECTOR('',#2803,2.14E0);
#2805=CARTESIAN_POINT('',(2.14E0,-1.374161363559E1,-9.233158392308E-1));
#2806=LINE('1209',#2805,#2804);
#2807=CARTESIAN_POINT('',(0.E0,-1.397E1,-1.025E0));
#2808=DIRECTION('',(1.E0,0.E0,0.E0));
#2809=DIRECTION('',(0.E0,9.135454576425E-1,4.067366430760E-1));
#2810=AXIS2_PLACEMENT_3D('',#2807,#2808,#2809);
#2812=DIRECTION('',(1.E0,1.909168565711E-14,4.383824559852E-14));
#2813=VECTOR('',#2812,2.14E0);
#2814=CARTESIAN_POINT('',(0.E0,-1.419838636441E1,-9.233158392309E-1));
#2815=LINE('1079',#2814,#2813);
#2816=DIRECTION('',(-1.E0,0.E0,0.E0));
#2817=VECTOR('',#2816,2.14E0);
#2818=CARTESIAN_POINT('',(2.14E0,-1.361619976702E1,-1.205E0));
#2819=LINE('1208',#2818,#2817);
#2820=DIRECTION('',(0.E0,-1.E0,0.E0));
#2821=VECTOR('',#2820,1.832399534041E0);
#2822=CARTESIAN_POINT('',(0.E0,-1.178380023298E1,-1.205E0));
#2823=LINE('1198',#2822,#2821);
#2824=DIRECTION('',(-1.E0,0.E0,0.E0));
#2825=VECTOR('',#2824,2.14E0);
#2826=CARTESIAN_POINT('',(2.14E0,-1.178380023298E1,-1.205E0));
#2827=LINE('1207',#2826,#2825);
#2828=DIRECTION('',(-1.E0,9.711857486441E-14,0.E0));
#2829=VECTOR('',#2828,2.14E0);
#2830=CARTESIAN_POINT('',(2.14E0,-1.120161363559E1,-9.233158392308E-1));
#2831=LINE('1348',#2830,#2829);
#2832=CARTESIAN_POINT('',(0.E0,-1.143E1,-1.025E0));
#2833=DIRECTION('',(1.E0,0.E0,0.E0));
#2834=DIRECTION('',(0.E0,9.135454576425E-1,4.067366430760E-1));
#2835=AXIS2_PLACEMENT_3D('',#2832,#2833,#2834);
#2837=DIRECTION('',(1.E0,1.826161236767E-14,4.394200475970E-14));
#2838=VECTOR('',#2837,2.14E0);
#2839=CARTESIAN_POINT('',(0.E0,-1.165838636441E1,-9.233158392309E-1));
#2840=LINE('1218',#2839,#2838);
#2841=DIRECTION('',(-1.E0,0.E0,0.E0));
#2842=VECTOR('',#2841,2.14E0);
#2843=CARTESIAN_POINT('',(2.14E0,-1.107619976702E1,-1.205E0));
#2844=LINE('1347',#2843,#2842);
#2845=DIRECTION('',(0.E0,-1.E0,-6.228495740770E-14));
#2846=VECTOR('',#2845,1.832399534038E0);
#2847=CARTESIAN_POINT('',(0.E0,-9.243800232982E0,-1.205E0));
#2848=LINE('1337',#2847,#2846);
#2849=DIRECTION('',(-1.E0,0.E0,0.E0));
#2850=VECTOR('',#2849,2.14E0);
#2851=CARTESIAN_POINT('',(2.14E0,-9.243800232982E0,-1.205E0));
#2852=LINE('1346',#2851,#2850);
#2853=DIRECTION('',(-1.E0,-5.893520355020E-14,0.E0));
#2854=VECTOR('',#2853,2.14E0);
#2855=CARTESIAN_POINT('',(2.14E0,-8.661613635589E0,-9.233158392311E-1));
#2856=LINE('1487',#2855,#2854);
#2857=CARTESIAN_POINT('',(0.E0,-8.89E0,-1.025E0));
#2858=DIRECTION('',(1.E0,0.E0,0.E0));
#2859=DIRECTION('',(0.E0,9.135454576425E-1,4.067366430760E-1));
#2860=AXIS2_PLACEMENT_3D('',#2857,#2858,#2859);
#2862=DIRECTION('',(1.E0,0.E0,-1.369620927575E-14));
#2863=VECTOR('',#2862,2.14E0);
#2864=CARTESIAN_POINT('',(0.E0,-9.118386364411E0,-9.233158392311E-1));
#2865=LINE('1357',#2864,#2863);
#2866=DIRECTION('',(-1.E0,0.E0,0.E0));
#2867=VECTOR('',#2866,2.14E0);
#2868=CARTESIAN_POINT('',(2.14E0,-8.536199767018E0,-1.205E0));
#2869=LINE('1486',#2868,#2867);
#2870=DIRECTION('',(0.E0,-1.E0,0.E0));
#2871=VECTOR('',#2870,1.832399534036E0);
#2872=CARTESIAN_POINT('',(0.E0,-6.703800232982E0,-1.205E0));
#2873=LINE('1476',#2872,#2871);
#2874=DIRECTION('',(-1.E0,0.E0,0.E0));
#2875=VECTOR('',#2874,2.14E0);
#2876=CARTESIAN_POINT('',(2.14E0,-6.703800232982E0,-1.205E0));
#2877=LINE('1485',#2876,#2875);
#2878=DIRECTION('',(0.E0,-1.E0,0.E0));
#2879=VECTOR('',#2878,2.399999999988E-1);
#2880=CARTESIAN_POINT('',(8.18E0,-1.766E1,1.2E-1));
#2881=LINE('510',#2880,#2879);
#2882=DIRECTION('',(0.E0,0.E0,-1.E0));
#2883=VECTOR('',#2882,6.4E-1);
#2884=CARTESIAN_POINT('',(7.751098615898E0,-1.746E1,3.2E-1));
#2885=LINE('525',#2884,#2883);
#2886=DIRECTION('',(8.348171294781E-1,-3.892816206369E-1,3.892816206350E-1));
#2887=VECTOR('',#2886,5.137668705596E-1);
#2888=CARTESIAN_POINT('',(7.751098615898E0,-1.746E1,-3.2E-1));
#2889=LINE('509',#2888,#2887);
#2890=DIRECTION('',(0.E0,0.E0,1.E0));
#2891=VECTOR('',#2890,2.4E-1);
#2892=CARTESIAN_POINT('',(8.18E0,-1.766E1,-1.2E-1));
#2893=LINE('511',#2892,#2891);
#2894=DIRECTION('',(-8.348171294781E-1,3.892816206369E-1,3.892816206350E-1));
#2895=VECTOR('',#2894,5.137668705596E-1);
#2896=CARTESIAN_POINT('',(8.18E0,-1.766E1,1.2E-1));
#2897=LINE('528',#2896,#2895);
#2898=DIRECTION('',(0.E0,-1.E0,0.E0));
#2899=VECTOR('',#2898,6.400000000009E-1);
#2900=CARTESIAN_POINT('',(7.751098615898E0,-1.746E1,-3.2E-1));
#2901=LINE('506',#2900,#2899);
#2902=DIRECTION('',(1.480297366174E-14,-1.E0,0.E0));
#2903=VECTOR('',#2902,2.399999999988E-1);
#2904=CARTESIAN_POINT('',(8.18E0,-1.766E1,-1.2E-1));
#2905=LINE('512',#2904,#2903);
#2906=DIRECTION('',(0.E0,0.E0,1.E0));
#2907=VECTOR('',#2906,6.4E-1);
#2908=CARTESIAN_POINT('',(7.751098615898E0,-1.81E1,-3.2E-1));
#2909=LINE('518',#2908,#2907);
#2910=DIRECTION('',(8.348171294781E-1,3.892816206369E-1,-3.892816206350E-1));
#2911=VECTOR('',#2910,5.137668705596E-1);
#2912=CARTESIAN_POINT('',(7.751098615898E0,-1.81E1,3.2E-1));
#2913=LINE('514',#2912,#2911);
#2914=DIRECTION('',(0.E0,0.E0,-1.E0));
#2915=VECTOR('',#2914,2.4E-1);
#2916=CARTESIAN_POINT('',(8.18E0,-1.79E1,1.2E-1));
#2917=LINE('513',#2916,#2915);
#2918=DIRECTION('',(-8.348171294781E-1,-3.892816206369E-1,-3.892816206350E-1));
#2919=VECTOR('',#2918,5.137668705596E-1);
#2920=CARTESIAN_POINT('',(8.18E0,-1.79E1,-1.2E-1));
#2921=LINE('521',#2920,#2919);
#2922=DIRECTION('',(-1.E0,0.E0,0.E0));
#2923=VECTOR('',#2922,2.E-1);
#2924=CARTESIAN_POINT('',(0.E0,-1.8235E1,-5.55E-1));
#2925=LINE('996',#2924,#2923);
#2926=DIRECTION('',(1.E0,0.E0,0.E0));
#2927=VECTOR('',#2926,2.E-1);
#2928=CARTESIAN_POINT('',(-2.E-1,-1.8645E1,-5.55E-1));
#2929=LINE('995',#2928,#2927);
#2930=CARTESIAN_POINT('',(-2.E-1,-1.844E1,-5.55E-1));
#2931=DIRECTION('',(1.E0,0.E0,0.E0));
#2932=DIRECTION('',(0.E0,1.E0,0.E0));
#2933=AXIS2_PLACEMENT_3D('',#2930,#2931,#2932);
#2935=CARTESIAN_POINT('',(-2.E-1,-1.844E1,-5.55E-1));
#2936=DIRECTION('',(1.E0,0.E0,0.E0));
#2937=DIRECTION('',(0.E0,-1.E0,0.E0));
#2938=AXIS2_PLACEMENT_3D('',#2935,#2936,#2937);
#2940=DIRECTION('',(-1.E0,0.E0,0.E0));
#2941=VECTOR('',#2940,2.E-1);
#2942=CARTESIAN_POINT('',(0.E0,-1.6915E1,5.6E-1));
#2943=LINE('990',#2942,#2941);
#2944=DIRECTION('',(1.E0,0.E0,0.E0));
#2945=VECTOR('',#2944,2.E-1);
#2946=CARTESIAN_POINT('',(-2.E-1,-1.7325E1,5.6E-1));
#2947=LINE('989',#2946,#2945);
#2948=CARTESIAN_POINT('',(-2.E-1,-1.712E1,5.6E-1));
#2949=DIRECTION('',(1.E0,0.E0,0.E0));
#2950=DIRECTION('',(0.E0,1.E0,0.E0));
#2951=AXIS2_PLACEMENT_3D('',#2948,#2949,#2950);
#2953=CARTESIAN_POINT('',(-2.E-1,-1.712E1,5.6E-1));
#2954=DIRECTION('',(1.E0,0.E0,0.E0));
#2955=DIRECTION('',(0.E0,-1.E0,0.E0));
#2956=AXIS2_PLACEMENT_3D('',#2953,#2954,#2955);
#2958=DIRECTION('',(-1.E0,0.E0,0.E0));
#2959=VECTOR('',#2958,2.E-1);
#2960=CARTESIAN_POINT('',(0.E0,-1.4375E1,5.6E-1));
#2961=LINE('1113',#2960,#2959);
#2962=DIRECTION('',(1.E0,0.E0,0.E0));
#2963=VECTOR('',#2962,2.E-1);
#2964=CARTESIAN_POINT('',(-2.E-1,-1.4785E1,5.6E-1));
#2965=LINE('1112',#2964,#2963);
#2966=CARTESIAN_POINT('',(-2.E-1,-1.458E1,5.6E-1));
#2967=DIRECTION('',(1.E0,0.E0,0.E0));
#2968=DIRECTION('',(0.E0,1.E0,0.E0));
#2969=AXIS2_PLACEMENT_3D('',#2966,#2967,#2968);
#2971=CARTESIAN_POINT('',(-2.E-1,-1.458E1,5.6E-1));
#2972=DIRECTION('',(1.E0,0.E0,0.E0));
#2973=DIRECTION('',(0.E0,-1.E0,0.E0));
#2974=AXIS2_PLACEMENT_3D('',#2971,#2972,#2973);
#2976=DIRECTION('',(-1.E0,0.E0,0.E0));
#2977=VECTOR('',#2976,2.E-1);
#2978=CARTESIAN_POINT('',(0.E0,-1.5695E1,-5.55E-1));
#2979=LINE('1119',#2978,#2977);
#2980=DIRECTION('',(1.E0,0.E0,0.E0));
#2981=VECTOR('',#2980,2.E-1);
#2982=CARTESIAN_POINT('',(-2.E-1,-1.6105E1,-5.55E-1));
#2983=LINE('1118',#2982,#2981);
#2984=CARTESIAN_POINT('',(-2.E-1,-1.59E1,-5.55E-1));
#2985=DIRECTION('',(1.E0,0.E0,0.E0));
#2986=DIRECTION('',(0.E0,1.E0,0.E0));
#2987=AXIS2_PLACEMENT_3D('',#2984,#2985,#2986);
#2989=CARTESIAN_POINT('',(-2.E-1,-1.59E1,-5.55E-1));
#2990=DIRECTION('',(1.E0,0.E0,0.E0));
#2991=DIRECTION('',(0.E0,-1.E0,0.E0));
#2992=AXIS2_PLACEMENT_3D('',#2989,#2990,#2991);
#2994=DIRECTION('',(-1.E0,0.E0,0.E0));
#2995=VECTOR('',#2994,2.E-1);
#2996=CARTESIAN_POINT('',(0.E0,-1.1835E1,5.6E-1));
#2997=LINE('1252',#2996,#2995);
#2998=DIRECTION('',(1.E0,0.E0,0.E0));
#2999=VECTOR('',#2998,2.E-1);
#3000=CARTESIAN_POINT('',(-2.E-1,-1.2245E1,5.6E-1));
#3001=LINE('1251',#3000,#2999);
#3002=CARTESIAN_POINT('',(-2.E-1,-1.204E1,5.6E-1));
#3003=DIRECTION('',(1.E0,0.E0,0.E0));
#3004=DIRECTION('',(0.E0,1.E0,0.E0));
#3005=AXIS2_PLACEMENT_3D('',#3002,#3003,#3004);
#3007=CARTESIAN_POINT('',(-2.E-1,-1.204E1,5.6E-1));
#3008=DIRECTION('',(1.E0,0.E0,0.E0));
#3009=DIRECTION('',(0.E0,-1.E0,0.E0));
#3010=AXIS2_PLACEMENT_3D('',#3007,#3008,#3009);
#3012=DIRECTION('',(-1.E0,0.E0,0.E0));
#3013=VECTOR('',#3012,2.E-1);
#3014=CARTESIAN_POINT('',(0.E0,-1.3155E1,-5.55E-1));
#3015=LINE('1258',#3014,#3013);
#3016=DIRECTION('',(1.E0,0.E0,0.E0));
#3017=VECTOR('',#3016,2.E-1);
#3018=CARTESIAN_POINT('',(-2.E-1,-1.3565E1,-5.55E-1));
#3019=LINE('1257',#3018,#3017);
#3020=CARTESIAN_POINT('',(-2.E-1,-1.336E1,-5.55E-1));
#3021=DIRECTION('',(1.E0,0.E0,0.E0));
#3022=DIRECTION('',(0.E0,1.E0,0.E0));
#3023=AXIS2_PLACEMENT_3D('',#3020,#3021,#3022);
#3025=CARTESIAN_POINT('',(-2.E-1,-1.336E1,-5.55E-1));
#3026=DIRECTION('',(1.E0,0.E0,0.E0));
#3027=DIRECTION('',(0.E0,-1.E0,0.E0));
#3028=AXIS2_PLACEMENT_3D('',#3025,#3026,#3027);
#3030=DIRECTION('',(-1.E0,0.E0,0.E0));
#3031=VECTOR('',#3030,2.E-1);
#3032=CARTESIAN_POINT('',(0.E0,-9.295E0,5.6E-1));
#3033=LINE('1391',#3032,#3031);
#3034=DIRECTION('',(1.E0,0.E0,0.E0));
#3035=VECTOR('',#3034,2.E-1);
#3036=CARTESIAN_POINT('',(-2.E-1,-9.705E0,5.6E-1));
#3037=LINE('1390',#3036,#3035);
#3038=CARTESIAN_POINT('',(-2.E-1,-9.5E0,5.6E-1));
#3039=DIRECTION('',(1.E0,0.E0,0.E0));
#3040=DIRECTION('',(0.E0,1.E0,0.E0));
#3041=AXIS2_PLACEMENT_3D('',#3038,#3039,#3040);
#3043=CARTESIAN_POINT('',(-2.E-1,-9.5E0,5.6E-1));
#3044=DIRECTION('',(1.E0,0.E0,0.E0));
#3045=DIRECTION('',(0.E0,-1.E0,0.E0));
#3046=AXIS2_PLACEMENT_3D('',#3043,#3044,#3045);
#3048=DIRECTION('',(-1.E0,0.E0,0.E0));
#3049=VECTOR('',#3048,2.E-1);
#3050=CARTESIAN_POINT('',(0.E0,-1.0615E1,-5.55E-1));
#3051=LINE('1397',#3050,#3049);
#3052=DIRECTION('',(1.E0,0.E0,0.E0));
#3053=VECTOR('',#3052,2.E-1);
#3054=CARTESIAN_POINT('',(-2.E-1,-1.1025E1,-5.55E-1));
#3055=LINE('1396',#3054,#3053);
#3056=CARTESIAN_POINT('',(-2.E-1,-1.082E1,-5.55E-1));
#3057=DIRECTION('',(1.E0,0.E0,0.E0));
#3058=DIRECTION('',(0.E0,1.E0,0.E0));
#3059=AXIS2_PLACEMENT_3D('',#3056,#3057,#3058);
#3061=CARTESIAN_POINT('',(-2.E-1,-1.082E1,-5.55E-1));
#3062=DIRECTION('',(1.E0,0.E0,0.E0));
#3063=DIRECTION('',(0.E0,-1.E0,0.E0));
#3064=AXIS2_PLACEMENT_3D('',#3061,#3062,#3063);
#3066=DIRECTION('',(-1.E0,0.E0,0.E0));
#3067=VECTOR('',#3066,2.E-1);
#3068=CARTESIAN_POINT('',(0.E0,-6.755E0,5.6E-1));
#3069=LINE('1530',#3068,#3067);
#3070=DIRECTION('',(1.E0,0.E0,0.E0));
#3071=VECTOR('',#3070,2.E-1);
#3072=CARTESIAN_POINT('',(-2.E-1,-7.165E0,5.6E-1));
#3073=LINE('1529',#3072,#3071);
#3074=CARTESIAN_POINT('',(-2.E-1,-6.96E0,5.6E-1));
#3075=DIRECTION('',(1.E0,0.E0,0.E0));
#3076=DIRECTION('',(0.E0,1.E0,0.E0));
#3077=AXIS2_PLACEMENT_3D('',#3074,#3075,#3076);
#3079=CARTESIAN_POINT('',(-2.E-1,-6.96E0,5.6E-1));
#3080=DIRECTION('',(1.E0,0.E0,0.E0));
#3081=DIRECTION('',(0.E0,-1.E0,0.E0));
#3082=AXIS2_PLACEMENT_3D('',#3079,#3080,#3081);
#3084=DIRECTION('',(-1.E0,0.E0,0.E0));
#3085=VECTOR('',#3084,2.E-1);
#3086=CARTESIAN_POINT('',(0.E0,-8.075E0,-5.55E-1));
#3087=LINE('1536',#3086,#3085);
#3088=DIRECTION('',(1.E0,0.E0,0.E0));
#3089=VECTOR('',#3088,2.E-1);
#3090=CARTESIAN_POINT('',(-2.E-1,-8.485E0,-5.55E-1));
#3091=LINE('1535',#3090,#3089);
#3092=CARTESIAN_POINT('',(-2.E-1,-8.28E0,-5.55E-1));
#3093=DIRECTION('',(1.E0,0.E0,0.E0));
#3094=DIRECTION('',(0.E0,1.E0,0.E0));
#3095=AXIS2_PLACEMENT_3D('',#3092,#3093,#3094);
#3097=CARTESIAN_POINT('',(-2.E-1,-8.28E0,-5.55E-1));
#3098=DIRECTION('',(1.E0,0.E0,0.E0));
#3099=DIRECTION('',(0.E0,-1.E0,0.E0));
#3100=AXIS2_PLACEMENT_3D('',#3097,#3098,#3099);
#3102=DIRECTION('',(-1.E0,0.E0,0.E0));
#3103=VECTOR('',#3102,2.E-1);
#3104=CARTESIAN_POINT('',(0.E0,-5.535E0,-5.55E-1));
#3105=LINE('1675',#3104,#3103);
#3106=DIRECTION('',(1.E0,0.E0,0.E0));
#3107=VECTOR('',#3106,2.E-1);
#3108=CARTESIAN_POINT('',(-2.E-1,-5.945E0,-5.55E-1));
#3109=LINE('1674',#3108,#3107);
#3110=CARTESIAN_POINT('',(-2.E-1,-5.74E0,-5.55E-1));
#3111=DIRECTION('',(1.E0,0.E0,0.E0));
#3112=DIRECTION('',(0.E0,1.E0,0.E0));
#3113=AXIS2_PLACEMENT_3D('',#3110,#3111,#3112);
#3115=CARTESIAN_POINT('',(-2.E-1,-5.74E0,-5.55E-1));
#3116=DIRECTION('',(1.E0,0.E0,0.E0));
#3117=DIRECTION('',(0.E0,-1.E0,0.E0));
#3118=AXIS2_PLACEMENT_3D('',#3115,#3116,#3117);
#3120=DIRECTION('',(-1.E0,0.E0,0.E0));
#3121=VECTOR('',#3120,2.E-1);
#3122=CARTESIAN_POINT('',(0.E0,-4.215E0,5.6E-1));
#3123=LINE('1669',#3122,#3121);
#3124=DIRECTION('',(1.E0,0.E0,0.E0));
#3125=VECTOR('',#3124,2.E-1);
#3126=CARTESIAN_POINT('',(-2.E-1,-4.625E0,5.6E-1));
#3127=LINE('1668',#3126,#3125);
#3128=CARTESIAN_POINT('',(-2.E-1,-4.42E0,5.6E-1));
#3129=DIRECTION('',(1.E0,0.E0,0.E0));
#3130=DIRECTION('',(0.E0,1.E0,0.E0));
#3131=AXIS2_PLACEMENT_3D('',#3128,#3129,#3130);
#3133=CARTESIAN_POINT('',(-2.E-1,-4.42E0,5.6E-1));
#3134=DIRECTION('',(1.E0,0.E0,0.E0));
#3135=DIRECTION('',(0.E0,-1.E0,0.E0));
#3136=AXIS2_PLACEMENT_3D('',#3133,#3134,#3135);
#3138=DIRECTION('',(-1.E0,0.E0,0.E0));
#3139=VECTOR('',#3138,2.E-1);
#3140=CARTESIAN_POINT('',(0.E0,-2.995E0,-5.55E-1));
#3141=LINE('465',#3140,#3139);
#3142=DIRECTION('',(1.E0,0.E0,0.E0));
#3143=VECTOR('',#3142,2.E-1);
#3144=CARTESIAN_POINT('',(-2.E-1,-3.405E0,-5.55E-1));
#3145=LINE('464',#3144,#3143);
#3146=CARTESIAN_POINT('',(-2.E-1,-3.2E0,-5.55E-1));
#3147=DIRECTION('',(1.E0,0.E0,0.E0));
#3148=DIRECTION('',(0.E0,1.E0,0.E0));
#3149=AXIS2_PLACEMENT_3D('',#3146,#3147,#3148);
#3151=CARTESIAN_POINT('',(-2.E-1,-3.2E0,-5.55E-1));
#3152=DIRECTION('',(1.E0,0.E0,0.E0));
#3153=DIRECTION('',(0.E0,-1.E0,0.E0));
#3154=AXIS2_PLACEMENT_3D('',#3151,#3152,#3153);
#3156=DIRECTION('',(-1.E0,0.E0,0.E0));
#3157=VECTOR('',#3156,2.E-1);
#3158=CARTESIAN_POINT('',(0.E0,-1.675E0,5.6E-1));
#3159=LINE('459',#3158,#3157);
#3160=DIRECTION('',(1.E0,0.E0,0.E0));
#3161=VECTOR('',#3160,2.E-1);
#3162=CARTESIAN_POINT('',(-2.E-1,-2.085E0,5.6E-1));
#3163=LINE('458',#3162,#3161);
#3164=CARTESIAN_POINT('',(-2.E-1,-1.88E0,5.6E-1));
#3165=DIRECTION('',(1.E0,0.E0,0.E0));
#3166=DIRECTION('',(0.E0,1.E0,0.E0));
#3167=AXIS2_PLACEMENT_3D('',#3164,#3165,#3166);
#3169=CARTESIAN_POINT('',(-2.E-1,-1.88E0,5.6E-1));
#3170=DIRECTION('',(1.E0,0.E0,0.E0));
#3171=DIRECTION('',(0.E0,-1.E0,0.E0));
#3172=AXIS2_PLACEMENT_3D('',#3169,#3170,#3171);
#3174=DIRECTION('',(-1.E0,0.E0,0.E0));
#3175=VECTOR('',#3174,2.E-1);
#3176=CARTESIAN_POINT('',(0.E0,8.65E-1,5.6E-1));
#3177=LINE('320',#3176,#3175);
#3178=DIRECTION('',(1.E0,0.E0,0.E0));
#3179=VECTOR('',#3178,2.E-1);
#3180=CARTESIAN_POINT('',(-2.E-1,4.55E-1,5.6E-1));
#3181=LINE('319',#3180,#3179);
#3182=CARTESIAN_POINT('',(-2.E-1,6.6E-1,5.6E-1));
#3183=DIRECTION('',(1.E0,0.E0,0.E0));
#3184=DIRECTION('',(0.E0,1.E0,0.E0));
#3185=AXIS2_PLACEMENT_3D('',#3182,#3183,#3184);
#3187=CARTESIAN_POINT('',(-2.E-1,6.6E-1,5.6E-1));
#3188=DIRECTION('',(1.E0,0.E0,0.E0));
#3189=DIRECTION('',(0.E0,-1.E0,0.E0));
#3190=AXIS2_PLACEMENT_3D('',#3187,#3188,#3189);
#3192=DIRECTION('',(-1.E0,0.E0,0.E0));
#3193=VECTOR('',#3192,2.E-1);
#3194=CARTESIAN_POINT('',(0.E0,-4.55E-1,-5.55E-1));
#3195=LINE('326',#3194,#3193);
#3196=DIRECTION('',(1.E0,0.E0,0.E0));
#3197=VECTOR('',#3196,2.E-1);
#3198=CARTESIAN_POINT('',(-2.E-1,-8.65E-1,-5.55E-1));
#3199=LINE('325',#3198,#3197);
#3200=CARTESIAN_POINT('',(-2.E-1,-6.6E-1,-5.55E-1));
#3201=DIRECTION('',(1.E0,0.E0,0.E0));
#3202=DIRECTION('',(0.E0,1.E0,0.E0));
#3203=AXIS2_PLACEMENT_3D('',#3200,#3201,#3202);
#3205=CARTESIAN_POINT('',(-2.E-1,-6.6E-1,-5.55E-1));
#3206=DIRECTION('',(1.E0,0.E0,0.E0));
#3207=DIRECTION('',(0.E0,-1.E0,0.E0));
#3208=AXIS2_PLACEMENT_3D('',#3205,#3206,#3207);
#3210=CARTESIAN_POINT('',(0.E0,9.161997670179E-1,-1.205E0));
#3211=CARTESIAN_POINT('',(0.E0,1.041613635589E0,-9.233158392311E-1));
#3212=VERTEX_POINT('',#3210);
#3213=VERTEX_POINT('',#3211);
#3214=CARTESIAN_POINT('',(0.E0,1.27E0,-7.75E-1));
#3215=VERTEX_POINT('',#3214);
#3216=CARTESIAN_POINT('',(0.E0,1.27E0,7.75E-1));
#3217=VERTEX_POINT('',#3216);
#3218=CARTESIAN_POINT('',(0.E0,1.041613635589E0,9.233158392310E-1));
#3219=VERTEX_POINT('',#3218);
#3220=CARTESIAN_POINT('',(0.E0,9.161997670179E-1,1.205E0));
#3221=VERTEX_POINT('',#3220);
#3222=CARTESIAN_POINT('',(0.E0,-9.161997670179E-1,1.205E0));
#3223=VERTEX_POINT('',#3222);
#3224=CARTESIAN_POINT('',(0.E0,-1.041613635589E0,9.233158392311E-1));
#3225=VERTEX_POINT('',#3224);
#3226=CARTESIAN_POINT('',(0.E0,-1.041613635589E0,-9.233158392311E-1));
#3227=CARTESIAN_POINT('',(0.E0,-9.161997670179E-1,-1.205E0));
#3228=VERTEX_POINT('',#3226);
#3229=VERTEX_POINT('',#3227);
#3230=CARTESIAN_POINT('',(0.E0,4.55E-1,5.6E-1));
#3231=CARTESIAN_POINT('',(0.E0,8.65E-1,5.6E-1));
#3232=VERTEX_POINT('',#3230);
#3233=VERTEX_POINT('',#3231);
#3234=CARTESIAN_POINT('',(0.E0,-8.65E-1,-5.55E-1));
#3235=CARTESIAN_POINT('',(0.E0,-4.55E-1,-5.55E-1));
#3236=VERTEX_POINT('',#3234);
#3237=VERTEX_POINT('',#3235);
#3238=CARTESIAN_POINT('',(2.14E0,9.161997670179E-1,-1.205E0));
#3239=VERTEX_POINT('',#3238);
#3240=CARTESIAN_POINT('',(2.14E0,-9.161997670179E-1,-1.205E0));
#3241=VERTEX_POINT('',#3240);
#3242=CARTESIAN_POINT('',(2.14E0,-1.041613635589E0,-9.233158392311E-1));
#3243=VERTEX_POINT('',#3242);
#3244=CARTESIAN_POINT('',(2.14E0,-1.041613635589E0,9.233158392311E-1));
#3245=VERTEX_POINT('',#3244);
#3246=CARTESIAN_POINT('',(2.14E0,-9.161997670179E-1,1.205E0));
#3247=VERTEX_POINT('',#3246);
#3248=CARTESIAN_POINT('',(2.14E0,9.161997670179E-1,1.205E0));
#3249=VERTEX_POINT('',#3248);
#3250=CARTESIAN_POINT('',(2.14E0,1.041613635589E0,9.233158392311E-1));
#3251=VERTEX_POINT('',#3250);
#3252=CARTESIAN_POINT('',(2.14E0,1.27E0,7.75E-1));
#3253=VERTEX_POINT('',#3252);
#3254=CARTESIAN_POINT('',(2.14E0,1.27E0,-7.75E-1));
#3255=VERTEX_POINT('',#3254);
#3256=CARTESIAN_POINT('',(2.14E0,1.041613635589E0,-9.233158392311E-1));
#3257=VERTEX_POINT('',#3256);
#3258=CARTESIAN_POINT('',(2.14E0,-4.55E-1,5.6E-1));
#3259=CARTESIAN_POINT('',(2.14E0,-8.65E-1,5.6E-1));
#3260=VERTEX_POINT('',#3258);
#3261=VERTEX_POINT('',#3259);
#3262=CARTESIAN_POINT('',(2.14E0,8.65E-1,-5.6E-1));
#3263=CARTESIAN_POINT('',(2.14E0,4.55E-1,-5.6E-1));
#3264=VERTEX_POINT('',#3262);
#3265=VERTEX_POINT('',#3263);
#3266=CARTESIAN_POINT('',(2.34E0,-4.55E-1,5.6E-1));
#3267=VERTEX_POINT('',#3266);
#3268=CARTESIAN_POINT('',(2.34E0,-8.65E-1,5.6E-1));
#3269=VERTEX_POINT('',#3268);
#3270=CARTESIAN_POINT('',(2.34E0,4.55E-1,-5.6E-1));
#3271=CARTESIAN_POINT('',(2.34E0,8.65E-1,-5.6E-1));
#3272=VERTEX_POINT('',#3270);
#3273=VERTEX_POINT('',#3271);
#3274=CARTESIAN_POINT('',(-2.E-1,4.55E-1,5.6E-1));
#3275=VERTEX_POINT('',#3274);
#3276=CARTESIAN_POINT('',(-2.E-1,8.65E-1,5.6E-1));
#3277=VERTEX_POINT('',#3276);
#3278=CARTESIAN_POINT('',(-2.E-1,-4.55E-1,-5.55E-1));
#3279=CARTESIAN_POINT('',(-2.E-1,-8.65E-1,-5.55E-1));
#3280=VERTEX_POINT('',#3278);
#3281=VERTEX_POINT('',#3279);
#3282=CARTESIAN_POINT('',(0.E0,-1.623800232982E0,-1.205E0));
#3283=CARTESIAN_POINT('',(0.E0,-1.498386364411E0,-9.233158392311E-1));
#3284=VERTEX_POINT('',#3282);
#3285=VERTEX_POINT('',#3283);
#3286=CARTESIAN_POINT('',(0.E0,-1.498386364411E0,9.233158392311E-1));
#3287=CARTESIAN_POINT('',(0.E0,-1.623800232982E0,1.205E0));
#3288=VERTEX_POINT('',#3286);
#3289=VERTEX_POINT('',#3287);
#3290=CARTESIAN_POINT('',(0.E0,-3.456199767018E0,1.205E0));
#3291=VERTEX_POINT('',#3290);
#3292=CARTESIAN_POINT('',(0.E0,-3.581613635589E0,9.233158392311E-1));
#3293=VERTEX_POINT('',#3292);
#3294=CARTESIAN_POINT('',(0.E0,-3.581613635589E0,-9.233158392311E-1));
#3295=CARTESIAN_POINT('',(0.E0,-3.456199767018E0,-1.205E0));
#3296=VERTEX_POINT('',#3294);
#3297=VERTEX_POINT('',#3295);
#3298=CARTESIAN_POINT('',(0.E0,-2.085E0,5.6E-1));
#3299=CARTESIAN_POINT('',(0.E0,-1.675E0,5.6E-1));
#3300=VERTEX_POINT('',#3298);
#3301=VERTEX_POINT('',#3299);
#3302=CARTESIAN_POINT('',(0.E0,-3.405E0,-5.55E-1));
#3303=CARTESIAN_POINT('',(0.E0,-2.995E0,-5.55E-1));
#3304=VERTEX_POINT('',#3302);
#3305=VERTEX_POINT('',#3303);
#3306=CARTESIAN_POINT('',(2.14E0,-1.623800232982E0,-1.205E0));
#3307=VERTEX_POINT('',#3306);
#3308=CARTESIAN_POINT('',(2.14E0,-3.456199767018E0,-1.205E0));
#3309=VERTEX_POINT('',#3308);
#3310=CARTESIAN_POINT('',(2.14E0,-3.581613635589E0,-9.233158392311E-1));
#3311=VERTEX_POINT('',#3310);
#3312=CARTESIAN_POINT('',(2.14E0,-3.581613635589E0,9.233158392311E-1));
#3313=VERTEX_POINT('',#3312);
#3314=CARTESIAN_POINT('',(2.14E0,-3.456199767018E0,1.205E0));
#3315=VERTEX_POINT('',#3314);
#3316=CARTESIAN_POINT('',(2.14E0,-1.623800232982E0,1.205E0));
#3317=VERTEX_POINT('',#3316);
#3318=CARTESIAN_POINT('',(2.14E0,-1.498386364411E0,9.233158392311E-1));
#3319=VERTEX_POINT('',#3318);
#3320=CARTESIAN_POINT('',(2.14E0,-1.498386364411E0,-9.233158392311E-1));
#3321=VERTEX_POINT('',#3320);
#3322=CARTESIAN_POINT('',(2.14E0,-2.995E0,5.6E-1));
#3323=CARTESIAN_POINT('',(2.14E0,-3.405E0,5.6E-1));
#3324=VERTEX_POINT('',#3322);
#3325=VERTEX_POINT('',#3323);
#3326=CARTESIAN_POINT('',(2.14E0,-1.675E0,-5.6E-1));
#3327=CARTESIAN_POINT('',(2.14E0,-2.085E0,-5.6E-1));
#3328=VERTEX_POINT('',#3326);
#3329=VERTEX_POINT('',#3327);
#3330=CARTESIAN_POINT('',(2.34E0,-2.995E0,5.6E-1));
#3331=VERTEX_POINT('',#3330);
#3332=CARTESIAN_POINT('',(2.34E0,-3.405E0,5.6E-1));
#3333=VERTEX_POINT('',#3332);
#3334=CARTESIAN_POINT('',(2.34E0,-2.085E0,-5.6E-1));
#3335=CARTESIAN_POINT('',(2.34E0,-1.675E0,-5.6E-1));
#3336=VERTEX_POINT('',#3334);
#3337=VERTEX_POINT('',#3335);
#3338=CARTESIAN_POINT('',(-2.E-1,-2.085E0,5.6E-1));
#3339=VERTEX_POINT('',#3338);
#3340=CARTESIAN_POINT('',(-2.E-1,-1.675E0,5.6E-1));
#3341=VERTEX_POINT('',#3340);
#3342=CARTESIAN_POINT('',(-2.E-1,-2.995E0,-5.55E-1));
#3343=CARTESIAN_POINT('',(-2.E-1,-3.405E0,-5.55E-1));
#3344=VERTEX_POINT('',#3342);
#3345=VERTEX_POINT('',#3343);
#3346=CARTESIAN_POINT('',(-2.49E0,-1.766E1,-1.2E-1));
#3347=CARTESIAN_POINT('',(-2.49E0,-1.79E1,-1.2E-1));
#3348=VERTEX_POINT('',#3346);
#3349=VERTEX_POINT('',#3347);
#3350=CARTESIAN_POINT('',(-2.49E0,-1.766E1,1.2E-1));
#3351=VERTEX_POINT('',#3350);
#3352=CARTESIAN_POINT('',(-2.49E0,-1.79E1,1.2E-1));
#3353=VERTEX_POINT('',#3352);
#3354=CARTESIAN_POINT('',(-2.061098615898E0,-1.81E1,-3.2E-1));
#3355=VERTEX_POINT('',#3354);
#3356=CARTESIAN_POINT('',(7.751098615898E0,-1.746E1,-3.2E-1));
#3357=CARTESIAN_POINT('',(7.751098615898E0,-1.81E1,-3.2E-1));
#3358=VERTEX_POINT('',#3356);
#3359=VERTEX_POINT('',#3357);
#3360=CARTESIAN_POINT('',(-2.061098615898E0,-1.746E1,-3.2E-1));
#3361=VERTEX_POINT('',#3360);
#3362=CARTESIAN_POINT('',(8.18E0,-1.766E1,-1.2E-1));
#3363=VERTEX_POINT('',#3362);
#3364=CARTESIAN_POINT('',(8.18E0,-1.766E1,1.2E-1));
#3365=CARTESIAN_POINT('',(8.18E0,-1.79E1,1.2E-1));
#3366=VERTEX_POINT('',#3364);
#3367=VERTEX_POINT('',#3365);
#3368=CARTESIAN_POINT('',(8.18E0,-1.79E1,-1.2E-1));
#3369=VERTEX_POINT('',#3368);
#3370=CARTESIAN_POINT('',(7.751098615898E0,-1.81E1,3.2E-1));
#3371=VERTEX_POINT('',#3370);
#3372=CARTESIAN_POINT('',(7.751098615898E0,-1.746E1,3.2E-1));
#3373=VERTEX_POINT('',#3372);
#3374=CARTESIAN_POINT('',(-2.061098615898E0,-1.746E1,3.2E-1));
#3375=CARTESIAN_POINT('',(-2.061098615898E0,-1.81E1,3.2E-1));
#3376=VERTEX_POINT('',#3374);
#3377=VERTEX_POINT('',#3375);
#3378=CARTESIAN_POINT('',(-2.49E0,-1.512E1,-1.2E-1));
#3379=CARTESIAN_POINT('',(-2.49E0,-1.536E1,-1.2E-1));
#3380=VERTEX_POINT('',#3378);
#3381=VERTEX_POINT('',#3379);
#3382=CARTESIAN_POINT('',(-2.49E0,-1.512E1,1.2E-1));
#3383=VERTEX_POINT('',#3382);
#3384=CARTESIAN_POINT('',(-2.49E0,-1.536E1,1.2E-1));
#3385=VERTEX_POINT('',#3384);
#3386=CARTESIAN_POINT('',(-2.061098615898E0,-1.556E1,-3.2E-1));
#3387=VERTEX_POINT('',#3386);
#3388=CARTESIAN_POINT('',(7.751098615898E0,-1.492E1,-3.2E-1));
#3389=CARTESIAN_POINT('',(7.751098615898E0,-1.556E1,-3.2E-1));
#3390=VERTEX_POINT('',#3388);
#3391=VERTEX_POINT('',#3389);
#3392=CARTESIAN_POINT('',(-2.061098615898E0,-1.492E1,-3.2E-1));
#3393=VERTEX_POINT('',#3392);
#3394=CARTESIAN_POINT('',(8.18E0,-1.512E1,-1.2E-1));
#3395=VERTEX_POINT('',#3394);
#3396=CARTESIAN_POINT('',(8.18E0,-1.512E1,1.2E-1));
#3397=CARTESIAN_POINT('',(8.18E0,-1.536E1,1.2E-1));
#3398=VERTEX_POINT('',#3396);
#3399=VERTEX_POINT('',#3397);
#3400=CARTESIAN_POINT('',(8.18E0,-1.536E1,-1.2E-1));
#3401=VERTEX_POINT('',#3400);
#3402=CARTESIAN_POINT('',(7.751098615898E0,-1.556E1,3.2E-1));
#3403=VERTEX_POINT('',#3402);
#3404=CARTESIAN_POINT('',(7.751098615898E0,-1.492E1,3.2E-1));
#3405=VERTEX_POINT('',#3404);
#3406=CARTESIAN_POINT('',(-2.061098615898E0,-1.492E1,3.2E-1));
#3407=CARTESIAN_POINT('',(-2.061098615898E0,-1.556E1,3.2E-1));
#3408=VERTEX_POINT('',#3406);
#3409=VERTEX_POINT('',#3407);
#3410=CARTESIAN_POINT('',(-2.49E0,-1.258E1,-1.2E-1));
#3411=CARTESIAN_POINT('',(-2.49E0,-1.282E1,-1.2E-1));
#3412=VERTEX_POINT('',#3410);
#3413=VERTEX_POINT('',#3411);
#3414=CARTESIAN_POINT('',(-2.49E0,-1.258E1,1.2E-1));
#3415=VERTEX_POINT('',#3414);
#3416=CARTESIAN_POINT('',(-2.49E0,-1.282E1,1.2E-1));
#3417=VERTEX_POINT('',#3416);
#3418=CARTESIAN_POINT('',(-2.061098615898E0,-1.302E1,-3.2E-1));
#3419=VERTEX_POINT('',#3418);
#3420=CARTESIAN_POINT('',(7.751098615898E0,-1.238E1,-3.2E-1));
#3421=CARTESIAN_POINT('',(7.751098615898E0,-1.302E1,-3.2E-1));
#3422=VERTEX_POINT('',#3420);
#3423=VERTEX_POINT('',#3421);
#3424=CARTESIAN_POINT('',(-2.061098615898E0,-1.238E1,-3.2E-1));
#3425=VERTEX_POINT('',#3424);
#3426=CARTESIAN_POINT('',(8.18E0,-1.258E1,-1.2E-1));
#3427=VERTEX_POINT('',#3426);
#3428=CARTESIAN_POINT('',(8.18E0,-1.258E1,1.2E-1));
#3429=CARTESIAN_POINT('',(8.18E0,-1.282E1,1.2E-1));
#3430=VERTEX_POINT('',#3428);
#3431=VERTEX_POINT('',#3429);
#3432=CARTESIAN_POINT('',(8.18E0,-1.282E1,-1.2E-1));
#3433=VERTEX_POINT('',#3432);
#3434=CARTESIAN_POINT('',(7.751098615898E0,-1.302E1,3.2E-1));
#3435=VERTEX_POINT('',#3434);
#3436=CARTESIAN_POINT('',(7.751098615898E0,-1.238E1,3.2E-1));
#3437=VERTEX_POINT('',#3436);
#3438=CARTESIAN_POINT('',(-2.061098615898E0,-1.238E1,3.2E-1));
#3439=CARTESIAN_POINT('',(-2.061098615898E0,-1.302E1,3.2E-1));
#3440=VERTEX_POINT('',#3438);
#3441=VERTEX_POINT('',#3439);
#3442=CARTESIAN_POINT('',(-2.49E0,-1.004E1,-1.2E-1));
#3443=CARTESIAN_POINT('',(-2.49E0,-1.028E1,-1.2E-1));
#3444=VERTEX_POINT('',#3442);
#3445=VERTEX_POINT('',#3443);
#3446=CARTESIAN_POINT('',(-2.49E0,-1.004E1,1.2E-1));
#3447=VERTEX_POINT('',#3446);
#3448=CARTESIAN_POINT('',(-2.49E0,-1.028E1,1.2E-1));
#3449=VERTEX_POINT('',#3448);
#3450=CARTESIAN_POINT('',(-2.061098615898E0,-1.048E1,-3.2E-1));
#3451=VERTEX_POINT('',#3450);
#3452=CARTESIAN_POINT('',(7.751098615898E0,-9.84E0,-3.2E-1));
#3453=CARTESIAN_POINT('',(7.751098615898E0,-1.048E1,-3.2E-1));
#3454=VERTEX_POINT('',#3452);
#3455=VERTEX_POINT('',#3453);
#3456=CARTESIAN_POINT('',(-2.061098615898E0,-9.84E0,-3.2E-1));
#3457=VERTEX_POINT('',#3456);
#3458=CARTESIAN_POINT('',(8.18E0,-1.004E1,-1.2E-1));
#3459=VERTEX_POINT('',#3458);
#3460=CARTESIAN_POINT('',(8.18E0,-1.004E1,1.2E-1));
#3461=CARTESIAN_POINT('',(8.18E0,-1.028E1,1.2E-1));
#3462=VERTEX_POINT('',#3460);
#3463=VERTEX_POINT('',#3461);
#3464=CARTESIAN_POINT('',(8.18E0,-1.028E1,-1.2E-1));
#3465=VERTEX_POINT('',#3464);
#3466=CARTESIAN_POINT('',(7.751098615898E0,-1.048E1,3.2E-1));
#3467=VERTEX_POINT('',#3466);
#3468=CARTESIAN_POINT('',(7.751098615898E0,-9.84E0,3.2E-1));
#3469=VERTEX_POINT('',#3468);
#3470=CARTESIAN_POINT('',(-2.061098615898E0,-9.84E0,3.2E-1));
#3471=CARTESIAN_POINT('',(-2.061098615898E0,-1.048E1,3.2E-1));
#3472=VERTEX_POINT('',#3470);
#3473=VERTEX_POINT('',#3471);
#3474=CARTESIAN_POINT('',(-2.49E0,-7.5E0,-1.2E-1));
#3475=CARTESIAN_POINT('',(-2.49E0,-7.74E0,-1.2E-1));
#3476=VERTEX_POINT('',#3474);
#3477=VERTEX_POINT('',#3475);
#3478=CARTESIAN_POINT('',(-2.49E0,-7.5E0,1.2E-1));
#3479=VERTEX_POINT('',#3478);
#3480=CARTESIAN_POINT('',(-2.49E0,-7.74E0,1.2E-1));
#3481=VERTEX_POINT('',#3480);
#3482=CARTESIAN_POINT('',(-2.061098615898E0,-7.94E0,-3.2E-1));
#3483=VERTEX_POINT('',#3482);
#3484=CARTESIAN_POINT('',(7.751098615898E0,-7.3E0,-3.2E-1));
#3485=CARTESIAN_POINT('',(7.751098615898E0,-7.94E0,-3.2E-1));
#3486=VERTEX_POINT('',#3484);
#3487=VERTEX_POINT('',#3485);
#3488=CARTESIAN_POINT('',(-2.061098615898E0,-7.3E0,-3.2E-1));
#3489=VERTEX_POINT('',#3488);
#3490=CARTESIAN_POINT('',(8.18E0,-7.5E0,-1.2E-1));
#3491=VERTEX_POINT('',#3490);
#3492=CARTESIAN_POINT('',(8.18E0,-7.5E0,1.2E-1));
#3493=CARTESIAN_POINT('',(8.18E0,-7.74E0,1.2E-1));
#3494=VERTEX_POINT('',#3492);
#3495=VERTEX_POINT('',#3493);
#3496=CARTESIAN_POINT('',(8.18E0,-7.74E0,-1.2E-1));
#3497=VERTEX_POINT('',#3496);
#3498=CARTESIAN_POINT('',(7.751098615898E0,-7.94E0,3.2E-1));
#3499=VERTEX_POINT('',#3498);
#3500=CARTESIAN_POINT('',(7.751098615898E0,-7.3E0,3.2E-1));
#3501=VERTEX_POINT('',#3500);
#3502=CARTESIAN_POINT('',(-2.061098615898E0,-7.3E0,3.2E-1));
#3503=CARTESIAN_POINT('',(-2.061098615898E0,-7.94E0,3.2E-1));
#3504=VERTEX_POINT('',#3502);
#3505=VERTEX_POINT('',#3503);
#3506=CARTESIAN_POINT('',(-2.49E0,-4.96E0,-1.2E-1));
#3507=CARTESIAN_POINT('',(-2.49E0,-5.2E0,-1.2E-1));
#3508=VERTEX_POINT('',#3506);
#3509=VERTEX_POINT('',#3507);
#3510=CARTESIAN_POINT('',(-2.49E0,-4.96E0,1.2E-1));
#3511=VERTEX_POINT('',#3510);
#3512=CARTESIAN_POINT('',(-2.49E0,-5.2E0,1.2E-1));
#3513=VERTEX_POINT('',#3512);
#3514=CARTESIAN_POINT('',(-2.061098615898E0,-5.4E0,-3.2E-1));
#3515=VERTEX_POINT('',#3514);
#3516=CARTESIAN_POINT('',(7.751098615898E0,-4.76E0,-3.2E-1));
#3517=CARTESIAN_POINT('',(7.751098615898E0,-5.4E0,-3.2E-1));
#3518=VERTEX_POINT('',#3516);
#3519=VERTEX_POINT('',#3517);
#3520=CARTESIAN_POINT('',(-2.061098615898E0,-4.76E0,-3.2E-1));
#3521=VERTEX_POINT('',#3520);
#3522=CARTESIAN_POINT('',(8.18E0,-4.96E0,-1.2E-1));
#3523=VERTEX_POINT('',#3522);
#3524=CARTESIAN_POINT('',(8.18E0,-4.96E0,1.2E-1));
#3525=CARTESIAN_POINT('',(8.18E0,-5.2E0,1.2E-1));
#3526=VERTEX_POINT('',#3524);
#3527=VERTEX_POINT('',#3525);
#3528=CARTESIAN_POINT('',(8.18E0,-5.2E0,-1.2E-1));
#3529=VERTEX_POINT('',#3528);
#3530=CARTESIAN_POINT('',(7.751098615898E0,-5.4E0,3.2E-1));
#3531=VERTEX_POINT('',#3530);
#3532=CARTESIAN_POINT('',(7.751098615898E0,-4.76E0,3.2E-1));
#3533=VERTEX_POINT('',#3532);
#3534=CARTESIAN_POINT('',(-2.061098615898E0,-4.76E0,3.2E-1));
#3535=CARTESIAN_POINT('',(-2.061098615898E0,-5.4E0,3.2E-1));
#3536=VERTEX_POINT('',#3534);
#3537=VERTEX_POINT('',#3535);
#3538=CARTESIAN_POINT('',(-2.49E0,-2.42E0,-1.2E-1));
#3539=CARTESIAN_POINT('',(-2.49E0,-2.66E0,-1.2E-1));
#3540=VERTEX_POINT('',#3538);
#3541=VERTEX_POINT('',#3539);
#3542=CARTESIAN_POINT('',(-2.49E0,-2.42E0,1.2E-1));
#3543=VERTEX_POINT('',#3542);
#3544=CARTESIAN_POINT('',(-2.49E0,-2.66E0,1.2E-1));
#3545=VERTEX_POINT('',#3544);
#3546=CARTESIAN_POINT('',(-2.061098615898E0,-2.86E0,-3.2E-1));
#3547=VERTEX_POINT('',#3546);
#3548=CARTESIAN_POINT('',(7.751098615898E0,-2.22E0,-3.2E-1));
#3549=CARTESIAN_POINT('',(7.751098615898E0,-2.86E0,-3.2E-1));
#3550=VERTEX_POINT('',#3548);
#3551=VERTEX_POINT('',#3549);
#3552=CARTESIAN_POINT('',(-2.061098615898E0,-2.22E0,-3.2E-1));
#3553=VERTEX_POINT('',#3552);
#3554=CARTESIAN_POINT('',(8.18E0,-2.42E0,-1.2E-1));
#3555=VERTEX_POINT('',#3554);
#3556=CARTESIAN_POINT('',(8.18E0,-2.42E0,1.2E-1));
#3557=CARTESIAN_POINT('',(8.18E0,-2.66E0,1.2E-1));
#3558=VERTEX_POINT('',#3556);
#3559=VERTEX_POINT('',#3557);
#3560=CARTESIAN_POINT('',(8.18E0,-2.66E0,-1.2E-1));
#3561=VERTEX_POINT('',#3560);
#3562=CARTESIAN_POINT('',(7.751098615898E0,-2.86E0,3.2E-1));
#3563=VERTEX_POINT('',#3562);
#3564=CARTESIAN_POINT('',(7.751098615898E0,-2.22E0,3.2E-1));
#3565=VERTEX_POINT('',#3564);
#3566=CARTESIAN_POINT('',(-2.061098615898E0,-2.22E0,3.2E-1));
#3567=CARTESIAN_POINT('',(-2.061098615898E0,-2.86E0,3.2E-1));
#3568=VERTEX_POINT('',#3566);
#3569=VERTEX_POINT('',#3567);
#3570=CARTESIAN_POINT('',(0.E0,-2.86E0,-3.2E-1));
#3571=CARTESIAN_POINT('',(0.E0,-2.22E0,-3.2E-1));
#3572=VERTEX_POINT('',#3570);
#3573=VERTEX_POINT('',#3571);
#3574=CARTESIAN_POINT('',(0.E0,-2.22E0,3.2E-1));
#3575=CARTESIAN_POINT('',(0.E0,-2.86E0,3.2E-1));
#3576=VERTEX_POINT('',#3574);
#3577=VERTEX_POINT('',#3575);
#3578=CARTESIAN_POINT('',(2.14E0,-2.86E0,-3.2E-1));
#3579=CARTESIAN_POINT('',(2.14E0,-2.22E0,-3.2E-1));
#3580=VERTEX_POINT('',#3578);
#3581=VERTEX_POINT('',#3579);
#3582=CARTESIAN_POINT('',(2.14E0,-2.22E0,3.2E-1));
#3583=CARTESIAN_POINT('',(2.14E0,-2.86E0,3.2E-1));
#3584=VERTEX_POINT('',#3582);
#3585=VERTEX_POINT('',#3583);
#3586=CARTESIAN_POINT('',(-2.49E0,1.2E-1,-1.2E-1));
#3587=CARTESIAN_POINT('',(-2.49E0,-1.2E-1,-1.2E-1));
#3588=VERTEX_POINT('',#3586);
#3589=VERTEX_POINT('',#3587);
#3590=CARTESIAN_POINT('',(-2.49E0,1.2E-1,1.2E-1));
#3591=VERTEX_POINT('',#3590);
#3592=CARTESIAN_POINT('',(-2.49E0,-1.2E-1,1.2E-1));
#3593=VERTEX_POINT('',#3592);
#3594=CARTESIAN_POINT('',(-2.061098615898E0,-3.2E-1,-3.2E-1));
#3595=VERTEX_POINT('',#3594);
#3596=CARTESIAN_POINT('',(7.751098615898E0,3.2E-1,-3.2E-1));
#3597=CARTESIAN_POINT('',(7.751098615898E0,-3.2E-1,-3.2E-1));
#3598=VERTEX_POINT('',#3596);
#3599=VERTEX_POINT('',#3597);
#3600=CARTESIAN_POINT('',(-2.061098615898E0,3.2E-1,-3.2E-1));
#3601=VERTEX_POINT('',#3600);
#3602=CARTESIAN_POINT('',(8.18E0,1.2E-1,-1.2E-1));
#3603=VERTEX_POINT('',#3602);
#3604=CARTESIAN_POINT('',(8.18E0,1.2E-1,1.2E-1));
#3605=CARTESIAN_POINT('',(8.18E0,-1.2E-1,1.2E-1));
#3606=VERTEX_POINT('',#3604);
#3607=VERTEX_POINT('',#3605);
#3608=CARTESIAN_POINT('',(8.18E0,-1.2E-1,-1.2E-1));
#3609=VERTEX_POINT('',#3608);
#3610=CARTESIAN_POINT('',(7.751098615898E0,-3.2E-1,3.2E-1));
#3611=VERTEX_POINT('',#3610);
#3612=CARTESIAN_POINT('',(7.751098615898E0,3.2E-1,3.2E-1));
#3613=VERTEX_POINT('',#3612);
#3614=CARTESIAN_POINT('',(-2.061098615898E0,3.2E-1,3.2E-1));
#3615=CARTESIAN_POINT('',(-2.061098615898E0,-3.2E-1,3.2E-1));
#3616=VERTEX_POINT('',#3614);
#3617=VERTEX_POINT('',#3615);
#3618=CARTESIAN_POINT('',(0.E0,-3.2E-1,-3.2E-1));
#3619=CARTESIAN_POINT('',(0.E0,3.2E-1,-3.2E-1));
#3620=VERTEX_POINT('',#3618);
#3621=VERTEX_POINT('',#3619);
#3622=CARTESIAN_POINT('',(0.E0,3.2E-1,3.2E-1));
#3623=CARTESIAN_POINT('',(0.E0,-3.2E-1,3.2E-1));
#3624=VERTEX_POINT('',#3622);
#3625=VERTEX_POINT('',#3623);
#3626=CARTESIAN_POINT('',(2.14E0,-3.2E-1,-3.2E-1));
#3627=CARTESIAN_POINT('',(2.14E0,3.2E-1,-3.2E-1));
#3628=VERTEX_POINT('',#3626);
#3629=VERTEX_POINT('',#3627);
#3630=CARTESIAN_POINT('',(2.14E0,3.2E-1,3.2E-1));
#3631=CARTESIAN_POINT('',(2.14E0,-3.2E-1,3.2E-1));
#3632=VERTEX_POINT('',#3630);
#3633=VERTEX_POINT('',#3631);
#3634=CARTESIAN_POINT('',(0.E0,-1.686380023298E1,-1.205E0));
#3635=CARTESIAN_POINT('',(0.E0,-1.673838636441E1,-9.233158392309E-1));
#3636=VERTEX_POINT('',#3634);
#3637=VERTEX_POINT('',#3635);
#3638=CARTESIAN_POINT('',(0.E0,-1.673838636441E1,9.233158392308E-1));
#3639=CARTESIAN_POINT('',(0.E0,-1.686380023298E1,1.205E0));
#3640=VERTEX_POINT('',#3638);
#3641=VERTEX_POINT('',#3639);
#3642=CARTESIAN_POINT('',(0.E0,-1.869619976702E1,1.205E0));
#3643=VERTEX_POINT('',#3642);
#3644=CARTESIAN_POINT('',(0.E0,-1.882161363559E1,9.233158392309E-1));
#3645=VERTEX_POINT('',#3644);
#3646=CARTESIAN_POINT('',(0.E0,-1.905E1,7.75E-1));
#3647=VERTEX_POINT('',#3646);
#3648=CARTESIAN_POINT('',(0.E0,-1.905E1,-7.75E-1));
#3649=VERTEX_POINT('',#3648);
#3650=CARTESIAN_POINT('',(0.E0,-1.882161363559E1,-9.233158392310E-1));
#3651=VERTEX_POINT('',#3650);
#3652=CARTESIAN_POINT('',(0.E0,-1.869619976702E1,-1.205E0));
#3653=VERTEX_POINT('',#3652);
#3654=CARTESIAN_POINT('',(0.E0,-1.7325E1,5.6E-1));
#3655=CARTESIAN_POINT('',(0.E0,-1.6915E1,5.6E-1));
#3656=VERTEX_POINT('',#3654);
#3657=VERTEX_POINT('',#3655);
#3658=CARTESIAN_POINT('',(0.E0,-1.8645E1,-5.55E-1));
#3659=CARTESIAN_POINT('',(0.E0,-1.8235E1,-5.55E-1));
#3660=VERTEX_POINT('',#3658);
#3661=VERTEX_POINT('',#3659);
#3662=CARTESIAN_POINT('',(2.14E0,-1.686380023298E1,-1.205E0));
#3663=VERTEX_POINT('',#3662);
#3664=CARTESIAN_POINT('',(2.14E0,-1.869619976702E1,-1.205E0));
#3665=VERTEX_POINT('',#3664);
#3666=CARTESIAN_POINT('',(2.14E0,-1.882161363559E1,-9.233158392308E-1));
#3667=VERTEX_POINT('',#3666);
#3668=CARTESIAN_POINT('',(2.14E0,-1.905E1,-7.75E-1));
#3669=VERTEX_POINT('',#3668);
#3670=CARTESIAN_POINT('',(2.14E0,-1.905E1,7.75E-1));
#3671=VERTEX_POINT('',#3670);
#3672=CARTESIAN_POINT('',(2.14E0,-1.882161363559E1,9.233158392308E-1));
#3673=VERTEX_POINT('',#3672);
#3674=CARTESIAN_POINT('',(2.14E0,-1.869619976702E1,1.205E0));
#3675=VERTEX_POINT('',#3674);
#3676=CARTESIAN_POINT('',(2.14E0,-1.686380023298E1,1.205E0));
#3677=VERTEX_POINT('',#3676);
#3678=CARTESIAN_POINT('',(2.14E0,-1.673838636441E1,9.233158392308E-1));
#3679=VERTEX_POINT('',#3678);
#3680=CARTESIAN_POINT('',(2.14E0,-1.673838636441E1,-9.233158392308E-1));
#3681=VERTEX_POINT('',#3680);
#3682=CARTESIAN_POINT('',(2.14E0,-1.8235E1,5.6E-1));
#3683=CARTESIAN_POINT('',(2.14E0,-1.8645E1,5.6E-1));
#3684=VERTEX_POINT('',#3682);
#3685=VERTEX_POINT('',#3683);
#3686=CARTESIAN_POINT('',(2.14E0,-1.6915E1,-5.6E-1));
#3687=CARTESIAN_POINT('',(2.14E0,-1.7325E1,-5.6E-1));
#3688=VERTEX_POINT('',#3686);
#3689=VERTEX_POINT('',#3687);
#3690=CARTESIAN_POINT('',(2.34E0,-1.8235E1,5.6E-1));
#3691=VERTEX_POINT('',#3690);
#3692=CARTESIAN_POINT('',(2.34E0,-1.8645E1,5.6E-1));
#3693=VERTEX_POINT('',#3692);
#3694=CARTESIAN_POINT('',(2.34E0,-1.7325E1,-5.6E-1));
#3695=CARTESIAN_POINT('',(2.34E0,-1.6915E1,-5.6E-1));
#3696=VERTEX_POINT('',#3694);
#3697=VERTEX_POINT('',#3695);
#3698=CARTESIAN_POINT('',(-2.E-1,-1.7325E1,5.6E-1));
#3699=VERTEX_POINT('',#3698);
#3700=CARTESIAN_POINT('',(-2.E-1,-1.6915E1,5.6E-1));
#3701=VERTEX_POINT('',#3700);
#3702=CARTESIAN_POINT('',(-2.E-1,-1.8235E1,-5.55E-1));
#3703=CARTESIAN_POINT('',(-2.E-1,-1.8645E1,-5.55E-1));
#3704=VERTEX_POINT('',#3702);
#3705=VERTEX_POINT('',#3703);
#3706=CARTESIAN_POINT('',(0.E0,-1.81E1,-3.2E-1));
#3707=CARTESIAN_POINT('',(0.E0,-1.746E1,-3.2E-1));
#3708=VERTEX_POINT('',#3706);
#3709=VERTEX_POINT('',#3707);
#3710=CARTESIAN_POINT('',(2.14E0,-1.81E1,-3.2E-1));
#3711=CARTESIAN_POINT('',(2.14E0,-1.746E1,-3.2E-1));
#3712=VERTEX_POINT('',#3710);
#3713=VERTEX_POINT('',#3711);
#3714=CARTESIAN_POINT('',(0.E0,-1.746E1,3.2E-1));
#3715=CARTESIAN_POINT('',(0.E0,-1.81E1,3.2E-1));
#3716=VERTEX_POINT('',#3714);
#3717=VERTEX_POINT('',#3715);
#3718=CARTESIAN_POINT('',(2.14E0,-1.746E1,3.2E-1));
#3719=CARTESIAN_POINT('',(2.14E0,-1.81E1,3.2E-1));
#3720=VERTEX_POINT('',#3718);
#3721=VERTEX_POINT('',#3719);
#3722=CARTESIAN_POINT('',(0.E0,-1.432380023298E1,-1.205E0));
#3723=CARTESIAN_POINT('',(0.E0,-1.419838636441E1,-9.233158392309E-1));
#3724=VERTEX_POINT('',#3722);
#3725=VERTEX_POINT('',#3723);
#3726=CARTESIAN_POINT('',(0.E0,-1.419838636441E1,9.233158392308E-1));
#3727=CARTESIAN_POINT('',(0.E0,-1.432380023298E1,1.205E0));
#3728=VERTEX_POINT('',#3726);
#3729=VERTEX_POINT('',#3727);
#3730=CARTESIAN_POINT('',(0.E0,-1.615619976702E1,1.205E0));
#3731=VERTEX_POINT('',#3730);
#3732=CARTESIAN_POINT('',(0.E0,-1.628161363559E1,9.233158392309E-1));
#3733=VERTEX_POINT('',#3732);
#3734=CARTESIAN_POINT('',(0.E0,-1.628161363559E1,-9.233158392308E-1));
#3735=CARTESIAN_POINT('',(0.E0,-1.615619976702E1,-1.205E0));
#3736=VERTEX_POINT('',#3734);
#3737=VERTEX_POINT('',#3735);
#3738=CARTESIAN_POINT('',(0.E0,-1.4785E1,5.6E-1));
#3739=CARTESIAN_POINT('',(0.E0,-1.4375E1,5.6E-1));
#3740=VERTEX_POINT('',#3738);
#3741=VERTEX_POINT('',#3739);
#3742=CARTESIAN_POINT('',(0.E0,-1.6105E1,-5.55E-1));
#3743=CARTESIAN_POINT('',(0.E0,-1.5695E1,-5.55E-1));
#3744=VERTEX_POINT('',#3742);
#3745=VERTEX_POINT('',#3743);
#3746=CARTESIAN_POINT('',(2.14E0,-1.432380023298E1,-1.205E0));
#3747=VERTEX_POINT('',#3746);
#3748=CARTESIAN_POINT('',(2.14E0,-1.615619976702E1,-1.205E0));
#3749=VERTEX_POINT('',#3748);
#3750=CARTESIAN_POINT('',(2.14E0,-1.628161363559E1,-9.233158392308E-1));
#3751=VERTEX_POINT('',#3750);
#3752=CARTESIAN_POINT('',(2.14E0,-1.628161363559E1,9.233158392308E-1));
#3753=VERTEX_POINT('',#3752);
#3754=CARTESIAN_POINT('',(2.14E0,-1.615619976702E1,1.205E0));
#3755=VERTEX_POINT('',#3754);
#3756=CARTESIAN_POINT('',(2.14E0,-1.432380023298E1,1.205E0));
#3757=VERTEX_POINT('',#3756);
#3758=CARTESIAN_POINT('',(2.14E0,-1.419838636441E1,9.233158392308E-1));
#3759=VERTEX_POINT('',#3758);
#3760=CARTESIAN_POINT('',(2.14E0,-1.419838636441E1,-9.233158392308E-1));
#3761=VERTEX_POINT('',#3760);
#3762=CARTESIAN_POINT('',(2.14E0,-1.5695E1,5.6E-1));
#3763=CARTESIAN_POINT('',(2.14E0,-1.6105E1,5.6E-1));
#3764=VERTEX_POINT('',#3762);
#3765=VERTEX_POINT('',#3763);
#3766=CARTESIAN_POINT('',(2.14E0,-1.4375E1,-5.6E-1));
#3767=CARTESIAN_POINT('',(2.14E0,-1.4785E1,-5.6E-1));
#3768=VERTEX_POINT('',#3766);
#3769=VERTEX_POINT('',#3767);
#3770=CARTESIAN_POINT('',(2.34E0,-1.5695E1,5.6E-1));
#3771=VERTEX_POINT('',#3770);
#3772=CARTESIAN_POINT('',(2.34E0,-1.6105E1,5.6E-1));
#3773=VERTEX_POINT('',#3772);
#3774=CARTESIAN_POINT('',(2.34E0,-1.4785E1,-5.6E-1));
#3775=CARTESIAN_POINT('',(2.34E0,-1.4375E1,-5.6E-1));
#3776=VERTEX_POINT('',#3774);
#3777=VERTEX_POINT('',#3775);
#3778=CARTESIAN_POINT('',(-2.E-1,-1.4785E1,5.6E-1));
#3779=VERTEX_POINT('',#3778);
#3780=CARTESIAN_POINT('',(-2.E-1,-1.4375E1,5.6E-1));
#3781=VERTEX_POINT('',#3780);
#3782=CARTESIAN_POINT('',(-2.E-1,-1.5695E1,-5.55E-1));
#3783=CARTESIAN_POINT('',(-2.E-1,-1.6105E1,-5.55E-1));
#3784=VERTEX_POINT('',#3782);
#3785=VERTEX_POINT('',#3783);
#3786=CARTESIAN_POINT('',(0.E0,-1.556E1,-3.2E-1));
#3787=CARTESIAN_POINT('',(0.E0,-1.492E1,-3.2E-1));
#3788=VERTEX_POINT('',#3786);
#3789=VERTEX_POINT('',#3787);
#3790=CARTESIAN_POINT('',(2.14E0,-1.556E1,-3.2E-1));
#3791=CARTESIAN_POINT('',(2.14E0,-1.492E1,-3.2E-1));
#3792=VERTEX_POINT('',#3790);
#3793=VERTEX_POINT('',#3791);
#3794=CARTESIAN_POINT('',(0.E0,-1.492E1,3.2E-1));
#3795=CARTESIAN_POINT('',(0.E0,-1.556E1,3.2E-1));
#3796=VERTEX_POINT('',#3794);
#3797=VERTEX_POINT('',#3795);
#3798=CARTESIAN_POINT('',(2.14E0,-1.492E1,3.2E-1));
#3799=CARTESIAN_POINT('',(2.14E0,-1.556E1,3.2E-1));
#3800=VERTEX_POINT('',#3798);
#3801=VERTEX_POINT('',#3799);
#3802=CARTESIAN_POINT('',(0.E0,-1.178380023298E1,-1.205E0));
#3803=CARTESIAN_POINT('',(0.E0,-1.165838636441E1,-9.233158392309E-1));
#3804=VERTEX_POINT('',#3802);
#3805=VERTEX_POINT('',#3803);
#3806=CARTESIAN_POINT('',(0.E0,-1.165838636441E1,9.233158392308E-1));
#3807=CARTESIAN_POINT('',(0.E0,-1.178380023298E1,1.205E0));
#3808=VERTEX_POINT('',#3806);
#3809=VERTEX_POINT('',#3807);
#3810=CARTESIAN_POINT('',(0.E0,-1.361619976702E1,1.205E0));
#3811=VERTEX_POINT('',#3810);
#3812=CARTESIAN_POINT('',(0.E0,-1.374161363559E1,9.233158392309E-1));
#3813=VERTEX_POINT('',#3812);
#3814=CARTESIAN_POINT('',(0.E0,-1.374161363559E1,-9.233158392308E-1));
#3815=CARTESIAN_POINT('',(0.E0,-1.361619976702E1,-1.205E0));
#3816=VERTEX_POINT('',#3814);
#3817=VERTEX_POINT('',#3815);
#3818=CARTESIAN_POINT('',(0.E0,-1.2245E1,5.6E-1));
#3819=CARTESIAN_POINT('',(0.E0,-1.1835E1,5.6E-1));
#3820=VERTEX_POINT('',#3818);
#3821=VERTEX_POINT('',#3819);
#3822=CARTESIAN_POINT('',(0.E0,-1.3565E1,-5.55E-1));
#3823=CARTESIAN_POINT('',(0.E0,-1.3155E1,-5.55E-1));
#3824=VERTEX_POINT('',#3822);
#3825=VERTEX_POINT('',#3823);
#3826=CARTESIAN_POINT('',(2.14E0,-1.178380023298E1,-1.205E0));
#3827=VERTEX_POINT('',#3826);
#3828=CARTESIAN_POINT('',(2.14E0,-1.361619976702E1,-1.205E0));
#3829=VERTEX_POINT('',#3828);
#3830=CARTESIAN_POINT('',(2.14E0,-1.374161363559E1,-9.233158392308E-1));
#3831=VERTEX_POINT('',#3830);
#3832=CARTESIAN_POINT('',(2.14E0,-1.374161363559E1,9.233158392308E-1));
#3833=VERTEX_POINT('',#3832);
#3834=CARTESIAN_POINT('',(2.14E0,-1.361619976702E1,1.205E0));
#3835=VERTEX_POINT('',#3834);
#3836=CARTESIAN_POINT('',(2.14E0,-1.178380023298E1,1.205E0));
#3837=VERTEX_POINT('',#3836);
#3838=CARTESIAN_POINT('',(2.14E0,-1.165838636441E1,9.233158392308E-1));
#3839=VERTEX_POINT('',#3838);
#3840=CARTESIAN_POINT('',(2.14E0,-1.165838636441E1,-9.233158392308E-1));
#3841=VERTEX_POINT('',#3840);
#3842=CARTESIAN_POINT('',(2.14E0,-1.3155E1,5.6E-1));
#3843=CARTESIAN_POINT('',(2.14E0,-1.3565E1,5.6E-1));
#3844=VERTEX_POINT('',#3842);
#3845=VERTEX_POINT('',#3843);
#3846=CARTESIAN_POINT('',(2.14E0,-1.1835E1,-5.6E-1));
#3847=CARTESIAN_POINT('',(2.14E0,-1.2245E1,-5.6E-1));
#3848=VERTEX_POINT('',#3846);
#3849=VERTEX_POINT('',#3847);
#3850=CARTESIAN_POINT('',(2.34E0,-1.3155E1,5.6E-1));
#3851=VERTEX_POINT('',#3850);
#3852=CARTESIAN_POINT('',(2.34E0,-1.3565E1,5.6E-1));
#3853=VERTEX_POINT('',#3852);
#3854=CARTESIAN_POINT('',(2.34E0,-1.2245E1,-5.6E-1));
#3855=CARTESIAN_POINT('',(2.34E0,-1.1835E1,-5.6E-1));
#3856=VERTEX_POINT('',#3854);
#3857=VERTEX_POINT('',#3855);
#3858=CARTESIAN_POINT('',(-2.E-1,-1.2245E1,5.6E-1));
#3859=VERTEX_POINT('',#3858);
#3860=CARTESIAN_POINT('',(-2.E-1,-1.1835E1,5.6E-1));
#3861=VERTEX_POINT('',#3860);
#3862=CARTESIAN_POINT('',(-2.E-1,-1.3155E1,-5.55E-1));
#3863=CARTESIAN_POINT('',(-2.E-1,-1.3565E1,-5.55E-1));
#3864=VERTEX_POINT('',#3862);
#3865=VERTEX_POINT('',#3863);
#3866=CARTESIAN_POINT('',(0.E0,-1.302E1,-3.2E-1));
#3867=CARTESIAN_POINT('',(0.E0,-1.238E1,-3.2E-1));
#3868=VERTEX_POINT('',#3866);
#3869=VERTEX_POINT('',#3867);
#3870=CARTESIAN_POINT('',(2.14E0,-1.302E1,-3.2E-1));
#3871=CARTESIAN_POINT('',(2.14E0,-1.238E1,-3.2E-1));
#3872=VERTEX_POINT('',#3870);
#3873=VERTEX_POINT('',#3871);
#3874=CARTESIAN_POINT('',(0.E0,-1.238E1,3.2E-1));
#3875=CARTESIAN_POINT('',(0.E0,-1.302E1,3.2E-1));
#3876=VERTEX_POINT('',#3874);
#3877=VERTEX_POINT('',#3875);
#3878=CARTESIAN_POINT('',(2.14E0,-1.238E1,3.2E-1));
#3879=CARTESIAN_POINT('',(2.14E0,-1.302E1,3.2E-1));
#3880=VERTEX_POINT('',#3878);
#3881=VERTEX_POINT('',#3879);
#3882=CARTESIAN_POINT('',(0.E0,-9.243800232982E0,-1.205E0));
#3883=CARTESIAN_POINT('',(0.E0,-9.118386364411E0,-9.233158392311E-1));
#3884=VERTEX_POINT('',#3882);
#3885=VERTEX_POINT('',#3883);
#3886=CARTESIAN_POINT('',(0.E0,-9.118386364411E0,9.233158392311E-1));
#3887=CARTESIAN_POINT('',(0.E0,-9.243800232982E0,1.205E0));
#3888=VERTEX_POINT('',#3886);
#3889=VERTEX_POINT('',#3887);
#3890=CARTESIAN_POINT('',(0.E0,-1.107619976702E1,1.205E0));
#3891=VERTEX_POINT('',#3890);
#3892=CARTESIAN_POINT('',(0.E0,-1.120161363559E1,9.233158392309E-1));
#3893=VERTEX_POINT('',#3892);
#3894=CARTESIAN_POINT('',(0.E0,-1.120161363559E1,-9.233158392308E-1));
#3895=CARTESIAN_POINT('',(0.E0,-1.107619976702E1,-1.205E0));
#3896=VERTEX_POINT('',#3894);
#3897=VERTEX_POINT('',#3895);
#3898=CARTESIAN_POINT('',(0.E0,-9.705E0,5.6E-1));
#3899=CARTESIAN_POINT('',(0.E0,-9.295E0,5.6E-1));
#3900=VERTEX_POINT('',#3898);
#3901=VERTEX_POINT('',#3899);
#3902=CARTESIAN_POINT('',(0.E0,-1.1025E1,-5.55E-1));
#3903=CARTESIAN_POINT('',(0.E0,-1.0615E1,-5.55E-1));
#3904=VERTEX_POINT('',#3902);
#3905=VERTEX_POINT('',#3903);
#3906=CARTESIAN_POINT('',(2.14E0,-9.243800232982E0,-1.205E0));
#3907=VERTEX_POINT('',#3906);
#3908=CARTESIAN_POINT('',(2.14E0,-1.107619976702E1,-1.205E0));
#3909=VERTEX_POINT('',#3908);
#3910=CARTESIAN_POINT('',(2.14E0,-1.120161363559E1,-9.233158392308E-1));
#3911=VERTEX_POINT('',#3910);
#3912=CARTESIAN_POINT('',(2.14E0,-1.120161363559E1,9.233158392308E-1));
#3913=VERTEX_POINT('',#3912);
#3914=CARTESIAN_POINT('',(2.14E0,-1.107619976702E1,1.205E0));
#3915=VERTEX_POINT('',#3914);
#3916=CARTESIAN_POINT('',(2.14E0,-9.243800232982E0,1.205E0));
#3917=VERTEX_POINT('',#3916);
#3918=CARTESIAN_POINT('',(2.14E0,-9.118386364411E0,9.233158392311E-1));
#3919=VERTEX_POINT('',#3918);
#3920=CARTESIAN_POINT('',(2.14E0,-9.118386364411E0,-9.233158392311E-1));
#3921=VERTEX_POINT('',#3920);
#3922=CARTESIAN_POINT('',(2.14E0,-1.0615E1,5.6E-1));
#3923=CARTESIAN_POINT('',(2.14E0,-1.1025E1,5.6E-1));
#3924=VERTEX_POINT('',#3922);
#3925=VERTEX_POINT('',#3923);
#3926=CARTESIAN_POINT('',(2.14E0,-9.295E0,-5.6E-1));
#3927=CARTESIAN_POINT('',(2.14E0,-9.705E0,-5.6E-1));
#3928=VERTEX_POINT('',#3926);
#3929=VERTEX_POINT('',#3927);
#3930=CARTESIAN_POINT('',(2.34E0,-1.0615E1,5.6E-1));
#3931=VERTEX_POINT('',#3930);
#3932=CARTESIAN_POINT('',(2.34E0,-1.1025E1,5.6E-1));
#3933=VERTEX_POINT('',#3932);
#3934=CARTESIAN_POINT('',(2.34E0,-9.705E0,-5.6E-1));
#3935=CARTESIAN_POINT('',(2.34E0,-9.295E0,-5.6E-1));
#3936=VERTEX_POINT('',#3934);
#3937=VERTEX_POINT('',#3935);
#3938=CARTESIAN_POINT('',(-2.E-1,-9.705E0,5.6E-1));
#3939=VERTEX_POINT('',#3938);
#3940=CARTESIAN_POINT('',(-2.E-1,-9.295E0,5.6E-1));
#3941=VERTEX_POINT('',#3940);
#3942=CARTESIAN_POINT('',(-2.E-1,-1.0615E1,-5.55E-1));
#3943=CARTESIAN_POINT('',(-2.E-1,-1.1025E1,-5.55E-1));
#3944=VERTEX_POINT('',#3942);
#3945=VERTEX_POINT('',#3943);
#3946=CARTESIAN_POINT('',(0.E0,-1.048E1,-3.2E-1));
#3947=CARTESIAN_POINT('',(0.E0,-9.84E0,-3.2E-1));
#3948=VERTEX_POINT('',#3946);
#3949=VERTEX_POINT('',#3947);
#3950=CARTESIAN_POINT('',(2.14E0,-1.048E1,-3.2E-1));
#3951=CARTESIAN_POINT('',(2.14E0,-9.84E0,-3.2E-1));
#3952=VERTEX_POINT('',#3950);
#3953=VERTEX_POINT('',#3951);
#3954=CARTESIAN_POINT('',(0.E0,-9.84E0,3.2E-1));
#3955=CARTESIAN_POINT('',(0.E0,-1.048E1,3.2E-1));
#3956=VERTEX_POINT('',#3954);
#3957=VERTEX_POINT('',#3955);
#3958=CARTESIAN_POINT('',(2.14E0,-9.84E0,3.2E-1));
#3959=CARTESIAN_POINT('',(2.14E0,-1.048E1,3.2E-1));
#3960=VERTEX_POINT('',#3958);
#3961=VERTEX_POINT('',#3959);
#3962=CARTESIAN_POINT('',(0.E0,-6.703800232982E0,-1.205E0));
#3963=CARTESIAN_POINT('',(0.E0,-6.578386364411E0,-9.233158392311E-1));
#3964=VERTEX_POINT('',#3962);
#3965=VERTEX_POINT('',#3963);
#3966=CARTESIAN_POINT('',(0.E0,-6.578386364411E0,9.233158392311E-1));
#3967=CARTESIAN_POINT('',(0.E0,-6.703800232982E0,1.205E0));
#3968=VERTEX_POINT('',#3966);
#3969=VERTEX_POINT('',#3967);
#3970=CARTESIAN_POINT('',(0.E0,-8.536199767018E0,1.205E0));
#3971=VERTEX_POINT('',#3970);
#3972=CARTESIAN_POINT('',(0.E0,-8.661613635589E0,9.233158392311E-1));
#3973=VERTEX_POINT('',#3972);
#3974=CARTESIAN_POINT('',(0.E0,-8.661613635589E0,-9.233158392311E-1));
#3975=CARTESIAN_POINT('',(0.E0,-8.536199767018E0,-1.205E0));
#3976=VERTEX_POINT('',#3974);
#3977=VERTEX_POINT('',#3975);
#3978=CARTESIAN_POINT('',(0.E0,-7.165E0,5.6E-1));
#3979=CARTESIAN_POINT('',(0.E0,-6.755E0,5.6E-1));
#3980=VERTEX_POINT('',#3978);
#3981=VERTEX_POINT('',#3979);
#3982=CARTESIAN_POINT('',(0.E0,-8.485E0,-5.55E-1));
#3983=CARTESIAN_POINT('',(0.E0,-8.075E0,-5.55E-1));
#3984=VERTEX_POINT('',#3982);
#3985=VERTEX_POINT('',#3983);
#3986=CARTESIAN_POINT('',(2.14E0,-6.703800232982E0,-1.205E0));
#3987=VERTEX_POINT('',#3986);
#3988=CARTESIAN_POINT('',(2.14E0,-8.536199767018E0,-1.205E0));
#3989=VERTEX_POINT('',#3988);
#3990=CARTESIAN_POINT('',(2.14E0,-8.661613635589E0,-9.233158392311E-1));
#3991=VERTEX_POINT('',#3990);
#3992=CARTESIAN_POINT('',(2.14E0,-8.661613635589E0,9.233158392311E-1));
#3993=VERTEX_POINT('',#3992);
#3994=CARTESIAN_POINT('',(2.14E0,-8.536199767018E0,1.205E0));
#3995=VERTEX_POINT('',#3994);
#3996=CARTESIAN_POINT('',(2.14E0,-6.703800232982E0,1.205E0));
#3997=VERTEX_POINT('',#3996);
#3998=CARTESIAN_POINT('',(2.14E0,-6.578386364411E0,9.233158392311E-1));
#3999=VERTEX_POINT('',#3998);
#4000=CARTESIAN_POINT('',(2.14E0,-6.578386364411E0,-9.233158392311E-1));
#4001=VERTEX_POINT('',#4000);
#4002=CARTESIAN_POINT('',(2.14E0,-8.075E0,5.6E-1));
#4003=CARTESIAN_POINT('',(2.14E0,-8.485E0,5.6E-1));
#4004=VERTEX_POINT('',#4002);
#4005=VERTEX_POINT('',#4003);
#4006=CARTESIAN_POINT('',(2.14E0,-6.755E0,-5.6E-1));
#4007=CARTESIAN_POINT('',(2.14E0,-7.165E0,-5.6E-1));
#4008=VERTEX_POINT('',#4006);
#4009=VERTEX_POINT('',#4007);
#4010=CARTESIAN_POINT('',(2.34E0,-8.075E0,5.6E-1));
#4011=VERTEX_POINT('',#4010);
#4012=CARTESIAN_POINT('',(2.34E0,-8.485E0,5.6E-1));
#4013=VERTEX_POINT('',#4012);
#4014=CARTESIAN_POINT('',(2.34E0,-7.165E0,-5.6E-1));
#4015=CARTESIAN_POINT('',(2.34E0,-6.755E0,-5.6E-1));
#4016=VERTEX_POINT('',#4014);
#4017=VERTEX_POINT('',#4015);
#4018=CARTESIAN_POINT('',(-2.E-1,-7.165E0,5.6E-1));
#4019=VERTEX_POINT('',#4018);
#4020=CARTESIAN_POINT('',(-2.E-1,-6.755E0,5.6E-1));
#4021=VERTEX_POINT('',#4020);
#4022=CARTESIAN_POINT('',(-2.E-1,-8.075E0,-5.55E-1));
#4023=CARTESIAN_POINT('',(-2.E-1,-8.485E0,-5.55E-1));
#4024=VERTEX_POINT('',#4022);
#4025=VERTEX_POINT('',#4023);
#4026=CARTESIAN_POINT('',(0.E0,-7.94E0,-3.2E-1));
#4027=CARTESIAN_POINT('',(0.E0,-7.3E0,-3.2E-1));
#4028=VERTEX_POINT('',#4026);
#4029=VERTEX_POINT('',#4027);
#4030=CARTESIAN_POINT('',(2.14E0,-7.94E0,-3.2E-1));
#4031=CARTESIAN_POINT('',(2.14E0,-7.3E0,-3.2E-1));
#4032=VERTEX_POINT('',#4030);
#4033=VERTEX_POINT('',#4031);
#4034=CARTESIAN_POINT('',(0.E0,-7.3E0,3.2E-1));
#4035=CARTESIAN_POINT('',(0.E0,-7.94E0,3.2E-1));
#4036=VERTEX_POINT('',#4034);
#4037=VERTEX_POINT('',#4035);
#4038=CARTESIAN_POINT('',(2.14E0,-7.3E0,3.2E-1));
#4039=CARTESIAN_POINT('',(2.14E0,-7.94E0,3.2E-1));
#4040=VERTEX_POINT('',#4038);
#4041=VERTEX_POINT('',#4039);
#4042=CARTESIAN_POINT('',(0.E0,-4.163800232982E0,-1.205E0));
#4043=CARTESIAN_POINT('',(0.E0,-4.038386364411E0,-9.233158392311E-1));
#4044=VERTEX_POINT('',#4042);
#4045=VERTEX_POINT('',#4043);
#4046=CARTESIAN_POINT('',(0.E0,-4.038386364411E0,9.233158392311E-1));
#4047=CARTESIAN_POINT('',(0.E0,-4.163800232982E0,1.205E0));
#4048=VERTEX_POINT('',#4046);
#4049=VERTEX_POINT('',#4047);
#4050=CARTESIAN_POINT('',(0.E0,-5.996199767018E0,1.205E0));
#4051=VERTEX_POINT('',#4050);
#4052=CARTESIAN_POINT('',(0.E0,-6.121613635589E0,9.233158392311E-1));
#4053=VERTEX_POINT('',#4052);
#4054=CARTESIAN_POINT('',(0.E0,-6.121613635589E0,-9.233158392311E-1));
#4055=CARTESIAN_POINT('',(0.E0,-5.996199767018E0,-1.205E0));
#4056=VERTEX_POINT('',#4054);
#4057=VERTEX_POINT('',#4055);
#4058=CARTESIAN_POINT('',(0.E0,-4.625E0,5.6E-1));
#4059=CARTESIAN_POINT('',(0.E0,-4.215E0,5.6E-1));
#4060=VERTEX_POINT('',#4058);
#4061=VERTEX_POINT('',#4059);
#4062=CARTESIAN_POINT('',(0.E0,-5.945E0,-5.55E-1));
#4063=CARTESIAN_POINT('',(0.E0,-5.535E0,-5.55E-1));
#4064=VERTEX_POINT('',#4062);
#4065=VERTEX_POINT('',#4063);
#4066=CARTESIAN_POINT('',(2.14E0,-4.163800232982E0,-1.205E0));
#4067=VERTEX_POINT('',#4066);
#4068=CARTESIAN_POINT('',(2.14E0,-5.996199767018E0,-1.205E0));
#4069=VERTEX_POINT('',#4068);
#4070=CARTESIAN_POINT('',(2.14E0,-6.121613635589E0,-9.233158392311E-1));
#4071=VERTEX_POINT('',#4070);
#4072=CARTESIAN_POINT('',(2.14E0,-6.121613635589E0,9.233158392311E-1));
#4073=VERTEX_POINT('',#4072);
#4074=CARTESIAN_POINT('',(2.14E0,-5.996199767018E0,1.205E0));
#4075=VERTEX_POINT('',#4074);
#4076=CARTESIAN_POINT('',(2.14E0,-4.163800232982E0,1.205E0));
#4077=VERTEX_POINT('',#4076);
#4078=CARTESIAN_POINT('',(2.14E0,-4.038386364411E0,9.233158392311E-1));
#4079=VERTEX_POINT('',#4078);
#4080=CARTESIAN_POINT('',(2.14E0,-4.038386364411E0,-9.233158392311E-1));
#4081=VERTEX_POINT('',#4080);
#4082=CARTESIAN_POINT('',(2.14E0,-5.535E0,5.6E-1));
#4083=CARTESIAN_POINT('',(2.14E0,-5.945E0,5.6E-1));
#4084=VERTEX_POINT('',#4082);
#4085=VERTEX_POINT('',#4083);
#4086=CARTESIAN_POINT('',(2.14E0,-4.215E0,-5.6E-1));
#4087=CARTESIAN_POINT('',(2.14E0,-4.625E0,-5.6E-1));
#4088=VERTEX_POINT('',#4086);
#4089=VERTEX_POINT('',#4087);
#4090=CARTESIAN_POINT('',(2.34E0,-5.535E0,5.6E-1));
#4091=VERTEX_POINT('',#4090);
#4092=CARTESIAN_POINT('',(2.34E0,-5.945E0,5.6E-1));
#4093=VERTEX_POINT('',#4092);
#4094=CARTESIAN_POINT('',(2.34E0,-4.625E0,-5.6E-1));
#4095=CARTESIAN_POINT('',(2.34E0,-4.215E0,-5.6E-1));
#4096=VERTEX_POINT('',#4094);
#4097=VERTEX_POINT('',#4095);
#4098=CARTESIAN_POINT('',(-2.E-1,-4.625E0,5.6E-1));
#4099=VERTEX_POINT('',#4098);
#4100=CARTESIAN_POINT('',(-2.E-1,-4.215E0,5.6E-1));
#4101=VERTEX_POINT('',#4100);
#4102=CARTESIAN_POINT('',(-2.E-1,-5.535E0,-5.55E-1));
#4103=CARTESIAN_POINT('',(-2.E-1,-5.945E0,-5.55E-1));
#4104=VERTEX_POINT('',#4102);
#4105=VERTEX_POINT('',#4103);
#4106=CARTESIAN_POINT('',(0.E0,-5.4E0,-3.2E-1));
#4107=CARTESIAN_POINT('',(0.E0,-4.76E0,-3.2E-1));
#4108=VERTEX_POINT('',#4106);
#4109=VERTEX_POINT('',#4107);
#4110=CARTESIAN_POINT('',(2.14E0,-5.4E0,-3.2E-1));
#4111=CARTESIAN_POINT('',(2.14E0,-4.76E0,-3.2E-1));
#4112=VERTEX_POINT('',#4110);
#4113=VERTEX_POINT('',#4111);
#4114=CARTESIAN_POINT('',(0.E0,-4.76E0,3.2E-1));
#4115=CARTESIAN_POINT('',(0.E0,-5.4E0,3.2E-1));
#4116=VERTEX_POINT('',#4114);
#4117=VERTEX_POINT('',#4115);
#4118=CARTESIAN_POINT('',(2.14E0,-4.76E0,3.2E-1));
#4119=CARTESIAN_POINT('',(2.14E0,-5.4E0,3.2E-1));
#4120=VERTEX_POINT('',#4118);
#4121=VERTEX_POINT('',#4119);
#4122=CARTESIAN_POINT('',(-2.49E0,-1.778E1,0.E0));
#4123=DIRECTION('',(1.E0,0.E0,0.E0));
#4124=DIRECTION('',(0.E0,-1.E0,0.E0));
#4125=AXIS2_PLACEMENT_3D('',#4122,#4123,#4124);
#4126=PLANE('487',#4125);
#4128=ORIENTED_EDGE('501',*,*,#4127,.F.);
#4130=ORIENTED_EDGE('502',*,*,#4129,.F.);
#4132=ORIENTED_EDGE('503',*,*,#4131,.F.);
#4134=ORIENTED_EDGE('504',*,*,#4133,.F.);
#4135=EDGE_LOOP('487',(#4128,#4130,#4132,#4134));
#4136=FACE_OUTER_BOUND('487',#4135,.F.);
#4138=CARTESIAN_POINT('',(-2.275549307949E0,-1.778E1,-2.2E-1));
#4139=DIRECTION('',(4.226182617407E-1,0.E0,9.063077870366E-1));
#4140=DIRECTION('',(9.063077870366E-1,0.E0,-4.226182617407E-1));
#4141=AXIS2_PLACEMENT_3D('',#4138,#4139,#4140);
#4142=PLANE('488',#4141);
#4144=ORIENTED_EDGE('507',*,*,#4143,.F.);
#4146=ORIENTED_EDGE('524',*,*,#4145,.F.);
#4147=ORIENTED_EDGE('501',*,*,#4127,.T.);
#4149=ORIENTED_EDGE('505',*,*,#4148,.F.);
#4150=EDGE_LOOP('488',(#4144,#4146,#4147,#4149));
#4151=FACE_OUTER_BOUND('488',#4150,.F.);
#4153=CARTESIAN_POINT('',(2.845E0,-1.778E1,-3.2E-1));
#4154=DIRECTION('',(0.E0,0.E0,1.E0));
#4155=DIRECTION('',(0.E0,1.E0,0.E0));
#4156=AXIS2_PLACEMENT_3D('',#4153,#4154,#4155);
#4157=PLANE('489',#4156);
#4159=ORIENTED_EDGE('1000',*,*,#4158,.T.);
#4161=ORIENTED_EDGE('1014',*,*,#4160,.F.);
#4162=ORIENTED_EDGE('507',*,*,#4143,.T.);
#4164=ORIENTED_EDGE('1009',*,*,#4163,.F.);
#4165=EDGE_LOOP('489',(#4159,#4161,#4162,#4164));
#4166=FACE_OUTER_BOUND('489',#4165,.F.);
#4168=CARTESIAN_POINT('',(2.845E0,-1.778E1,-3.2E-1));
#4169=DIRECTION('',(0.E0,0.E0,1.E0));
#4170=DIRECTION('',(0.E0,1.E0,0.E0));
#4171=AXIS2_PLACEMENT_3D('',#4168,#4169,#4170);
#4172=PLANE('489',#4171);
#4174=ORIENTED_EDGE('1001',*,*,#4173,.F.);
#4176=ORIENTED_EDGE('1008',*,*,#4175,.F.);
#4178=ORIENTED_EDGE('506',*,*,#4177,.F.);
#4180=ORIENTED_EDGE('1015',*,*,#4179,.F.);
#4181=EDGE_LOOP('489',(#4174,#4176,#4178,#4180));
#4182=FACE_OUTER_BOUND('489',#4181,.F.);
#4184=CARTESIAN_POINT('',(0.E0,0.E0,0.E0));
#4185=DIRECTION('',(1.E0,0.E0,0.E0));
#4186=DIRECTION('',(0.E0,1.E0,0.E0));
#4187=AXIS2_PLACEMENT_3D('',#4184,#4185,#4186);
#4188=PLANE('327',#4187);
#4190=ORIENTED_EDGE('1720',*,*,#4189,.F.);
#4192=ORIENTED_EDGE('1469',*,*,#4191,.T.);
#4194=ORIENTED_EDGE('1470',*,*,#4193,.F.);
#4196=ORIENTED_EDGE('1471',*,*,#4195,.T.);
#4198=ORIENTED_EDGE('1569',*,*,#4197,.F.);
#4200=ORIENTED_EDGE('1330',*,*,#4199,.T.);
#4202=ORIENTED_EDGE('1331',*,*,#4201,.F.);
#4204=ORIENTED_EDGE('1332',*,*,#4203,.T.);
#4206=ORIENTED_EDGE('1430',*,*,#4205,.F.);
#4208=ORIENTED_EDGE('1191',*,*,#4207,.T.);
#4210=ORIENTED_EDGE('1192',*,*,#4209,.F.);
#4212=ORIENTED_EDGE('1193',*,*,#4211,.T.);
#4214=ORIENTED_EDGE('1291',*,*,#4213,.F.);
#4216=ORIENTED_EDGE('1052',*,*,#4215,.T.);
#4218=ORIENTED_EDGE('1053',*,*,#4217,.F.);
#4220=ORIENTED_EDGE('1054',*,*,#4219,.T.);
#4222=ORIENTED_EDGE('1152',*,*,#4221,.F.);
#4224=ORIENTED_EDGE('929',*,*,#4223,.T.);
#4226=ORIENTED_EDGE('930',*,*,#4225,.F.);
#4228=ORIENTED_EDGE('931',*,*,#4227,.T.);
#4230=ORIENTED_EDGE('932',*,*,#4229,.T.);
#4232=ORIENTED_EDGE('933',*,*,#4231,.F.);
#4234=ORIENTED_EDGE('934',*,*,#4233,.T.);
#4236=ORIENTED_EDGE('935',*,*,#4235,.T.);
#4238=ORIENTED_EDGE('936',*,*,#4237,.F.);
#4240=ORIENTED_EDGE('925',*,*,#4239,.T.);
#4242=ORIENTED_EDGE('1151',*,*,#4241,.F.);
#4244=ORIENTED_EDGE('1058',*,*,#4243,.T.);
#4246=ORIENTED_EDGE('1059',*,*,#4245,.F.);
#4248=ORIENTED_EDGE('1048',*,*,#4247,.T.);
#4250=ORIENTED_EDGE('1290',*,*,#4249,.F.);
#4252=ORIENTED_EDGE('1197',*,*,#4251,.T.);
#4254=ORIENTED_EDGE('1198',*,*,#4253,.F.);
#4256=ORIENTED_EDGE('1187',*,*,#4255,.T.);
#4258=ORIENTED_EDGE('1429',*,*,#4257,.F.);
#4260=ORIENTED_EDGE('1336',*,*,#4259,.T.);
#4262=ORIENTED_EDGE('1337',*,*,#4261,.F.);
#4264=ORIENTED_EDGE('1326',*,*,#4263,.T.);
#4266=ORIENTED_EDGE('1568',*,*,#4265,.F.);
#4268=ORIENTED_EDGE('1475',*,*,#4267,.T.);
#4270=ORIENTED_EDGE('1476',*,*,#4269,.F.);
#4272=ORIENTED_EDGE('1465',*,*,#4271,.T.);
#4274=ORIENTED_EDGE('1719',*,*,#4273,.F.);
#4276=ORIENTED_EDGE('1614',*,*,#4275,.T.);
#4278=ORIENTED_EDGE('1615',*,*,#4277,.F.);
#4280=ORIENTED_EDGE('1604',*,*,#4279,.T.);
#4282=ORIENTED_EDGE('1722',*,*,#4281,.F.);
#4284=ORIENTED_EDGE('404',*,*,#4283,.T.);
#4286=ORIENTED_EDGE('405',*,*,#4285,.F.);
#4288=ORIENTED_EDGE('394',*,*,#4287,.T.);
#4290=ORIENTED_EDGE('482',*,*,#4289,.F.);
#4292=ORIENTED_EDGE('265',*,*,#4291,.T.);
#4294=ORIENTED_EDGE('266',*,*,#4293,.F.);
#4296=ORIENTED_EDGE('255',*,*,#4295,.T.);
#4298=ORIENTED_EDGE('256',*,*,#4297,.T.);
#4300=ORIENTED_EDGE('257',*,*,#4299,.F.);
#4302=ORIENTED_EDGE('258',*,*,#4301,.T.);
#4304=ORIENTED_EDGE('259',*,*,#4303,.T.);
#4306=ORIENTED_EDGE('260',*,*,#4305,.F.);
#4308=ORIENTED_EDGE('261',*,*,#4307,.T.);
#4310=ORIENTED_EDGE('481',*,*,#4309,.F.);
#4312=ORIENTED_EDGE('398',*,*,#4311,.T.);
#4314=ORIENTED_EDGE('399',*,*,#4313,.F.);
#4316=ORIENTED_EDGE('400',*,*,#4315,.T.);
#4318=ORIENTED_EDGE('1721',*,*,#4317,.F.);
#4320=ORIENTED_EDGE('1608',*,*,#4319,.T.);
#4322=ORIENTED_EDGE('1609',*,*,#4321,.F.);
#4324=ORIENTED_EDGE('1610',*,*,#4323,.T.);
#4325=EDGE_LOOP('327',(#4190,#4192,#4194,#4196,#4198,#4200,#4202,#4204,#4206,
#4208,#4210,#4212,#4214,#4216,#4218,#4220,#4222,#4224,#4226,#4228,#4230,#4232,
#4234,#4236,#4238,#4240,#4242,#4244,#4246,#4248,#4250,#4252,#4254,#4256,#4258,
#4260,#4262,#4264,#4266,#4268,#4270,#4272,#4274,#4276,#4278,#4280,#4282,#4284,
#4286,#4288,#4290,#4292,#4294,#4296,#4298,#4300,#4302,#4304,#4306,#4308,#4310,
#4312,#4314,#4316,#4318,#4320,#4322,#4324));
#4326=FACE_OUTER_BOUND('327',#4325,.F.);
#4328=ORIENTED_EDGE('943',*,*,#4327,.T.);
#4330=ORIENTED_EDGE('944',*,*,#4329,.T.);
#4331=EDGE_LOOP('327',(#4328,#4330));
#4332=FACE_BOUND('327',#4331,.F.);
#4334=ORIENTED_EDGE('941',*,*,#4333,.T.);
#4336=ORIENTED_EDGE('942',*,*,#4335,.T.);
#4337=EDGE_LOOP('327',(#4334,#4336));
#4338=FACE_BOUND('327',#4337,.F.);
#4340=ORIENTED_EDGE('1064',*,*,#4339,.T.);
#4342=ORIENTED_EDGE('1065',*,*,#4341,.T.);
#4343=EDGE_LOOP('327',(#4340,#4342));
#4344=FACE_BOUND('327',#4343,.F.);
#4346=ORIENTED_EDGE('1066',*,*,#4345,.T.);
#4348=ORIENTED_EDGE('1067',*,*,#4347,.T.);
#4349=EDGE_LOOP('327',(#4346,#4348));
#4350=FACE_BOUND('327',#4349,.F.);
#4352=ORIENTED_EDGE('1123',*,*,#4351,.F.);
#4354=ORIENTED_EDGE('1127',*,*,#4353,.F.);
#4356=ORIENTED_EDGE('1125',*,*,#4355,.F.);
#4358=ORIENTED_EDGE('1129',*,*,#4357,.F.);
#4359=EDGE_LOOP('327',(#4352,#4354,#4356,#4358));
#4360=FACE_BOUND('327',#4359,.F.);
#4362=ORIENTED_EDGE('1203',*,*,#4361,.T.);
#4364=ORIENTED_EDGE('1204',*,*,#4363,.T.);
#4365=EDGE_LOOP('327',(#4362,#4364));
#4366=FACE_BOUND('327',#4365,.F.);
#4368=ORIENTED_EDGE('1205',*,*,#4367,.T.);
#4370=ORIENTED_EDGE('1206',*,*,#4369,.T.);
#4371=EDGE_LOOP('327',(#4368,#4370));
#4372=FACE_BOUND('327',#4371,.F.);
#4374=ORIENTED_EDGE('1262',*,*,#4373,.F.);
#4376=ORIENTED_EDGE('1266',*,*,#4375,.F.);
#4378=ORIENTED_EDGE('1264',*,*,#4377,.F.);
#4380=ORIENTED_EDGE('1268',*,*,#4379,.F.);
#4381=EDGE_LOOP('327',(#4374,#4376,#4378,#4380));
#4382=FACE_BOUND('327',#4381,.F.);
#4384=ORIENTED_EDGE('1342',*,*,#4383,.T.);
#4386=ORIENTED_EDGE('1343',*,*,#4385,.T.);
#4387=EDGE_LOOP('327',(#4384,#4386));
#4388=FACE_BOUND('327',#4387,.F.);
#4390=ORIENTED_EDGE('1344',*,*,#4389,.T.);
#4392=ORIENTED_EDGE('1345',*,*,#4391,.T.);
#4393=EDGE_LOOP('327',(#4390,#4392));
#4394=FACE_BOUND('327',#4393,.F.);
#4396=ORIENTED_EDGE('1401',*,*,#4395,.F.);
#4398=ORIENTED_EDGE('1405',*,*,#4397,.F.);
#4400=ORIENTED_EDGE('1403',*,*,#4399,.F.);
#4402=ORIENTED_EDGE('1407',*,*,#4401,.F.);
#4403=EDGE_LOOP('327',(#4396,#4398,#4400,#4402));
#4404=FACE_BOUND('327',#4403,.F.);
#4406=ORIENTED_EDGE('1481',*,*,#4405,.T.);
#4408=ORIENTED_EDGE('1482',*,*,#4407,.T.);
#4409=EDGE_LOOP('327',(#4406,#4408));
#4410=FACE_BOUND('327',#4409,.F.);
#4412=ORIENTED_EDGE('1483',*,*,#4411,.T.);
#4414=ORIENTED_EDGE('1484',*,*,#4413,.T.);
#4415=EDGE_LOOP('327',(#4412,#4414));
#4416=FACE_BOUND('327',#4415,.F.);
#4418=ORIENTED_EDGE('1540',*,*,#4417,.F.);
#4420=ORIENTED_EDGE('1544',*,*,#4419,.F.);
#4422=ORIENTED_EDGE('1542',*,*,#4421,.F.);
#4424=ORIENTED_EDGE('1546',*,*,#4423,.F.);
#4425=EDGE_LOOP('327',(#4418,#4420,#4422,#4424));
#4426=FACE_BOUND('327',#4425,.F.);
#4428=ORIENTED_EDGE('1683',*,*,#4427,.F.);
#4430=ORIENTED_EDGE('1687',*,*,#4429,.F.);
#4432=ORIENTED_EDGE('1685',*,*,#4431,.F.);
#4434=ORIENTED_EDGE('1689',*,*,#4433,.F.);
#4435=EDGE_LOOP('327',(#4428,#4430,#4432,#4434));
#4436=FACE_BOUND('327',#4435,.F.);
#4438=ORIENTED_EDGE('1622',*,*,#4437,.T.);
#4440=ORIENTED_EDGE('1623',*,*,#4439,.T.);
#4441=EDGE_LOOP('327',(#4438,#4440));
#4442=FACE_BOUND('327',#4441,.F.);
#4444=ORIENTED_EDGE('1620',*,*,#4443,.T.);
#4446=ORIENTED_EDGE('1621',*,*,#4445,.T.);
#4447=EDGE_LOOP('327',(#4444,#4446));
#4448=FACE_BOUND('327',#4447,.F.);
#4450=ORIENTED_EDGE('412',*,*,#4449,.T.);
#4452=ORIENTED_EDGE('413',*,*,#4451,.T.);
#4453=EDGE_LOOP('327',(#4450,#4452));
#4454=FACE_BOUND('327',#4453,.F.);
#4456=ORIENTED_EDGE('410',*,*,#4455,.T.);
#4458=ORIENTED_EDGE('411',*,*,#4457,.T.);
#4459=EDGE_LOOP('327',(#4456,#4458));
#4460=FACE_BOUND('327',#4459,.F.);
#4462=ORIENTED_EDGE('271',*,*,#4461,.T.);
#4464=ORIENTED_EDGE('272',*,*,#4463,.T.);
#4465=EDGE_LOOP('327',(#4462,#4464));
#4466=FACE_BOUND('327',#4465,.F.);
#4468=ORIENTED_EDGE('273',*,*,#4467,.T.);
#4470=ORIENTED_EDGE('274',*,*,#4469,.T.);
#4471=EDGE_LOOP('327',(#4468,#4470));
#4472=FACE_BOUND('327',#4471,.F.);
#4474=ORIENTED_EDGE('814',*,*,#4473,.F.);
#4476=ORIENTED_EDGE('816',*,*,#4475,.F.);
#4478=ORIENTED_EDGE('815',*,*,#4477,.F.);
#4480=ORIENTED_EDGE('817',*,*,#4479,.F.);
#4481=EDGE_LOOP('327',(#4474,#4476,#4478,#4480));
#4482=FACE_BOUND('327',#4481,.F.);
#4484=ORIENTED_EDGE('877',*,*,#4483,.F.);
#4486=ORIENTED_EDGE('879',*,*,#4485,.F.);
#4488=ORIENTED_EDGE('878',*,*,#4487,.F.);
#4490=ORIENTED_EDGE('880',*,*,#4489,.F.);
#4491=EDGE_LOOP('327',(#4484,#4486,#4488,#4490));
#4492=FACE_BOUND('327',#4491,.F.);
#4493=ORIENTED_EDGE('1000',*,*,#4158,.F.);
#4495=ORIENTED_EDGE('1004',*,*,#4494,.F.);
#4497=ORIENTED_EDGE('1002',*,*,#4496,.F.);
#4499=ORIENTED_EDGE('1006',*,*,#4498,.F.);
#4500=EDGE_LOOP('327',(#4493,#4495,#4497,#4499));
#4501=FACE_BOUND('327',#4500,.F.);
#4503=CARTESIAN_POINT('',(2.845E0,-1.81E1,0.E0));
#4504=DIRECTION('',(0.E0,1.E0,0.E0));
#4505=DIRECTION('',(0.E0,0.E0,-1.E0));
#4506=AXIS2_PLACEMENT_3D('',#4503,#4504,#4505);
#4507=PLANE('494',#4506);
#4508=ORIENTED_EDGE('1004',*,*,#4494,.T.);
#4509=ORIENTED_EDGE('1009',*,*,#4163,.T.);
#4511=ORIENTED_EDGE('519',*,*,#4510,.F.);
#4513=ORIENTED_EDGE('1012',*,*,#4512,.T.);
#4514=EDGE_LOOP('494',(#4508,#4509,#4511,#4513));
#4515=FACE_OUTER_BOUND('494',#4514,.F.);
#4517=CARTESIAN_POINT('',(2.845E0,-1.81E1,0.E0));
#4518=DIRECTION('',(0.E0,1.E0,0.E0));
#4519=DIRECTION('',(0.E0,0.E0,-1.E0));
#4520=AXIS2_PLACEMENT_3D('',#4517,#4518,#4519);
#4521=PLANE('494',#4520);
#4523=ORIENTED_EDGE('1005',*,*,#4522,.F.);
#4525=ORIENTED_EDGE('1013',*,*,#4524,.T.);
#4527=ORIENTED_EDGE('518',*,*,#4526,.F.);
#4528=ORIENTED_EDGE('1008',*,*,#4175,.T.);
#4529=EDGE_LOOP('494',(#4523,#4525,#4527,#4528));
#4530=FACE_OUTER_BOUND('494',#4529,.F.);
#4532=CARTESIAN_POINT('',(-2.275549307949E0,-1.8E1,0.E0));
#4533=DIRECTION('',(4.226182617479E-1,9.063077870333E-1,0.E0));
#4534=DIRECTION('',(9.063077870333E-1,-4.226182617479E-1,0.E0));
#4535=AXIS2_PLACEMENT_3D('',#4532,#4533,#4534);
#4536=PLANE('496',#4535);
#4537=ORIENTED_EDGE('504',*,*,#4133,.T.);
#4539=ORIENTED_EDGE('522',*,*,#4538,.F.);
#4540=ORIENTED_EDGE('519',*,*,#4510,.T.);
#4541=ORIENTED_EDGE('505',*,*,#4148,.T.);
#4542=EDGE_LOOP('496',(#4537,#4539,#4540,#4541));
#4543=FACE_OUTER_BOUND('496',#4542,.F.);
#4545=CARTESIAN_POINT('',(-2.275549307949E0,-1.778E1,2.2E-1));
#4546=DIRECTION('',(-4.226182617407E-1,0.E0,9.063077870366E-1));
#4547=DIRECTION('',(9.063077870366E-1,0.E0,4.226182617407E-1));
#4548=AXIS2_PLACEMENT_3D('',#4545,#4546,#4547);
#4549=PLANE('497',#4548);
#4550=ORIENTED_EDGE('503',*,*,#4131,.T.);
#4552=ORIENTED_EDGE('523',*,*,#4551,.F.);
#4554=ORIENTED_EDGE('516',*,*,#4553,.T.);
#4555=ORIENTED_EDGE('522',*,*,#4538,.T.);
#4556=EDGE_LOOP('497',(#4550,#4552,#4554,#4555));
#4557=FACE_OUTER_BOUND('497',#4556,.F.);
#4559=CARTESIAN_POINT('',(-2.275549307949E0,-1.756E1,0.E0));
#4560=DIRECTION('',(-4.226182617480E-1,9.063077870333E-1,0.E0));
#4561=DIRECTION('',(9.063077870333E-1,4.226182617480E-1,0.E0));
#4562=AXIS2_PLACEMENT_3D('',#4559,#4560,#4561);
#4563=PLANE('498',#4562);
#4565=ORIENTED_EDGE('526',*,*,#4564,.F.);
#4566=ORIENTED_EDGE('523',*,*,#4551,.T.);
#4567=ORIENTED_EDGE('502',*,*,#4129,.T.);
#4568=ORIENTED_EDGE('524',*,*,#4145,.T.);
#4569=EDGE_LOOP('498',(#4565,#4566,#4567,#4568));
#4570=FACE_OUTER_BOUND('498',#4569,.F.);
#4572=CARTESIAN_POINT('',(2.845E0,-1.746E1,0.E0));
#4573=DIRECTION('',(0.E0,1.E0,0.E0));
#4574=DIRECTION('',(0.E0,0.E0,1.E0));
#4575=AXIS2_PLACEMENT_3D('',#4572,#4573,#4574);
#4576=PLANE('499',#4575);
#4577=ORIENTED_EDGE('1006',*,*,#4498,.T.);
#4579=ORIENTED_EDGE('1011',*,*,#4578,.T.);
#4580=ORIENTED_EDGE('526',*,*,#4564,.T.);
#4581=ORIENTED_EDGE('1014',*,*,#4160,.T.);
#4582=EDGE_LOOP('499',(#4577,#4579,#4580,#4581));
#4583=FACE_OUTER_BOUND('499',#4582,.F.);
#4585=CARTESIAN_POINT('',(2.845E0,-1.746E1,0.E0));
#4586=DIRECTION('',(0.E0,1.E0,0.E0));
#4587=DIRECTION('',(0.E0,0.E0,1.E0));
#4588=AXIS2_PLACEMENT_3D('',#4585,#4586,#4587);
#4589=PLANE('499',#4588);
#4591=ORIENTED_EDGE('1007',*,*,#4590,.F.);
#4592=ORIENTED_EDGE('1015',*,*,#4179,.T.);
#4594=ORIENTED_EDGE('525',*,*,#4593,.F.);
#4596=ORIENTED_EDGE('1010',*,*,#4595,.T.);
#4597=EDGE_LOOP('499',(#4591,#4592,#4594,#4596));
#4598=FACE_OUTER_BOUND('499',#4597,.F.);
#4600=CARTESIAN_POINT('',(2.845E0,-1.778E1,3.2E-1));
#4601=DIRECTION('',(0.E0,0.E0,1.E0));
#4602=DIRECTION('',(0.E0,-1.E0,0.E0));
#4603=AXIS2_PLACEMENT_3D('',#4600,#4601,#4602);
#4604=PLANE('493',#4603);
#4605=ORIENTED_EDGE('1002',*,*,#4496,.T.);
#4606=ORIENTED_EDGE('1012',*,*,#4512,.F.);
#4607=ORIENTED_EDGE('516',*,*,#4553,.F.);
#4608=ORIENTED_EDGE('1011',*,*,#4578,.F.);
#4609=EDGE_LOOP('493',(#4605,#4606,#4607,#4608));
#4610=FACE_OUTER_BOUND('493',#4609,.F.);
#4612=CARTESIAN_POINT('',(2.845E0,-1.778E1,3.2E-1));
#4613=DIRECTION('',(0.E0,0.E0,1.E0));
#4614=DIRECTION('',(0.E0,-1.E0,0.E0));
#4615=AXIS2_PLACEMENT_3D('',#4612,#4613,#4614);
#4616=PLANE('493',#4615);
#4618=ORIENTED_EDGE('1003',*,*,#4617,.F.);
#4619=ORIENTED_EDGE('1010',*,*,#4595,.F.);
#4621=ORIENTED_EDGE('515',*,*,#4620,.T.);
#4622=ORIENTED_EDGE('1013',*,*,#4524,.F.);
#4623=EDGE_LOOP('493',(#4618,#4619,#4621,#4622));
#4624=FACE_OUTER_BOUND('493',#4623,.F.);
#4626=CARTESIAN_POINT('',(2.14E0,0.E0,0.E0));
#4627=DIRECTION('',(1.E0,0.E0,0.E0));
#4628=DIRECTION('',(0.E0,1.E0,0.E0));
#4629=AXIS2_PLACEMENT_3D('',#4626,#4627,#4628);
#4630=PLANE('340',#4629);
#4632=ORIENTED_EDGE('1725',*,*,#4631,.T.);
#4634=ORIENTED_EDGE('1497',*,*,#4633,.T.);
#4636=ORIENTED_EDGE('1498',*,*,#4635,.T.);
#4638=ORIENTED_EDGE('1499',*,*,#4637,.T.);
#4640=ORIENTED_EDGE('1571',*,*,#4639,.T.);
#4642=ORIENTED_EDGE('1358',*,*,#4641,.T.);
#4644=ORIENTED_EDGE('1359',*,*,#4643,.T.);
#4646=ORIENTED_EDGE('1360',*,*,#4645,.T.);
#4648=ORIENTED_EDGE('1432',*,*,#4647,.T.);
#4650=ORIENTED_EDGE('1219',*,*,#4649,.T.);
#4652=ORIENTED_EDGE('1220',*,*,#4651,.T.);
#4654=ORIENTED_EDGE('1221',*,*,#4653,.T.);
#4656=ORIENTED_EDGE('1293',*,*,#4655,.T.);
#4658=ORIENTED_EDGE('1080',*,*,#4657,.T.);
#4660=ORIENTED_EDGE('1081',*,*,#4659,.T.);
#4662=ORIENTED_EDGE('1082',*,*,#4661,.T.);
#4664=ORIENTED_EDGE('1154',*,*,#4663,.T.);
#4666=ORIENTED_EDGE('957',*,*,#4665,.T.);
#4668=ORIENTED_EDGE('958',*,*,#4667,.T.);
#4670=ORIENTED_EDGE('959',*,*,#4669,.T.);
#4672=ORIENTED_EDGE('960',*,*,#4671,.T.);
#4674=ORIENTED_EDGE('961',*,*,#4673,.T.);
#4676=ORIENTED_EDGE('962',*,*,#4675,.T.);
#4678=ORIENTED_EDGE('963',*,*,#4677,.T.);
#4680=ORIENTED_EDGE('964',*,*,#4679,.T.);
#4682=ORIENTED_EDGE('965',*,*,#4681,.T.);
#4684=ORIENTED_EDGE('1153',*,*,#4683,.T.);
#4686=ORIENTED_EDGE('1086',*,*,#4685,.T.);
#4688=ORIENTED_EDGE('1087',*,*,#4687,.T.);
#4690=ORIENTED_EDGE('1088',*,*,#4689,.T.);
#4692=ORIENTED_EDGE('1292',*,*,#4691,.T.);
#4694=ORIENTED_EDGE('1225',*,*,#4693,.T.);
#4696=ORIENTED_EDGE('1226',*,*,#4695,.T.);
#4698=ORIENTED_EDGE('1227',*,*,#4697,.T.);
#4700=ORIENTED_EDGE('1431',*,*,#4699,.T.);
#4702=ORIENTED_EDGE('1364',*,*,#4701,.T.);
#4704=ORIENTED_EDGE('1365',*,*,#4703,.T.);
#4706=ORIENTED_EDGE('1366',*,*,#4705,.T.);
#4708=ORIENTED_EDGE('1570',*,*,#4707,.T.);
#4710=ORIENTED_EDGE('1503',*,*,#4709,.T.);
#4712=ORIENTED_EDGE('1504',*,*,#4711,.T.);
#4714=ORIENTED_EDGE('1505',*,*,#4713,.T.);
#4716=ORIENTED_EDGE('1726',*,*,#4715,.T.);
#4718=ORIENTED_EDGE('1642',*,*,#4717,.T.);
#4720=ORIENTED_EDGE('1643',*,*,#4719,.T.);
#4722=ORIENTED_EDGE('1644',*,*,#4721,.T.);
#4724=ORIENTED_EDGE('1724',*,*,#4723,.T.);
#4726=ORIENTED_EDGE('432',*,*,#4725,.T.);
#4728=ORIENTED_EDGE('433',*,*,#4727,.T.);
#4730=ORIENTED_EDGE('434',*,*,#4729,.T.);
#4732=ORIENTED_EDGE('484',*,*,#4731,.T.);
#4734=ORIENTED_EDGE('293',*,*,#4733,.T.);
#4736=ORIENTED_EDGE('294',*,*,#4735,.T.);
#4738=ORIENTED_EDGE('295',*,*,#4737,.T.);
#4740=ORIENTED_EDGE('296',*,*,#4739,.T.);
#4742=ORIENTED_EDGE('297',*,*,#4741,.T.);
#4744=ORIENTED_EDGE('298',*,*,#4743,.T.);
#4746=ORIENTED_EDGE('287',*,*,#4745,.T.);
#4748=ORIENTED_EDGE('288',*,*,#4747,.T.);
#4750=ORIENTED_EDGE('289',*,*,#4749,.T.);
#4752=ORIENTED_EDGE('483',*,*,#4751,.T.);
#4754=ORIENTED_EDGE('426',*,*,#4753,.T.);
#4756=ORIENTED_EDGE('427',*,*,#4755,.T.);
#4758=ORIENTED_EDGE('428',*,*,#4757,.T.);
#4760=ORIENTED_EDGE('1723',*,*,#4759,.T.);
#4762=ORIENTED_EDGE('1636',*,*,#4761,.T.);
#4764=ORIENTED_EDGE('1637',*,*,#4763,.T.);
#4766=ORIENTED_EDGE('1638',*,*,#4765,.T.);
#4767=EDGE_LOOP('340',(#4632,#4634,#4636,#4638,#4640,#4642,#4644,#4646,#4648,
#4650,#4652,#4654,#4656,#4658,#4660,#4662,#4664,#4666,#4668,#4670,#4672,#4674,
#4676,#4678,#4680,#4682,#4684,#4686,#4688,#4690,#4692,#4694,#4696,#4698,#4700,
#4702,#4704,#4706,#4708,#4710,#4712,#4714,#4716,#4718,#4720,#4722,#4724,#4726,
#4728,#4730,#4732,#4734,#4736,#4738,#4740,#4742,#4744,#4746,#4748,#4750,#4752,
#4754,#4756,#4758,#4760,#4762,#4764,#4766));
#4768=FACE_OUTER_BOUND('340',#4767,.F.);
#4770=ORIENTED_EDGE('975',*,*,#4769,.T.);
#4772=ORIENTED_EDGE('976',*,*,#4771,.T.);
#4773=EDGE_LOOP('340',(#4770,#4772));
#4774=FACE_BOUND('340',#4773,.F.);
#4776=ORIENTED_EDGE('973',*,*,#4775,.T.);
#4778=ORIENTED_EDGE('974',*,*,#4777,.T.);
#4779=EDGE_LOOP('340',(#4776,#4778));
#4780=FACE_BOUND('340',#4779,.F.);
#4782=ORIENTED_EDGE('1096',*,*,#4781,.T.);
#4784=ORIENTED_EDGE('1097',*,*,#4783,.T.);
#4785=EDGE_LOOP('340',(#4782,#4784));
#4786=FACE_BOUND('340',#4785,.F.);
#4788=ORIENTED_EDGE('1098',*,*,#4787,.T.);
#4790=ORIENTED_EDGE('1099',*,*,#4789,.T.);
#4791=EDGE_LOOP('340',(#4788,#4790));
#4792=FACE_BOUND('340',#4791,.F.);
#4794=ORIENTED_EDGE('1124',*,*,#4793,.T.);
#4796=ORIENTED_EDGE('1130',*,*,#4795,.T.);
#4798=ORIENTED_EDGE('1126',*,*,#4797,.T.);
#4800=ORIENTED_EDGE('1128',*,*,#4799,.T.);
#4801=EDGE_LOOP('340',(#4794,#4796,#4798,#4800));
#4802=FACE_BOUND('340',#4801,.F.);
#4804=ORIENTED_EDGE('1235',*,*,#4803,.T.);
#4806=ORIENTED_EDGE('1236',*,*,#4805,.T.);
#4807=EDGE_LOOP('340',(#4804,#4806));
#4808=FACE_BOUND('340',#4807,.F.);
#4810=ORIENTED_EDGE('1237',*,*,#4809,.T.);
#4812=ORIENTED_EDGE('1238',*,*,#4811,.T.);
#4813=EDGE_LOOP('340',(#4810,#4812));
#4814=FACE_BOUND('340',#4813,.F.);
#4816=ORIENTED_EDGE('1263',*,*,#4815,.T.);
#4818=ORIENTED_EDGE('1269',*,*,#4817,.T.);
#4820=ORIENTED_EDGE('1265',*,*,#4819,.T.);
#4822=ORIENTED_EDGE('1267',*,*,#4821,.T.);
#4823=EDGE_LOOP('340',(#4816,#4818,#4820,#4822));
#4824=FACE_BOUND('340',#4823,.F.);
#4826=ORIENTED_EDGE('1374',*,*,#4825,.T.);
#4828=ORIENTED_EDGE('1375',*,*,#4827,.T.);
#4829=EDGE_LOOP('340',(#4826,#4828));
#4830=FACE_BOUND('340',#4829,.F.);
#4832=ORIENTED_EDGE('1376',*,*,#4831,.T.);
#4834=ORIENTED_EDGE('1377',*,*,#4833,.T.);
#4835=EDGE_LOOP('340',(#4832,#4834));
#4836=FACE_BOUND('340',#4835,.F.);
#4838=ORIENTED_EDGE('1402',*,*,#4837,.T.);
#4840=ORIENTED_EDGE('1408',*,*,#4839,.T.);
#4842=ORIENTED_EDGE('1404',*,*,#4841,.T.);
#4844=ORIENTED_EDGE('1406',*,*,#4843,.T.);
#4845=EDGE_LOOP('340',(#4838,#4840,#4842,#4844));
#4846=FACE_BOUND('340',#4845,.F.);
#4848=ORIENTED_EDGE('1513',*,*,#4847,.T.);
#4850=ORIENTED_EDGE('1514',*,*,#4849,.T.);
#4851=EDGE_LOOP('340',(#4848,#4850));
#4852=FACE_BOUND('340',#4851,.F.);
#4854=ORIENTED_EDGE('1515',*,*,#4853,.T.);
#4856=ORIENTED_EDGE('1516',*,*,#4855,.T.);
#4857=EDGE_LOOP('340',(#4854,#4856));
#4858=FACE_BOUND('340',#4857,.F.);
#4860=ORIENTED_EDGE('1541',*,*,#4859,.T.);
#4862=ORIENTED_EDGE('1547',*,*,#4861,.T.);
#4864=ORIENTED_EDGE('1543',*,*,#4863,.T.);
#4866=ORIENTED_EDGE('1545',*,*,#4865,.T.);
#4867=EDGE_LOOP('340',(#4860,#4862,#4864,#4866));
#4868=FACE_BOUND('340',#4867,.F.);
#4870=ORIENTED_EDGE('1684',*,*,#4869,.T.);
#4872=ORIENTED_EDGE('1690',*,*,#4871,.T.);
#4874=ORIENTED_EDGE('1686',*,*,#4873,.T.);
#4876=ORIENTED_EDGE('1688',*,*,#4875,.T.);
#4877=EDGE_LOOP('340',(#4870,#4872,#4874,#4876));
#4878=FACE_BOUND('340',#4877,.F.);
#4880=ORIENTED_EDGE('1654',*,*,#4879,.T.);
#4882=ORIENTED_EDGE('1655',*,*,#4881,.T.);
#4883=EDGE_LOOP('340',(#4880,#4882));
#4884=FACE_BOUND('340',#4883,.F.);
#4886=ORIENTED_EDGE('1652',*,*,#4885,.T.);
#4888=ORIENTED_EDGE('1653',*,*,#4887,.T.);
#4889=EDGE_LOOP('340',(#4886,#4888));
#4890=FACE_BOUND('340',#4889,.F.);
#4892=ORIENTED_EDGE('444',*,*,#4891,.T.);
#4894=ORIENTED_EDGE('445',*,*,#4893,.T.);
#4895=EDGE_LOOP('340',(#4892,#4894));
#4896=FACE_BOUND('340',#4895,.F.);
#4898=ORIENTED_EDGE('442',*,*,#4897,.T.);
#4900=ORIENTED_EDGE('443',*,*,#4899,.T.);
#4901=EDGE_LOOP('340',(#4898,#4900));
#4902=FACE_BOUND('340',#4901,.F.);
#4904=ORIENTED_EDGE('303',*,*,#4903,.T.);
#4906=ORIENTED_EDGE('304',*,*,#4905,.T.);
#4907=EDGE_LOOP('340',(#4904,#4906));
#4908=FACE_BOUND('340',#4907,.F.);
#4910=ORIENTED_EDGE('305',*,*,#4909,.T.);
#4912=ORIENTED_EDGE('306',*,*,#4911,.T.);
#4913=EDGE_LOOP('340',(#4910,#4912));
#4914=FACE_BOUND('340',#4913,.F.);
#4916=ORIENTED_EDGE('818',*,*,#4915,.T.);
#4918=ORIENTED_EDGE('821',*,*,#4917,.T.);
#4920=ORIENTED_EDGE('819',*,*,#4919,.T.);
#4922=ORIENTED_EDGE('820',*,*,#4921,.T.);
#4923=EDGE_LOOP('340',(#4916,#4918,#4920,#4922));
#4924=FACE_BOUND('340',#4923,.F.);
#4926=ORIENTED_EDGE('881',*,*,#4925,.T.);
#4928=ORIENTED_EDGE('884',*,*,#4927,.T.);
#4930=ORIENTED_EDGE('882',*,*,#4929,.T.);
#4932=ORIENTED_EDGE('883',*,*,#4931,.T.);
#4933=EDGE_LOOP('340',(#4926,#4928,#4930,#4932));
#4934=FACE_BOUND('340',#4933,.F.);
#4935=ORIENTED_EDGE('1001',*,*,#4173,.T.);
#4936=ORIENTED_EDGE('1007',*,*,#4590,.T.);
#4937=ORIENTED_EDGE('1003',*,*,#4617,.T.);
#4938=ORIENTED_EDGE('1005',*,*,#4522,.T.);
#4939=EDGE_LOOP('340',(#4935,#4936,#4937,#4938));
#4940=FACE_BOUND('340',#4939,.F.);
#4942=CARTESIAN_POINT('',(2.134809212776E0,-1.712E1,-5.6E-1));
#4943=DIRECTION('',(1.E0,0.E0,0.E0));
#4944=DIRECTION('',(0.E0,1.E0,0.E0));
#4945=AXIS2_PLACEMENT_3D('',#4942,#4943,#4944);
#4946=CYLINDRICAL_SURFACE('917',#4945,2.05E-1);
#4947=ORIENTED_EDGE('975',*,*,#4769,.F.);
#4949=ORIENTED_EDGE('987',*,*,#4948,.F.);
#4951=ORIENTED_EDGE('985',*,*,#4950,.F.);
#4953=ORIENTED_EDGE('988',*,*,#4952,.F.);
#4954=EDGE_LOOP('917',(#4947,#4949,#4951,#4953));
#4955=FACE_OUTER_BOUND('917',#4954,.F.);
#4957=CARTESIAN_POINT('',(2.134809212776E0,-1.712E1,-5.6E-1));
#4958=DIRECTION('',(1.E0,0.E0,0.E0));
#4959=DIRECTION('',(0.E0,1.E0,0.E0));
#4960=AXIS2_PLACEMENT_3D('',#4957,#4958,#4959);
#4961=CYLINDRICAL_SURFACE('918',#4960,2.05E-1);
#4962=ORIENTED_EDGE('976',*,*,#4771,.F.);
#4963=ORIENTED_EDGE('988',*,*,#4952,.T.);
#4965=ORIENTED_EDGE('986',*,*,#4964,.F.);
#4966=ORIENTED_EDGE('987',*,*,#4948,.T.);
#4967=EDGE_LOOP('918',(#4962,#4963,#4965,#4966));
#4968=FACE_OUTER_BOUND('918',#4967,.F.);
#4970=CARTESIAN_POINT('',(2.34E0,-1.712E1,-5.6E-1));
#4971=DIRECTION('',(1.E0,0.E0,0.E0));
#4972=DIRECTION('',(0.E0,1.E0,0.E0));
#4973=AXIS2_PLACEMENT_3D('',#4970,#4971,#4972);
#4974=PLANE('916',#4973);
#4975=ORIENTED_EDGE('985',*,*,#4950,.T.);
#4976=ORIENTED_EDGE('986',*,*,#4964,.T.);
#4977=EDGE_LOOP('916',(#4975,#4976));
#4978=FACE_OUTER_BOUND('916',#4977,.F.);
#4980=CARTESIAN_POINT('',(2.134809212776E0,-1.844E1,5.6E-1));
#4981=DIRECTION('',(1.E0,0.E0,0.E0));
#4982=DIRECTION('',(0.E0,1.E0,0.E0));
#4983=AXIS2_PLACEMENT_3D('',#4980,#4981,#4982);
#4984=CYLINDRICAL_SURFACE('913',#4983,2.05E-1);
#4985=ORIENTED_EDGE('973',*,*,#4775,.F.);
#4987=ORIENTED_EDGE('981',*,*,#4986,.F.);
#4989=ORIENTED_EDGE('983',*,*,#4988,.F.);
#4991=ORIENTED_EDGE('982',*,*,#4990,.F.);
#4992=EDGE_LOOP('913',(#4985,#4987,#4989,#4991));
#4993=FACE_OUTER_BOUND('913',#4992,.F.);
#4995=CARTESIAN_POINT('',(2.134809212776E0,-1.844E1,5.6E-1));
#4996=DIRECTION('',(1.E0,0.E0,0.E0));
#4997=DIRECTION('',(0.E0,1.E0,0.E0));
#4998=AXIS2_PLACEMENT_3D('',#4995,#4996,#4997);
#4999=CYLINDRICAL_SURFACE('914',#4998,2.05E-1);
#5000=ORIENTED_EDGE('974',*,*,#4777,.F.);
#5001=ORIENTED_EDGE('982',*,*,#4990,.T.);
#5003=ORIENTED_EDGE('984',*,*,#5002,.F.);
#5004=ORIENTED_EDGE('981',*,*,#4986,.T.);
#5005=EDGE_LOOP('914',(#5000,#5001,#5003,#5004));
#5006=FACE_OUTER_BOUND('914',#5005,.F.);
#5008=CARTESIAN_POINT('',(2.34E0,-1.844E1,5.6E-1));
#5009=DIRECTION('',(1.E0,0.E0,0.E0));
#5010=DIRECTION('',(0.E0,1.E0,0.E0));
#5011=AXIS2_PLACEMENT_3D('',#5008,#5009,#5010);
#5012=PLANE('915',#5011);
#5013=ORIENTED_EDGE('983',*,*,#4988,.T.);
#5014=ORIENTED_EDGE('984',*,*,#5002,.T.);
#5015=EDGE_LOOP('915',(#5013,#5014));
#5016=FACE_OUTER_BOUND('915',#5015,.F.);
#5018=CARTESIAN_POINT('',(2.134809212776E0,-1.59E1,5.6E-1));
#5019=DIRECTION('',(1.E0,0.E0,0.E0));
#5020=DIRECTION('',(0.E0,1.E0,0.E0));
#5021=AXIS2_PLACEMENT_3D('',#5018,#5019,#5020);
#5022=CYLINDRICAL_SURFACE('1036',#5021,2.05E-1);
#5023=ORIENTED_EDGE('1096',*,*,#4781,.F.);
#5025=ORIENTED_EDGE('1104',*,*,#5024,.F.);
#5027=ORIENTED_EDGE('1106',*,*,#5026,.F.);
#5029=ORIENTED_EDGE('1105',*,*,#5028,.F.);
#5030=EDGE_LOOP('1036',(#5023,#5025,#5027,#5029));
#5031=FACE_OUTER_BOUND('1036',#5030,.F.);
#5033=CARTESIAN_POINT('',(2.134809212776E0,-1.59E1,5.6E-1));
#5034=DIRECTION('',(1.E0,0.E0,0.E0));
#5035=DIRECTION('',(0.E0,1.E0,0.E0));
#5036=AXIS2_PLACEMENT_3D('',#5033,#5034,#5035);
#5037=CYLINDRICAL_SURFACE('1037',#5036,2.05E-1);
#5038=ORIENTED_EDGE('1097',*,*,#4783,.F.);
#5039=ORIENTED_EDGE('1105',*,*,#5028,.T.);
#5041=ORIENTED_EDGE('1107',*,*,#5040,.F.);
#5042=ORIENTED_EDGE('1104',*,*,#5024,.T.);
#5043=EDGE_LOOP('1037',(#5038,#5039,#5041,#5042));
#5044=FACE_OUTER_BOUND('1037',#5043,.F.);
#5046=CARTESIAN_POINT('',(2.34E0,-1.59E1,5.6E-1));
#5047=DIRECTION('',(1.E0,0.E0,0.E0));
#5048=DIRECTION('',(0.E0,1.E0,0.E0));
#5049=AXIS2_PLACEMENT_3D('',#5046,#5047,#5048);
#5050=PLANE('1038',#5049);
#5051=ORIENTED_EDGE('1106',*,*,#5026,.T.);
#5052=ORIENTED_EDGE('1107',*,*,#5040,.T.);
#5053=EDGE_LOOP('1038',(#5051,#5052));
#5054=FACE_OUTER_BOUND('1038',#5053,.F.);
#5056=CARTESIAN_POINT('',(2.134809212776E0,-1.458E1,-5.6E-1));
#5057=DIRECTION('',(1.E0,0.E0,0.E0));
#5058=DIRECTION('',(0.E0,1.E0,0.E0));
#5059=AXIS2_PLACEMENT_3D('',#5056,#5057,#5058);
#5060=CYLINDRICAL_SURFACE('1040',#5059,2.05E-1);
#5061=ORIENTED_EDGE('1098',*,*,#4787,.F.);
#5063=ORIENTED_EDGE('1110',*,*,#5062,.F.);
#5065=ORIENTED_EDGE('1108',*,*,#5064,.F.);
#5067=ORIENTED_EDGE('1111',*,*,#5066,.F.);
#5068=EDGE_LOOP('1040',(#5061,#5063,#5065,#5067));
#5069=FACE_OUTER_BOUND('1040',#5068,.F.);
#5071=CARTESIAN_POINT('',(2.134809212776E0,-1.458E1,-5.6E-1));
#5072=DIRECTION('',(1.E0,0.E0,0.E0));
#5073=DIRECTION('',(0.E0,1.E0,0.E0));
#5074=AXIS2_PLACEMENT_3D('',#5071,#5072,#5073);
#5075=CYLINDRICAL_SURFACE('1041',#5074,2.05E-1);
#5076=ORIENTED_EDGE('1099',*,*,#4789,.F.);
#5077=ORIENTED_EDGE('1111',*,*,#5066,.T.);
#5079=ORIENTED_EDGE('1109',*,*,#5078,.F.);
#5080=ORIENTED_EDGE('1110',*,*,#5062,.T.);
#5081=EDGE_LOOP('1041',(#5076,#5077,#5079,#5080));
#5082=FACE_OUTER_BOUND('1041',#5081,.F.);
#5084=CARTESIAN_POINT('',(2.34E0,-1.458E1,-5.6E-1));
#5085=DIRECTION('',(1.E0,0.E0,0.E0));
#5086=DIRECTION('',(0.E0,1.E0,0.E0));
#5087=AXIS2_PLACEMENT_3D('',#5084,#5085,#5086);
#5088=PLANE('1039',#5087);
#5089=ORIENTED_EDGE('1108',*,*,#5064,.T.);
#5090=ORIENTED_EDGE('1109',*,*,#5078,.T.);
#5091=EDGE_LOOP('1039',(#5089,#5090));
#5092=FACE_OUTER_BOUND('1039',#5091,.F.);
#5094=CARTESIAN_POINT('',(2.845E0,-1.524E1,-3.2E-1));
#5095=DIRECTION('',(0.E0,0.E0,1.E0));
#5096=DIRECTION('',(0.E0,1.E0,0.E0));
#5097=AXIS2_PLACEMENT_3D('',#5094,#5095,#5096);
#5098=PLANE('536',#5097);
#5099=ORIENTED_EDGE('1123',*,*,#4351,.T.);
#5101=ORIENTED_EDGE('1141',*,*,#5100,.F.);
#5103=ORIENTED_EDGE('554',*,*,#5102,.T.);
#5105=ORIENTED_EDGE('1136',*,*,#5104,.F.);
#5106=EDGE_LOOP('536',(#5099,#5101,#5103,#5105));
#5107=FACE_OUTER_BOUND('536',#5106,.F.);
#5109=CARTESIAN_POINT('',(2.845E0,-1.524E1,-3.2E-1));
#5110=DIRECTION('',(0.E0,0.E0,1.E0));
#5111=DIRECTION('',(0.E0,1.E0,0.E0));
#5112=AXIS2_PLACEMENT_3D('',#5109,#5110,#5111);
#5113=PLANE('536',#5112);
#5114=ORIENTED_EDGE('1124',*,*,#4793,.F.);
#5116=ORIENTED_EDGE('1135',*,*,#5115,.F.);
#5118=ORIENTED_EDGE('553',*,*,#5117,.F.);
#5120=ORIENTED_EDGE('1142',*,*,#5119,.F.);
#5121=EDGE_LOOP('536',(#5114,#5116,#5118,#5120));
#5122=FACE_OUTER_BOUND('536',#5121,.F.);
#5124=CARTESIAN_POINT('',(2.845E0,-1.492E1,0.E0));
#5125=DIRECTION('',(0.E0,1.E0,0.E0));
#5126=DIRECTION('',(0.E0,0.E0,1.E0));
#5127=AXIS2_PLACEMENT_3D('',#5124,#5125,#5126);
#5128=PLANE('546',#5127);
#5129=ORIENTED_EDGE('1129',*,*,#4357,.T.);
#5131=ORIENTED_EDGE('1138',*,*,#5130,.T.);
#5133=ORIENTED_EDGE('573',*,*,#5132,.T.);
#5134=ORIENTED_EDGE('1141',*,*,#5100,.T.);
#5135=EDGE_LOOP('546',(#5129,#5131,#5133,#5134));
#5136=FACE_OUTER_BOUND('546',#5135,.F.);
#5138=CARTESIAN_POINT('',(2.845E0,-1.492E1,0.E0));
#5139=DIRECTION('',(0.E0,1.E0,0.E0));
#5140=DIRECTION('',(0.E0,0.E0,1.E0));
#5141=AXIS2_PLACEMENT_3D('',#5138,#5139,#5140);
#5142=PLANE('546',#5141);
#5143=ORIENTED_EDGE('1130',*,*,#4795,.F.);
#5144=ORIENTED_EDGE('1142',*,*,#5119,.T.);
#5146=ORIENTED_EDGE('572',*,*,#5145,.F.);
#5148=ORIENTED_EDGE('1137',*,*,#5147,.T.);
#5149=EDGE_LOOP('546',(#5143,#5144,#5146,#5148));
#5150=FACE_OUTER_BOUND('546',#5149,.F.);
#5152=CARTESIAN_POINT('',(2.845E0,-1.524E1,3.2E-1));
#5153=DIRECTION('',(0.E0,0.E0,1.E0));
#5154=DIRECTION('',(0.E0,-1.E0,0.E0));
#5155=AXIS2_PLACEMENT_3D('',#5152,#5153,#5154);
#5156=PLANE('540',#5155);
#5157=ORIENTED_EDGE('1125',*,*,#4355,.T.);
#5159=ORIENTED_EDGE('1139',*,*,#5158,.F.);
#5161=ORIENTED_EDGE('563',*,*,#5160,.F.);
#5162=ORIENTED_EDGE('1138',*,*,#5130,.F.);
#5163=EDGE_LOOP('540',(#5157,#5159,#5161,#5162));
#5164=FACE_OUTER_BOUND('540',#5163,.F.);
#5166=CARTESIAN_POINT('',(2.845E0,-1.524E1,3.2E-1));
#5167=DIRECTION('',(0.E0,0.E0,1.E0));
#5168=DIRECTION('',(0.E0,-1.E0,0.E0));
#5169=AXIS2_PLACEMENT_3D('',#5166,#5167,#5168);
#5170=PLANE('540',#5169);
#5171=ORIENTED_EDGE('1126',*,*,#4797,.F.);
#5172=ORIENTED_EDGE('1137',*,*,#5147,.F.);
#5174=ORIENTED_EDGE('562',*,*,#5173,.T.);
#5176=ORIENTED_EDGE('1140',*,*,#5175,.F.);
#5177=EDGE_LOOP('540',(#5171,#5172,#5174,#5176));
#5178=FACE_OUTER_BOUND('540',#5177,.F.);
#5180=CARTESIAN_POINT('',(2.845E0,-1.556E1,0.E0));
#5181=DIRECTION('',(0.E0,1.E0,0.E0));
#5182=DIRECTION('',(0.E0,0.E0,-1.E0));
#5183=AXIS2_PLACEMENT_3D('',#5180,#5181,#5182);
#5184=PLANE('541',#5183);
#5185=ORIENTED_EDGE('1127',*,*,#4353,.T.);
#5186=ORIENTED_EDGE('1136',*,*,#5104,.T.);
#5188=ORIENTED_EDGE('566',*,*,#5187,.F.);
#5189=ORIENTED_EDGE('1139',*,*,#5158,.T.);
#5190=EDGE_LOOP('541',(#5185,#5186,#5188,#5189));
#5191=FACE_OUTER_BOUND('541',#5190,.F.);
#5193=CARTESIAN_POINT('',(2.845E0,-1.556E1,0.E0));
#5194=DIRECTION('',(0.E0,1.E0,0.E0));
#5195=DIRECTION('',(0.E0,0.E0,-1.E0));
#5196=AXIS2_PLACEMENT_3D('',#5193,#5194,#5195);
#5197=PLANE('541',#5196);
#5198=ORIENTED_EDGE('1128',*,*,#4799,.F.);
#5199=ORIENTED_EDGE('1140',*,*,#5175,.T.);
#5201=ORIENTED_EDGE('565',*,*,#5200,.F.);
#5202=ORIENTED_EDGE('1135',*,*,#5115,.T.);
#5203=EDGE_LOOP('541',(#5198,#5199,#5201,#5202));
#5204=FACE_OUTER_BOUND('541',#5203,.F.);
#5206=CARTESIAN_POINT('',(-2.275549307949E0,-1.546E1,0.E0));
#5207=DIRECTION('',(4.226182617479E-1,9.063077870333E-1,0.E0));
#5208=DIRECTION('',(9.063077870333E-1,-4.226182617479E-1,0.E0));
#5209=AXIS2_PLACEMENT_3D('',#5206,#5207,#5208);
#5210=PLANE('543',#5209);
#5212=ORIENTED_EDGE('551',*,*,#5211,.T.);
#5214=ORIENTED_EDGE('569',*,*,#5213,.F.);
#5215=ORIENTED_EDGE('566',*,*,#5187,.T.);
#5217=ORIENTED_EDGE('552',*,*,#5216,.T.);
#5218=EDGE_LOOP('543',(#5212,#5214,#5215,#5217));
#5219=FACE_OUTER_BOUND('543',#5218,.F.);
#5221=CARTESIAN_POINT('',(-2.49E0,-1.524E1,0.E0));
#5222=DIRECTION('',(1.E0,0.E0,0.E0));
#5223=DIRECTION('',(0.E0,-1.E0,0.E0));
#5224=AXIS2_PLACEMENT_3D('',#5221,#5222,#5223);
#5225=PLANE('534',#5224);
#5227=ORIENTED_EDGE('548',*,*,#5226,.F.);
#5229=ORIENTED_EDGE('549',*,*,#5228,.F.);
#5231=ORIENTED_EDGE('550',*,*,#5230,.F.);
#5232=ORIENTED_EDGE('551',*,*,#5211,.F.);
#5233=EDGE_LOOP('534',(#5227,#5229,#5231,#5232));
#5234=FACE_OUTER_BOUND('534',#5233,.F.);
#5236=CARTESIAN_POINT('',(-2.275549307949E0,-1.524E1,-2.2E-1));
#5237=DIRECTION('',(4.226182617407E-1,0.E0,9.063077870366E-1));
#5238=DIRECTION('',(9.063077870366E-1,0.E0,-4.226182617407E-1));
#5239=AXIS2_PLACEMENT_3D('',#5236,#5237,#5238);
#5240=PLANE('535',#5239);
#5241=ORIENTED_EDGE('554',*,*,#5102,.F.);
#5243=ORIENTED_EDGE('571',*,*,#5242,.F.);
#5244=ORIENTED_EDGE('548',*,*,#5226,.T.);
#5245=ORIENTED_EDGE('552',*,*,#5216,.F.);
#5246=EDGE_LOOP('535',(#5241,#5243,#5244,#5245));
#5247=FACE_OUTER_BOUND('535',#5246,.F.);
#5249=CARTESIAN_POINT('',(-2.275549307949E0,-1.502E1,0.E0));
#5250=DIRECTION('',(-4.226182617479E-1,9.063077870333E-1,0.E0));
#5251=DIRECTION('',(9.063077870333E-1,4.226182617479E-1,0.E0));
#5252=AXIS2_PLACEMENT_3D('',#5249,#5250,#5251);
#5253=PLANE('545',#5252);
#5254=ORIENTED_EDGE('573',*,*,#5132,.F.);
#5256=ORIENTED_EDGE('570',*,*,#5255,.T.);
#5257=ORIENTED_EDGE('549',*,*,#5228,.T.);
#5258=ORIENTED_EDGE('571',*,*,#5242,.T.);
#5259=EDGE_LOOP('545',(#5254,#5256,#5257,#5258));
#5260=FACE_OUTER_BOUND('545',#5259,.F.);
#5262=CARTESIAN_POINT('',(-2.275549307949E0,-1.524E1,2.2E-1));
#5263=DIRECTION('',(-4.226182617407E-1,0.E0,9.063077870366E-1));
#5264=DIRECTION('',(9.063077870366E-1,0.E0,4.226182617407E-1));
#5265=AXIS2_PLACEMENT_3D('',#5262,#5263,#5264);
#5266=PLANE('544',#5265);
#5267=ORIENTED_EDGE('550',*,*,#5230,.T.);
#5268=ORIENTED_EDGE('570',*,*,#5255,.F.);
#5269=ORIENTED_EDGE('563',*,*,#5160,.T.);
#5270=ORIENTED_EDGE('569',*,*,#5213,.T.);
#5271=EDGE_LOOP('544',(#5267,#5268,#5269,#5270));
#5272=FACE_OUTER_BOUND('544',#5271,.F.);
#5274=CARTESIAN_POINT('',(7.965549307949E0,-1.546E1,0.E0));
#5275=DIRECTION('',(-4.226182617479E-1,9.063077870333E-1,0.E0));
#5276=DIRECTION('',(-9.063077870333E-1,-4.226182617479E-1,0.E0));
#5277=AXIS2_PLACEMENT_3D('',#5274,#5275,#5276);
#5278=PLANE('542',#5277);
#5279=ORIENTED_EDGE('565',*,*,#5200,.T.);
#5281=ORIENTED_EDGE('561',*,*,#5280,.T.);
#5283=ORIENTED_EDGE('560',*,*,#5282,.T.);
#5285=ORIENTED_EDGE('568',*,*,#5284,.T.);
#5286=EDGE_LOOP('542',(#5279,#5281,#5283,#5285));
#5287=FACE_OUTER_BOUND('542',#5286,.F.);
#5289=CARTESIAN_POINT('',(7.965549307949E0,-1.524E1,2.2E-1));
#5290=DIRECTION('',(4.226182617407E-1,0.E0,9.063077870366E-1));
#5291=DIRECTION('',(-9.063077870366E-1,0.E0,4.226182617407E-1));
#5292=AXIS2_PLACEMENT_3D('',#5289,#5290,#5291);
#5293=PLANE('539',#5292);
#5294=ORIENTED_EDGE('562',*,*,#5173,.F.);
#5296=ORIENTED_EDGE('575',*,*,#5295,.F.);
#5298=ORIENTED_EDGE('557',*,*,#5297,.T.);
#5299=ORIENTED_EDGE('561',*,*,#5280,.F.);
#5300=EDGE_LOOP('539',(#5294,#5296,#5298,#5299));
#5301=FACE_OUTER_BOUND('539',#5300,.F.);
#5303=CARTESIAN_POINT('',(7.965549307949E0,-1.502E1,0.E0));
#5304=DIRECTION('',(4.226182617479E-1,9.063077870333E-1,0.E0));
#5305=DIRECTION('',(-9.063077870333E-1,4.226182617479E-1,0.E0));
#5306=AXIS2_PLACEMENT_3D('',#5303,#5304,#5305);
#5307=PLANE('547',#5306);
#5308=ORIENTED_EDGE('572',*,*,#5145,.T.);
#5310=ORIENTED_EDGE('556',*,*,#5309,.T.);
#5312=ORIENTED_EDGE('558',*,*,#5311,.T.);
#5313=ORIENTED_EDGE('575',*,*,#5295,.T.);
#5314=EDGE_LOOP('547',(#5308,#5310,#5312,#5313));
#5315=FACE_OUTER_BOUND('547',#5314,.F.);
#5317=CARTESIAN_POINT('',(7.965549307949E0,-1.524E1,-2.2E-1));
#5318=DIRECTION('',(-4.226182617407E-1,0.E0,9.063077870366E-1));
#5319=DIRECTION('',(-9.063077870366E-1,0.E0,-4.226182617407E-1));
#5320=AXIS2_PLACEMENT_3D('',#5317,#5318,#5319);
#5321=PLANE('537',#5320);
#5323=ORIENTED_EDGE('559',*,*,#5322,.F.);
#5324=ORIENTED_EDGE('556',*,*,#5309,.F.);
#5325=ORIENTED_EDGE('553',*,*,#5117,.T.);
#5326=ORIENTED_EDGE('568',*,*,#5284,.F.);
#5327=EDGE_LOOP('537',(#5323,#5324,#5325,#5326));
#5328=FACE_OUTER_BOUND('537',#5327,.F.);
#5330=CARTESIAN_POINT('',(8.18E0,-1.524E1,0.E0));
#5331=DIRECTION('',(1.E0,0.E0,0.E0));
#5332=DIRECTION('',(0.E0,-1.E0,0.E0));
#5333=AXIS2_PLACEMENT_3D('',#5330,#5331,#5332);
#5334=PLANE('538',#5333);
#5335=ORIENTED_EDGE('557',*,*,#5297,.F.);
#5336=ORIENTED_EDGE('558',*,*,#5311,.F.);
#5337=ORIENTED_EDGE('559',*,*,#5322,.T.);
#5338=ORIENTED_EDGE('560',*,*,#5282,.F.);
#5339=EDGE_LOOP('538',(#5335,#5336,#5337,#5338));
#5340=FACE_OUTER_BOUND('538',#5339,.F.);
#5342=CARTESIAN_POINT('',(2.134809212776E0,-1.336E1,5.6E-1));
#5343=DIRECTION('',(1.E0,0.E0,0.E0));
#5344=DIRECTION('',(0.E0,1.E0,0.E0));
#5345=AXIS2_PLACEMENT_3D('',#5342,#5343,#5344);
#5346=CYLINDRICAL_SURFACE('1175',#5345,2.05E-1);
#5347=ORIENTED_EDGE('1235',*,*,#4803,.F.);
#5349=ORIENTED_EDGE('1243',*,*,#5348,.F.);
#5351=ORIENTED_EDGE('1245',*,*,#5350,.F.);
#5353=ORIENTED_EDGE('1244',*,*,#5352,.F.);
#5354=EDGE_LOOP('1175',(#5347,#5349,#5351,#5353));
#5355=FACE_OUTER_BOUND('1175',#5354,.F.);
#5357=CARTESIAN_POINT('',(2.134809212776E0,-1.336E1,5.6E-1));
#5358=DIRECTION('',(1.E0,0.E0,0.E0));
#5359=DIRECTION('',(0.E0,1.E0,0.E0));
#5360=AXIS2_PLACEMENT_3D('',#5357,#5358,#5359);
#5361=CYLINDRICAL_SURFACE('1176',#5360,2.05E-1);
#5362=ORIENTED_EDGE('1236',*,*,#4805,.F.);
#5363=ORIENTED_EDGE('1244',*,*,#5352,.T.);
#5365=ORIENTED_EDGE('1246',*,*,#5364,.F.);
#5366=ORIENTED_EDGE('1243',*,*,#5348,.T.);
#5367=EDGE_LOOP('1176',(#5362,#5363,#5365,#5366));
#5368=FACE_OUTER_BOUND('1176',#5367,.F.);
#5370=CARTESIAN_POINT('',(2.34E0,-1.336E1,5.6E-1));
#5371=DIRECTION('',(1.E0,0.E0,0.E0));
#5372=DIRECTION('',(0.E0,1.E0,0.E0));
#5373=AXIS2_PLACEMENT_3D('',#5370,#5371,#5372);
#5374=PLANE('1177',#5373);
#5375=ORIENTED_EDGE('1245',*,*,#5350,.T.);
#5376=ORIENTED_EDGE('1246',*,*,#5364,.T.);
#5377=EDGE_LOOP('1177',(#5375,#5376));
#5378=FACE_OUTER_BOUND('1177',#5377,.F.);
#5380=CARTESIAN_POINT('',(2.134809212776E0,-1.204E1,-5.6E-1));
#5381=DIRECTION('',(1.E0,0.E0,0.E0));
#5382=DIRECTION('',(0.E0,1.E0,0.E0));
#5383=AXIS2_PLACEMENT_3D('',#5380,#5381,#5382);
#5384=CYLINDRICAL_SURFACE('1179',#5383,2.05E-1);
#5385=ORIENTED_EDGE('1237',*,*,#4809,.F.);
#5387=ORIENTED_EDGE('1249',*,*,#5386,.F.);
#5389=ORIENTED_EDGE('1247',*,*,#5388,.F.);
#5391=ORIENTED_EDGE('1250',*,*,#5390,.F.);
#5392=EDGE_LOOP('1179',(#5385,#5387,#5389,#5391));
#5393=FACE_OUTER_BOUND('1179',#5392,.F.);
#5395=CARTESIAN_POINT('',(2.134809212776E0,-1.204E1,-5.6E-1));
#5396=DIRECTION('',(1.E0,0.E0,0.E0));
#5397=DIRECTION('',(0.E0,1.E0,0.E0));
#5398=AXIS2_PLACEMENT_3D('',#5395,#5396,#5397);
#5399=CYLINDRICAL_SURFACE('1180',#5398,2.05E-1);
#5400=ORIENTED_EDGE('1238',*,*,#4811,.F.);
#5401=ORIENTED_EDGE('1250',*,*,#5390,.T.);
#5403=ORIENTED_EDGE('1248',*,*,#5402,.F.);
#5404=ORIENTED_EDGE('1249',*,*,#5386,.T.);
#5405=EDGE_LOOP('1180',(#5400,#5401,#5403,#5404));
#5406=FACE_OUTER_BOUND('1180',#5405,.F.);
#5408=CARTESIAN_POINT('',(2.34E0,-1.204E1,-5.6E-1));
#5409=DIRECTION('',(1.E0,0.E0,0.E0));
#5410=DIRECTION('',(0.E0,1.E0,0.E0));
#5411=AXIS2_PLACEMENT_3D('',#5408,#5409,#5410);
#5412=PLANE('1178',#5411);
#5413=ORIENTED_EDGE('1247',*,*,#5388,.T.);
#5414=ORIENTED_EDGE('1248',*,*,#5402,.T.);
#5415=EDGE_LOOP('1178',(#5413,#5414));
#5416=FACE_OUTER_BOUND('1178',#5415,.F.);
#5418=CARTESIAN_POINT('',(2.845E0,-1.27E1,-3.2E-1));
#5419=DIRECTION('',(0.E0,0.E0,1.E0));
#5420=DIRECTION('',(0.E0,1.E0,0.E0));
#5421=AXIS2_PLACEMENT_3D('',#5418,#5419,#5420);
#5422=PLANE('583',#5421);
#5423=ORIENTED_EDGE('1262',*,*,#4373,.T.);
#5425=ORIENTED_EDGE('1280',*,*,#5424,.F.);
#5427=ORIENTED_EDGE('601',*,*,#5426,.T.);
#5429=ORIENTED_EDGE('1275',*,*,#5428,.F.);
#5430=EDGE_LOOP('583',(#5423,#5425,#5427,#5429));
#5431=FACE_OUTER_BOUND('583',#5430,.F.);
#5433=CARTESIAN_POINT('',(2.845E0,-1.27E1,-3.2E-1));
#5434=DIRECTION('',(0.E0,0.E0,1.E0));
#5435=DIRECTION('',(0.E0,1.E0,0.E0));
#5436=AXIS2_PLACEMENT_3D('',#5433,#5434,#5435);
#5437=PLANE('583',#5436);
#5438=ORIENTED_EDGE('1263',*,*,#4815,.F.);
#5440=ORIENTED_EDGE('1274',*,*,#5439,.F.);
#5442=ORIENTED_EDGE('600',*,*,#5441,.F.);
#5444=ORIENTED_EDGE('1281',*,*,#5443,.F.);
#5445=EDGE_LOOP('583',(#5438,#5440,#5442,#5444));
#5446=FACE_OUTER_BOUND('583',#5445,.F.);
#5448=CARTESIAN_POINT('',(2.845E0,-1.238E1,0.E0));
#5449=DIRECTION('',(0.E0,1.E0,0.E0));
#5450=DIRECTION('',(0.E0,0.E0,1.E0));
#5451=AXIS2_PLACEMENT_3D('',#5448,#5449,#5450);
#5452=PLANE('593',#5451);
#5453=ORIENTED_EDGE('1268',*,*,#4379,.T.);
#5455=ORIENTED_EDGE('1277',*,*,#5454,.T.);
#5457=ORIENTED_EDGE('620',*,*,#5456,.T.);
#5458=ORIENTED_EDGE('1280',*,*,#5424,.T.);
#5459=EDGE_LOOP('593',(#5453,#5455,#5457,#5458));
#5460=FACE_OUTER_BOUND('593',#5459,.F.);
#5462=CARTESIAN_POINT('',(2.845E0,-1.238E1,0.E0));
#5463=DIRECTION('',(0.E0,1.E0,0.E0));
#5464=DIRECTION('',(0.E0,0.E0,1.E0));
#5465=AXIS2_PLACEMENT_3D('',#5462,#5463,#5464);
#5466=PLANE('593',#5465);
#5467=ORIENTED_EDGE('1269',*,*,#4817,.F.);
#5468=ORIENTED_EDGE('1281',*,*,#5443,.T.);
#5470=ORIENTED_EDGE('619',*,*,#5469,.F.);
#5472=ORIENTED_EDGE('1276',*,*,#5471,.T.);
#5473=EDGE_LOOP('593',(#5467,#5468,#5470,#5472));
#5474=FACE_OUTER_BOUND('593',#5473,.F.);
#5476=CARTESIAN_POINT('',(2.845E0,-1.27E1,3.2E-1));
#5477=DIRECTION('',(0.E0,0.E0,1.E0));
#5478=DIRECTION('',(0.E0,-1.E0,0.E0));
#5479=AXIS2_PLACEMENT_3D('',#5476,#5477,#5478);
#5480=PLANE('587',#5479);
#5481=ORIENTED_EDGE('1264',*,*,#4377,.T.);
#5483=ORIENTED_EDGE('1278',*,*,#5482,.F.);
#5485=ORIENTED_EDGE('610',*,*,#5484,.F.);
#5486=ORIENTED_EDGE('1277',*,*,#5454,.F.);
#5487=EDGE_LOOP('587',(#5481,#5483,#5485,#5486));
#5488=FACE_OUTER_BOUND('587',#5487,.F.);
#5490=CARTESIAN_POINT('',(2.845E0,-1.27E1,3.2E-1));
#5491=DIRECTION('',(0.E0,0.E0,1.E0));
#5492=DIRECTION('',(0.E0,-1.E0,0.E0));
#5493=AXIS2_PLACEMENT_3D('',#5490,#5491,#5492);
#5494=PLANE('587',#5493);
#5495=ORIENTED_EDGE('1265',*,*,#4819,.F.);
#5496=ORIENTED_EDGE('1276',*,*,#5471,.F.);
#5498=ORIENTED_EDGE('609',*,*,#5497,.T.);
#5500=ORIENTED_EDGE('1279',*,*,#5499,.F.);
#5501=EDGE_LOOP('587',(#5495,#5496,#5498,#5500));
#5502=FACE_OUTER_BOUND('587',#5501,.F.);
#5504=CARTESIAN_POINT('',(2.845E0,-1.302E1,0.E0));
#5505=DIRECTION('',(0.E0,1.E0,0.E0));
#5506=DIRECTION('',(0.E0,0.E0,-1.E0));
#5507=AXIS2_PLACEMENT_3D('',#5504,#5505,#5506);
#5508=PLANE('588',#5507);
#5509=ORIENTED_EDGE('1266',*,*,#4375,.T.);
#5510=ORIENTED_EDGE('1275',*,*,#5428,.T.);
#5512=ORIENTED_EDGE('613',*,*,#5511,.F.);
#5513=ORIENTED_EDGE('1278',*,*,#5482,.T.);
#5514=EDGE_LOOP('588',(#5509,#5510,#5512,#5513));
#5515=FACE_OUTER_BOUND('588',#5514,.F.);
#5517=CARTESIAN_POINT('',(2.845E0,-1.302E1,0.E0));
#5518=DIRECTION('',(0.E0,1.E0,0.E0));
#5519=DIRECTION('',(0.E0,0.E0,-1.E0));
#5520=AXIS2_PLACEMENT_3D('',#5517,#5518,#5519);
#5521=PLANE('588',#5520);
#5522=ORIENTED_EDGE('1267',*,*,#4821,.F.);
#5523=ORIENTED_EDGE('1279',*,*,#5499,.T.);
#5525=ORIENTED_EDGE('612',*,*,#5524,.F.);
#5526=ORIENTED_EDGE('1274',*,*,#5439,.T.);
#5527=EDGE_LOOP('588',(#5522,#5523,#5525,#5526));
#5528=FACE_OUTER_BOUND('588',#5527,.F.);
#5530=CARTESIAN_POINT('',(-2.275549307949E0,-1.292E1,0.E0));
#5531=DIRECTION('',(4.226182617480E-1,9.063077870333E-1,0.E0));
#5532=DIRECTION('',(9.063077870333E-1,-4.226182617480E-1,0.E0));
#5533=AXIS2_PLACEMENT_3D('',#5530,#5531,#5532);
#5534=PLANE('590',#5533);
#5536=ORIENTED_EDGE('598',*,*,#5535,.T.);
#5538=ORIENTED_EDGE('616',*,*,#5537,.F.);
#5539=ORIENTED_EDGE('613',*,*,#5511,.T.);
#5541=ORIENTED_EDGE('599',*,*,#5540,.T.);
#5542=EDGE_LOOP('590',(#5536,#5538,#5539,#5541));
#5543=FACE_OUTER_BOUND('590',#5542,.F.);
#5545=CARTESIAN_POINT('',(-2.49E0,-1.27E1,0.E0));
#5546=DIRECTION('',(1.E0,0.E0,0.E0));
#5547=DIRECTION('',(0.E0,-1.E0,0.E0));
#5548=AXIS2_PLACEMENT_3D('',#5545,#5546,#5547);
#5549=PLANE('581',#5548);
#5551=ORIENTED_EDGE('595',*,*,#5550,.F.);
#5553=ORIENTED_EDGE('596',*,*,#5552,.F.);
#5555=ORIENTED_EDGE('597',*,*,#5554,.F.);
#5556=ORIENTED_EDGE('598',*,*,#5535,.F.);
#5557=EDGE_LOOP('581',(#5551,#5553,#5555,#5556));
#5558=FACE_OUTER_BOUND('581',#5557,.F.);
#5560=CARTESIAN_POINT('',(-2.275549307949E0,-1.27E1,-2.2E-1));
#5561=DIRECTION('',(4.226182617407E-1,0.E0,9.063077870366E-1));
#5562=DIRECTION('',(9.063077870366E-1,0.E0,-4.226182617407E-1));
#5563=AXIS2_PLACEMENT_3D('',#5560,#5561,#5562);
#5564=PLANE('582',#5563);
#5565=ORIENTED_EDGE('601',*,*,#5426,.F.);
#5567=ORIENTED_EDGE('618',*,*,#5566,.F.);
#5568=ORIENTED_EDGE('595',*,*,#5550,.T.);
#5569=ORIENTED_EDGE('599',*,*,#5540,.F.);
#5570=EDGE_LOOP('582',(#5565,#5567,#5568,#5569));
#5571=FACE_OUTER_BOUND('582',#5570,.F.);
#5573=CARTESIAN_POINT('',(-2.275549307949E0,-1.248E1,0.E0));
#5574=DIRECTION('',(-4.226182617479E-1,9.063077870333E-1,0.E0));
#5575=DIRECTION('',(9.063077870333E-1,4.226182617479E-1,0.E0));
#5576=AXIS2_PLACEMENT_3D('',#5573,#5574,#5575);
#5577=PLANE('592',#5576);
#5578=ORIENTED_EDGE('620',*,*,#5456,.F.);
#5580=ORIENTED_EDGE('617',*,*,#5579,.T.);
#5581=ORIENTED_EDGE('596',*,*,#5552,.T.);
#5582=ORIENTED_EDGE('618',*,*,#5566,.T.);
#5583=EDGE_LOOP('592',(#5578,#5580,#5581,#5582));
#5584=FACE_OUTER_BOUND('592',#5583,.F.);
#5586=CARTESIAN_POINT('',(-2.275549307949E0,-1.27E1,2.2E-1));
#5587=DIRECTION('',(-4.226182617407E-1,0.E0,9.063077870366E-1));
#5588=DIRECTION('',(9.063077870366E-1,0.E0,4.226182617407E-1));
#5589=AXIS2_PLACEMENT_3D('',#5586,#5587,#5588);
#5590=PLANE('591',#5589);
#5591=ORIENTED_EDGE('597',*,*,#5554,.T.);
#5592=ORIENTED_EDGE('617',*,*,#5579,.F.);
#5593=ORIENTED_EDGE('610',*,*,#5484,.T.);
#5594=ORIENTED_EDGE('616',*,*,#5537,.T.);
#5595=EDGE_LOOP('591',(#5591,#5592,#5593,#5594));
#5596=FACE_OUTER_BOUND('591',#5595,.F.);
#5598=CARTESIAN_POINT('',(7.965549307949E0,-1.292E1,0.E0));
#5599=DIRECTION('',(-4.226182617480E-1,9.063077870333E-1,0.E0));
#5600=DIRECTION('',(-9.063077870333E-1,-4.226182617480E-1,0.E0));
#5601=AXIS2_PLACEMENT_3D('',#5598,#5599,#5600);
#5602=PLANE('589',#5601);
#5603=ORIENTED_EDGE('612',*,*,#5524,.T.);
#5605=ORIENTED_EDGE('608',*,*,#5604,.T.);
#5607=ORIENTED_EDGE('607',*,*,#5606,.T.);
#5609=ORIENTED_EDGE('615',*,*,#5608,.T.);
#5610=EDGE_LOOP('589',(#5603,#5605,#5607,#5609));
#5611=FACE_OUTER_BOUND('589',#5610,.F.);
#5613=CARTESIAN_POINT('',(7.965549307949E0,-1.27E1,2.2E-1));
#5614=DIRECTION('',(4.226182617407E-1,0.E0,9.063077870366E-1));
#5615=DIRECTION('',(-9.063077870366E-1,0.E0,4.226182617407E-1));
#5616=AXIS2_PLACEMENT_3D('',#5613,#5614,#5615);
#5617=PLANE('586',#5616);
#5618=ORIENTED_EDGE('609',*,*,#5497,.F.);
#5620=ORIENTED_EDGE('622',*,*,#5619,.F.);
#5622=ORIENTED_EDGE('604',*,*,#5621,.T.);
#5623=ORIENTED_EDGE('608',*,*,#5604,.F.);
#5624=EDGE_LOOP('586',(#5618,#5620,#5622,#5623));
#5625=FACE_OUTER_BOUND('586',#5624,.F.);
#5627=CARTESIAN_POINT('',(7.965549307949E0,-1.248E1,0.E0));
#5628=DIRECTION('',(4.226182617479E-1,9.063077870333E-1,0.E0));
#5629=DIRECTION('',(-9.063077870333E-1,4.226182617479E-1,0.E0));
#5630=AXIS2_PLACEMENT_3D('',#5627,#5628,#5629);
#5631=PLANE('594',#5630);
#5632=ORIENTED_EDGE('619',*,*,#5469,.T.);
#5634=ORIENTED_EDGE('603',*,*,#5633,.T.);
#5636=ORIENTED_EDGE('605',*,*,#5635,.T.);
#5637=ORIENTED_EDGE('622',*,*,#5619,.T.);
#5638=EDGE_LOOP('594',(#5632,#5634,#5636,#5637));
#5639=FACE_OUTER_BOUND('594',#5638,.F.);
#5641=CARTESIAN_POINT('',(7.965549307949E0,-1.27E1,-2.2E-1));
#5642=DIRECTION('',(-4.226182617407E-1,0.E0,9.063077870366E-1));
#5643=DIRECTION('',(-9.063077870366E-1,0.E0,-4.226182617407E-1));
#5644=AXIS2_PLACEMENT_3D('',#5641,#5642,#5643);
#5645=PLANE('584',#5644);
#5647=ORIENTED_EDGE('606',*,*,#5646,.F.);
#5648=ORIENTED_EDGE('603',*,*,#5633,.F.);
#5649=ORIENTED_EDGE('600',*,*,#5441,.T.);
#5650=ORIENTED_EDGE('615',*,*,#5608,.F.);
#5651=EDGE_LOOP('584',(#5647,#5648,#5649,#5650));
#5652=FACE_OUTER_BOUND('584',#5651,.F.);
#5654=CARTESIAN_POINT('',(8.18E0,-1.27E1,0.E0));
#5655=DIRECTION('',(1.E0,0.E0,0.E0));
#5656=DIRECTION('',(0.E0,-1.E0,0.E0));
#5657=AXIS2_PLACEMENT_3D('',#5654,#5655,#5656);
#5658=PLANE('585',#5657);
#5659=ORIENTED_EDGE('604',*,*,#5621,.F.);
#5660=ORIENTED_EDGE('605',*,*,#5635,.F.);
#5661=ORIENTED_EDGE('606',*,*,#5646,.T.);
#5662=ORIENTED_EDGE('607',*,*,#5606,.F.);
#5663=EDGE_LOOP('585',(#5659,#5660,#5661,#5662));
#5664=FACE_OUTER_BOUND('585',#5663,.F.);
#5666=CARTESIAN_POINT('',(2.134809212776E0,-1.082E1,5.6E-1));
#5667=DIRECTION('',(1.E0,0.E0,0.E0));
#5668=DIRECTION('',(0.E0,1.E0,0.E0));
#5669=AXIS2_PLACEMENT_3D('',#5666,#5667,#5668);
#5670=CYLINDRICAL_SURFACE('1314',#5669,2.05E-1);
#5671=ORIENTED_EDGE('1374',*,*,#4825,.F.);
#5673=ORIENTED_EDGE('1382',*,*,#5672,.F.);
#5675=ORIENTED_EDGE('1384',*,*,#5674,.F.);
#5677=ORIENTED_EDGE('1383',*,*,#5676,.F.);
#5678=EDGE_LOOP('1314',(#5671,#5673,#5675,#5677));
#5679=FACE_OUTER_BOUND('1314',#5678,.F.);
#5681=CARTESIAN_POINT('',(2.134809212776E0,-1.082E1,5.6E-1));
#5682=DIRECTION('',(1.E0,0.E0,0.E0));
#5683=DIRECTION('',(0.E0,1.E0,0.E0));
#5684=AXIS2_PLACEMENT_3D('',#5681,#5682,#5683);
#5685=CYLINDRICAL_SURFACE('1315',#5684,2.05E-1);
#5686=ORIENTED_EDGE('1375',*,*,#4827,.F.);
#5687=ORIENTED_EDGE('1383',*,*,#5676,.T.);
#5689=ORIENTED_EDGE('1385',*,*,#5688,.F.);
#5690=ORIENTED_EDGE('1382',*,*,#5672,.T.);
#5691=EDGE_LOOP('1315',(#5686,#5687,#5689,#5690));
#5692=FACE_OUTER_BOUND('1315',#5691,.F.);
#5694=CARTESIAN_POINT('',(2.34E0,-1.082E1,5.6E-1));
#5695=DIRECTION('',(1.E0,0.E0,0.E0));
#5696=DIRECTION('',(0.E0,1.E0,0.E0));
#5697=AXIS2_PLACEMENT_3D('',#5694,#5695,#5696);
#5698=PLANE('1316',#5697);
#5699=ORIENTED_EDGE('1384',*,*,#5674,.T.);
#5700=ORIENTED_EDGE('1385',*,*,#5688,.T.);
#5701=EDGE_LOOP('1316',(#5699,#5700));
#5702=FACE_OUTER_BOUND('1316',#5701,.F.);
#5704=CARTESIAN_POINT('',(2.134809212776E0,-9.5E0,-5.6E-1));
#5705=DIRECTION('',(1.E0,0.E0,0.E0));
#5706=DIRECTION('',(0.E0,1.E0,0.E0));
#5707=AXIS2_PLACEMENT_3D('',#5704,#5705,#5706);
#5708=CYLINDRICAL_SURFACE('1318',#5707,2.05E-1);
#5709=ORIENTED_EDGE('1376',*,*,#4831,.F.);
#5711=ORIENTED_EDGE('1388',*,*,#5710,.F.);
#5713=ORIENTED_EDGE('1386',*,*,#5712,.F.);
#5715=ORIENTED_EDGE('1389',*,*,#5714,.F.);
#5716=EDGE_LOOP('1318',(#5709,#5711,#5713,#5715));
#5717=FACE_OUTER_BOUND('1318',#5716,.F.);
#5719=CARTESIAN_POINT('',(2.134809212776E0,-9.5E0,-5.6E-1));
#5720=DIRECTION('',(1.E0,0.E0,0.E0));
#5721=DIRECTION('',(0.E0,1.E0,0.E0));
#5722=AXIS2_PLACEMENT_3D('',#5719,#5720,#5721);
#5723=CYLINDRICAL_SURFACE('1319',#5722,2.05E-1);
#5724=ORIENTED_EDGE('1377',*,*,#4833,.F.);
#5725=ORIENTED_EDGE('1389',*,*,#5714,.T.);
#5727=ORIENTED_EDGE('1387',*,*,#5726,.F.);
#5728=ORIENTED_EDGE('1388',*,*,#5710,.T.);
#5729=EDGE_LOOP('1319',(#5724,#5725,#5727,#5728));
#5730=FACE_OUTER_BOUND('1319',#5729,.F.);
#5732=CARTESIAN_POINT('',(2.34E0,-9.5E0,-5.6E-1));
#5733=DIRECTION('',(1.E0,0.E0,0.E0));
#5734=DIRECTION('',(0.E0,1.E0,0.E0));
#5735=AXIS2_PLACEMENT_3D('',#5732,#5733,#5734);
#5736=PLANE('1317',#5735);
#5737=ORIENTED_EDGE('1386',*,*,#5712,.T.);
#5738=ORIENTED_EDGE('1387',*,*,#5726,.T.);
#5739=EDGE_LOOP('1317',(#5737,#5738));
#5740=FACE_OUTER_BOUND('1317',#5739,.F.);
#5742=CARTESIAN_POINT('',(2.845E0,-1.016E1,-3.2E-1));
#5743=DIRECTION('',(0.E0,0.E0,1.E0));
#5744=DIRECTION('',(0.E0,1.E0,0.E0));
#5745=AXIS2_PLACEMENT_3D('',#5742,#5743,#5744);
#5746=PLANE('630',#5745);
#5747=ORIENTED_EDGE('1401',*,*,#4395,.T.);
#5749=ORIENTED_EDGE('1419',*,*,#5748,.F.);
#5751=ORIENTED_EDGE('648',*,*,#5750,.T.);
#5753=ORIENTED_EDGE('1414',*,*,#5752,.F.);
#5754=EDGE_LOOP('630',(#5747,#5749,#5751,#5753));
#5755=FACE_OUTER_BOUND('630',#5754,.F.);
#5757=CARTESIAN_POINT('',(2.845E0,-1.016E1,-3.2E-1));
#5758=DIRECTION('',(0.E0,0.E0,1.E0));
#5759=DIRECTION('',(0.E0,1.E0,0.E0));
#5760=AXIS2_PLACEMENT_3D('',#5757,#5758,#5759);
#5761=PLANE('630',#5760);
#5762=ORIENTED_EDGE('1402',*,*,#4837,.F.);
#5764=ORIENTED_EDGE('1413',*,*,#5763,.F.);
#5766=ORIENTED_EDGE('647',*,*,#5765,.F.);
#5768=ORIENTED_EDGE('1420',*,*,#5767,.F.);
#5769=EDGE_LOOP('630',(#5762,#5764,#5766,#5768));
#5770=FACE_OUTER_BOUND('630',#5769,.F.);
#5772=CARTESIAN_POINT('',(2.845E0,-9.84E0,0.E0));
#5773=DIRECTION('',(0.E0,1.E0,0.E0));
#5774=DIRECTION('',(0.E0,0.E0,1.E0));
#5775=AXIS2_PLACEMENT_3D('',#5772,#5773,#5774);
#5776=PLANE('640',#5775);
#5777=ORIENTED_EDGE('1407',*,*,#4401,.T.);
#5779=ORIENTED_EDGE('1416',*,*,#5778,.T.);
#5781=ORIENTED_EDGE('667',*,*,#5780,.T.);
#5782=ORIENTED_EDGE('1419',*,*,#5748,.T.);
#5783=EDGE_LOOP('640',(#5777,#5779,#5781,#5782));
#5784=FACE_OUTER_BOUND('640',#5783,.F.);
#5786=CARTESIAN_POINT('',(2.845E0,-9.84E0,0.E0));
#5787=DIRECTION('',(0.E0,1.E0,0.E0));
#5788=DIRECTION('',(0.E0,0.E0,1.E0));
#5789=AXIS2_PLACEMENT_3D('',#5786,#5787,#5788);
#5790=PLANE('640',#5789);
#5791=ORIENTED_EDGE('1408',*,*,#4839,.F.);
#5792=ORIENTED_EDGE('1420',*,*,#5767,.T.);
#5794=ORIENTED_EDGE('666',*,*,#5793,.F.);
#5796=ORIENTED_EDGE('1415',*,*,#5795,.T.);
#5797=EDGE_LOOP('640',(#5791,#5792,#5794,#5796));
#5798=FACE_OUTER_BOUND('640',#5797,.F.);
#5800=CARTESIAN_POINT('',(2.845E0,-1.016E1,3.2E-1));
#5801=DIRECTION('',(0.E0,0.E0,1.E0));
#5802=DIRECTION('',(0.E0,-1.E0,0.E0));
#5803=AXIS2_PLACEMENT_3D('',#5800,#5801,#5802);
#5804=PLANE('634',#5803);
#5805=ORIENTED_EDGE('1403',*,*,#4399,.T.);
#5807=ORIENTED_EDGE('1417',*,*,#5806,.F.);
#5809=ORIENTED_EDGE('657',*,*,#5808,.F.);
#5810=ORIENTED_EDGE('1416',*,*,#5778,.F.);
#5811=EDGE_LOOP('634',(#5805,#5807,#5809,#5810));
#5812=FACE_OUTER_BOUND('634',#5811,.F.);
#5814=CARTESIAN_POINT('',(2.845E0,-1.016E1,3.2E-1));
#5815=DIRECTION('',(0.E0,0.E0,1.E0));
#5816=DIRECTION('',(0.E0,-1.E0,0.E0));
#5817=AXIS2_PLACEMENT_3D('',#5814,#5815,#5816);
#5818=PLANE('634',#5817);
#5819=ORIENTED_EDGE('1404',*,*,#4841,.F.);
#5820=ORIENTED_EDGE('1415',*,*,#5795,.F.);
#5822=ORIENTED_EDGE('656',*,*,#5821,.T.);
#5824=ORIENTED_EDGE('1418',*,*,#5823,.F.);
#5825=EDGE_LOOP('634',(#5819,#5820,#5822,#5824));
#5826=FACE_OUTER_BOUND('634',#5825,.F.);
#5828=CARTESIAN_POINT('',(2.845E0,-1.048E1,0.E0));
#5829=DIRECTION('',(0.E0,1.E0,0.E0));
#5830=DIRECTION('',(0.E0,0.E0,-1.E0));
#5831=AXIS2_PLACEMENT_3D('',#5828,#5829,#5830);
#5832=PLANE('635',#5831);
#5833=ORIENTED_EDGE('1405',*,*,#4397,.T.);
#5834=ORIENTED_EDGE('1414',*,*,#5752,.T.);
#5836=ORIENTED_EDGE('660',*,*,#5835,.F.);
#5837=ORIENTED_EDGE('1417',*,*,#5806,.T.);
#5838=EDGE_LOOP('635',(#5833,#5834,#5836,#5837));
#5839=FACE_OUTER_BOUND('635',#5838,.F.);
#5841=CARTESIAN_POINT('',(2.845E0,-1.048E1,0.E0));
#5842=DIRECTION('',(0.E0,1.E0,0.E0));
#5843=DIRECTION('',(0.E0,0.E0,-1.E0));
#5844=AXIS2_PLACEMENT_3D('',#5841,#5842,#5843);
#5845=PLANE('635',#5844);
#5846=ORIENTED_EDGE('1406',*,*,#4843,.F.);
#5847=ORIENTED_EDGE('1418',*,*,#5823,.T.);
#5849=ORIENTED_EDGE('659',*,*,#5848,.F.);
#5850=ORIENTED_EDGE('1413',*,*,#5763,.T.);
#5851=EDGE_LOOP('635',(#5846,#5847,#5849,#5850));
#5852=FACE_OUTER_BOUND('635',#5851,.F.);
#5854=CARTESIAN_POINT('',(-2.275549307949E0,-1.038E1,0.E0));
#5855=DIRECTION('',(4.226182617479E-1,9.063077870333E-1,0.E0));
#5856=DIRECTION('',(9.063077870333E-1,-4.226182617479E-1,0.E0));
#5857=AXIS2_PLACEMENT_3D('',#5854,#5855,#5856);
#5858=PLANE('637',#5857);
#5860=ORIENTED_EDGE('645',*,*,#5859,.T.);
#5862=ORIENTED_EDGE('663',*,*,#5861,.F.);
#5863=ORIENTED_EDGE('660',*,*,#5835,.T.);
#5865=ORIENTED_EDGE('646',*,*,#5864,.T.);
#5866=EDGE_LOOP('637',(#5860,#5862,#5863,#5865));
#5867=FACE_OUTER_BOUND('637',#5866,.F.);
#5869=CARTESIAN_POINT('',(-2.49E0,-1.016E1,0.E0));
#5870=DIRECTION('',(1.E0,0.E0,0.E0));
#5871=DIRECTION('',(0.E0,-1.E0,0.E0));
#5872=AXIS2_PLACEMENT_3D('',#5869,#5870,#5871);
#5873=PLANE('628',#5872);
#5875=ORIENTED_EDGE('642',*,*,#5874,.F.);
#5877=ORIENTED_EDGE('643',*,*,#5876,.F.);
#5879=ORIENTED_EDGE('644',*,*,#5878,.F.);
#5880=ORIENTED_EDGE('645',*,*,#5859,.F.);
#5881=EDGE_LOOP('628',(#5875,#5877,#5879,#5880));
#5882=FACE_OUTER_BOUND('628',#5881,.F.);
#5884=CARTESIAN_POINT('',(-2.275549307949E0,-1.016E1,-2.2E-1));
#5885=DIRECTION('',(4.226182617407E-1,0.E0,9.063077870366E-1));
#5886=DIRECTION('',(9.063077870366E-1,0.E0,-4.226182617407E-1));
#5887=AXIS2_PLACEMENT_3D('',#5884,#5885,#5886);
#5888=PLANE('629',#5887);
#5889=ORIENTED_EDGE('648',*,*,#5750,.F.);
#5891=ORIENTED_EDGE('665',*,*,#5890,.F.);
#5892=ORIENTED_EDGE('642',*,*,#5874,.T.);
#5893=ORIENTED_EDGE('646',*,*,#5864,.F.);
#5894=EDGE_LOOP('629',(#5889,#5891,#5892,#5893));
#5895=FACE_OUTER_BOUND('629',#5894,.F.);
#5897=CARTESIAN_POINT('',(-2.275549307949E0,-9.940000000001E0,0.E0));
#5898=DIRECTION('',(-4.226182617447E-1,9.063077870348E-1,0.E0));
#5899=DIRECTION('',(9.063077870348E-1,4.226182617447E-1,0.E0));
#5900=AXIS2_PLACEMENT_3D('',#5897,#5898,#5899);
#5901=PLANE('639',#5900);
#5902=ORIENTED_EDGE('667',*,*,#5780,.F.);
#5904=ORIENTED_EDGE('664',*,*,#5903,.T.);
#5905=ORIENTED_EDGE('643',*,*,#5876,.T.);
#5906=ORIENTED_EDGE('665',*,*,#5890,.T.);
#5907=EDGE_LOOP('639',(#5902,#5904,#5905,#5906));
#5908=FACE_OUTER_BOUND('639',#5907,.F.);
#5910=CARTESIAN_POINT('',(-2.275549307949E0,-1.016E1,2.2E-1));
#5911=DIRECTION('',(-4.226182617407E-1,0.E0,9.063077870366E-1));
#5912=DIRECTION('',(9.063077870366E-1,0.E0,4.226182617407E-1));
#5913=AXIS2_PLACEMENT_3D('',#5910,#5911,#5912);
#5914=PLANE('638',#5913);
#5915=ORIENTED_EDGE('644',*,*,#5878,.T.);
#5916=ORIENTED_EDGE('664',*,*,#5903,.F.);
#5917=ORIENTED_EDGE('657',*,*,#5808,.T.);
#5918=ORIENTED_EDGE('663',*,*,#5861,.T.);
#5919=EDGE_LOOP('638',(#5915,#5916,#5917,#5918));
#5920=FACE_OUTER_BOUND('638',#5919,.F.);
#5922=CARTESIAN_POINT('',(7.965549307949E0,-1.038E1,0.E0));
#5923=DIRECTION('',(-4.226182617479E-1,9.063077870333E-1,0.E0));
#5924=DIRECTION('',(-9.063077870333E-1,-4.226182617479E-1,0.E0));
#5925=AXIS2_PLACEMENT_3D('',#5922,#5923,#5924);
#5926=PLANE('636',#5925);
#5927=ORIENTED_EDGE('659',*,*,#5848,.T.);
#5929=ORIENTED_EDGE('655',*,*,#5928,.T.);
#5931=ORIENTED_EDGE('654',*,*,#5930,.T.);
#5933=ORIENTED_EDGE('662',*,*,#5932,.T.);
#5934=EDGE_LOOP('636',(#5927,#5929,#5931,#5933));
#5935=FACE_OUTER_BOUND('636',#5934,.F.);
#5937=CARTESIAN_POINT('',(7.965549307949E0,-1.016E1,2.2E-1));
#5938=DIRECTION('',(4.226182617407E-1,0.E0,9.063077870366E-1));
#5939=DIRECTION('',(-9.063077870366E-1,0.E0,4.226182617407E-1));
#5940=AXIS2_PLACEMENT_3D('',#5937,#5938,#5939);
#5941=PLANE('633',#5940);
#5942=ORIENTED_EDGE('656',*,*,#5821,.F.);
#5944=ORIENTED_EDGE('669',*,*,#5943,.F.);
#5946=ORIENTED_EDGE('651',*,*,#5945,.T.);
#5947=ORIENTED_EDGE('655',*,*,#5928,.F.);
#5948=EDGE_LOOP('633',(#5942,#5944,#5946,#5947));
#5949=FACE_OUTER_BOUND('633',#5948,.F.);
#5951=CARTESIAN_POINT('',(7.965549307949E0,-9.940000000001E0,0.E0));
#5952=DIRECTION('',(4.226182617447E-1,9.063077870348E-1,0.E0));
#5953=DIRECTION('',(-9.063077870348E-1,4.226182617447E-1,0.E0));
#5954=AXIS2_PLACEMENT_3D('',#5951,#5952,#5953);
#5955=PLANE('641',#5954);
#5956=ORIENTED_EDGE('666',*,*,#5793,.T.);
#5958=ORIENTED_EDGE('650',*,*,#5957,.T.);
#5960=ORIENTED_EDGE('652',*,*,#5959,.T.);
#5961=ORIENTED_EDGE('669',*,*,#5943,.T.);
#5962=EDGE_LOOP('641',(#5956,#5958,#5960,#5961));
#5963=FACE_OUTER_BOUND('641',#5962,.F.);
#5965=CARTESIAN_POINT('',(7.965549307949E0,-1.016E1,-2.2E-1));
#5966=DIRECTION('',(-4.226182617407E-1,0.E0,9.063077870366E-1));
#5967=DIRECTION('',(-9.063077870366E-1,0.E0,-4.226182617407E-1));
#5968=AXIS2_PLACEMENT_3D('',#5965,#5966,#5967);
#5969=PLANE('631',#5968);
#5971=ORIENTED_EDGE('653',*,*,#5970,.F.);
#5972=ORIENTED_EDGE('650',*,*,#5957,.F.);
#5973=ORIENTED_EDGE('647',*,*,#5765,.T.);
#5974=ORIENTED_EDGE('662',*,*,#5932,.F.);
#5975=EDGE_LOOP('631',(#5971,#5972,#5973,#5974));
#5976=FACE_OUTER_BOUND('631',#5975,.F.);
#5978=CARTESIAN_POINT('',(8.18E0,-1.016E1,0.E0));
#5979=DIRECTION('',(1.E0,0.E0,0.E0));
#5980=DIRECTION('',(0.E0,-1.E0,0.E0));
#5981=AXIS2_PLACEMENT_3D('',#5978,#5979,#5980);
#5982=PLANE('632',#5981);
#5983=ORIENTED_EDGE('651',*,*,#5945,.F.);
#5984=ORIENTED_EDGE('652',*,*,#5959,.F.);
#5985=ORIENTED_EDGE('653',*,*,#5970,.T.);
#5986=ORIENTED_EDGE('654',*,*,#5930,.F.);
#5987=EDGE_LOOP('632',(#5983,#5984,#5985,#5986));
#5988=FACE_OUTER_BOUND('632',#5987,.F.);
#5990=CARTESIAN_POINT('',(2.134809212776E0,-8.28E0,5.6E-1));
#5991=DIRECTION('',(1.E0,0.E0,0.E0));
#5992=DIRECTION('',(0.E0,1.E0,0.E0));
#5993=AXIS2_PLACEMENT_3D('',#5990,#5991,#5992);
#5994=CYLINDRICAL_SURFACE('1453',#5993,2.05E-1);
#5995=ORIENTED_EDGE('1513',*,*,#4847,.F.);
#5997=ORIENTED_EDGE('1521',*,*,#5996,.F.);
#5999=ORIENTED_EDGE('1523',*,*,#5998,.F.);
#6001=ORIENTED_EDGE('1522',*,*,#6000,.F.);
#6002=EDGE_LOOP('1453',(#5995,#5997,#5999,#6001));
#6003=FACE_OUTER_BOUND('1453',#6002,.F.);
#6005=CARTESIAN_POINT('',(2.134809212776E0,-8.28E0,5.6E-1));
#6006=DIRECTION('',(1.E0,0.E0,0.E0));
#6007=DIRECTION('',(0.E0,1.E0,0.E0));
#6008=AXIS2_PLACEMENT_3D('',#6005,#6006,#6007);
#6009=CYLINDRICAL_SURFACE('1454',#6008,2.05E-1);
#6010=ORIENTED_EDGE('1514',*,*,#4849,.F.);
#6011=ORIENTED_EDGE('1522',*,*,#6000,.T.);
#6013=ORIENTED_EDGE('1524',*,*,#6012,.F.);
#6014=ORIENTED_EDGE('1521',*,*,#5996,.T.);
#6015=EDGE_LOOP('1454',(#6010,#6011,#6013,#6014));
#6016=FACE_OUTER_BOUND('1454',#6015,.F.);
#6018=CARTESIAN_POINT('',(2.34E0,-8.28E0,5.6E-1));
#6019=DIRECTION('',(1.E0,0.E0,0.E0));
#6020=DIRECTION('',(0.E0,1.E0,0.E0));
#6021=AXIS2_PLACEMENT_3D('',#6018,#6019,#6020);
#6022=PLANE('1455',#6021);
#6023=ORIENTED_EDGE('1523',*,*,#5998,.T.);
#6024=ORIENTED_EDGE('1524',*,*,#6012,.T.);
#6025=EDGE_LOOP('1455',(#6023,#6024));
#6026=FACE_OUTER_BOUND('1455',#6025,.F.);
#6028=CARTESIAN_POINT('',(2.134809212776E0,-6.96E0,-5.6E-1));
#6029=DIRECTION('',(1.E0,0.E0,0.E0));
#6030=DIRECTION('',(0.E0,1.E0,0.E0));
#6031=AXIS2_PLACEMENT_3D('',#6028,#6029,#6030);
#6032=CYLINDRICAL_SURFACE('1457',#6031,2.05E-1);
#6033=ORIENTED_EDGE('1515',*,*,#4853,.F.);
#6035=ORIENTED_EDGE('1527',*,*,#6034,.F.);
#6037=ORIENTED_EDGE('1525',*,*,#6036,.F.);
#6039=ORIENTED_EDGE('1528',*,*,#6038,.F.);
#6040=EDGE_LOOP('1457',(#6033,#6035,#6037,#6039));
#6041=FACE_OUTER_BOUND('1457',#6040,.F.);
#6043=CARTESIAN_POINT('',(2.134809212776E0,-6.96E0,-5.6E-1));
#6044=DIRECTION('',(1.E0,0.E0,0.E0));
#6045=DIRECTION('',(0.E0,1.E0,0.E0));
#6046=AXIS2_PLACEMENT_3D('',#6043,#6044,#6045);
#6047=CYLINDRICAL_SURFACE('1458',#6046,2.05E-1);
#6048=ORIENTED_EDGE('1516',*,*,#4855,.F.);
#6049=ORIENTED_EDGE('1528',*,*,#6038,.T.);
#6051=ORIENTED_EDGE('1526',*,*,#6050,.F.);
#6052=ORIENTED_EDGE('1527',*,*,#6034,.T.);
#6053=EDGE_LOOP('1458',(#6048,#6049,#6051,#6052));
#6054=FACE_OUTER_BOUND('1458',#6053,.F.);
#6056=CARTESIAN_POINT('',(2.34E0,-6.96E0,-5.6E-1));
#6057=DIRECTION('',(1.E0,0.E0,0.E0));
#6058=DIRECTION('',(0.E0,1.E0,0.E0));
#6059=AXIS2_PLACEMENT_3D('',#6056,#6057,#6058);
#6060=PLANE('1456',#6059);
#6061=ORIENTED_EDGE('1525',*,*,#6036,.T.);
#6062=ORIENTED_EDGE('1526',*,*,#6050,.T.);
#6063=EDGE_LOOP('1456',(#6061,#6062));
#6064=FACE_OUTER_BOUND('1456',#6063,.F.);
#6066=CARTESIAN_POINT('',(2.845E0,-7.62E0,-3.2E-1));
#6067=DIRECTION('',(0.E0,0.E0,1.E0));
#6068=DIRECTION('',(0.E0,1.E0,0.E0));
#6069=AXIS2_PLACEMENT_3D('',#6066,#6067,#6068);
#6070=PLANE('677',#6069);
#6071=ORIENTED_EDGE('1540',*,*,#4417,.T.);
#6073=ORIENTED_EDGE('1558',*,*,#6072,.F.);
#6075=ORIENTED_EDGE('695',*,*,#6074,.T.);
#6077=ORIENTED_EDGE('1553',*,*,#6076,.F.);
#6078=EDGE_LOOP('677',(#6071,#6073,#6075,#6077));
#6079=FACE_OUTER_BOUND('677',#6078,.F.);
#6081=CARTESIAN_POINT('',(2.845E0,-7.62E0,-3.2E-1));
#6082=DIRECTION('',(0.E0,0.E0,1.E0));
#6083=DIRECTION('',(0.E0,1.E0,0.E0));
#6084=AXIS2_PLACEMENT_3D('',#6081,#6082,#6083);
#6085=PLANE('677',#6084);
#6086=ORIENTED_EDGE('1541',*,*,#4859,.F.);
#6088=ORIENTED_EDGE('1552',*,*,#6087,.F.);
#6090=ORIENTED_EDGE('694',*,*,#6089,.F.);
#6092=ORIENTED_EDGE('1559',*,*,#6091,.F.);
#6093=EDGE_LOOP('677',(#6086,#6088,#6090,#6092));
#6094=FACE_OUTER_BOUND('677',#6093,.F.);
#6096=CARTESIAN_POINT('',(2.845E0,-7.3E0,0.E0));
#6097=DIRECTION('',(0.E0,1.E0,0.E0));
#6098=DIRECTION('',(0.E0,0.E0,1.E0));
#6099=AXIS2_PLACEMENT_3D('',#6096,#6097,#6098);
#6100=PLANE('687',#6099);
#6101=ORIENTED_EDGE('1546',*,*,#4423,.T.);
#6103=ORIENTED_EDGE('1555',*,*,#6102,.T.);
#6105=ORIENTED_EDGE('714',*,*,#6104,.T.);
#6106=ORIENTED_EDGE('1558',*,*,#6072,.T.);
#6107=EDGE_LOOP('687',(#6101,#6103,#6105,#6106));
#6108=FACE_OUTER_BOUND('687',#6107,.F.);
#6110=CARTESIAN_POINT('',(2.845E0,-7.3E0,0.E0));
#6111=DIRECTION('',(0.E0,1.E0,0.E0));
#6112=DIRECTION('',(0.E0,0.E0,1.E0));
#6113=AXIS2_PLACEMENT_3D('',#6110,#6111,#6112);
#6114=PLANE('687',#6113);
#6115=ORIENTED_EDGE('1547',*,*,#4861,.F.);
#6116=ORIENTED_EDGE('1559',*,*,#6091,.T.);
#6118=ORIENTED_EDGE('713',*,*,#6117,.F.);
#6120=ORIENTED_EDGE('1554',*,*,#6119,.T.);
#6121=EDGE_LOOP('687',(#6115,#6116,#6118,#6120));
#6122=FACE_OUTER_BOUND('687',#6121,.F.);
#6124=CARTESIAN_POINT('',(2.845E0,-7.62E0,3.2E-1));
#6125=DIRECTION('',(0.E0,0.E0,1.E0));
#6126=DIRECTION('',(0.E0,-1.E0,0.E0));
#6127=AXIS2_PLACEMENT_3D('',#6124,#6125,#6126);
#6128=PLANE('681',#6127);
#6129=ORIENTED_EDGE('1542',*,*,#4421,.T.);
#6131=ORIENTED_EDGE('1556',*,*,#6130,.F.);
#6133=ORIENTED_EDGE('704',*,*,#6132,.F.);
#6134=ORIENTED_EDGE('1555',*,*,#6102,.F.);
#6135=EDGE_LOOP('681',(#6129,#6131,#6133,#6134));
#6136=FACE_OUTER_BOUND('681',#6135,.F.);
#6138=CARTESIAN_POINT('',(2.845E0,-7.62E0,3.2E-1));
#6139=DIRECTION('',(0.E0,0.E0,1.E0));
#6140=DIRECTION('',(0.E0,-1.E0,0.E0));
#6141=AXIS2_PLACEMENT_3D('',#6138,#6139,#6140);
#6142=PLANE('681',#6141);
#6143=ORIENTED_EDGE('1543',*,*,#4863,.F.);
#6144=ORIENTED_EDGE('1554',*,*,#6119,.F.);
#6146=ORIENTED_EDGE('703',*,*,#6145,.T.);
#6148=ORIENTED_EDGE('1557',*,*,#6147,.F.);
#6149=EDGE_LOOP('681',(#6143,#6144,#6146,#6148));
#6150=FACE_OUTER_BOUND('681',#6149,.F.);
#6152=CARTESIAN_POINT('',(2.845E0,-7.94E0,0.E0));
#6153=DIRECTION('',(0.E0,1.E0,0.E0));
#6154=DIRECTION('',(0.E0,0.E0,-1.E0));
#6155=AXIS2_PLACEMENT_3D('',#6152,#6153,#6154);
#6156=PLANE('682',#6155);
#6157=ORIENTED_EDGE('1544',*,*,#4419,.T.);
#6158=ORIENTED_EDGE('1553',*,*,#6076,.T.);
#6160=ORIENTED_EDGE('707',*,*,#6159,.F.);
#6161=ORIENTED_EDGE('1556',*,*,#6130,.T.);
#6162=EDGE_LOOP('682',(#6157,#6158,#6160,#6161));
#6163=FACE_OUTER_BOUND('682',#6162,.F.);
#6165=CARTESIAN_POINT('',(2.845E0,-7.94E0,0.E0));
#6166=DIRECTION('',(0.E0,1.E0,0.E0));
#6167=DIRECTION('',(0.E0,0.E0,-1.E0));
#6168=AXIS2_PLACEMENT_3D('',#6165,#6166,#6167);
#6169=PLANE('682',#6168);
#6170=ORIENTED_EDGE('1545',*,*,#4865,.F.);
#6171=ORIENTED_EDGE('1557',*,*,#6147,.T.);
#6173=ORIENTED_EDGE('706',*,*,#6172,.F.);
#6174=ORIENTED_EDGE('1552',*,*,#6087,.T.);
#6175=EDGE_LOOP('682',(#6170,#6171,#6173,#6174));
#6176=FACE_OUTER_BOUND('682',#6175,.F.);
#6178=CARTESIAN_POINT('',(-2.275549307949E0,-7.84E0,0.E0));
#6179=DIRECTION('',(4.226182617414E-1,9.063077870363E-1,0.E0));
#6180=DIRECTION('',(9.063077870363E-1,-4.226182617414E-1,0.E0));
#6181=AXIS2_PLACEMENT_3D('',#6178,#6179,#6180);
#6182=PLANE('684',#6181);
#6184=ORIENTED_EDGE('692',*,*,#6183,.T.);
#6186=ORIENTED_EDGE('710',*,*,#6185,.F.);
#6187=ORIENTED_EDGE('707',*,*,#6159,.T.);
#6189=ORIENTED_EDGE('693',*,*,#6188,.T.);
#6190=EDGE_LOOP('684',(#6184,#6186,#6187,#6189));
#6191=FACE_OUTER_BOUND('684',#6190,.F.);
#6193=CARTESIAN_POINT('',(-2.49E0,-7.62E0,0.E0));
#6194=DIRECTION('',(1.E0,0.E0,0.E0));
#6195=DIRECTION('',(0.E0,-1.E0,0.E0));
#6196=AXIS2_PLACEMENT_3D('',#6193,#6194,#6195);
#6197=PLANE('675',#6196);
#6199=ORIENTED_EDGE('689',*,*,#6198,.F.);
#6201=ORIENTED_EDGE('690',*,*,#6200,.F.);
#6203=ORIENTED_EDGE('691',*,*,#6202,.F.);
#6204=ORIENTED_EDGE('692',*,*,#6183,.F.);
#6205=EDGE_LOOP('675',(#6199,#6201,#6203,#6204));
#6206=FACE_OUTER_BOUND('675',#6205,.F.);
#6208=CARTESIAN_POINT('',(-2.275549307949E0,-7.62E0,-2.2E-1));
#6209=DIRECTION('',(4.226182617407E-1,0.E0,9.063077870366E-1));
#6210=DIRECTION('',(9.063077870366E-1,0.E0,-4.226182617407E-1));
#6211=AXIS2_PLACEMENT_3D('',#6208,#6209,#6210);
#6212=PLANE('676',#6211);
#6213=ORIENTED_EDGE('695',*,*,#6074,.F.);
#6215=ORIENTED_EDGE('712',*,*,#6214,.F.);
#6216=ORIENTED_EDGE('689',*,*,#6198,.T.);
#6217=ORIENTED_EDGE('693',*,*,#6188,.F.);
#6218=EDGE_LOOP('676',(#6213,#6215,#6216,#6217));
#6219=FACE_OUTER_BOUND('676',#6218,.F.);
#6221=CARTESIAN_POINT('',(-2.275549307949E0,-7.4E0,0.E0));
#6222=DIRECTION('',(-4.226182617414E-1,9.063077870363E-1,0.E0));
#6223=DIRECTION('',(9.063077870363E-1,4.226182617414E-1,0.E0));
#6224=AXIS2_PLACEMENT_3D('',#6221,#6222,#6223);
#6225=PLANE('686',#6224);
#6226=ORIENTED_EDGE('714',*,*,#6104,.F.);
#6228=ORIENTED_EDGE('711',*,*,#6227,.T.);
#6229=ORIENTED_EDGE('690',*,*,#6200,.T.);
#6230=ORIENTED_EDGE('712',*,*,#6214,.T.);
#6231=EDGE_LOOP('686',(#6226,#6228,#6229,#6230));
#6232=FACE_OUTER_BOUND('686',#6231,.F.);
#6234=CARTESIAN_POINT('',(-2.275549307949E0,-7.62E0,2.2E-1));
#6235=DIRECTION('',(-4.226182617407E-1,0.E0,9.063077870366E-1));
#6236=DIRECTION('',(9.063077870366E-1,0.E0,4.226182617407E-1));
#6237=AXIS2_PLACEMENT_3D('',#6234,#6235,#6236);
#6238=PLANE('685',#6237);
#6239=ORIENTED_EDGE('691',*,*,#6202,.T.);
#6240=ORIENTED_EDGE('711',*,*,#6227,.F.);
#6241=ORIENTED_EDGE('704',*,*,#6132,.T.);
#6242=ORIENTED_EDGE('710',*,*,#6185,.T.);
#6243=EDGE_LOOP('685',(#6239,#6240,#6241,#6242));
#6244=FACE_OUTER_BOUND('685',#6243,.F.);
#6246=CARTESIAN_POINT('',(7.965549307949E0,-7.84E0,0.E0));
#6247=DIRECTION('',(-4.226182617414E-1,9.063077870363E-1,0.E0));
#6248=DIRECTION('',(-9.063077870363E-1,-4.226182617414E-1,0.E0));
#6249=AXIS2_PLACEMENT_3D('',#6246,#6247,#6248);
#6250=PLANE('683',#6249);
#6251=ORIENTED_EDGE('706',*,*,#6172,.T.);
#6253=ORIENTED_EDGE('702',*,*,#6252,.T.);
#6255=ORIENTED_EDGE('701',*,*,#6254,.T.);
#6257=ORIENTED_EDGE('709',*,*,#6256,.T.);
#6258=EDGE_LOOP('683',(#6251,#6253,#6255,#6257));
#6259=FACE_OUTER_BOUND('683',#6258,.F.);
#6261=CARTESIAN_POINT('',(7.965549307949E0,-7.62E0,2.2E-1));
#6262=DIRECTION('',(4.226182617407E-1,0.E0,9.063077870366E-1));
#6263=DIRECTION('',(-9.063077870366E-1,0.E0,4.226182617407E-1));
#6264=AXIS2_PLACEMENT_3D('',#6261,#6262,#6263);
#6265=PLANE('680',#6264);
#6266=ORIENTED_EDGE('703',*,*,#6145,.F.);
#6268=ORIENTED_EDGE('716',*,*,#6267,.F.);
#6270=ORIENTED_EDGE('698',*,*,#6269,.T.);
#6271=ORIENTED_EDGE('702',*,*,#6252,.F.);
#6272=EDGE_LOOP('680',(#6266,#6268,#6270,#6271));
#6273=FACE_OUTER_BOUND('680',#6272,.F.);
#6275=CARTESIAN_POINT('',(7.965549307949E0,-7.4E0,0.E0));
#6276=DIRECTION('',(4.226182617414E-1,9.063077870363E-1,0.E0));
#6277=DIRECTION('',(-9.063077870363E-1,4.226182617414E-1,0.E0));
#6278=AXIS2_PLACEMENT_3D('',#6275,#6276,#6277);
#6279=PLANE('688',#6278);
#6280=ORIENTED_EDGE('713',*,*,#6117,.T.);
#6282=ORIENTED_EDGE('697',*,*,#6281,.T.);
#6284=ORIENTED_EDGE('699',*,*,#6283,.T.);
#6285=ORIENTED_EDGE('716',*,*,#6267,.T.);
#6286=EDGE_LOOP('688',(#6280,#6282,#6284,#6285));
#6287=FACE_OUTER_BOUND('688',#6286,.F.);
#6289=CARTESIAN_POINT('',(7.965549307949E0,-7.62E0,-2.2E-1));
#6290=DIRECTION('',(-4.226182617407E-1,0.E0,9.063077870366E-1));
#6291=DIRECTION('',(-9.063077870366E-1,0.E0,-4.226182617407E-1));
#6292=AXIS2_PLACEMENT_3D('',#6289,#6290,#6291);
#6293=PLANE('678',#6292);
#6295=ORIENTED_EDGE('700',*,*,#6294,.F.);
#6296=ORIENTED_EDGE('697',*,*,#6281,.F.);
#6297=ORIENTED_EDGE('694',*,*,#6089,.T.);
#6298=ORIENTED_EDGE('709',*,*,#6256,.F.);
#6299=EDGE_LOOP('678',(#6295,#6296,#6297,#6298));
#6300=FACE_OUTER_BOUND('678',#6299,.F.);
#6302=CARTESIAN_POINT('',(8.18E0,-7.62E0,0.E0));
#6303=DIRECTION('',(1.E0,0.E0,0.E0));
#6304=DIRECTION('',(0.E0,-1.E0,0.E0));
#6305=AXIS2_PLACEMENT_3D('',#6302,#6303,#6304);
#6306=PLANE('679',#6305);
#6307=ORIENTED_EDGE('698',*,*,#6269,.F.);
#6308=ORIENTED_EDGE('699',*,*,#6283,.F.);
#6309=ORIENTED_EDGE('700',*,*,#6294,.T.);
#6310=ORIENTED_EDGE('701',*,*,#6254,.F.);
#6311=EDGE_LOOP('679',(#6307,#6308,#6309,#6310));
#6312=FACE_OUTER_BOUND('679',#6311,.F.);
#6314=CARTESIAN_POINT('',(2.845E0,-5.08E0,-3.2E-1));
#6315=DIRECTION('',(0.E0,0.E0,1.E0));
#6316=DIRECTION('',(0.E0,1.E0,0.E0));
#6317=AXIS2_PLACEMENT_3D('',#6314,#6315,#6316);
#6318=PLANE('724',#6317);
#6319=ORIENTED_EDGE('1683',*,*,#4427,.T.);
#6321=ORIENTED_EDGE('1705',*,*,#6320,.F.);
#6323=ORIENTED_EDGE('742',*,*,#6322,.T.);
#6325=ORIENTED_EDGE('1700',*,*,#6324,.F.);
#6326=EDGE_LOOP('724',(#6319,#6321,#6323,#6325));
#6327=FACE_OUTER_BOUND('724',#6326,.F.);
#6329=CARTESIAN_POINT('',(2.845E0,-5.08E0,-3.2E-1));
#6330=DIRECTION('',(0.E0,0.E0,1.E0));
#6331=DIRECTION('',(0.E0,1.E0,0.E0));
#6332=AXIS2_PLACEMENT_3D('',#6329,#6330,#6331);
#6333=PLANE('724',#6332);
#6334=ORIENTED_EDGE('1684',*,*,#4869,.F.);
#6336=ORIENTED_EDGE('1699',*,*,#6335,.F.);
#6338=ORIENTED_EDGE('741',*,*,#6337,.F.);
#6340=ORIENTED_EDGE('1706',*,*,#6339,.F.);
#6341=EDGE_LOOP('724',(#6334,#6336,#6338,#6340));
#6342=FACE_OUTER_BOUND('724',#6341,.F.);
#6344=CARTESIAN_POINT('',(2.845E0,-4.76E0,0.E0));
#6345=DIRECTION('',(0.E0,1.E0,0.E0));
#6346=DIRECTION('',(0.E0,0.E0,1.E0));
#6347=AXIS2_PLACEMENT_3D('',#6344,#6345,#6346);
#6348=PLANE('734',#6347);
#6349=ORIENTED_EDGE('1689',*,*,#4433,.T.);
#6351=ORIENTED_EDGE('1702',*,*,#6350,.T.);
#6353=ORIENTED_EDGE('761',*,*,#6352,.T.);
#6354=ORIENTED_EDGE('1705',*,*,#6320,.T.);
#6355=EDGE_LOOP('734',(#6349,#6351,#6353,#6354));
#6356=FACE_OUTER_BOUND('734',#6355,.F.);
#6358=CARTESIAN_POINT('',(2.845E0,-4.76E0,0.E0));
#6359=DIRECTION('',(0.E0,1.E0,0.E0));
#6360=DIRECTION('',(0.E0,0.E0,1.E0));
#6361=AXIS2_PLACEMENT_3D('',#6358,#6359,#6360);
#6362=PLANE('734',#6361);
#6363=ORIENTED_EDGE('1690',*,*,#4871,.F.);
#6364=ORIENTED_EDGE('1706',*,*,#6339,.T.);
#6366=ORIENTED_EDGE('760',*,*,#6365,.F.);
#6368=ORIENTED_EDGE('1701',*,*,#6367,.T.);
#6369=EDGE_LOOP('734',(#6363,#6364,#6366,#6368));
#6370=FACE_OUTER_BOUND('734',#6369,.F.);
#6372=CARTESIAN_POINT('',(2.845E0,-5.08E0,3.2E-1));
#6373=DIRECTION('',(0.E0,0.E0,1.E0));
#6374=DIRECTION('',(0.E0,-1.E0,0.E0));
#6375=AXIS2_PLACEMENT_3D('',#6372,#6373,#6374);
#6376=PLANE('728',#6375);
#6377=ORIENTED_EDGE('1685',*,*,#4431,.T.);
#6379=ORIENTED_EDGE('1703',*,*,#6378,.F.);
#6381=ORIENTED_EDGE('751',*,*,#6380,.F.);
#6382=ORIENTED_EDGE('1702',*,*,#6350,.F.);
#6383=EDGE_LOOP('728',(#6377,#6379,#6381,#6382));
#6384=FACE_OUTER_BOUND('728',#6383,.F.);
#6386=CARTESIAN_POINT('',(2.845E0,-5.08E0,3.2E-1));
#6387=DIRECTION('',(0.E0,0.E0,1.E0));
#6388=DIRECTION('',(0.E0,-1.E0,0.E0));
#6389=AXIS2_PLACEMENT_3D('',#6386,#6387,#6388);
#6390=PLANE('728',#6389);
#6391=ORIENTED_EDGE('1686',*,*,#4873,.F.);
#6392=ORIENTED_EDGE('1701',*,*,#6367,.F.);
#6394=ORIENTED_EDGE('750',*,*,#6393,.T.);
#6396=ORIENTED_EDGE('1704',*,*,#6395,.F.);
#6397=EDGE_LOOP('728',(#6391,#6392,#6394,#6396));
#6398=FACE_OUTER_BOUND('728',#6397,.F.);
#6400=CARTESIAN_POINT('',(2.845E0,-5.4E0,0.E0));
#6401=DIRECTION('',(0.E0,1.E0,0.E0));
#6402=DIRECTION('',(0.E0,0.E0,-1.E0));
#6403=AXIS2_PLACEMENT_3D('',#6400,#6401,#6402);
#6404=PLANE('729',#6403);
#6405=ORIENTED_EDGE('1687',*,*,#4429,.T.);
#6406=ORIENTED_EDGE('1700',*,*,#6324,.T.);
#6408=ORIENTED_EDGE('754',*,*,#6407,.F.);
#6409=ORIENTED_EDGE('1703',*,*,#6378,.T.);
#6410=EDGE_LOOP('729',(#6405,#6406,#6408,#6409));
#6411=FACE_OUTER_BOUND('729',#6410,.F.);
#6413=CARTESIAN_POINT('',(2.845E0,-5.4E0,0.E0));
#6414=DIRECTION('',(0.E0,1.E0,0.E0));
#6415=DIRECTION('',(0.E0,0.E0,-1.E0));
#6416=AXIS2_PLACEMENT_3D('',#6413,#6414,#6415);
#6417=PLANE('729',#6416);
#6418=ORIENTED_EDGE('1688',*,*,#4875,.F.);
#6419=ORIENTED_EDGE('1704',*,*,#6395,.T.);
#6421=ORIENTED_EDGE('753',*,*,#6420,.F.);
#6422=ORIENTED_EDGE('1699',*,*,#6335,.T.);
#6423=EDGE_LOOP('729',(#6418,#6419,#6421,#6422));
#6424=FACE_OUTER_BOUND('729',#6423,.F.);
#6426=CARTESIAN_POINT('',(-2.275549307949E0,-5.3E0,0.E0));
#6427=DIRECTION('',(4.226182617414E-1,9.063077870363E-1,0.E0));
#6428=DIRECTION('',(9.063077870363E-1,-4.226182617414E-1,0.E0));
#6429=AXIS2_PLACEMENT_3D('',#6426,#6427,#6428);
#6430=PLANE('731',#6429);
#6432=ORIENTED_EDGE('739',*,*,#6431,.T.);
#6434=ORIENTED_EDGE('757',*,*,#6433,.F.);
#6435=ORIENTED_EDGE('754',*,*,#6407,.T.);
#6437=ORIENTED_EDGE('740',*,*,#6436,.T.);
#6438=EDGE_LOOP('731',(#6432,#6434,#6435,#6437));
#6439=FACE_OUTER_BOUND('731',#6438,.F.);
#6441=CARTESIAN_POINT('',(-2.49E0,-5.08E0,0.E0));
#6442=DIRECTION('',(1.E0,0.E0,0.E0));
#6443=DIRECTION('',(0.E0,-1.E0,0.E0));
#6444=AXIS2_PLACEMENT_3D('',#6441,#6442,#6443);
#6445=PLANE('722',#6444);
#6447=ORIENTED_EDGE('736',*,*,#6446,.F.);
#6449=ORIENTED_EDGE('737',*,*,#6448,.F.);
#6451=ORIENTED_EDGE('738',*,*,#6450,.F.);
#6452=ORIENTED_EDGE('739',*,*,#6431,.F.);
#6453=EDGE_LOOP('722',(#6447,#6449,#6451,#6452));
#6454=FACE_OUTER_BOUND('722',#6453,.F.);
#6456=CARTESIAN_POINT('',(-2.275549307949E0,-5.08E0,-2.2E-1));
#6457=DIRECTION('',(4.226182617407E-1,0.E0,9.063077870366E-1));
#6458=DIRECTION('',(9.063077870366E-1,0.E0,-4.226182617407E-1));
#6459=AXIS2_PLACEMENT_3D('',#6456,#6457,#6458);
#6460=PLANE('723',#6459);
#6461=ORIENTED_EDGE('742',*,*,#6322,.F.);
#6463=ORIENTED_EDGE('759',*,*,#6462,.F.);
#6464=ORIENTED_EDGE('736',*,*,#6446,.T.);
#6465=ORIENTED_EDGE('740',*,*,#6436,.F.);
#6466=EDGE_LOOP('723',(#6461,#6463,#6464,#6465));
#6467=FACE_OUTER_BOUND('723',#6466,.F.);
#6469=CARTESIAN_POINT('',(-2.275549307949E0,-4.86E0,0.E0));
#6470=DIRECTION('',(-4.226182617414E-1,9.063077870363E-1,0.E0));
#6471=DIRECTION('',(9.063077870363E-1,4.226182617414E-1,0.E0));
#6472=AXIS2_PLACEMENT_3D('',#6469,#6470,#6471);
#6473=PLANE('733',#6472);
#6474=ORIENTED_EDGE('761',*,*,#6352,.F.);
#6476=ORIENTED_EDGE('758',*,*,#6475,.T.);
#6477=ORIENTED_EDGE('737',*,*,#6448,.T.);
#6478=ORIENTED_EDGE('759',*,*,#6462,.T.);
#6479=EDGE_LOOP('733',(#6474,#6476,#6477,#6478));
#6480=FACE_OUTER_BOUND('733',#6479,.F.);
#6482=CARTESIAN_POINT('',(-2.275549307949E0,-5.08E0,2.2E-1));
#6483=DIRECTION('',(-4.226182617407E-1,0.E0,9.063077870366E-1));
#6484=DIRECTION('',(9.063077870366E-1,0.E0,4.226182617407E-1));
#6485=AXIS2_PLACEMENT_3D('',#6482,#6483,#6484);
#6486=PLANE('732',#6485);
#6487=ORIENTED_EDGE('738',*,*,#6450,.T.);
#6488=ORIENTED_EDGE('758',*,*,#6475,.F.);
#6489=ORIENTED_EDGE('751',*,*,#6380,.T.);
#6490=ORIENTED_EDGE('757',*,*,#6433,.T.);
#6491=EDGE_LOOP('732',(#6487,#6488,#6489,#6490));
#6492=FACE_OUTER_BOUND('732',#6491,.F.);
#6494=CARTESIAN_POINT('',(7.965549307949E0,-5.3E0,0.E0));
#6495=DIRECTION('',(-4.226182617414E-1,9.063077870363E-1,0.E0));
#6496=DIRECTION('',(-9.063077870363E-1,-4.226182617414E-1,0.E0));
#6497=AXIS2_PLACEMENT_3D('',#6494,#6495,#6496);
#6498=PLANE('730',#6497);
#6499=ORIENTED_EDGE('753',*,*,#6420,.T.);
#6501=ORIENTED_EDGE('749',*,*,#6500,.T.);
#6503=ORIENTED_EDGE('748',*,*,#6502,.T.);
#6505=ORIENTED_EDGE('756',*,*,#6504,.T.);
#6506=EDGE_LOOP('730',(#6499,#6501,#6503,#6505));
#6507=FACE_OUTER_BOUND('730',#6506,.F.);
#6509=CARTESIAN_POINT('',(7.965549307949E0,-5.08E0,2.2E-1));
#6510=DIRECTION('',(4.226182617407E-1,0.E0,9.063077870366E-1));
#6511=DIRECTION('',(-9.063077870366E-1,0.E0,4.226182617407E-1));
#6512=AXIS2_PLACEMENT_3D('',#6509,#6510,#6511);
#6513=PLANE('727',#6512);
#6514=ORIENTED_EDGE('750',*,*,#6393,.F.);
#6516=ORIENTED_EDGE('763',*,*,#6515,.F.);
#6518=ORIENTED_EDGE('745',*,*,#6517,.T.);
#6519=ORIENTED_EDGE('749',*,*,#6500,.F.);
#6520=EDGE_LOOP('727',(#6514,#6516,#6518,#6519));
#6521=FACE_OUTER_BOUND('727',#6520,.F.);
#6523=CARTESIAN_POINT('',(7.965549307949E0,-4.86E0,0.E0));
#6524=DIRECTION('',(4.226182617414E-1,9.063077870363E-1,0.E0));
#6525=DIRECTION('',(-9.063077870363E-1,4.226182617414E-1,0.E0));
#6526=AXIS2_PLACEMENT_3D('',#6523,#6524,#6525);
#6527=PLANE('735',#6526);
#6528=ORIENTED_EDGE('760',*,*,#6365,.T.);
#6530=ORIENTED_EDGE('744',*,*,#6529,.T.);
#6532=ORIENTED_EDGE('746',*,*,#6531,.T.);
#6533=ORIENTED_EDGE('763',*,*,#6515,.T.);
#6534=EDGE_LOOP('735',(#6528,#6530,#6532,#6533));
#6535=FACE_OUTER_BOUND('735',#6534,.F.);
#6537=CARTESIAN_POINT('',(7.965549307949E0,-5.08E0,-2.2E-1));
#6538=DIRECTION('',(-4.226182617407E-1,0.E0,9.063077870366E-1));
#6539=DIRECTION('',(-9.063077870366E-1,0.E0,-4.226182617407E-1));
#6540=AXIS2_PLACEMENT_3D('',#6537,#6538,#6539);
#6541=PLANE('725',#6540);
#6543=ORIENTED_EDGE('747',*,*,#6542,.F.);
#6544=ORIENTED_EDGE('744',*,*,#6529,.F.);
#6545=ORIENTED_EDGE('741',*,*,#6337,.T.);
#6546=ORIENTED_EDGE('756',*,*,#6504,.F.);
#6547=EDGE_LOOP('725',(#6543,#6544,#6545,#6546));
#6548=FACE_OUTER_BOUND('725',#6547,.F.);
#6550=CARTESIAN_POINT('',(8.18E0,-5.08E0,0.E0));
#6551=DIRECTION('',(1.E0,0.E0,0.E0));
#6552=DIRECTION('',(0.E0,-1.E0,0.E0));
#6553=AXIS2_PLACEMENT_3D('',#6550,#6551,#6552);
#6554=PLANE('726',#6553);
#6555=ORIENTED_EDGE('745',*,*,#6517,.F.);
#6556=ORIENTED_EDGE('746',*,*,#6531,.F.);
#6557=ORIENTED_EDGE('747',*,*,#6542,.T.);
#6558=ORIENTED_EDGE('748',*,*,#6502,.F.);
#6559=EDGE_LOOP('726',(#6555,#6556,#6557,#6558));
#6560=FACE_OUTER_BOUND('726',#6559,.F.);
#6562=CARTESIAN_POINT('',(2.134809212776E0,-4.42E0,-5.6E-1));
#6563=DIRECTION('',(1.E0,0.E0,0.E0));
#6564=DIRECTION('',(0.E0,1.E0,0.E0));
#6565=AXIS2_PLACEMENT_3D('',#6562,#6563,#6564);
#6566=CYLINDRICAL_SURFACE('1596',#6565,2.05E-1);
#6567=ORIENTED_EDGE('1654',*,*,#4879,.F.);
#6569=ORIENTED_EDGE('1666',*,*,#6568,.F.);
#6571=ORIENTED_EDGE('1664',*,*,#6570,.F.);
#6573=ORIENTED_EDGE('1667',*,*,#6572,.F.);
#6574=EDGE_LOOP('1596',(#6567,#6569,#6571,#6573));
#6575=FACE_OUTER_BOUND('1596',#6574,.F.);
#6577=CARTESIAN_POINT('',(2.134809212776E0,-4.42E0,-5.6E-1));
#6578=DIRECTION('',(1.E0,0.E0,0.E0));
#6579=DIRECTION('',(0.E0,1.E0,0.E0));
#6580=AXIS2_PLACEMENT_3D('',#6577,#6578,#6579);
#6581=CYLINDRICAL_SURFACE('1597',#6580,2.05E-1);
#6582=ORIENTED_EDGE('1655',*,*,#4881,.F.);
#6583=ORIENTED_EDGE('1667',*,*,#6572,.T.);
#6585=ORIENTED_EDGE('1665',*,*,#6584,.F.);
#6586=ORIENTED_EDGE('1666',*,*,#6568,.T.);
#6587=EDGE_LOOP('1597',(#6582,#6583,#6585,#6586));
#6588=FACE_OUTER_BOUND('1597',#6587,.F.);
#6590=CARTESIAN_POINT('',(2.34E0,-4.42E0,-5.6E-1));
#6591=DIRECTION('',(1.E0,0.E0,0.E0));
#6592=DIRECTION('',(0.E0,1.E0,0.E0));
#6593=AXIS2_PLACEMENT_3D('',#6590,#6591,#6592);
#6594=PLANE('1595',#6593);
#6595=ORIENTED_EDGE('1664',*,*,#6570,.T.);
#6596=ORIENTED_EDGE('1665',*,*,#6584,.T.);
#6597=EDGE_LOOP('1595',(#6595,#6596));
#6598=FACE_OUTER_BOUND('1595',#6597,.F.);
#6600=CARTESIAN_POINT('',(2.134809212776E0,-5.74E0,5.6E-1));
#6601=DIRECTION('',(1.E0,0.E0,0.E0));
#6602=DIRECTION('',(0.E0,1.E0,0.E0));
#6603=AXIS2_PLACEMENT_3D('',#6600,#6601,#6602);
#6604=CYLINDRICAL_SURFACE('1592',#6603,2.05E-1);
#6605=ORIENTED_EDGE('1652',*,*,#4885,.F.);
#6607=ORIENTED_EDGE('1660',*,*,#6606,.F.);
#6609=ORIENTED_EDGE('1662',*,*,#6608,.F.);
#6611=ORIENTED_EDGE('1661',*,*,#6610,.F.);
#6612=EDGE_LOOP('1592',(#6605,#6607,#6609,#6611));
#6613=FACE_OUTER_BOUND('1592',#6612,.F.);
#6615=CARTESIAN_POINT('',(2.134809212776E0,-5.74E0,5.6E-1));
#6616=DIRECTION('',(1.E0,0.E0,0.E0));
#6617=DIRECTION('',(0.E0,1.E0,0.E0));
#6618=AXIS2_PLACEMENT_3D('',#6615,#6616,#6617);
#6619=CYLINDRICAL_SURFACE('1593',#6618,2.05E-1);
#6620=ORIENTED_EDGE('1653',*,*,#4887,.F.);
#6621=ORIENTED_EDGE('1661',*,*,#6610,.T.);
#6623=ORIENTED_EDGE('1663',*,*,#6622,.F.);
#6624=ORIENTED_EDGE('1660',*,*,#6606,.T.);
#6625=EDGE_LOOP('1593',(#6620,#6621,#6623,#6624));
#6626=FACE_OUTER_BOUND('1593',#6625,.F.);
#6628=CARTESIAN_POINT('',(2.34E0,-5.74E0,5.6E-1));
#6629=DIRECTION('',(1.E0,0.E0,0.E0));
#6630=DIRECTION('',(0.E0,1.E0,0.E0));
#6631=AXIS2_PLACEMENT_3D('',#6628,#6629,#6630);
#6632=PLANE('1594',#6631);
#6633=ORIENTED_EDGE('1662',*,*,#6608,.T.);
#6634=ORIENTED_EDGE('1663',*,*,#6622,.T.);
#6635=EDGE_LOOP('1594',(#6633,#6634));
#6636=FACE_OUTER_BOUND('1594',#6635,.F.);
#6638=CARTESIAN_POINT('',(2.134809212776E0,-1.88E0,-5.6E-1));
#6639=DIRECTION('',(1.E0,0.E0,0.E0));
#6640=DIRECTION('',(0.E0,1.E0,0.E0));
#6641=AXIS2_PLACEMENT_3D('',#6638,#6639,#6640);
#6642=CYLINDRICAL_SURFACE('386',#6641,2.05E-1);
#6643=ORIENTED_EDGE('444',*,*,#4891,.F.);
#6645=ORIENTED_EDGE('456',*,*,#6644,.F.);
#6647=ORIENTED_EDGE('454',*,*,#6646,.F.);
#6649=ORIENTED_EDGE('457',*,*,#6648,.F.);
#6650=EDGE_LOOP('386',(#6643,#6645,#6647,#6649));
#6651=FACE_OUTER_BOUND('386',#6650,.F.);
#6653=CARTESIAN_POINT('',(2.134809212776E0,-1.88E0,-5.6E-1));
#6654=DIRECTION('',(1.E0,0.E0,0.E0));
#6655=DIRECTION('',(0.E0,1.E0,0.E0));
#6656=AXIS2_PLACEMENT_3D('',#6653,#6654,#6655);
#6657=CYLINDRICAL_SURFACE('387',#6656,2.05E-1);
#6658=ORIENTED_EDGE('445',*,*,#4893,.F.);
#6659=ORIENTED_EDGE('457',*,*,#6648,.T.);
#6661=ORIENTED_EDGE('455',*,*,#6660,.F.);
#6662=ORIENTED_EDGE('456',*,*,#6644,.T.);
#6663=EDGE_LOOP('387',(#6658,#6659,#6661,#6662));
#6664=FACE_OUTER_BOUND('387',#6663,.F.);
#6666=CARTESIAN_POINT('',(2.34E0,-1.88E0,-5.6E-1));
#6667=DIRECTION('',(1.E0,0.E0,0.E0));
#6668=DIRECTION('',(0.E0,1.E0,0.E0));
#6669=AXIS2_PLACEMENT_3D('',#6666,#6667,#6668);
#6670=PLANE('385',#6669);
#6671=ORIENTED_EDGE('454',*,*,#6646,.T.);
#6672=ORIENTED_EDGE('455',*,*,#6660,.T.);
#6673=EDGE_LOOP('385',(#6671,#6672));
#6674=FACE_OUTER_BOUND('385',#6673,.F.);
#6676=CARTESIAN_POINT('',(2.134809212776E0,-3.2E0,5.6E-1));
#6677=DIRECTION('',(1.E0,0.E0,0.E0));
#6678=DIRECTION('',(0.E0,1.E0,0.E0));
#6679=AXIS2_PLACEMENT_3D('',#6676,#6677,#6678);
#6680=CYLINDRICAL_SURFACE('382',#6679,2.05E-1);
#6681=ORIENTED_EDGE('442',*,*,#4897,.F.);
#6683=ORIENTED_EDGE('450',*,*,#6682,.F.);
#6685=ORIENTED_EDGE('452',*,*,#6684,.F.);
#6687=ORIENTED_EDGE('451',*,*,#6686,.F.);
#6688=EDGE_LOOP('382',(#6681,#6683,#6685,#6687));
#6689=FACE_OUTER_BOUND('382',#6688,.F.);
#6691=CARTESIAN_POINT('',(2.134809212776E0,-3.2E0,5.6E-1));
#6692=DIRECTION('',(1.E0,0.E0,0.E0));
#6693=DIRECTION('',(0.E0,1.E0,0.E0));
#6694=AXIS2_PLACEMENT_3D('',#6691,#6692,#6693);
#6695=CYLINDRICAL_SURFACE('383',#6694,2.05E-1);
#6696=ORIENTED_EDGE('443',*,*,#4899,.F.);
#6697=ORIENTED_EDGE('451',*,*,#6686,.T.);
#6699=ORIENTED_EDGE('453',*,*,#6698,.F.);
#6700=ORIENTED_EDGE('450',*,*,#6682,.T.);
#6701=EDGE_LOOP('383',(#6696,#6697,#6699,#6700));
#6702=FACE_OUTER_BOUND('383',#6701,.F.);
#6704=CARTESIAN_POINT('',(2.34E0,-3.2E0,5.6E-1));
#6705=DIRECTION('',(1.E0,0.E0,0.E0));
#6706=DIRECTION('',(0.E0,1.E0,0.E0));
#6707=AXIS2_PLACEMENT_3D('',#6704,#6705,#6706);
#6708=PLANE('384',#6707);
#6709=ORIENTED_EDGE('452',*,*,#6684,.T.);
#6710=ORIENTED_EDGE('453',*,*,#6698,.T.);
#6711=EDGE_LOOP('384',(#6709,#6710));
#6712=FACE_OUTER_BOUND('384',#6711,.F.);
#6714=CARTESIAN_POINT('',(2.134809212776E0,-6.6E-1,5.6E-1));
#6715=DIRECTION('',(1.E0,0.E0,0.E0));
#6716=DIRECTION('',(0.E0,1.E0,0.E0));
#6717=AXIS2_PLACEMENT_3D('',#6714,#6715,#6716);
#6718=CYLINDRICAL_SURFACE('345',#6717,2.05E-1);
#6719=ORIENTED_EDGE('303',*,*,#4903,.F.);
#6721=ORIENTED_EDGE('311',*,*,#6720,.F.);
#6723=ORIENTED_EDGE('313',*,*,#6722,.F.);
#6725=ORIENTED_EDGE('312',*,*,#6724,.F.);
#6726=EDGE_LOOP('345',(#6719,#6721,#6723,#6725));
#6727=FACE_OUTER_BOUND('345',#6726,.F.);
#6729=CARTESIAN_POINT('',(2.134809212776E0,-6.6E-1,5.6E-1));
#6730=DIRECTION('',(1.E0,0.E0,0.E0));
#6731=DIRECTION('',(0.E0,1.E0,0.E0));
#6732=AXIS2_PLACEMENT_3D('',#6729,#6730,#6731);
#6733=CYLINDRICAL_SURFACE('346',#6732,2.05E-1);
#6734=ORIENTED_EDGE('304',*,*,#4905,.F.);
#6735=ORIENTED_EDGE('312',*,*,#6724,.T.);
#6737=ORIENTED_EDGE('314',*,*,#6736,.F.);
#6738=ORIENTED_EDGE('311',*,*,#6720,.T.);
#6739=EDGE_LOOP('346',(#6734,#6735,#6737,#6738));
#6740=FACE_OUTER_BOUND('346',#6739,.F.);
#6742=CARTESIAN_POINT('',(2.34E0,-6.6E-1,5.6E-1));
#6743=DIRECTION('',(1.E0,0.E0,0.E0));
#6744=DIRECTION('',(0.E0,1.E0,0.E0));
#6745=AXIS2_PLACEMENT_3D('',#6742,#6743,#6744);
#6746=PLANE('347',#6745);
#6747=ORIENTED_EDGE('313',*,*,#6722,.T.);
#6748=ORIENTED_EDGE('314',*,*,#6736,.T.);
#6749=EDGE_LOOP('347',(#6747,#6748));
#6750=FACE_OUTER_BOUND('347',#6749,.F.);
#6752=CARTESIAN_POINT('',(2.134809212776E0,6.6E-1,-5.6E-1));
#6753=DIRECTION('',(1.E0,0.E0,0.E0));
#6754=DIRECTION('',(0.E0,1.E0,0.E0));
#6755=AXIS2_PLACEMENT_3D('',#6752,#6753,#6754);
#6756=CYLINDRICAL_SURFACE('349',#6755,2.05E-1);
#6757=ORIENTED_EDGE('305',*,*,#4909,.F.);
#6759=ORIENTED_EDGE('317',*,*,#6758,.F.);
#6761=ORIENTED_EDGE('315',*,*,#6760,.F.);
#6763=ORIENTED_EDGE('318',*,*,#6762,.F.);
#6764=EDGE_LOOP('349',(#6757,#6759,#6761,#6763));
#6765=FACE_OUTER_BOUND('349',#6764,.F.);
#6767=CARTESIAN_POINT('',(2.134809212776E0,6.6E-1,-5.6E-1));
#6768=DIRECTION('',(1.E0,0.E0,0.E0));
#6769=DIRECTION('',(0.E0,1.E0,0.E0));
#6770=AXIS2_PLACEMENT_3D('',#6767,#6768,#6769);
#6771=CYLINDRICAL_SURFACE('350',#6770,2.05E-1);
#6772=ORIENTED_EDGE('306',*,*,#4911,.F.);
#6773=ORIENTED_EDGE('318',*,*,#6762,.T.);
#6775=ORIENTED_EDGE('316',*,*,#6774,.F.);
#6776=ORIENTED_EDGE('317',*,*,#6758,.T.);
#6777=EDGE_LOOP('350',(#6772,#6773,#6775,#6776));
#6778=FACE_OUTER_BOUND('350',#6777,.F.);
#6780=CARTESIAN_POINT('',(2.34E0,6.6E-1,-5.6E-1));
#6781=DIRECTION('',(1.E0,0.E0,0.E0));
#6782=DIRECTION('',(0.E0,1.E0,0.E0));
#6783=AXIS2_PLACEMENT_3D('',#6780,#6781,#6782);
#6784=PLANE('348',#6783);
#6785=ORIENTED_EDGE('315',*,*,#6760,.T.);
#6786=ORIENTED_EDGE('316',*,*,#6774,.T.);
#6787=EDGE_LOOP('348',(#6785,#6786));
#6788=FACE_OUTER_BOUND('348',#6787,.F.);
#6790=CARTESIAN_POINT('',(2.845E0,-2.54E0,-3.2E-1));
#6791=DIRECTION('',(0.E0,0.E0,1.E0));
#6792=DIRECTION('',(0.E0,1.E0,0.E0));
#6793=AXIS2_PLACEMENT_3D('',#6790,#6791,#6792);
#6794=PLANE('771',#6793);
#6795=ORIENTED_EDGE('814',*,*,#4473,.T.);
#6797=ORIENTED_EDGE('828',*,*,#6796,.F.);
#6799=ORIENTED_EDGE('789',*,*,#6798,.T.);
#6801=ORIENTED_EDGE('823',*,*,#6800,.F.);
#6802=EDGE_LOOP('771',(#6795,#6797,#6799,#6801));
#6803=FACE_OUTER_BOUND('771',#6802,.F.);
#6805=CARTESIAN_POINT('',(2.845E0,-2.54E0,-3.2E-1));
#6806=DIRECTION('',(0.E0,0.E0,1.E0));
#6807=DIRECTION('',(0.E0,1.E0,0.E0));
#6808=AXIS2_PLACEMENT_3D('',#6805,#6806,#6807);
#6809=PLANE('771',#6808);
#6810=ORIENTED_EDGE('818',*,*,#4915,.F.);
#6812=ORIENTED_EDGE('822',*,*,#6811,.F.);
#6814=ORIENTED_EDGE('788',*,*,#6813,.F.);
#6816=ORIENTED_EDGE('829',*,*,#6815,.F.);
#6817=EDGE_LOOP('771',(#6810,#6812,#6814,#6816));
#6818=FACE_OUTER_BOUND('771',#6817,.F.);
#6820=CARTESIAN_POINT('',(2.845E0,-2.22E0,0.E0));
#6821=DIRECTION('',(0.E0,1.E0,0.E0));
#6822=DIRECTION('',(0.E0,0.E0,1.E0));
#6823=AXIS2_PLACEMENT_3D('',#6820,#6821,#6822);
#6824=PLANE('781',#6823);
#6825=ORIENTED_EDGE('817',*,*,#4479,.T.);
#6827=ORIENTED_EDGE('825',*,*,#6826,.T.);
#6829=ORIENTED_EDGE('808',*,*,#6828,.T.);
#6830=ORIENTED_EDGE('828',*,*,#6796,.T.);
#6831=EDGE_LOOP('781',(#6825,#6827,#6829,#6830));
#6832=FACE_OUTER_BOUND('781',#6831,.F.);
#6834=CARTESIAN_POINT('',(2.845E0,-2.22E0,0.E0));
#6835=DIRECTION('',(0.E0,1.E0,0.E0));
#6836=DIRECTION('',(0.E0,0.E0,1.E0));
#6837=AXIS2_PLACEMENT_3D('',#6834,#6835,#6836);
#6838=PLANE('781',#6837);
#6839=ORIENTED_EDGE('821',*,*,#4917,.F.);
#6840=ORIENTED_EDGE('829',*,*,#6815,.T.);
#6842=ORIENTED_EDGE('807',*,*,#6841,.F.);
#6844=ORIENTED_EDGE('824',*,*,#6843,.T.);
#6845=EDGE_LOOP('781',(#6839,#6840,#6842,#6844));
#6846=FACE_OUTER_BOUND('781',#6845,.F.);
#6848=CARTESIAN_POINT('',(2.845E0,-2.54E0,3.2E-1));
#6849=DIRECTION('',(0.E0,0.E0,1.E0));
#6850=DIRECTION('',(0.E0,-1.E0,0.E0));
#6851=AXIS2_PLACEMENT_3D('',#6848,#6849,#6850);
#6852=PLANE('775',#6851);
#6853=ORIENTED_EDGE('815',*,*,#4477,.T.);
#6855=ORIENTED_EDGE('826',*,*,#6854,.F.);
#6857=ORIENTED_EDGE('798',*,*,#6856,.F.);
#6858=ORIENTED_EDGE('825',*,*,#6826,.F.);
#6859=EDGE_LOOP('775',(#6853,#6855,#6857,#6858));
#6860=FACE_OUTER_BOUND('775',#6859,.F.);
#6862=CARTESIAN_POINT('',(2.845E0,-2.54E0,3.2E-1));
#6863=DIRECTION('',(0.E0,0.E0,1.E0));
#6864=DIRECTION('',(0.E0,-1.E0,0.E0));
#6865=AXIS2_PLACEMENT_3D('',#6862,#6863,#6864);
#6866=PLANE('775',#6865);
#6867=ORIENTED_EDGE('819',*,*,#4919,.F.);
#6868=ORIENTED_EDGE('824',*,*,#6843,.F.);
#6870=ORIENTED_EDGE('797',*,*,#6869,.T.);
#6872=ORIENTED_EDGE('827',*,*,#6871,.F.);
#6873=EDGE_LOOP('775',(#6867,#6868,#6870,#6872));
#6874=FACE_OUTER_BOUND('775',#6873,.F.);
#6876=CARTESIAN_POINT('',(2.845E0,-2.86E0,0.E0));
#6877=DIRECTION('',(0.E0,1.E0,0.E0));
#6878=DIRECTION('',(0.E0,0.E0,-1.E0));
#6879=AXIS2_PLACEMENT_3D('',#6876,#6877,#6878);
#6880=PLANE('776',#6879);
#6881=ORIENTED_EDGE('816',*,*,#4475,.T.);
#6882=ORIENTED_EDGE('823',*,*,#6800,.T.);
#6884=ORIENTED_EDGE('801',*,*,#6883,.F.);
#6885=ORIENTED_EDGE('826',*,*,#6854,.T.);
#6886=EDGE_LOOP('776',(#6881,#6882,#6884,#6885));
#6887=FACE_OUTER_BOUND('776',#6886,.F.);
#6889=CARTESIAN_POINT('',(2.845E0,-2.86E0,0.E0));
#6890=DIRECTION('',(0.E0,1.E0,0.E0));
#6891=DIRECTION('',(0.E0,0.E0,-1.E0));
#6892=AXIS2_PLACEMENT_3D('',#6889,#6890,#6891);
#6893=PLANE('776',#6892);
#6894=ORIENTED_EDGE('820',*,*,#4921,.F.);
#6895=ORIENTED_EDGE('827',*,*,#6871,.T.);
#6897=ORIENTED_EDGE('800',*,*,#6896,.F.);
#6898=ORIENTED_EDGE('822',*,*,#6811,.T.);
#6899=EDGE_LOOP('776',(#6894,#6895,#6897,#6898));
#6900=FACE_OUTER_BOUND('776',#6899,.F.);
#6902=CARTESIAN_POINT('',(-2.275549307949E0,-2.76E0,0.E0));
#6903=DIRECTION('',(4.226182617414E-1,9.063077870363E-1,0.E0));
#6904=DIRECTION('',(9.063077870363E-1,-4.226182617414E-1,0.E0));
#6905=AXIS2_PLACEMENT_3D('',#6902,#6903,#6904);
#6906=PLANE('778',#6905);
#6908=ORIENTED_EDGE('786',*,*,#6907,.T.);
#6910=ORIENTED_EDGE('804',*,*,#6909,.F.);
#6911=ORIENTED_EDGE('801',*,*,#6883,.T.);
#6913=ORIENTED_EDGE('787',*,*,#6912,.T.);
#6914=EDGE_LOOP('778',(#6908,#6910,#6911,#6913));
#6915=FACE_OUTER_BOUND('778',#6914,.F.);
#6917=CARTESIAN_POINT('',(-2.49E0,-2.54E0,0.E0));
#6918=DIRECTION('',(1.E0,0.E0,0.E0));
#6919=DIRECTION('',(0.E0,-1.E0,0.E0));
#6920=AXIS2_PLACEMENT_3D('',#6917,#6918,#6919);
#6921=PLANE('769',#6920);
#6923=ORIENTED_EDGE('783',*,*,#6922,.F.);
#6925=ORIENTED_EDGE('784',*,*,#6924,.F.);
#6927=ORIENTED_EDGE('785',*,*,#6926,.F.);
#6928=ORIENTED_EDGE('786',*,*,#6907,.F.);
#6929=EDGE_LOOP('769',(#6923,#6925,#6927,#6928));
#6930=FACE_OUTER_BOUND('769',#6929,.F.);
#6932=CARTESIAN_POINT('',(-2.275549307949E0,-2.54E0,-2.2E-1));
#6933=DIRECTION('',(4.226182617407E-1,0.E0,9.063077870366E-1));
#6934=DIRECTION('',(9.063077870366E-1,0.E0,-4.226182617407E-1));
#6935=AXIS2_PLACEMENT_3D('',#6932,#6933,#6934);
#6936=PLANE('770',#6935);
#6937=ORIENTED_EDGE('789',*,*,#6798,.F.);
#6939=ORIENTED_EDGE('806',*,*,#6938,.F.);
#6940=ORIENTED_EDGE('783',*,*,#6922,.T.);
#6941=ORIENTED_EDGE('787',*,*,#6912,.F.);
#6942=EDGE_LOOP('770',(#6937,#6939,#6940,#6941));
#6943=FACE_OUTER_BOUND('770',#6942,.F.);
#6945=CARTESIAN_POINT('',(-2.275549307949E0,-2.32E0,0.E0));
#6946=DIRECTION('',(-4.226182617414E-1,9.063077870363E-1,0.E0));
#6947=DIRECTION('',(9.063077870363E-1,4.226182617414E-1,0.E0));
#6948=AXIS2_PLACEMENT_3D('',#6945,#6946,#6947);
#6949=PLANE('780',#6948);
#6950=ORIENTED_EDGE('808',*,*,#6828,.F.);
#6952=ORIENTED_EDGE('805',*,*,#6951,.T.);
#6953=ORIENTED_EDGE('784',*,*,#6924,.T.);
#6954=ORIENTED_EDGE('806',*,*,#6938,.T.);
#6955=EDGE_LOOP('780',(#6950,#6952,#6953,#6954));
#6956=FACE_OUTER_BOUND('780',#6955,.F.);
#6958=CARTESIAN_POINT('',(-2.275549307949E0,-2.54E0,2.2E-1));
#6959=DIRECTION('',(-4.226182617407E-1,0.E0,9.063077870366E-1));
#6960=DIRECTION('',(9.063077870366E-1,0.E0,4.226182617407E-1));
#6961=AXIS2_PLACEMENT_3D('',#6958,#6959,#6960);
#6962=PLANE('779',#6961);
#6963=ORIENTED_EDGE('785',*,*,#6926,.T.);
#6964=ORIENTED_EDGE('805',*,*,#6951,.F.);
#6965=ORIENTED_EDGE('798',*,*,#6856,.T.);
#6966=ORIENTED_EDGE('804',*,*,#6909,.T.);
#6967=EDGE_LOOP('779',(#6963,#6964,#6965,#6966));
#6968=FACE_OUTER_BOUND('779',#6967,.F.);
#6970=CARTESIAN_POINT('',(7.965549307949E0,-2.76E0,0.E0));
#6971=DIRECTION('',(-4.226182617414E-1,9.063077870363E-1,0.E0));
#6972=DIRECTION('',(-9.063077870363E-1,-4.226182617414E-1,0.E0));
#6973=AXIS2_PLACEMENT_3D('',#6970,#6971,#6972);
#6974=PLANE('777',#6973);
#6975=ORIENTED_EDGE('800',*,*,#6896,.T.);
#6977=ORIENTED_EDGE('796',*,*,#6976,.T.);
#6979=ORIENTED_EDGE('795',*,*,#6978,.T.);
#6981=ORIENTED_EDGE('803',*,*,#6980,.T.);
#6982=EDGE_LOOP('777',(#6975,#6977,#6979,#6981));
#6983=FACE_OUTER_BOUND('777',#6982,.F.);
#6985=CARTESIAN_POINT('',(7.965549307949E0,-2.54E0,2.2E-1));
#6986=DIRECTION('',(4.226182617407E-1,0.E0,9.063077870366E-1));
#6987=DIRECTION('',(-9.063077870366E-1,0.E0,4.226182617407E-1));
#6988=AXIS2_PLACEMENT_3D('',#6985,#6986,#6987);
#6989=PLANE('774',#6988);
#6990=ORIENTED_EDGE('797',*,*,#6869,.F.);
#6992=ORIENTED_EDGE('810',*,*,#6991,.F.);
#6994=ORIENTED_EDGE('792',*,*,#6993,.T.);
#6995=ORIENTED_EDGE('796',*,*,#6976,.F.);
#6996=EDGE_LOOP('774',(#6990,#6992,#6994,#6995));
#6997=FACE_OUTER_BOUND('774',#6996,.F.);
#6999=CARTESIAN_POINT('',(7.965549307949E0,-2.32E0,0.E0));
#7000=DIRECTION('',(4.226182617414E-1,9.063077870363E-1,0.E0));
#7001=DIRECTION('',(-9.063077870363E-1,4.226182617414E-1,0.E0));
#7002=AXIS2_PLACEMENT_3D('',#6999,#7000,#7001);
#7003=PLANE('782',#7002);
#7004=ORIENTED_EDGE('807',*,*,#6841,.T.);
#7006=ORIENTED_EDGE('791',*,*,#7005,.T.);
#7008=ORIENTED_EDGE('793',*,*,#7007,.T.);
#7009=ORIENTED_EDGE('810',*,*,#6991,.T.);
#7010=EDGE_LOOP('782',(#7004,#7006,#7008,#7009));
#7011=FACE_OUTER_BOUND('782',#7010,.F.);
#7013=CARTESIAN_POINT('',(7.965549307949E0,-2.54E0,-2.2E-1));
#7014=DIRECTION('',(-4.226182617407E-1,0.E0,9.063077870366E-1));
#7015=DIRECTION('',(-9.063077870366E-1,0.E0,-4.226182617407E-1));
#7016=AXIS2_PLACEMENT_3D('',#7013,#7014,#7015);
#7017=PLANE('772',#7016);
#7019=ORIENTED_EDGE('794',*,*,#7018,.F.);
#7020=ORIENTED_EDGE('791',*,*,#7005,.F.);
#7021=ORIENTED_EDGE('788',*,*,#6813,.T.);
#7022=ORIENTED_EDGE('803',*,*,#6980,.F.);
#7023=EDGE_LOOP('772',(#7019,#7020,#7021,#7022));
#7024=FACE_OUTER_BOUND('772',#7023,.F.);
#7026=CARTESIAN_POINT('',(8.18E0,-2.54E0,0.E0));
#7027=DIRECTION('',(1.E0,0.E0,0.E0));
#7028=DIRECTION('',(0.E0,-1.E0,0.E0));
#7029=AXIS2_PLACEMENT_3D('',#7026,#7027,#7028);
#7030=PLANE('773',#7029);
#7031=ORIENTED_EDGE('792',*,*,#6993,.F.);
#7032=ORIENTED_EDGE('793',*,*,#7007,.F.);
#7033=ORIENTED_EDGE('794',*,*,#7018,.T.);
#7034=ORIENTED_EDGE('795',*,*,#6978,.F.);
#7035=EDGE_LOOP('773',(#7031,#7032,#7033,#7034));
#7036=FACE_OUTER_BOUND('773',#7035,.F.);
#7038=CARTESIAN_POINT('',(2.845E0,0.E0,-3.2E-1));
#7039=DIRECTION('',(0.E0,0.E0,1.E0));
#7040=DIRECTION('',(0.E0,1.E0,0.E0));
#7041=AXIS2_PLACEMENT_3D('',#7038,#7039,#7040);
#7042=PLANE('834',#7041);
#7043=ORIENTED_EDGE('877',*,*,#4483,.T.);
#7045=ORIENTED_EDGE('891',*,*,#7044,.F.);
#7047=ORIENTED_EDGE('852',*,*,#7046,.T.);
#7049=ORIENTED_EDGE('886',*,*,#7048,.F.);
#7050=EDGE_LOOP('834',(#7043,#7045,#7047,#7049));
#7051=FACE_OUTER_BOUND('834',#7050,.F.);
#7053=CARTESIAN_POINT('',(2.845E0,0.E0,-3.2E-1));
#7054=DIRECTION('',(0.E0,0.E0,1.E0));
#7055=DIRECTION('',(0.E0,1.E0,0.E0));
#7056=AXIS2_PLACEMENT_3D('',#7053,#7054,#7055);
#7057=PLANE('834',#7056);
#7058=ORIENTED_EDGE('881',*,*,#4925,.F.);
#7060=ORIENTED_EDGE('885',*,*,#7059,.F.);
#7062=ORIENTED_EDGE('851',*,*,#7061,.F.);
#7064=ORIENTED_EDGE('892',*,*,#7063,.F.);
#7065=EDGE_LOOP('834',(#7058,#7060,#7062,#7064));
#7066=FACE_OUTER_BOUND('834',#7065,.F.);
#7068=CARTESIAN_POINT('',(2.845E0,3.2E-1,0.E0));
#7069=DIRECTION('',(0.E0,1.E0,0.E0));
#7070=DIRECTION('',(0.E0,0.E0,1.E0));
#7071=AXIS2_PLACEMENT_3D('',#7068,#7069,#7070);
#7072=PLANE('844',#7071);
#7073=ORIENTED_EDGE('880',*,*,#4489,.T.);
#7075=ORIENTED_EDGE('888',*,*,#7074,.T.);
#7077=ORIENTED_EDGE('871',*,*,#7076,.T.);
#7078=ORIENTED_EDGE('891',*,*,#7044,.T.);
#7079=EDGE_LOOP('844',(#7073,#7075,#7077,#7078));
#7080=FACE_OUTER_BOUND('844',#7079,.F.);
#7082=CARTESIAN_POINT('',(2.845E0,3.2E-1,0.E0));
#7083=DIRECTION('',(0.E0,1.E0,0.E0));
#7084=DIRECTION('',(0.E0,0.E0,1.E0));
#7085=AXIS2_PLACEMENT_3D('',#7082,#7083,#7084);
#7086=PLANE('844',#7085);
#7087=ORIENTED_EDGE('884',*,*,#4927,.F.);
#7088=ORIENTED_EDGE('892',*,*,#7063,.T.);
#7090=ORIENTED_EDGE('870',*,*,#7089,.F.);
#7092=ORIENTED_EDGE('887',*,*,#7091,.T.);
#7093=EDGE_LOOP('844',(#7087,#7088,#7090,#7092));
#7094=FACE_OUTER_BOUND('844',#7093,.F.);
#7096=CARTESIAN_POINT('',(2.845E0,0.E0,3.2E-1));
#7097=DIRECTION('',(0.E0,0.E0,1.E0));
#7098=DIRECTION('',(0.E0,-1.E0,0.E0));
#7099=AXIS2_PLACEMENT_3D('',#7096,#7097,#7098);
#7100=PLANE('838',#7099);
#7101=ORIENTED_EDGE('878',*,*,#4487,.T.);
#7103=ORIENTED_EDGE('889',*,*,#7102,.F.);
#7105=ORIENTED_EDGE('861',*,*,#7104,.F.);
#7106=ORIENTED_EDGE('888',*,*,#7074,.F.);
#7107=EDGE_LOOP('838',(#7101,#7103,#7105,#7106));
#7108=FACE_OUTER_BOUND('838',#7107,.F.);
#7110=CARTESIAN_POINT('',(2.845E0,0.E0,3.2E-1));
#7111=DIRECTION('',(0.E0,0.E0,1.E0));
#7112=DIRECTION('',(0.E0,-1.E0,0.E0));
#7113=AXIS2_PLACEMENT_3D('',#7110,#7111,#7112);
#7114=PLANE('838',#7113);
#7115=ORIENTED_EDGE('882',*,*,#4929,.F.);
#7116=ORIENTED_EDGE('887',*,*,#7091,.F.);
#7118=ORIENTED_EDGE('860',*,*,#7117,.T.);
#7120=ORIENTED_EDGE('890',*,*,#7119,.F.);
#7121=EDGE_LOOP('838',(#7115,#7116,#7118,#7120));
#7122=FACE_OUTER_BOUND('838',#7121,.F.);
#7124=CARTESIAN_POINT('',(2.845E0,-3.2E-1,0.E0));
#7125=DIRECTION('',(0.E0,1.E0,0.E0));
#7126=DIRECTION('',(0.E0,0.E0,-1.E0));
#7127=AXIS2_PLACEMENT_3D('',#7124,#7125,#7126);
#7128=PLANE('839',#7127);
#7129=ORIENTED_EDGE('879',*,*,#4485,.T.);
#7130=ORIENTED_EDGE('886',*,*,#7048,.T.);
#7132=ORIENTED_EDGE('864',*,*,#7131,.F.);
#7133=ORIENTED_EDGE('889',*,*,#7102,.T.);
#7134=EDGE_LOOP('839',(#7129,#7130,#7132,#7133));
#7135=FACE_OUTER_BOUND('839',#7134,.F.);
#7137=CARTESIAN_POINT('',(2.845E0,-3.2E-1,0.E0));
#7138=DIRECTION('',(0.E0,1.E0,0.E0));
#7139=DIRECTION('',(0.E0,0.E0,-1.E0));
#7140=AXIS2_PLACEMENT_3D('',#7137,#7138,#7139);
#7141=PLANE('839',#7140);
#7142=ORIENTED_EDGE('883',*,*,#4931,.F.);
#7143=ORIENTED_EDGE('890',*,*,#7119,.T.);
#7145=ORIENTED_EDGE('863',*,*,#7144,.F.);
#7146=ORIENTED_EDGE('885',*,*,#7059,.T.);
#7147=EDGE_LOOP('839',(#7142,#7143,#7145,#7146));
#7148=FACE_OUTER_BOUND('839',#7147,.F.);
#7150=CARTESIAN_POINT('',(-2.275549307949E0,-2.2E-1,0.E0));
#7151=DIRECTION('',(4.226182617407E-1,9.063077870366E-1,0.E0));
#7152=DIRECTION('',(9.063077870366E-1,-4.226182617407E-1,0.E0));
#7153=AXIS2_PLACEMENT_3D('',#7150,#7151,#7152);
#7154=PLANE('841',#7153);
#7156=ORIENTED_EDGE('849',*,*,#7155,.T.);
#7158=ORIENTED_EDGE('867',*,*,#7157,.F.);
#7159=ORIENTED_EDGE('864',*,*,#7131,.T.);
#7161=ORIENTED_EDGE('850',*,*,#7160,.T.);
#7162=EDGE_LOOP('841',(#7156,#7158,#7159,#7161));
#7163=FACE_OUTER_BOUND('841',#7162,.F.);
#7165=CARTESIAN_POINT('',(-2.49E0,0.E0,0.E0));
#7166=DIRECTION('',(1.E0,0.E0,0.E0));
#7167=DIRECTION('',(0.E0,-1.E0,0.E0));
#7168=AXIS2_PLACEMENT_3D('',#7165,#7166,#7167);
#7169=PLANE('832',#7168);
#7171=ORIENTED_EDGE('846',*,*,#7170,.F.);
#7173=ORIENTED_EDGE('847',*,*,#7172,.F.);
#7175=ORIENTED_EDGE('848',*,*,#7174,.F.);
#7176=ORIENTED_EDGE('849',*,*,#7155,.F.);
#7177=EDGE_LOOP('832',(#7171,#7173,#7175,#7176));
#7178=FACE_OUTER_BOUND('832',#7177,.F.);
#7180=CARTESIAN_POINT('',(-2.275549307949E0,0.E0,-2.2E-1));
#7181=DIRECTION('',(4.226182617407E-1,0.E0,9.063077870366E-1));
#7182=DIRECTION('',(9.063077870366E-1,0.E0,-4.226182617407E-1));
#7183=AXIS2_PLACEMENT_3D('',#7180,#7181,#7182);
#7184=PLANE('833',#7183);
#7185=ORIENTED_EDGE('852',*,*,#7046,.F.);
#7187=ORIENTED_EDGE('869',*,*,#7186,.F.);
#7188=ORIENTED_EDGE('846',*,*,#7170,.T.);
#7189=ORIENTED_EDGE('850',*,*,#7160,.F.);
#7190=EDGE_LOOP('833',(#7185,#7187,#7188,#7189));
#7191=FACE_OUTER_BOUND('833',#7190,.F.);
#7193=CARTESIAN_POINT('',(-2.275549307949E0,2.2E-1,0.E0));
#7194=DIRECTION('',(-4.226182617407E-1,9.063077870366E-1,0.E0));
#7195=DIRECTION('',(9.063077870366E-1,4.226182617407E-1,0.E0));
#7196=AXIS2_PLACEMENT_3D('',#7193,#7194,#7195);
#7197=PLANE('843',#7196);
#7198=ORIENTED_EDGE('871',*,*,#7076,.F.);
#7200=ORIENTED_EDGE('868',*,*,#7199,.T.);
#7201=ORIENTED_EDGE('847',*,*,#7172,.T.);
#7202=ORIENTED_EDGE('869',*,*,#7186,.T.);
#7203=EDGE_LOOP('843',(#7198,#7200,#7201,#7202));
#7204=FACE_OUTER_BOUND('843',#7203,.F.);
#7206=CARTESIAN_POINT('',(-2.275549307949E0,0.E0,2.2E-1));
#7207=DIRECTION('',(-4.226182617407E-1,0.E0,9.063077870366E-1));
#7208=DIRECTION('',(9.063077870366E-1,0.E0,4.226182617407E-1));
#7209=AXIS2_PLACEMENT_3D('',#7206,#7207,#7208);
#7210=PLANE('842',#7209);
#7211=ORIENTED_EDGE('848',*,*,#7174,.T.);
#7212=ORIENTED_EDGE('868',*,*,#7199,.F.);
#7213=ORIENTED_EDGE('861',*,*,#7104,.T.);
#7214=ORIENTED_EDGE('867',*,*,#7157,.T.);
#7215=EDGE_LOOP('842',(#7211,#7212,#7213,#7214));
#7216=FACE_OUTER_BOUND('842',#7215,.F.);
#7218=CARTESIAN_POINT('',(7.965549307949E0,-2.2E-1,0.E0));
#7219=DIRECTION('',(-4.226182617407E-1,9.063077870366E-1,0.E0));
#7220=DIRECTION('',(-9.063077870366E-1,-4.226182617407E-1,0.E0));
#7221=AXIS2_PLACEMENT_3D('',#7218,#7219,#7220);
#7222=PLANE('840',#7221);
#7223=ORIENTED_EDGE('863',*,*,#7144,.T.);
#7225=ORIENTED_EDGE('859',*,*,#7224,.T.);
#7227=ORIENTED_EDGE('858',*,*,#7226,.T.);
#7229=ORIENTED_EDGE('866',*,*,#7228,.T.);
#7230=EDGE_LOOP('840',(#7223,#7225,#7227,#7229));
#7231=FACE_OUTER_BOUND('840',#7230,.F.);
#7233=CARTESIAN_POINT('',(7.965549307949E0,0.E0,2.2E-1));
#7234=DIRECTION('',(4.226182617407E-1,0.E0,9.063077870366E-1));
#7235=DIRECTION('',(-9.063077870366E-1,0.E0,4.226182617407E-1));
#7236=AXIS2_PLACEMENT_3D('',#7233,#7234,#7235);
#7237=PLANE('837',#7236);
#7238=ORIENTED_EDGE('860',*,*,#7117,.F.);
#7240=ORIENTED_EDGE('873',*,*,#7239,.F.);
#7242=ORIENTED_EDGE('855',*,*,#7241,.T.);
#7243=ORIENTED_EDGE('859',*,*,#7224,.F.);
#7244=EDGE_LOOP('837',(#7238,#7240,#7242,#7243));
#7245=FACE_OUTER_BOUND('837',#7244,.F.);
#7247=CARTESIAN_POINT('',(7.965549307949E0,2.2E-1,0.E0));
#7248=DIRECTION('',(4.226182617407E-1,9.063077870366E-1,0.E0));
#7249=DIRECTION('',(-9.063077870366E-1,4.226182617407E-1,0.E0));
#7250=AXIS2_PLACEMENT_3D('',#7247,#7248,#7249);
#7251=PLANE('845',#7250);
#7252=ORIENTED_EDGE('870',*,*,#7089,.T.);
#7254=ORIENTED_EDGE('854',*,*,#7253,.T.);
#7256=ORIENTED_EDGE('856',*,*,#7255,.T.);
#7257=ORIENTED_EDGE('873',*,*,#7239,.T.);
#7258=EDGE_LOOP('845',(#7252,#7254,#7256,#7257));
#7259=FACE_OUTER_BOUND('845',#7258,.F.);
#7261=CARTESIAN_POINT('',(7.965549307949E0,0.E0,-2.2E-1));
#7262=DIRECTION('',(-4.226182617407E-1,0.E0,9.063077870366E-1));
#7263=DIRECTION('',(-9.063077870366E-1,0.E0,-4.226182617407E-1));
#7264=AXIS2_PLACEMENT_3D('',#7261,#7262,#7263);
#7265=PLANE('835',#7264);
#7267=ORIENTED_EDGE('857',*,*,#7266,.F.);
#7268=ORIENTED_EDGE('854',*,*,#7253,.F.);
#7269=ORIENTED_EDGE('851',*,*,#7061,.T.);
#7270=ORIENTED_EDGE('866',*,*,#7228,.F.);
#7271=EDGE_LOOP('835',(#7267,#7268,#7269,#7270));
#7272=FACE_OUTER_BOUND('835',#7271,.F.);
#7274=CARTESIAN_POINT('',(8.18E0,0.E0,0.E0));
#7275=DIRECTION('',(1.E0,0.E0,0.E0));
#7276=DIRECTION('',(0.E0,-1.E0,0.E0));
#7277=AXIS2_PLACEMENT_3D('',#7274,#7275,#7276);
#7278=PLANE('836',#7277);
#7279=ORIENTED_EDGE('855',*,*,#7241,.F.);
#7280=ORIENTED_EDGE('856',*,*,#7255,.F.);
#7281=ORIENTED_EDGE('857',*,*,#7266,.T.);
#7282=ORIENTED_EDGE('858',*,*,#7226,.F.);
#7283=EDGE_LOOP('836',(#7279,#7280,#7281,#7282));
#7284=FACE_OUTER_BOUND('836',#7283,.F.);
#7286=CARTESIAN_POINT('',(-4.28E-2,-6.35E0,-1.025E0));
#7287=DIRECTION('',(1.E0,0.E0,0.E0));
#7288=DIRECTION('',(0.E0,1.E0,0.E0));
#7289=AXIS2_PLACEMENT_3D('',#7286,#7287,#7288);
#7290=CYLINDRICAL_SURFACE('1447',#7289,2.5E-1);
#7291=ORIENTED_EDGE('1725',*,*,#4631,.F.);
#7293=ORIENTED_EDGE('1626',*,*,#7292,.T.);
#7294=ORIENTED_EDGE('1719',*,*,#4273,.T.);
#7296=ORIENTED_EDGE('1496',*,*,#7295,.T.);
#7297=EDGE_LOOP('1447',(#7291,#7293,#7294,#7296));
#7298=FACE_OUTER_BOUND('1447',#7297,.F.);
#7300=CARTESIAN_POINT('',(1.07E0,-6.058906701304E0,-1.064157919616E0));
#7301=DIRECTION('',(0.E0,9.135454576427E-1,4.067366430756E-1));
#7302=DIRECTION('',(0.E0,4.067366430756E-1,-9.135454576427E-1));
#7303=AXIS2_PLACEMENT_3D('',#7300,#7301,#7302);
#7304=PLANE('1577',#7303);
#7305=ORIENTED_EDGE('1614',*,*,#4275,.F.);
#7306=ORIENTED_EDGE('1626',*,*,#7292,.F.);
#7307=ORIENTED_EDGE('1638',*,*,#4765,.F.);
#7309=ORIENTED_EDGE('1625',*,*,#7308,.T.);
#7310=EDGE_LOOP('1577',(#7305,#7306,#7307,#7309));
#7311=FACE_OUTER_BOUND('1577',#7310,.F.);
#7313=CARTESIAN_POINT('',(1.07E0,-5.08E0,-1.205E0));
#7314=DIRECTION('',(0.E0,0.E0,1.E0));
#7315=DIRECTION('',(0.E0,1.E0,0.E0));
#7316=AXIS2_PLACEMENT_3D('',#7313,#7314,#7315);
#7317=PLANE('1576',#7316);
#7318=ORIENTED_EDGE('1615',*,*,#4277,.T.);
#7319=ORIENTED_EDGE('1625',*,*,#7308,.F.);
#7320=ORIENTED_EDGE('1637',*,*,#4763,.F.);
#7322=ORIENTED_EDGE('1624',*,*,#7321,.T.);
#7323=EDGE_LOOP('1576',(#7318,#7319,#7320,#7322));
#7324=FACE_OUTER_BOUND('1576',#7323,.F.);
#7326=CARTESIAN_POINT('',(1.07E0,-4.101093298696E0,-1.064157919616E0));
#7327=DIRECTION('',(0.E0,9.135454576427E-1,-4.067366430756E-1));
#7328=DIRECTION('',(0.E0,4.067366430756E-1,9.135454576427E-1));
#7329=AXIS2_PLACEMENT_3D('',#7326,#7327,#7328);
#7330=PLANE('1575',#7329);
#7331=ORIENTED_EDGE('1604',*,*,#4279,.F.);
#7332=ORIENTED_EDGE('1624',*,*,#7321,.F.);
#7333=ORIENTED_EDGE('1636',*,*,#4761,.F.);
#7335=ORIENTED_EDGE('1635',*,*,#7334,.F.);
#7336=EDGE_LOOP('1575',(#7331,#7332,#7333,#7335));
#7337=FACE_OUTER_BOUND('1575',#7336,.F.);
#7339=CARTESIAN_POINT('',(-4.28E-2,-3.81E0,-1.025E0));
#7340=DIRECTION('',(1.E0,0.E0,0.E0));
#7341=DIRECTION('',(0.E0,1.E0,0.E0));
#7342=AXIS2_PLACEMENT_3D('',#7339,#7340,#7341);
#7343=CYLINDRICAL_SURFACE('368',#7342,2.5E-1);
#7344=ORIENTED_EDGE('1722',*,*,#4281,.T.);
#7345=ORIENTED_EDGE('1635',*,*,#7334,.T.);
#7346=ORIENTED_EDGE('1723',*,*,#4759,.F.);
#7348=ORIENTED_EDGE('416',*,*,#7347,.T.);
#7349=EDGE_LOOP('368',(#7344,#7345,#7346,#7348));
#7350=FACE_OUTER_BOUND('368',#7349,.F.);
#7352=CARTESIAN_POINT('',(1.07E0,-3.518906701304E0,-1.064157919616E0));
#7353=DIRECTION('',(0.E0,9.135454576427E-1,4.067366430756E-1));
#7354=DIRECTION('',(0.E0,4.067366430756E-1,-9.135454576427E-1));
#7355=AXIS2_PLACEMENT_3D('',#7352,#7353,#7354);
#7356=PLANE('367',#7355);
#7357=ORIENTED_EDGE('404',*,*,#4283,.F.);
#7358=ORIENTED_EDGE('416',*,*,#7347,.F.);
#7359=ORIENTED_EDGE('428',*,*,#4757,.F.);
#7361=ORIENTED_EDGE('415',*,*,#7360,.T.);
#7362=EDGE_LOOP('367',(#7357,#7358,#7359,#7361));
#7363=FACE_OUTER_BOUND('367',#7362,.F.);
#7365=CARTESIAN_POINT('',(1.07E0,-2.54E0,-1.205E0));
#7366=DIRECTION('',(0.E0,0.E0,1.E0));
#7367=DIRECTION('',(0.E0,1.E0,0.E0));
#7368=AXIS2_PLACEMENT_3D('',#7365,#7366,#7367);
#7369=PLANE('366',#7368);
#7370=ORIENTED_EDGE('405',*,*,#4285,.T.);
#7371=ORIENTED_EDGE('415',*,*,#7360,.F.);
#7372=ORIENTED_EDGE('427',*,*,#4755,.F.);
#7374=ORIENTED_EDGE('414',*,*,#7373,.T.);
#7375=EDGE_LOOP('366',(#7370,#7371,#7372,#7374));
#7376=FACE_OUTER_BOUND('366',#7375,.F.);
#7378=CARTESIAN_POINT('',(1.07E0,-1.561093298696E0,-1.064157919616E0));
#7379=DIRECTION('',(0.E0,9.135454576427E-1,-4.067366430756E-1));
#7380=DIRECTION('',(0.E0,4.067366430756E-1,9.135454576427E-1));
#7381=AXIS2_PLACEMENT_3D('',#7378,#7379,#7380);
#7382=PLANE('365',#7381);
#7383=ORIENTED_EDGE('394',*,*,#4287,.F.);
#7384=ORIENTED_EDGE('414',*,*,#7373,.F.);
#7385=ORIENTED_EDGE('426',*,*,#4753,.F.);
#7387=ORIENTED_EDGE('425',*,*,#7386,.F.);
#7388=EDGE_LOOP('365',(#7383,#7384,#7385,#7387));
#7389=FACE_OUTER_BOUND('365',#7388,.F.);
#7391=CARTESIAN_POINT('',(-4.28E-2,-1.27E0,-1.025E0));
#7392=DIRECTION('',(1.E0,0.E0,0.E0));
#7393=DIRECTION('',(0.E0,1.E0,0.E0));
#7394=AXIS2_PLACEMENT_3D('',#7391,#7392,#7393);
#7395=CYLINDRICAL_SURFACE('331',#7394,2.5E-1);
#7396=ORIENTED_EDGE('482',*,*,#4289,.T.);
#7397=ORIENTED_EDGE('425',*,*,#7386,.T.);
#7398=ORIENTED_EDGE('483',*,*,#4751,.F.);
#7400=ORIENTED_EDGE('277',*,*,#7399,.T.);
#7401=EDGE_LOOP('331',(#7396,#7397,#7398,#7400));
#7402=FACE_OUTER_BOUND('331',#7401,.F.);
#7404=CARTESIAN_POINT('',(1.07E0,-9.789067013037E-1,-1.064157919616E0));
#7405=DIRECTION('',(0.E0,9.135454576421E-1,4.067366430769E-1));
#7406=DIRECTION('',(0.E0,4.067366430769E-1,-9.135454576421E-1));
#7407=AXIS2_PLACEMENT_3D('',#7404,#7405,#7406);
#7408=PLANE('330',#7407);
#7409=ORIENTED_EDGE('265',*,*,#4291,.F.);
#7410=ORIENTED_EDGE('277',*,*,#7399,.F.);
#7411=ORIENTED_EDGE('289',*,*,#4749,.F.);
#7413=ORIENTED_EDGE('276',*,*,#7412,.T.);
#7414=EDGE_LOOP('330',(#7409,#7410,#7411,#7413));
#7415=FACE_OUTER_BOUND('330',#7414,.F.);
#7417=CARTESIAN_POINT('',(1.07E0,0.E0,-1.205E0));
#7418=DIRECTION('',(0.E0,0.E0,1.E0));
#7419=DIRECTION('',(0.E0,1.E0,0.E0));
#7420=AXIS2_PLACEMENT_3D('',#7417,#7418,#7419);
#7421=PLANE('329',#7420);
#7422=ORIENTED_EDGE('266',*,*,#4293,.T.);
#7423=ORIENTED_EDGE('276',*,*,#7412,.F.);
#7424=ORIENTED_EDGE('288',*,*,#4747,.F.);
#7426=ORIENTED_EDGE('275',*,*,#7425,.T.);
#7427=EDGE_LOOP('329',(#7422,#7423,#7424,#7426));
#7428=FACE_OUTER_BOUND('329',#7427,.F.);
#7430=CARTESIAN_POINT('',(1.07E0,9.789067013037E-1,-1.064157919616E0));
#7431=DIRECTION('',(0.E0,9.135454576421E-1,-4.067366430769E-1));
#7432=DIRECTION('',(0.E0,4.067366430769E-1,9.135454576421E-1));
#7433=AXIS2_PLACEMENT_3D('',#7430,#7431,#7432);
#7434=PLANE('328',#7433);
#7435=ORIENTED_EDGE('255',*,*,#4295,.F.);
#7436=ORIENTED_EDGE('275',*,*,#7425,.F.);
#7437=ORIENTED_EDGE('287',*,*,#4745,.F.);
#7439=ORIENTED_EDGE('286',*,*,#7438,.F.);
#7440=EDGE_LOOP('328',(#7435,#7436,#7437,#7439));
#7441=FACE_OUTER_BOUND('328',#7440,.F.);
#7443=CARTESIAN_POINT('',(-4.28E-2,1.27E0,-1.025E0));
#7444=DIRECTION('',(1.E0,0.E0,0.E0));
#7445=DIRECTION('',(0.E0,1.E0,0.E0));
#7446=AXIS2_PLACEMENT_3D('',#7443,#7444,#7445);
#7447=CYLINDRICAL_SURFACE('339',#7446,2.5E-1);
#7448=ORIENTED_EDGE('256',*,*,#4297,.F.);
#7449=ORIENTED_EDGE('286',*,*,#7438,.T.);
#7450=ORIENTED_EDGE('298',*,*,#4743,.F.);
#7452=ORIENTED_EDGE('285',*,*,#7451,.T.);
#7453=EDGE_LOOP('339',(#7448,#7449,#7450,#7452));
#7454=FACE_OUTER_BOUND('339',#7453,.F.);
#7456=CARTESIAN_POINT('',(1.07E0,1.27E0,0.E0));
#7457=DIRECTION('',(0.E0,1.E0,0.E0));
#7458=DIRECTION('',(0.E0,0.E0,1.E0));
#7459=AXIS2_PLACEMENT_3D('',#7456,#7457,#7458);
#7460=PLANE('338',#7459);
#7461=ORIENTED_EDGE('257',*,*,#4299,.T.);
#7462=ORIENTED_EDGE('285',*,*,#7451,.F.);
#7463=ORIENTED_EDGE('297',*,*,#4741,.F.);
#7465=ORIENTED_EDGE('284',*,*,#7464,.T.);
#7466=EDGE_LOOP('338',(#7461,#7462,#7463,#7465));
#7467=FACE_OUTER_BOUND('338',#7466,.F.);
#7469=CARTESIAN_POINT('',(-4.28E-2,1.27E0,1.025E0));
#7470=DIRECTION('',(1.E0,0.E0,0.E0));
#7471=DIRECTION('',(0.E0,1.E0,0.E0));
#7472=AXIS2_PLACEMENT_3D('',#7469,#7470,#7471);
#7473=CYLINDRICAL_SURFACE('337',#7472,2.5E-1);
#7474=ORIENTED_EDGE('258',*,*,#4301,.F.);
#7475=ORIENTED_EDGE('284',*,*,#7464,.F.);
#7476=ORIENTED_EDGE('296',*,*,#4739,.F.);
#7478=ORIENTED_EDGE('283',*,*,#7477,.T.);
#7479=EDGE_LOOP('337',(#7474,#7475,#7476,#7478));
#7480=FACE_OUTER_BOUND('337',#7479,.F.);
#7482=CARTESIAN_POINT('',(1.07E0,9.789067013037E-1,1.064157919616E0));
#7483=DIRECTION('',(0.E0,9.135454576421E-1,4.067366430769E-1));
#7484=DIRECTION('',(0.E0,-4.067366430769E-1,9.135454576421E-1));
#7485=AXIS2_PLACEMENT_3D('',#7482,#7483,#7484);
#7486=PLANE('336',#7485);
#7487=ORIENTED_EDGE('259',*,*,#4303,.F.);
#7488=ORIENTED_EDGE('283',*,*,#7477,.F.);
#7489=ORIENTED_EDGE('295',*,*,#4737,.F.);
#7491=ORIENTED_EDGE('282',*,*,#7490,.T.);
#7492=EDGE_LOOP('336',(#7487,#7488,#7489,#7491));
#7493=FACE_OUTER_BOUND('336',#7492,.F.);
#7495=CARTESIAN_POINT('',(1.07E0,0.E0,1.205E0));
#7496=DIRECTION('',(0.E0,0.E0,1.E0));
#7497=DIRECTION('',(0.E0,-1.E0,0.E0));
#7498=AXIS2_PLACEMENT_3D('',#7495,#7496,#7497);
#7499=PLANE('335',#7498);
#7500=ORIENTED_EDGE('260',*,*,#4305,.T.);
#7501=ORIENTED_EDGE('282',*,*,#7490,.F.);
#7502=ORIENTED_EDGE('294',*,*,#4735,.F.);
#7504=ORIENTED_EDGE('281',*,*,#7503,.T.);
#7505=EDGE_LOOP('335',(#7500,#7501,#7502,#7504));
#7506=FACE_OUTER_BOUND('335',#7505,.F.);
#7508=CARTESIAN_POINT('',(1.07E0,-9.789067013037E-1,1.064157919616E0));
#7509=DIRECTION('',(0.E0,9.135454576421E-1,-4.067366430769E-1));
#7510=DIRECTION('',(0.E0,-4.067366430769E-1,-9.135454576421E-1));
#7511=AXIS2_PLACEMENT_3D('',#7508,#7509,#7510);
#7512=PLANE('334',#7511);
#7513=ORIENTED_EDGE('261',*,*,#4307,.F.);
#7514=ORIENTED_EDGE('281',*,*,#7503,.F.);
#7515=ORIENTED_EDGE('293',*,*,#4733,.F.);
#7517=ORIENTED_EDGE('280',*,*,#7516,.T.);
#7518=EDGE_LOOP('334',(#7513,#7514,#7515,#7517));
#7519=FACE_OUTER_BOUND('334',#7518,.F.);
#7521=CARTESIAN_POINT('',(-4.28E-2,-1.27E0,1.025E0));
#7522=DIRECTION('',(1.E0,0.E0,0.E0));
#7523=DIRECTION('',(0.E0,1.E0,0.E0));
#7524=AXIS2_PLACEMENT_3D('',#7521,#7522,#7523);
#7525=CYLINDRICAL_SURFACE('333',#7524,2.5E-1);
#7526=ORIENTED_EDGE('484',*,*,#4731,.F.);
#7528=ORIENTED_EDGE('422',*,*,#7527,.T.);
#7529=ORIENTED_EDGE('481',*,*,#4309,.T.);
#7530=ORIENTED_EDGE('280',*,*,#7516,.F.);
#7531=EDGE_LOOP('333',(#7526,#7528,#7529,#7530));
#7532=FACE_OUTER_BOUND('333',#7531,.F.);
#7534=CARTESIAN_POINT('',(1.07E0,-1.561093298696E0,1.064157919616E0));
#7535=DIRECTION('',(0.E0,9.135454576427E-1,4.067366430756E-1));
#7536=DIRECTION('',(0.E0,-4.067366430756E-1,9.135454576427E-1));
#7537=AXIS2_PLACEMENT_3D('',#7534,#7535,#7536);
#7538=PLANE('373',#7537);
#7539=ORIENTED_EDGE('398',*,*,#4311,.F.);
#7540=ORIENTED_EDGE('422',*,*,#7527,.F.);
#7541=ORIENTED_EDGE('434',*,*,#4729,.F.);
#7543=ORIENTED_EDGE('421',*,*,#7542,.T.);
#7544=EDGE_LOOP('373',(#7539,#7540,#7541,#7543));
#7545=FACE_OUTER_BOUND('373',#7544,.F.);
#7547=CARTESIAN_POINT('',(1.07E0,-2.54E0,1.205E0));
#7548=DIRECTION('',(0.E0,0.E0,1.E0));
#7549=DIRECTION('',(0.E0,-1.E0,0.E0));
#7550=AXIS2_PLACEMENT_3D('',#7547,#7548,#7549);
#7551=PLANE('372',#7550);
#7552=ORIENTED_EDGE('399',*,*,#4313,.T.);
#7553=ORIENTED_EDGE('421',*,*,#7542,.F.);
#7554=ORIENTED_EDGE('433',*,*,#4727,.F.);
#7556=ORIENTED_EDGE('420',*,*,#7555,.T.);
#7557=EDGE_LOOP('372',(#7552,#7553,#7554,#7556));
#7558=FACE_OUTER_BOUND('372',#7557,.F.);
#7560=CARTESIAN_POINT('',(1.07E0,-3.518906701304E0,1.064157919616E0));
#7561=DIRECTION('',(0.E0,9.135454576427E-1,-4.067366430756E-1));
#7562=DIRECTION('',(0.E0,-4.067366430756E-1,-9.135454576427E-1));
#7563=AXIS2_PLACEMENT_3D('',#7560,#7561,#7562);
#7564=PLANE('371',#7563);
#7565=ORIENTED_EDGE('400',*,*,#4315,.F.);
#7566=ORIENTED_EDGE('420',*,*,#7555,.F.);
#7567=ORIENTED_EDGE('432',*,*,#4725,.F.);
#7569=ORIENTED_EDGE('419',*,*,#7568,.T.);
#7570=EDGE_LOOP('371',(#7565,#7566,#7567,#7569));
#7571=FACE_OUTER_BOUND('371',#7570,.F.);
#7573=CARTESIAN_POINT('',(-4.28E-2,-3.81E0,1.025E0));
#7574=DIRECTION('',(1.E0,0.E0,0.E0));
#7575=DIRECTION('',(0.E0,1.E0,0.E0));
#7576=AXIS2_PLACEMENT_3D('',#7573,#7574,#7575);
#7577=CYLINDRICAL_SURFACE('370',#7576,2.5E-1);
#7578=ORIENTED_EDGE('1724',*,*,#4723,.F.);
#7580=ORIENTED_EDGE('1632',*,*,#7579,.T.);
#7581=ORIENTED_EDGE('1721',*,*,#4317,.T.);
#7582=ORIENTED_EDGE('419',*,*,#7568,.F.);
#7583=EDGE_LOOP('370',(#7578,#7580,#7581,#7582));
#7584=FACE_OUTER_BOUND('370',#7583,.F.);
#7586=CARTESIAN_POINT('',(1.07E0,-4.101093298696E0,1.064157919616E0));
#7587=DIRECTION('',(0.E0,9.135454576427E-1,4.067366430756E-1));
#7588=DIRECTION('',(0.E0,-4.067366430756E-1,9.135454576427E-1));
#7589=AXIS2_PLACEMENT_3D('',#7586,#7587,#7588);
#7590=PLANE('1583',#7589);
#7591=ORIENTED_EDGE('1608',*,*,#4319,.F.);
#7592=ORIENTED_EDGE('1632',*,*,#7579,.F.);
#7593=ORIENTED_EDGE('1644',*,*,#4721,.F.);
#7595=ORIENTED_EDGE('1631',*,*,#7594,.T.);
#7596=EDGE_LOOP('1583',(#7591,#7592,#7593,#7595));
#7597=FACE_OUTER_BOUND('1583',#7596,.F.);
#7599=CARTESIAN_POINT('',(1.07E0,-5.08E0,1.205E0));
#7600=DIRECTION('',(0.E0,0.E0,1.E0));
#7601=DIRECTION('',(0.E0,-1.E0,0.E0));
#7602=AXIS2_PLACEMENT_3D('',#7599,#7600,#7601);
#7603=PLANE('1582',#7602);
#7604=ORIENTED_EDGE('1609',*,*,#4321,.T.);
#7605=ORIENTED_EDGE('1631',*,*,#7594,.F.);
#7606=ORIENTED_EDGE('1643',*,*,#4719,.F.);
#7608=ORIENTED_EDGE('1630',*,*,#7607,.T.);
#7609=EDGE_LOOP('1582',(#7604,#7605,#7606,#7608));
#7610=FACE_OUTER_BOUND('1582',#7609,.F.);
#7612=CARTESIAN_POINT('',(1.07E0,-6.058906701304E0,1.064157919616E0));
#7613=DIRECTION('',(0.E0,9.135454576427E-1,-4.067366430756E-1));
#7614=DIRECTION('',(0.E0,-4.067366430756E-1,-9.135454576427E-1));
#7615=AXIS2_PLACEMENT_3D('',#7612,#7613,#7614);
#7616=PLANE('1581',#7615);
#7617=ORIENTED_EDGE('1610',*,*,#4323,.F.);
#7618=ORIENTED_EDGE('1630',*,*,#7607,.F.);
#7619=ORIENTED_EDGE('1642',*,*,#4717,.F.);
#7621=ORIENTED_EDGE('1629',*,*,#7620,.T.);
#7622=EDGE_LOOP('1581',(#7617,#7618,#7619,#7621));
#7623=FACE_OUTER_BOUND('1581',#7622,.F.);
#7625=CARTESIAN_POINT('',(-4.28E-2,-6.35E0,1.025E0));
#7626=DIRECTION('',(1.E0,0.E0,0.E0));
#7627=DIRECTION('',(0.E0,1.E0,0.E0));
#7628=AXIS2_PLACEMENT_3D('',#7625,#7626,#7627);
#7629=CYLINDRICAL_SURFACE('1445',#7628,2.5E-1);
#7630=ORIENTED_EDGE('1720',*,*,#4189,.T.);
#7631=ORIENTED_EDGE('1629',*,*,#7620,.F.);
#7632=ORIENTED_EDGE('1726',*,*,#4715,.F.);
#7634=ORIENTED_EDGE('1493',*,*,#7633,.T.);
#7635=EDGE_LOOP('1445',(#7630,#7631,#7632,#7634));
#7636=FACE_OUTER_BOUND('1445',#7635,.F.);
#7638=CARTESIAN_POINT('',(1.07E0,-6.641093298696E0,1.064157919616E0));
#7639=DIRECTION('',(0.E0,9.135454576427E-1,4.067366430756E-1));
#7640=DIRECTION('',(0.E0,-4.067366430756E-1,9.135454576427E-1));
#7641=AXIS2_PLACEMENT_3D('',#7638,#7639,#7640);
#7642=PLANE('1444',#7641);
#7643=ORIENTED_EDGE('1469',*,*,#4191,.F.);
#7644=ORIENTED_EDGE('1493',*,*,#7633,.F.);
#7645=ORIENTED_EDGE('1505',*,*,#4713,.F.);
#7647=ORIENTED_EDGE('1492',*,*,#7646,.T.);
#7648=EDGE_LOOP('1444',(#7643,#7644,#7645,#7647));
#7649=FACE_OUTER_BOUND('1444',#7648,.F.);
#7651=CARTESIAN_POINT('',(1.07E0,-7.62E0,1.205E0));
#7652=DIRECTION('',(0.E0,0.E0,1.E0));
#7653=DIRECTION('',(0.E0,-1.E0,0.E0));
#7654=AXIS2_PLACEMENT_3D('',#7651,#7652,#7653);
#7655=PLANE('1443',#7654);
#7656=ORIENTED_EDGE('1470',*,*,#4193,.T.);
#7657=ORIENTED_EDGE('1492',*,*,#7646,.F.);
#7658=ORIENTED_EDGE('1504',*,*,#4711,.F.);
#7660=ORIENTED_EDGE('1491',*,*,#7659,.T.);
#7661=EDGE_LOOP('1443',(#7656,#7657,#7658,#7660));
#7662=FACE_OUTER_BOUND('1443',#7661,.F.);
#7664=CARTESIAN_POINT('',(1.07E0,-8.598906701304E0,1.064157919616E0));
#7665=DIRECTION('',(0.E0,9.135454576427E-1,-4.067366430756E-1));
#7666=DIRECTION('',(0.E0,-4.067366430756E-1,-9.135454576427E-1));
#7667=AXIS2_PLACEMENT_3D('',#7664,#7665,#7666);
#7668=PLANE('1442',#7667);
#7669=ORIENTED_EDGE('1471',*,*,#4195,.F.);
#7670=ORIENTED_EDGE('1491',*,*,#7659,.F.);
#7671=ORIENTED_EDGE('1503',*,*,#4709,.F.);
#7673=ORIENTED_EDGE('1490',*,*,#7672,.T.);
#7674=EDGE_LOOP('1442',(#7669,#7670,#7671,#7673));
#7675=FACE_OUTER_BOUND('1442',#7674,.F.);
#7677=CARTESIAN_POINT('',(-4.28E-2,-8.89E0,1.025E0));
#7678=DIRECTION('',(1.E0,0.E0,0.E0));
#7679=DIRECTION('',(0.E0,1.E0,0.E0));
#7680=AXIS2_PLACEMENT_3D('',#7677,#7678,#7679);
#7681=CYLINDRICAL_SURFACE('1306',#7680,2.5E-1);
#7682=ORIENTED_EDGE('1569',*,*,#4197,.T.);
#7683=ORIENTED_EDGE('1490',*,*,#7672,.F.);
#7684=ORIENTED_EDGE('1570',*,*,#4707,.F.);
#7686=ORIENTED_EDGE('1354',*,*,#7685,.T.);
#7687=EDGE_LOOP('1306',(#7682,#7683,#7684,#7686));
#7688=FACE_OUTER_BOUND('1306',#7687,.F.);
#7690=CARTESIAN_POINT('',(1.07E0,-9.181093298696E0,1.064157919616E0));
#7691=DIRECTION('',(0.E0,9.135454576427E-1,4.067366430756E-1));
#7692=DIRECTION('',(0.E0,-4.067366430756E-1,9.135454576427E-1));
#7693=AXIS2_PLACEMENT_3D('',#7690,#7691,#7692);
#7694=PLANE('1305',#7693);
#7695=ORIENTED_EDGE('1330',*,*,#4199,.F.);
#7696=ORIENTED_EDGE('1354',*,*,#7685,.F.);
#7697=ORIENTED_EDGE('1366',*,*,#4705,.F.);
#7699=ORIENTED_EDGE('1353',*,*,#7698,.T.);
#7700=EDGE_LOOP('1305',(#7695,#7696,#7697,#7699));
#7701=FACE_OUTER_BOUND('1305',#7700,.F.);
#7703=CARTESIAN_POINT('',(1.07E0,-1.016E1,1.205E0));
#7704=DIRECTION('',(0.E0,0.E0,1.E0));
#7705=DIRECTION('',(0.E0,-1.E0,0.E0));
#7706=AXIS2_PLACEMENT_3D('',#7703,#7704,#7705);
#7707=PLANE('1304',#7706);
#7708=ORIENTED_EDGE('1331',*,*,#4201,.T.);
#7709=ORIENTED_EDGE('1353',*,*,#7698,.F.);
#7710=ORIENTED_EDGE('1365',*,*,#4703,.F.);
#7712=ORIENTED_EDGE('1352',*,*,#7711,.T.);
#7713=EDGE_LOOP('1304',(#7708,#7709,#7710,#7712));
#7714=FACE_OUTER_BOUND('1304',#7713,.F.);
#7716=CARTESIAN_POINT('',(1.07E0,-1.113890670130E1,1.064157919615E0));
#7717=DIRECTION('',(0.E0,9.135454576473E-1,-4.067366430652E-1));
#7718=DIRECTION('',(0.E0,-4.067366430652E-1,-9.135454576473E-1));
#7719=AXIS2_PLACEMENT_3D('',#7716,#7717,#7718);
#7720=PLANE('1303',#7719);
#7721=ORIENTED_EDGE('1332',*,*,#4203,.F.);
#7722=ORIENTED_EDGE('1352',*,*,#7711,.F.);
#7723=ORIENTED_EDGE('1364',*,*,#4701,.F.);
#7725=ORIENTED_EDGE('1351',*,*,#7724,.T.);
#7726=EDGE_LOOP('1303',(#7721,#7722,#7723,#7725));
#7727=FACE_OUTER_BOUND('1303',#7726,.F.);
#7729=CARTESIAN_POINT('',(-4.28E-2,-1.143E1,1.025E0));
#7730=DIRECTION('',(1.E0,0.E0,0.E0));
#7731=DIRECTION('',(0.E0,1.E0,0.E0));
#7732=AXIS2_PLACEMENT_3D('',#7729,#7730,#7731);
#7733=CYLINDRICAL_SURFACE('1167',#7732,2.5E-1);
#7734=ORIENTED_EDGE('1430',*,*,#4205,.T.);
#7735=ORIENTED_EDGE('1351',*,*,#7724,.F.);
#7736=ORIENTED_EDGE('1431',*,*,#4699,.F.);
#7738=ORIENTED_EDGE('1215',*,*,#7737,.T.);
#7739=EDGE_LOOP('1167',(#7734,#7735,#7736,#7738));
#7740=FACE_OUTER_BOUND('1167',#7739,.F.);
#7742=CARTESIAN_POINT('',(1.07E0,-1.172109329870E1,1.064157919615E0));
#7743=DIRECTION('',(0.E0,9.135454576473E-1,4.067366430652E-1));
#7744=DIRECTION('',(0.E0,-4.067366430652E-1,9.135454576473E-1));
#7745=AXIS2_PLACEMENT_3D('',#7742,#7743,#7744);
#7746=PLANE('1166',#7745);
#7747=ORIENTED_EDGE('1191',*,*,#4207,.F.);
#7748=ORIENTED_EDGE('1215',*,*,#7737,.F.);
#7749=ORIENTED_EDGE('1227',*,*,#4697,.F.);
#7751=ORIENTED_EDGE('1214',*,*,#7750,.T.);
#7752=EDGE_LOOP('1166',(#7747,#7748,#7749,#7751));
#7753=FACE_OUTER_BOUND('1166',#7752,.F.);
#7755=CARTESIAN_POINT('',(1.07E0,-1.27E1,1.205E0));
#7756=DIRECTION('',(0.E0,0.E0,1.E0));
#7757=DIRECTION('',(0.E0,-1.E0,0.E0));
#7758=AXIS2_PLACEMENT_3D('',#7755,#7756,#7757);
#7759=PLANE('1165',#7758);
#7760=ORIENTED_EDGE('1192',*,*,#4209,.T.);
#7761=ORIENTED_EDGE('1214',*,*,#7750,.F.);
#7762=ORIENTED_EDGE('1226',*,*,#4695,.F.);
#7764=ORIENTED_EDGE('1213',*,*,#7763,.T.);
#7765=EDGE_LOOP('1165',(#7760,#7761,#7762,#7764));
#7766=FACE_OUTER_BOUND('1165',#7765,.F.);
#7768=CARTESIAN_POINT('',(1.07E0,-1.367890670130E1,1.064157919615E0));
#7769=DIRECTION('',(0.E0,9.135454576473E-1,-4.067366430652E-1));
#7770=DIRECTION('',(0.E0,-4.067366430652E-1,-9.135454576473E-1));
#7771=AXIS2_PLACEMENT_3D('',#7768,#7769,#7770);
#7772=PLANE('1164',#7771);
#7773=ORIENTED_EDGE('1193',*,*,#4211,.F.);
#7774=ORIENTED_EDGE('1213',*,*,#7763,.F.);
#7775=ORIENTED_EDGE('1225',*,*,#4693,.F.);
#7777=ORIENTED_EDGE('1212',*,*,#7776,.T.);
#7778=EDGE_LOOP('1164',(#7773,#7774,#7775,#7777));
#7779=FACE_OUTER_BOUND('1164',#7778,.F.);
#7781=CARTESIAN_POINT('',(-4.28E-2,-1.397E1,1.025E0));
#7782=DIRECTION('',(1.E0,0.E0,0.E0));
#7783=DIRECTION('',(0.E0,1.E0,0.E0));
#7784=AXIS2_PLACEMENT_3D('',#7781,#7782,#7783);
#7785=CYLINDRICAL_SURFACE('1028',#7784,2.5E-1);
#7786=ORIENTED_EDGE('1291',*,*,#4213,.T.);
#7787=ORIENTED_EDGE('1212',*,*,#7776,.F.);
#7788=ORIENTED_EDGE('1292',*,*,#4691,.F.);
#7790=ORIENTED_EDGE('1076',*,*,#7789,.T.);
#7791=EDGE_LOOP('1028',(#7786,#7787,#7788,#7790));
#7792=FACE_OUTER_BOUND('1028',#7791,.F.);
#7794=CARTESIAN_POINT('',(1.07E0,-1.426109329870E1,1.064157919615E0));
#7795=DIRECTION('',(0.E0,9.135454576473E-1,4.067366430652E-1));
#7796=DIRECTION('',(0.E0,-4.067366430652E-1,9.135454576473E-1));
#7797=AXIS2_PLACEMENT_3D('',#7794,#7795,#7796);
#7798=PLANE('1027',#7797);
#7799=ORIENTED_EDGE('1052',*,*,#4215,.F.);
#7800=ORIENTED_EDGE('1076',*,*,#7789,.F.);
#7801=ORIENTED_EDGE('1088',*,*,#4689,.F.);
#7803=ORIENTED_EDGE('1075',*,*,#7802,.T.);
#7804=EDGE_LOOP('1027',(#7799,#7800,#7801,#7803));
#7805=FACE_OUTER_BOUND('1027',#7804,.F.);
#7807=CARTESIAN_POINT('',(1.07E0,-1.524E1,1.205E0));
#7808=DIRECTION('',(0.E0,0.E0,1.E0));
#7809=DIRECTION('',(0.E0,-1.E0,0.E0));
#7810=AXIS2_PLACEMENT_3D('',#7807,#7808,#7809);
#7811=PLANE('1026',#7810);
#7812=ORIENTED_EDGE('1053',*,*,#4217,.T.);
#7813=ORIENTED_EDGE('1075',*,*,#7802,.F.);
#7814=ORIENTED_EDGE('1087',*,*,#4687,.F.);
#7816=ORIENTED_EDGE('1074',*,*,#7815,.T.);
#7817=EDGE_LOOP('1026',(#7812,#7813,#7814,#7816));
#7818=FACE_OUTER_BOUND('1026',#7817,.F.);
#7820=CARTESIAN_POINT('',(1.07E0,-1.621890670130E1,1.064157919615E0));
#7821=DIRECTION('',(0.E0,9.135454576473E-1,-4.067366430652E-1));
#7822=DIRECTION('',(0.E0,-4.067366430652E-1,-9.135454576473E-1));
#7823=AXIS2_PLACEMENT_3D('',#7820,#7821,#7822);
#7824=PLANE('1025',#7823);
#7825=ORIENTED_EDGE('1054',*,*,#4219,.F.);
#7826=ORIENTED_EDGE('1074',*,*,#7815,.F.);
#7827=ORIENTED_EDGE('1086',*,*,#4685,.F.);
#7829=ORIENTED_EDGE('1073',*,*,#7828,.T.);
#7830=EDGE_LOOP('1025',(#7825,#7826,#7827,#7829));
#7831=FACE_OUTER_BOUND('1025',#7830,.F.);
#7833=CARTESIAN_POINT('',(-4.28E-2,-1.651E1,1.025E0));
#7834=DIRECTION('',(1.E0,0.E0,0.E0));
#7835=DIRECTION('',(0.E0,1.E0,0.E0));
#7836=AXIS2_PLACEMENT_3D('',#7833,#7834,#7835);
#7837=CYLINDRICAL_SURFACE('905',#7836,2.5E-1);
#7838=ORIENTED_EDGE('1152',*,*,#4221,.T.);
#7839=ORIENTED_EDGE('1073',*,*,#7828,.F.);
#7840=ORIENTED_EDGE('1153',*,*,#4683,.F.);
#7842=ORIENTED_EDGE('953',*,*,#7841,.T.);
#7843=EDGE_LOOP('905',(#7838,#7839,#7840,#7842));
#7844=FACE_OUTER_BOUND('905',#7843,.F.);
#7846=CARTESIAN_POINT('',(1.07E0,-1.680109329870E1,1.064157919615E0));
#7847=DIRECTION('',(0.E0,9.135454576473E-1,4.067366430652E-1));
#7848=DIRECTION('',(0.E0,-4.067366430652E-1,9.135454576473E-1));
#7849=AXIS2_PLACEMENT_3D('',#7846,#7847,#7848);
#7850=PLANE('904',#7849);
#7851=ORIENTED_EDGE('929',*,*,#4223,.F.);
#7852=ORIENTED_EDGE('953',*,*,#7841,.F.);
#7853=ORIENTED_EDGE('965',*,*,#4681,.F.);
#7855=ORIENTED_EDGE('952',*,*,#7854,.T.);
#7856=EDGE_LOOP('904',(#7851,#7852,#7853,#7855));
#7857=FACE_OUTER_BOUND('904',#7856,.F.);
#7859=CARTESIAN_POINT('',(1.07E0,-1.778E1,1.205E0));
#7860=DIRECTION('',(0.E0,0.E0,1.E0));
#7861=DIRECTION('',(0.E0,-1.E0,0.E0));
#7862=AXIS2_PLACEMENT_3D('',#7859,#7860,#7861);
#7863=PLANE('903',#7862);
#7864=ORIENTED_EDGE('930',*,*,#4225,.T.);
#7865=ORIENTED_EDGE('952',*,*,#7854,.F.);
#7866=ORIENTED_EDGE('964',*,*,#4679,.F.);
#7868=ORIENTED_EDGE('951',*,*,#7867,.T.);
#7869=EDGE_LOOP('903',(#7864,#7865,#7866,#7868));
#7870=FACE_OUTER_BOUND('903',#7869,.F.);
#7872=CARTESIAN_POINT('',(1.07E0,-1.875890670130E1,1.064157919615E0));
#7873=DIRECTION('',(0.E0,9.135454576473E-1,-4.067366430652E-1));
#7874=DIRECTION('',(0.E0,-4.067366430652E-1,-9.135454576473E-1));
#7875=AXIS2_PLACEMENT_3D('',#7872,#7873,#7874);
#7876=PLANE('902',#7875);
#7877=ORIENTED_EDGE('931',*,*,#4227,.F.);
#7878=ORIENTED_EDGE('951',*,*,#7867,.F.);
#7879=ORIENTED_EDGE('963',*,*,#4677,.F.);
#7881=ORIENTED_EDGE('950',*,*,#7880,.T.);
#7882=EDGE_LOOP('902',(#7877,#7878,#7879,#7881));
#7883=FACE_OUTER_BOUND('902',#7882,.F.);
#7885=CARTESIAN_POINT('',(-4.28E-2,-1.905E1,1.025E0));
#7886=DIRECTION('',(1.E0,0.E0,0.E0));
#7887=DIRECTION('',(0.E0,1.E0,0.E0));
#7888=AXIS2_PLACEMENT_3D('',#7885,#7886,#7887);
#7889=CYLINDRICAL_SURFACE('901',#7888,2.5E-1);
#7890=ORIENTED_EDGE('932',*,*,#4229,.F.);
#7891=ORIENTED_EDGE('950',*,*,#7880,.F.);
#7892=ORIENTED_EDGE('962',*,*,#4675,.F.);
#7894=ORIENTED_EDGE('949',*,*,#7893,.T.);
#7895=EDGE_LOOP('901',(#7890,#7891,#7892,#7894));
#7896=FACE_OUTER_BOUND('901',#7895,.F.);
#7898=CARTESIAN_POINT('',(1.07E0,-1.905E1,0.E0));
#7899=DIRECTION('',(0.E0,1.E0,0.E0));
#7900=DIRECTION('',(0.E0,0.E0,-1.E0));
#7901=AXIS2_PLACEMENT_3D('',#7898,#7899,#7900);
#7902=PLANE('900',#7901);
#7903=ORIENTED_EDGE('933',*,*,#4231,.T.);
#7904=ORIENTED_EDGE('949',*,*,#7893,.F.);
#7905=ORIENTED_EDGE('961',*,*,#4673,.F.);
#7907=ORIENTED_EDGE('948',*,*,#7906,.T.);
#7908=EDGE_LOOP('900',(#7903,#7904,#7905,#7907));
#7909=FACE_OUTER_BOUND('900',#7908,.F.);
#7911=CARTESIAN_POINT('',(-4.28E-2,-1.905E1,-1.025E0));
#7912=DIRECTION('',(1.E0,0.E0,0.E0));
#7913=DIRECTION('',(0.E0,1.E0,0.E0));
#7914=AXIS2_PLACEMENT_3D('',#7911,#7912,#7913);
#7915=CYLINDRICAL_SURFACE('899',#7914,2.5E-1);
#7916=ORIENTED_EDGE('934',*,*,#4233,.F.);
#7917=ORIENTED_EDGE('948',*,*,#7906,.F.);
#7918=ORIENTED_EDGE('960',*,*,#4671,.F.);
#7920=ORIENTED_EDGE('947',*,*,#7919,.T.);
#7921=EDGE_LOOP('899',(#7916,#7917,#7918,#7920));
#7922=FACE_OUTER_BOUND('899',#7921,.F.);
#7924=CARTESIAN_POINT('',(1.07E0,-1.875890670130E1,-1.064157919615E0));
#7925=DIRECTION('',(0.E0,9.135454576473E-1,4.067366430652E-1));
#7926=DIRECTION('',(0.E0,4.067366430652E-1,-9.135454576473E-1));
#7927=AXIS2_PLACEMENT_3D('',#7924,#7925,#7926);
#7928=PLANE('898',#7927);
#7929=ORIENTED_EDGE('935',*,*,#4235,.F.);
#7930=ORIENTED_EDGE('947',*,*,#7919,.F.);
#7931=ORIENTED_EDGE('959',*,*,#4669,.F.);
#7933=ORIENTED_EDGE('946',*,*,#7932,.T.);
#7934=EDGE_LOOP('898',(#7929,#7930,#7931,#7933));
#7935=FACE_OUTER_BOUND('898',#7934,.F.);
#7937=CARTESIAN_POINT('',(1.07E0,-1.778E1,-1.205E0));
#7938=DIRECTION('',(0.E0,0.E0,1.E0));
#7939=DIRECTION('',(0.E0,1.E0,0.E0));
#7940=AXIS2_PLACEMENT_3D('',#7937,#7938,#7939);
#7941=PLANE('897',#7940);
#7942=ORIENTED_EDGE('936',*,*,#4237,.T.);
#7943=ORIENTED_EDGE('946',*,*,#7932,.F.);
#7944=ORIENTED_EDGE('958',*,*,#4667,.F.);
#7946=ORIENTED_EDGE('945',*,*,#7945,.T.);
#7947=EDGE_LOOP('897',(#7942,#7943,#7944,#7946));
#7948=FACE_OUTER_BOUND('897',#7947,.F.);
#7950=CARTESIAN_POINT('',(1.07E0,-1.680109329870E1,-1.064157919615E0));
#7951=DIRECTION('',(0.E0,9.135454576473E-1,-4.067366430652E-1));
#7952=DIRECTION('',(0.E0,4.067366430652E-1,9.135454576473E-1));
#7953=AXIS2_PLACEMENT_3D('',#7950,#7951,#7952);
#7954=PLANE('896',#7953);
#7955=ORIENTED_EDGE('925',*,*,#4239,.F.);
#7956=ORIENTED_EDGE('945',*,*,#7945,.F.);
#7957=ORIENTED_EDGE('957',*,*,#4665,.F.);
#7959=ORIENTED_EDGE('956',*,*,#7958,.F.);
#7960=EDGE_LOOP('896',(#7955,#7956,#7957,#7959));
#7961=FACE_OUTER_BOUND('896',#7960,.F.);
#7963=CARTESIAN_POINT('',(-4.28E-2,-1.651E1,-1.025E0));
#7964=DIRECTION('',(1.E0,0.E0,0.E0));
#7965=DIRECTION('',(0.E0,1.E0,0.E0));
#7966=AXIS2_PLACEMENT_3D('',#7963,#7964,#7965);
#7967=CYLINDRICAL_SURFACE('907',#7966,2.5E-1);
#7968=ORIENTED_EDGE('1154',*,*,#4663,.F.);
#7970=ORIENTED_EDGE('1070',*,*,#7969,.T.);
#7971=ORIENTED_EDGE('1151',*,*,#4241,.T.);
#7972=ORIENTED_EDGE('956',*,*,#7958,.T.);
#7973=EDGE_LOOP('907',(#7968,#7970,#7971,#7972));
#7974=FACE_OUTER_BOUND('907',#7973,.F.);
#7976=CARTESIAN_POINT('',(1.07E0,-1.621890670130E1,-1.064157919615E0));
#7977=DIRECTION('',(0.E0,9.135454576473E-1,4.067366430652E-1));
#7978=DIRECTION('',(0.E0,4.067366430652E-1,-9.135454576473E-1));
#7979=AXIS2_PLACEMENT_3D('',#7976,#7977,#7978);
#7980=PLANE('1021',#7979);
#7981=ORIENTED_EDGE('1058',*,*,#4243,.F.);
#7982=ORIENTED_EDGE('1070',*,*,#7969,.F.);
#7983=ORIENTED_EDGE('1082',*,*,#4661,.F.);
#7985=ORIENTED_EDGE('1069',*,*,#7984,.T.);
#7986=EDGE_LOOP('1021',(#7981,#7982,#7983,#7985));
#7987=FACE_OUTER_BOUND('1021',#7986,.F.);
#7989=CARTESIAN_POINT('',(1.07E0,-1.524E1,-1.205E0));
#7990=DIRECTION('',(0.E0,0.E0,1.E0));
#7991=DIRECTION('',(0.E0,1.E0,0.E0));
#7992=AXIS2_PLACEMENT_3D('',#7989,#7990,#7991);
#7993=PLANE('1020',#7992);
#7994=ORIENTED_EDGE('1059',*,*,#4245,.T.);
#7995=ORIENTED_EDGE('1069',*,*,#7984,.F.);
#7996=ORIENTED_EDGE('1081',*,*,#4659,.F.);
#7998=ORIENTED_EDGE('1068',*,*,#7997,.T.);
#7999=EDGE_LOOP('1020',(#7994,#7995,#7996,#7998));
#8000=FACE_OUTER_BOUND('1020',#7999,.F.);
#8002=CARTESIAN_POINT('',(1.07E0,-1.426109329870E1,-1.064157919615E0));
#8003=DIRECTION('',(0.E0,9.135454576473E-1,-4.067366430652E-1));
#8004=DIRECTION('',(0.E0,4.067366430652E-1,9.135454576473E-1));
#8005=AXIS2_PLACEMENT_3D('',#8002,#8003,#8004);
#8006=PLANE('1019',#8005);
#8007=ORIENTED_EDGE('1048',*,*,#4247,.F.);
#8008=ORIENTED_EDGE('1068',*,*,#7997,.F.);
#8009=ORIENTED_EDGE('1080',*,*,#4657,.F.);
#8011=ORIENTED_EDGE('1079',*,*,#8010,.F.);
#8012=EDGE_LOOP('1019',(#8007,#8008,#8009,#8011));
#8013=FACE_OUTER_BOUND('1019',#8012,.F.);
#8015=CARTESIAN_POINT('',(-4.28E-2,-1.397E1,-1.025E0));
#8016=DIRECTION('',(1.E0,0.E0,0.E0));
#8017=DIRECTION('',(0.E0,1.E0,0.E0));
#8018=AXIS2_PLACEMENT_3D('',#8015,#8016,#8017);
#8019=CYLINDRICAL_SURFACE('1030',#8018,2.5E-1);
#8020=ORIENTED_EDGE('1293',*,*,#4655,.F.);
#8022=ORIENTED_EDGE('1209',*,*,#8021,.T.);
#8023=ORIENTED_EDGE('1290',*,*,#4249,.T.);
#8024=ORIENTED_EDGE('1079',*,*,#8010,.T.);
#8025=EDGE_LOOP('1030',(#8020,#8022,#8023,#8024));
#8026=FACE_OUTER_BOUND('1030',#8025,.F.);
#8028=CARTESIAN_POINT('',(1.07E0,-1.367890670130E1,-1.064157919615E0));
#8029=DIRECTION('',(0.E0,9.135454576473E-1,4.067366430652E-1));
#8030=DIRECTION('',(0.E0,4.067366430652E-1,-9.135454576473E-1));
#8031=AXIS2_PLACEMENT_3D('',#8028,#8029,#8030);
#8032=PLANE('1160',#8031);
#8033=ORIENTED_EDGE('1197',*,*,#4251,.F.);
#8034=ORIENTED_EDGE('1209',*,*,#8021,.F.);
#8035=ORIENTED_EDGE('1221',*,*,#4653,.F.);
#8037=ORIENTED_EDGE('1208',*,*,#8036,.T.);
#8038=EDGE_LOOP('1160',(#8033,#8034,#8035,#8037));
#8039=FACE_OUTER_BOUND('1160',#8038,.F.);
#8041=CARTESIAN_POINT('',(1.07E0,-1.27E1,-1.205E0));
#8042=DIRECTION('',(0.E0,0.E0,1.E0));
#8043=DIRECTION('',(0.E0,1.E0,0.E0));
#8044=AXIS2_PLACEMENT_3D('',#8041,#8042,#8043);
#8045=PLANE('1159',#8044);
#8046=ORIENTED_EDGE('1198',*,*,#4253,.T.);
#8047=ORIENTED_EDGE('1208',*,*,#8036,.F.);
#8048=ORIENTED_EDGE('1220',*,*,#4651,.F.);
#8050=ORIENTED_EDGE('1207',*,*,#8049,.T.);
#8051=EDGE_LOOP('1159',(#8046,#8047,#8048,#8050));
#8052=FACE_OUTER_BOUND('1159',#8051,.F.);
#8054=CARTESIAN_POINT('',(1.07E0,-1.172109329870E1,-1.064157919615E0));
#8055=DIRECTION('',(0.E0,9.135454576473E-1,-4.067366430652E-1));
#8056=DIRECTION('',(0.E0,4.067366430652E-1,9.135454576473E-1));
#8057=AXIS2_PLACEMENT_3D('',#8054,#8055,#8056);
#8058=PLANE('1158',#8057);
#8059=ORIENTED_EDGE('1187',*,*,#4255,.F.);
#8060=ORIENTED_EDGE('1207',*,*,#8049,.F.);
#8061=ORIENTED_EDGE('1219',*,*,#4649,.F.);
#8063=ORIENTED_EDGE('1218',*,*,#8062,.F.);
#8064=EDGE_LOOP('1158',(#8059,#8060,#8061,#8063));
#8065=FACE_OUTER_BOUND('1158',#8064,.F.);
#8067=CARTESIAN_POINT('',(-4.28E-2,-1.143E1,-1.025E0));
#8068=DIRECTION('',(1.E0,0.E0,0.E0));
#8069=DIRECTION('',(0.E0,1.E0,0.E0));
#8070=AXIS2_PLACEMENT_3D('',#8067,#8068,#8069);
#8071=CYLINDRICAL_SURFACE('1169',#8070,2.5E-1);
#8072=ORIENTED_EDGE('1432',*,*,#4647,.F.);
#8074=ORIENTED_EDGE('1348',*,*,#8073,.T.);
#8075=ORIENTED_EDGE('1429',*,*,#4257,.T.);
#8076=ORIENTED_EDGE('1218',*,*,#8062,.T.);
#8077=EDGE_LOOP('1169',(#8072,#8074,#8075,#8076));
#8078=FACE_OUTER_BOUND('1169',#8077,.F.);
#8080=CARTESIAN_POINT('',(1.07E0,-1.113890670130E1,-1.064157919615E0));
#8081=DIRECTION('',(0.E0,9.135454576473E-1,4.067366430652E-1));
#8082=DIRECTION('',(0.E0,4.067366430652E-1,-9.135454576473E-1));
#8083=AXIS2_PLACEMENT_3D('',#8080,#8081,#8082);
#8084=PLANE('1299',#8083);
#8085=ORIENTED_EDGE('1336',*,*,#4259,.F.);
#8086=ORIENTED_EDGE('1348',*,*,#8073,.F.);
#8087=ORIENTED_EDGE('1360',*,*,#4645,.F.);
#8089=ORIENTED_EDGE('1347',*,*,#8088,.T.);
#8090=EDGE_LOOP('1299',(#8085,#8086,#8087,#8089));
#8091=FACE_OUTER_BOUND('1299',#8090,.F.);
#8093=CARTESIAN_POINT('',(1.07E0,-1.016E1,-1.205E0));
#8094=DIRECTION('',(0.E0,0.E0,1.E0));
#8095=DIRECTION('',(0.E0,1.E0,0.E0));
#8096=AXIS2_PLACEMENT_3D('',#8093,#8094,#8095);
#8097=PLANE('1298',#8096);
#8098=ORIENTED_EDGE('1337',*,*,#4261,.T.);
#8099=ORIENTED_EDGE('1347',*,*,#8088,.F.);
#8100=ORIENTED_EDGE('1359',*,*,#4643,.F.);
#8102=ORIENTED_EDGE('1346',*,*,#8101,.T.);
#8103=EDGE_LOOP('1298',(#8098,#8099,#8100,#8102));
#8104=FACE_OUTER_BOUND('1298',#8103,.F.);
#8106=CARTESIAN_POINT('',(1.07E0,-9.181093298696E0,-1.064157919616E0));
#8107=DIRECTION('',(0.E0,9.135454576427E-1,-4.067366430756E-1));
#8108=DIRECTION('',(0.E0,4.067366430756E-1,9.135454576427E-1));
#8109=AXIS2_PLACEMENT_3D('',#8106,#8107,#8108);
#8110=PLANE('1297',#8109);
#8111=ORIENTED_EDGE('1326',*,*,#4263,.F.);
#8112=ORIENTED_EDGE('1346',*,*,#8101,.F.);
#8113=ORIENTED_EDGE('1358',*,*,#4641,.F.);
#8115=ORIENTED_EDGE('1357',*,*,#8114,.F.);
#8116=EDGE_LOOP('1297',(#8111,#8112,#8113,#8115));
#8117=FACE_OUTER_BOUND('1297',#8116,.F.);
#8119=CARTESIAN_POINT('',(-4.28E-2,-8.89E0,-1.025E0));
#8120=DIRECTION('',(1.E0,0.E0,0.E0));
#8121=DIRECTION('',(0.E0,1.E0,0.E0));
#8122=AXIS2_PLACEMENT_3D('',#8119,#8120,#8121);
#8123=CYLINDRICAL_SURFACE('1308',#8122,2.5E-1);
#8124=ORIENTED_EDGE('1571',*,*,#4639,.F.);
#8126=ORIENTED_EDGE('1487',*,*,#8125,.T.);
#8127=ORIENTED_EDGE('1568',*,*,#4265,.T.);
#8128=ORIENTED_EDGE('1357',*,*,#8114,.T.);
#8129=EDGE_LOOP('1308',(#8124,#8126,#8127,#8128));
#8130=FACE_OUTER_BOUND('1308',#8129,.F.);
#8132=CARTESIAN_POINT('',(1.07E0,-8.598906701304E0,-1.064157919616E0));
#8133=DIRECTION('',(0.E0,9.135454576427E-1,4.067366430756E-1));
#8134=DIRECTION('',(0.E0,4.067366430756E-1,-9.135454576427E-1));
#8135=AXIS2_PLACEMENT_3D('',#8132,#8133,#8134);
#8136=PLANE('1438',#8135);
#8137=ORIENTED_EDGE('1475',*,*,#4267,.F.);
#8138=ORIENTED_EDGE('1487',*,*,#8125,.F.);
#8139=ORIENTED_EDGE('1499',*,*,#4637,.F.);
#8141=ORIENTED_EDGE('1486',*,*,#8140,.T.);
#8142=EDGE_LOOP('1438',(#8137,#8138,#8139,#8141));
#8143=FACE_OUTER_BOUND('1438',#8142,.F.);
#8145=CARTESIAN_POINT('',(1.07E0,-7.62E0,-1.205E0));
#8146=DIRECTION('',(0.E0,0.E0,1.E0));
#8147=DIRECTION('',(0.E0,1.E0,0.E0));
#8148=AXIS2_PLACEMENT_3D('',#8145,#8146,#8147);
#8149=PLANE('1437',#8148);
#8150=ORIENTED_EDGE('1476',*,*,#4269,.T.);
#8151=ORIENTED_EDGE('1486',*,*,#8140,.F.);
#8152=ORIENTED_EDGE('1498',*,*,#4635,.F.);
#8154=ORIENTED_EDGE('1485',*,*,#8153,.T.);
#8155=EDGE_LOOP('1437',(#8150,#8151,#8152,#8154));
#8156=FACE_OUTER_BOUND('1437',#8155,.F.);
#8158=CARTESIAN_POINT('',(1.07E0,-6.641093298696E0,-1.064157919616E0));
#8159=DIRECTION('',(0.E0,9.135454576427E-1,-4.067366430756E-1));
#8160=DIRECTION('',(0.E0,4.067366430756E-1,9.135454576427E-1));
#8161=AXIS2_PLACEMENT_3D('',#8158,#8159,#8160);
#8162=PLANE('1436',#8161);
#8163=ORIENTED_EDGE('1465',*,*,#4271,.F.);
#8164=ORIENTED_EDGE('1485',*,*,#8153,.F.);
#8165=ORIENTED_EDGE('1497',*,*,#4633,.F.);
#8166=ORIENTED_EDGE('1496',*,*,#7295,.F.);
#8167=EDGE_LOOP('1436',(#8163,#8164,#8165,#8166));
#8168=FACE_OUTER_BOUND('1436',#8167,.F.);
#8170=CARTESIAN_POINT('',(7.965549307949E0,-1.778E1,2.2E-1));
#8171=DIRECTION('',(4.226182617407E-1,0.E0,9.063077870366E-1));
#8172=DIRECTION('',(-9.063077870366E-1,0.E0,4.226182617407E-1));
#8173=AXIS2_PLACEMENT_3D('',#8170,#8171,#8172);
#8174=PLANE('492',#8173);
#8175=ORIENTED_EDGE('515',*,*,#4620,.F.);
#8177=ORIENTED_EDGE('528',*,*,#8176,.F.);
#8179=ORIENTED_EDGE('510',*,*,#8178,.T.);
#8181=ORIENTED_EDGE('514',*,*,#8180,.F.);
#8182=EDGE_LOOP('492',(#8175,#8177,#8179,#8181));
#8183=FACE_OUTER_BOUND('492',#8182,.F.);
#8185=CARTESIAN_POINT('',(7.965549307949E0,-1.756E1,0.E0));
#8186=DIRECTION('',(4.226182617480E-1,9.063077870333E-1,0.E0));
#8187=DIRECTION('',(-9.063077870333E-1,4.226182617480E-1,0.E0));
#8188=AXIS2_PLACEMENT_3D('',#8185,#8186,#8187);
#8189=PLANE('500',#8188);
#8190=ORIENTED_EDGE('525',*,*,#4593,.T.);
#8192=ORIENTED_EDGE('509',*,*,#8191,.T.);
#8194=ORIENTED_EDGE('511',*,*,#8193,.T.);
#8195=ORIENTED_EDGE('528',*,*,#8176,.T.);
#8196=EDGE_LOOP('500',(#8190,#8192,#8194,#8195));
#8197=FACE_OUTER_BOUND('500',#8196,.F.);
#8199=CARTESIAN_POINT('',(7.965549307949E0,-1.778E1,-2.2E-1));
#8200=DIRECTION('',(-4.226182617407E-1,0.E0,9.063077870366E-1));
#8201=DIRECTION('',(-9.063077870366E-1,0.E0,-4.226182617407E-1));
#8202=AXIS2_PLACEMENT_3D('',#8199,#8200,#8201);
#8203=PLANE('490',#8202);
#8205=ORIENTED_EDGE('512',*,*,#8204,.F.);
#8206=ORIENTED_EDGE('509',*,*,#8191,.F.);
#8207=ORIENTED_EDGE('506',*,*,#4177,.T.);
#8209=ORIENTED_EDGE('521',*,*,#8208,.F.);
#8210=EDGE_LOOP('490',(#8205,#8206,#8207,#8209));
#8211=FACE_OUTER_BOUND('490',#8210,.F.);
#8213=CARTESIAN_POINT('',(8.18E0,-1.778E1,0.E0));
#8214=DIRECTION('',(1.E0,0.E0,0.E0));
#8215=DIRECTION('',(0.E0,-1.E0,0.E0));
#8216=AXIS2_PLACEMENT_3D('',#8213,#8214,#8215);
#8217=PLANE('491',#8216);
#8218=ORIENTED_EDGE('510',*,*,#8178,.F.);
#8219=ORIENTED_EDGE('511',*,*,#8193,.F.);
#8220=ORIENTED_EDGE('512',*,*,#8204,.T.);
#8222=ORIENTED_EDGE('513',*,*,#8221,.F.);
#8223=EDGE_LOOP('491',(#8218,#8219,#8220,#8222));
#8224=FACE_OUTER_BOUND('491',#8223,.F.);
#8226=CARTESIAN_POINT('',(7.965549307949E0,-1.8E1,0.E0));
#8227=DIRECTION('',(-4.226182617479E-1,9.063077870333E-1,0.E0));
#8228=DIRECTION('',(-9.063077870333E-1,-4.226182617479E-1,0.E0));
#8229=AXIS2_PLACEMENT_3D('',#8226,#8227,#8228);
#8230=PLANE('495',#8229);
#8231=ORIENTED_EDGE('518',*,*,#4526,.T.);
#8232=ORIENTED_EDGE('514',*,*,#8180,.T.);
#8233=ORIENTED_EDGE('513',*,*,#8221,.T.);
#8234=ORIENTED_EDGE('521',*,*,#8208,.T.);
#8235=EDGE_LOOP('495',(#8231,#8232,#8233,#8234));
#8236=FACE_OUTER_BOUND('495',#8235,.F.);
#8238=CARTESIAN_POINT('',(5.190787223534E-3,-1.844E1,-5.55E-1));
#8239=DIRECTION('',(-1.E0,0.E0,0.E0));
#8240=DIRECTION('',(0.E0,-1.E0,0.E0));
#8241=AXIS2_PLACEMENT_3D('',#8238,#8239,#8240);
#8242=CYLINDRICAL_SURFACE('923',#8241,2.05E-1);
#8243=ORIENTED_EDGE('943',*,*,#4327,.F.);
#8245=ORIENTED_EDGE('995',*,*,#8244,.F.);
#8247=ORIENTED_EDGE('993',*,*,#8246,.F.);
#8249=ORIENTED_EDGE('996',*,*,#8248,.F.);
#8250=EDGE_LOOP('923',(#8243,#8245,#8247,#8249));
#8251=FACE_OUTER_BOUND('923',#8250,.F.);
#8253=CARTESIAN_POINT('',(5.190787223534E-3,-1.844E1,-5.55E-1));
#8254=DIRECTION('',(-1.E0,0.E0,0.E0));
#8255=DIRECTION('',(0.E0,-1.E0,0.E0));
#8256=AXIS2_PLACEMENT_3D('',#8253,#8254,#8255);
#8257=CYLINDRICAL_SURFACE('924',#8256,2.05E-1);
#8258=ORIENTED_EDGE('944',*,*,#4329,.F.);
#8259=ORIENTED_EDGE('996',*,*,#8248,.T.);
#8261=ORIENTED_EDGE('994',*,*,#8260,.F.);
#8262=ORIENTED_EDGE('995',*,*,#8244,.T.);
#8263=EDGE_LOOP('924',(#8258,#8259,#8261,#8262));
#8264=FACE_OUTER_BOUND('924',#8263,.F.);
#8266=CARTESIAN_POINT('',(-2.E-1,-1.844E1,-5.55E-1));
#8267=DIRECTION('',(1.E0,0.E0,0.E0));
#8268=DIRECTION('',(0.E0,-1.E0,0.E0));
#8269=AXIS2_PLACEMENT_3D('',#8266,#8267,#8268);
#8270=PLANE('922',#8269);
#8271=ORIENTED_EDGE('993',*,*,#8246,.T.);
#8272=ORIENTED_EDGE('994',*,*,#8260,.T.);
#8273=EDGE_LOOP('922',(#8271,#8272));
#8274=FACE_OUTER_BOUND('922',#8273,.F.);
#8276=CARTESIAN_POINT('',(5.190787223534E-3,-1.712E1,5.6E-1));
#8277=DIRECTION('',(-1.E0,0.E0,0.E0));
#8278=DIRECTION('',(0.E0,-1.E0,0.E0));
#8279=AXIS2_PLACEMENT_3D('',#8276,#8277,#8278);
#8280=CYLINDRICAL_SURFACE('919',#8279,2.05E-1);
#8281=ORIENTED_EDGE('941',*,*,#4333,.F.);
#8283=ORIENTED_EDGE('989',*,*,#8282,.F.);
#8285=ORIENTED_EDGE('991',*,*,#8284,.F.);
#8287=ORIENTED_EDGE('990',*,*,#8286,.F.);
#8288=EDGE_LOOP('919',(#8281,#8283,#8285,#8287));
#8289=FACE_OUTER_BOUND('919',#8288,.F.);
#8291=CARTESIAN_POINT('',(5.190787223534E-3,-1.712E1,5.6E-1));
#8292=DIRECTION('',(-1.E0,0.E0,0.E0));
#8293=DIRECTION('',(0.E0,-1.E0,0.E0));
#8294=AXIS2_PLACEMENT_3D('',#8291,#8292,#8293);
#8295=CYLINDRICAL_SURFACE('920',#8294,2.05E-1);
#8296=ORIENTED_EDGE('942',*,*,#4335,.F.);
#8297=ORIENTED_EDGE('990',*,*,#8286,.T.);
#8299=ORIENTED_EDGE('992',*,*,#8298,.F.);
#8300=ORIENTED_EDGE('989',*,*,#8282,.T.);
#8301=EDGE_LOOP('920',(#8296,#8297,#8299,#8300));
#8302=FACE_OUTER_BOUND('920',#8301,.F.);
#8304=CARTESIAN_POINT('',(-2.E-1,-1.712E1,5.6E-1));
#8305=DIRECTION('',(1.E0,0.E0,0.E0));
#8306=DIRECTION('',(0.E0,-1.E0,0.E0));
#8307=AXIS2_PLACEMENT_3D('',#8304,#8305,#8306);
#8308=PLANE('921',#8307);
#8309=ORIENTED_EDGE('991',*,*,#8284,.T.);
#8310=ORIENTED_EDGE('992',*,*,#8298,.T.);
#8311=EDGE_LOOP('921',(#8309,#8310));
#8312=FACE_OUTER_BOUND('921',#8311,.F.);
#8314=CARTESIAN_POINT('',(5.190787223534E-3,-1.458E1,5.6E-1));
#8315=DIRECTION('',(-1.E0,0.E0,0.E0));
#8316=DIRECTION('',(0.E0,-1.E0,0.E0));
#8317=AXIS2_PLACEMENT_3D('',#8314,#8315,#8316);
#8318=CYLINDRICAL_SURFACE('1042',#8317,2.05E-1);
#8319=ORIENTED_EDGE('1064',*,*,#4339,.F.);
#8321=ORIENTED_EDGE('1112',*,*,#8320,.F.);
#8323=ORIENTED_EDGE('1114',*,*,#8322,.F.);
#8325=ORIENTED_EDGE('1113',*,*,#8324,.F.);
#8326=EDGE_LOOP('1042',(#8319,#8321,#8323,#8325));
#8327=FACE_OUTER_BOUND('1042',#8326,.F.);
#8329=CARTESIAN_POINT('',(5.190787223534E-3,-1.458E1,5.6E-1));
#8330=DIRECTION('',(-1.E0,0.E0,0.E0));
#8331=DIRECTION('',(0.E0,-1.E0,0.E0));
#8332=AXIS2_PLACEMENT_3D('',#8329,#8330,#8331);
#8333=CYLINDRICAL_SURFACE('1043',#8332,2.05E-1);
#8334=ORIENTED_EDGE('1065',*,*,#4341,.F.);
#8335=ORIENTED_EDGE('1113',*,*,#8324,.T.);
#8337=ORIENTED_EDGE('1115',*,*,#8336,.F.);
#8338=ORIENTED_EDGE('1112',*,*,#8320,.T.);
#8339=EDGE_LOOP('1043',(#8334,#8335,#8337,#8338));
#8340=FACE_OUTER_BOUND('1043',#8339,.F.);
#8342=CARTESIAN_POINT('',(-2.E-1,-1.458E1,5.6E-1));
#8343=DIRECTION('',(1.E0,0.E0,0.E0));
#8344=DIRECTION('',(0.E0,-1.E0,0.E0));
#8345=AXIS2_PLACEMENT_3D('',#8342,#8343,#8344);
#8346=PLANE('1044',#8345);
#8347=ORIENTED_EDGE('1114',*,*,#8322,.T.);
#8348=ORIENTED_EDGE('1115',*,*,#8336,.T.);
#8349=EDGE_LOOP('1044',(#8347,#8348));
#8350=FACE_OUTER_BOUND('1044',#8349,.F.);
#8352=CARTESIAN_POINT('',(5.190787223534E-3,-1.59E1,-5.55E-1));
#8353=DIRECTION('',(-1.E0,0.E0,0.E0));
#8354=DIRECTION('',(0.E0,-1.E0,0.E0));
#8355=AXIS2_PLACEMENT_3D('',#8352,#8353,#8354);
#8356=CYLINDRICAL_SURFACE('1046',#8355,2.05E-1);
#8357=ORIENTED_EDGE('1066',*,*,#4345,.F.);
#8359=ORIENTED_EDGE('1118',*,*,#8358,.F.);
#8361=ORIENTED_EDGE('1116',*,*,#8360,.F.);
#8363=ORIENTED_EDGE('1119',*,*,#8362,.F.);
#8364=EDGE_LOOP('1046',(#8357,#8359,#8361,#8363));
#8365=FACE_OUTER_BOUND('1046',#8364,.F.);
#8367=CARTESIAN_POINT('',(5.190787223534E-3,-1.59E1,-5.55E-1));
#8368=DIRECTION('',(-1.E0,0.E0,0.E0));
#8369=DIRECTION('',(0.E0,-1.E0,0.E0));
#8370=AXIS2_PLACEMENT_3D('',#8367,#8368,#8369);
#8371=CYLINDRICAL_SURFACE('1047',#8370,2.05E-1);
#8372=ORIENTED_EDGE('1067',*,*,#4347,.F.);
#8373=ORIENTED_EDGE('1119',*,*,#8362,.T.);
#8375=ORIENTED_EDGE('1117',*,*,#8374,.F.);
#8376=ORIENTED_EDGE('1118',*,*,#8358,.T.);
#8377=EDGE_LOOP('1047',(#8372,#8373,#8375,#8376));
#8378=FACE_OUTER_BOUND('1047',#8377,.F.);
#8380=CARTESIAN_POINT('',(-2.E-1,-1.59E1,-5.55E-1));
#8381=DIRECTION('',(1.E0,0.E0,0.E0));
#8382=DIRECTION('',(0.E0,-1.E0,0.E0));
#8383=AXIS2_PLACEMENT_3D('',#8380,#8381,#8382);
#8384=PLANE('1045',#8383);
#8385=ORIENTED_EDGE('1116',*,*,#8360,.T.);
#8386=ORIENTED_EDGE('1117',*,*,#8374,.T.);
#8387=EDGE_LOOP('1045',(#8385,#8386));
#8388=FACE_OUTER_BOUND('1045',#8387,.F.);
#8390=CARTESIAN_POINT('',(5.190787223534E-3,-1.204E1,5.6E-1));
#8391=DIRECTION('',(-1.E0,0.E0,0.E0));
#8392=DIRECTION('',(0.E0,-1.E0,0.E0));
#8393=AXIS2_PLACEMENT_3D('',#8390,#8391,#8392);
#8394=CYLINDRICAL_SURFACE('1181',#8393,2.05E-1);
#8395=ORIENTED_EDGE('1203',*,*,#4361,.F.);
#8397=ORIENTED_EDGE('1251',*,*,#8396,.F.);
#8399=ORIENTED_EDGE('1253',*,*,#8398,.F.);
#8401=ORIENTED_EDGE('1252',*,*,#8400,.F.);
#8402=EDGE_LOOP('1181',(#8395,#8397,#8399,#8401));
#8403=FACE_OUTER_BOUND('1181',#8402,.F.);
#8405=CARTESIAN_POINT('',(5.190787223534E-3,-1.204E1,5.6E-1));
#8406=DIRECTION('',(-1.E0,0.E0,0.E0));
#8407=DIRECTION('',(0.E0,-1.E0,0.E0));
#8408=AXIS2_PLACEMENT_3D('',#8405,#8406,#8407);
#8409=CYLINDRICAL_SURFACE('1182',#8408,2.05E-1);
#8410=ORIENTED_EDGE('1204',*,*,#4363,.F.);
#8411=ORIENTED_EDGE('1252',*,*,#8400,.T.);
#8413=ORIENTED_EDGE('1254',*,*,#8412,.F.);
#8414=ORIENTED_EDGE('1251',*,*,#8396,.T.);
#8415=EDGE_LOOP('1182',(#8410,#8411,#8413,#8414));
#8416=FACE_OUTER_BOUND('1182',#8415,.F.);
#8418=CARTESIAN_POINT('',(-2.E-1,-1.204E1,5.6E-1));
#8419=DIRECTION('',(1.E0,0.E0,0.E0));
#8420=DIRECTION('',(0.E0,-1.E0,0.E0));
#8421=AXIS2_PLACEMENT_3D('',#8418,#8419,#8420);
#8422=PLANE('1183',#8421);
#8423=ORIENTED_EDGE('1253',*,*,#8398,.T.);
#8424=ORIENTED_EDGE('1254',*,*,#8412,.T.);
#8425=EDGE_LOOP('1183',(#8423,#8424));
#8426=FACE_OUTER_BOUND('1183',#8425,.F.);
#8428=CARTESIAN_POINT('',(5.190787223534E-3,-1.336E1,-5.55E-1));
#8429=DIRECTION('',(-1.E0,0.E0,0.E0));
#8430=DIRECTION('',(0.E0,-1.E0,0.E0));
#8431=AXIS2_PLACEMENT_3D('',#8428,#8429,#8430);
#8432=CYLINDRICAL_SURFACE('1185',#8431,2.05E-1);
#8433=ORIENTED_EDGE('1205',*,*,#4367,.F.);
#8435=ORIENTED_EDGE('1257',*,*,#8434,.F.);
#8437=ORIENTED_EDGE('1255',*,*,#8436,.F.);
#8439=ORIENTED_EDGE('1258',*,*,#8438,.F.);
#8440=EDGE_LOOP('1185',(#8433,#8435,#8437,#8439));
#8441=FACE_OUTER_BOUND('1185',#8440,.F.);
#8443=CARTESIAN_POINT('',(5.190787223534E-3,-1.336E1,-5.55E-1));
#8444=DIRECTION('',(-1.E0,0.E0,0.E0));
#8445=DIRECTION('',(0.E0,-1.E0,0.E0));
#8446=AXIS2_PLACEMENT_3D('',#8443,#8444,#8445);
#8447=CYLINDRICAL_SURFACE('1186',#8446,2.05E-1);
#8448=ORIENTED_EDGE('1206',*,*,#4369,.F.);
#8449=ORIENTED_EDGE('1258',*,*,#8438,.T.);
#8451=ORIENTED_EDGE('1256',*,*,#8450,.F.);
#8452=ORIENTED_EDGE('1257',*,*,#8434,.T.);
#8453=EDGE_LOOP('1186',(#8448,#8449,#8451,#8452));
#8454=FACE_OUTER_BOUND('1186',#8453,.F.);
#8456=CARTESIAN_POINT('',(-2.E-1,-1.336E1,-5.55E-1));
#8457=DIRECTION('',(1.E0,0.E0,0.E0));
#8458=DIRECTION('',(0.E0,-1.E0,0.E0));
#8459=AXIS2_PLACEMENT_3D('',#8456,#8457,#8458);
#8460=PLANE('1184',#8459);
#8461=ORIENTED_EDGE('1255',*,*,#8436,.T.);
#8462=ORIENTED_EDGE('1256',*,*,#8450,.T.);
#8463=EDGE_LOOP('1184',(#8461,#8462));
#8464=FACE_OUTER_BOUND('1184',#8463,.F.);
#8466=CARTESIAN_POINT('',(5.190787223534E-3,-9.5E0,5.6E-1));
#8467=DIRECTION('',(-1.E0,0.E0,0.E0));
#8468=DIRECTION('',(0.E0,-1.E0,0.E0));
#8469=AXIS2_PLACEMENT_3D('',#8466,#8467,#8468);
#8470=CYLINDRICAL_SURFACE('1320',#8469,2.05E-1);
#8471=ORIENTED_EDGE('1342',*,*,#4383,.F.);
#8473=ORIENTED_EDGE('1390',*,*,#8472,.F.);
#8475=ORIENTED_EDGE('1392',*,*,#8474,.F.);
#8477=ORIENTED_EDGE('1391',*,*,#8476,.F.);
#8478=EDGE_LOOP('1320',(#8471,#8473,#8475,#8477));
#8479=FACE_OUTER_BOUND('1320',#8478,.F.);
#8481=CARTESIAN_POINT('',(5.190787223534E-3,-9.5E0,5.6E-1));
#8482=DIRECTION('',(-1.E0,0.E0,0.E0));
#8483=DIRECTION('',(0.E0,-1.E0,0.E0));
#8484=AXIS2_PLACEMENT_3D('',#8481,#8482,#8483);
#8485=CYLINDRICAL_SURFACE('1321',#8484,2.05E-1);
#8486=ORIENTED_EDGE('1343',*,*,#4385,.F.);
#8487=ORIENTED_EDGE('1391',*,*,#8476,.T.);
#8489=ORIENTED_EDGE('1393',*,*,#8488,.F.);
#8490=ORIENTED_EDGE('1390',*,*,#8472,.T.);
#8491=EDGE_LOOP('1321',(#8486,#8487,#8489,#8490));
#8492=FACE_OUTER_BOUND('1321',#8491,.F.);
#8494=CARTESIAN_POINT('',(-2.E-1,-9.5E0,5.6E-1));
#8495=DIRECTION('',(1.E0,0.E0,0.E0));
#8496=DIRECTION('',(0.E0,-1.E0,0.E0));
#8497=AXIS2_PLACEMENT_3D('',#8494,#8495,#8496);
#8498=PLANE('1322',#8497);
#8499=ORIENTED_EDGE('1392',*,*,#8474,.T.);
#8500=ORIENTED_EDGE('1393',*,*,#8488,.T.);
#8501=EDGE_LOOP('1322',(#8499,#8500));
#8502=FACE_OUTER_BOUND('1322',#8501,.F.);
#8504=CARTESIAN_POINT('',(5.190787223534E-3,-1.082E1,-5.55E-1));
#8505=DIRECTION('',(-1.E0,0.E0,0.E0));
#8506=DIRECTION('',(0.E0,-1.E0,0.E0));
#8507=AXIS2_PLACEMENT_3D('',#8504,#8505,#8506);
#8508=CYLINDRICAL_SURFACE('1324',#8507,2.05E-1);
#8509=ORIENTED_EDGE('1344',*,*,#4389,.F.);
#8511=ORIENTED_EDGE('1396',*,*,#8510,.F.);
#8513=ORIENTED_EDGE('1394',*,*,#8512,.F.);
#8515=ORIENTED_EDGE('1397',*,*,#8514,.F.);
#8516=EDGE_LOOP('1324',(#8509,#8511,#8513,#8515));
#8517=FACE_OUTER_BOUND('1324',#8516,.F.);
#8519=CARTESIAN_POINT('',(5.190787223534E-3,-1.082E1,-5.55E-1));
#8520=DIRECTION('',(-1.E0,0.E0,0.E0));
#8521=DIRECTION('',(0.E0,-1.E0,0.E0));
#8522=AXIS2_PLACEMENT_3D('',#8519,#8520,#8521);
#8523=CYLINDRICAL_SURFACE('1325',#8522,2.05E-1);
#8524=ORIENTED_EDGE('1345',*,*,#4391,.F.);
#8525=ORIENTED_EDGE('1397',*,*,#8514,.T.);
#8527=ORIENTED_EDGE('1395',*,*,#8526,.F.);
#8528=ORIENTED_EDGE('1396',*,*,#8510,.T.);
#8529=EDGE_LOOP('1325',(#8524,#8525,#8527,#8528));
#8530=FACE_OUTER_BOUND('1325',#8529,.F.);
#8532=CARTESIAN_POINT('',(-2.E-1,-1.082E1,-5.55E-1));
#8533=DIRECTION('',(1.E0,0.E0,0.E0));
#8534=DIRECTION('',(0.E0,-1.E0,0.E0));
#8535=AXIS2_PLACEMENT_3D('',#8532,#8533,#8534);
#8536=PLANE('1323',#8535);
#8537=ORIENTED_EDGE('1394',*,*,#8512,.T.);
#8538=ORIENTED_EDGE('1395',*,*,#8526,.T.);
#8539=EDGE_LOOP('1323',(#8537,#8538));
#8540=FACE_OUTER_BOUND('1323',#8539,.F.);
#8542=CARTESIAN_POINT('',(5.190787223534E-3,-6.96E0,5.6E-1));
#8543=DIRECTION('',(-1.E0,0.E0,0.E0));
#8544=DIRECTION('',(0.E0,-1.E0,0.E0));
#8545=AXIS2_PLACEMENT_3D('',#8542,#8543,#8544);
#8546=CYLINDRICAL_SURFACE('1459',#8545,2.05E-1);
#8547=ORIENTED_EDGE('1481',*,*,#4405,.F.);
#8549=ORIENTED_EDGE('1529',*,*,#8548,.F.);
#8551=ORIENTED_EDGE('1531',*,*,#8550,.F.);
#8553=ORIENTED_EDGE('1530',*,*,#8552,.F.);
#8554=EDGE_LOOP('1459',(#8547,#8549,#8551,#8553));
#8555=FACE_OUTER_BOUND('1459',#8554,.F.);
#8557=CARTESIAN_POINT('',(5.190787223534E-3,-6.96E0,5.6E-1));
#8558=DIRECTION('',(-1.E0,0.E0,0.E0));
#8559=DIRECTION('',(0.E0,-1.E0,0.E0));
#8560=AXIS2_PLACEMENT_3D('',#8557,#8558,#8559);
#8561=CYLINDRICAL_SURFACE('1460',#8560,2.05E-1);
#8562=ORIENTED_EDGE('1482',*,*,#4407,.F.);
#8563=ORIENTED_EDGE('1530',*,*,#8552,.T.);
#8565=ORIENTED_EDGE('1532',*,*,#8564,.F.);
#8566=ORIENTED_EDGE('1529',*,*,#8548,.T.);
#8567=EDGE_LOOP('1460',(#8562,#8563,#8565,#8566));
#8568=FACE_OUTER_BOUND('1460',#8567,.F.);
#8570=CARTESIAN_POINT('',(-2.E-1,-6.96E0,5.6E-1));
#8571=DIRECTION('',(1.E0,0.E0,0.E0));
#8572=DIRECTION('',(0.E0,-1.E0,0.E0));
#8573=AXIS2_PLACEMENT_3D('',#8570,#8571,#8572);
#8574=PLANE('1461',#8573);
#8575=ORIENTED_EDGE('1531',*,*,#8550,.T.);
#8576=ORIENTED_EDGE('1532',*,*,#8564,.T.);
#8577=EDGE_LOOP('1461',(#8575,#8576));
#8578=FACE_OUTER_BOUND('1461',#8577,.F.);
#8580=CARTESIAN_POINT('',(5.190787223534E-3,-8.28E0,-5.55E-1));
#8581=DIRECTION('',(-1.E0,0.E0,0.E0));
#8582=DIRECTION('',(0.E0,-1.E0,0.E0));
#8583=AXIS2_PLACEMENT_3D('',#8580,#8581,#8582);
#8584=CYLINDRICAL_SURFACE('1463',#8583,2.05E-1);
#8585=ORIENTED_EDGE('1483',*,*,#4411,.F.);
#8587=ORIENTED_EDGE('1535',*,*,#8586,.F.);
#8589=ORIENTED_EDGE('1533',*,*,#8588,.F.);
#8591=ORIENTED_EDGE('1536',*,*,#8590,.F.);
#8592=EDGE_LOOP('1463',(#8585,#8587,#8589,#8591));
#8593=FACE_OUTER_BOUND('1463',#8592,.F.);
#8595=CARTESIAN_POINT('',(5.190787223534E-3,-8.28E0,-5.55E-1));
#8596=DIRECTION('',(-1.E0,0.E0,0.E0));
#8597=DIRECTION('',(0.E0,-1.E0,0.E0));
#8598=AXIS2_PLACEMENT_3D('',#8595,#8596,#8597);
#8599=CYLINDRICAL_SURFACE('1464',#8598,2.05E-1);
#8600=ORIENTED_EDGE('1484',*,*,#4413,.F.);
#8601=ORIENTED_EDGE('1536',*,*,#8590,.T.);
#8603=ORIENTED_EDGE('1534',*,*,#8602,.F.);
#8604=ORIENTED_EDGE('1535',*,*,#8586,.T.);
#8605=EDGE_LOOP('1464',(#8600,#8601,#8603,#8604));
#8606=FACE_OUTER_BOUND('1464',#8605,.F.);
#8608=CARTESIAN_POINT('',(-2.E-1,-8.28E0,-5.55E-1));
#8609=DIRECTION('',(1.E0,0.E0,0.E0));
#8610=DIRECTION('',(0.E0,-1.E0,0.E0));
#8611=AXIS2_PLACEMENT_3D('',#8608,#8609,#8610);
#8612=PLANE('1462',#8611);
#8613=ORIENTED_EDGE('1533',*,*,#8588,.T.);
#8614=ORIENTED_EDGE('1534',*,*,#8602,.T.);
#8615=EDGE_LOOP('1462',(#8613,#8614));
#8616=FACE_OUTER_BOUND('1462',#8615,.F.);
#8618=CARTESIAN_POINT('',(5.190787223534E-3,-5.74E0,-5.55E-1));
#8619=DIRECTION('',(-1.E0,0.E0,0.E0));
#8620=DIRECTION('',(0.E0,-1.E0,0.E0));
#8621=AXIS2_PLACEMENT_3D('',#8618,#8619,#8620);
#8622=CYLINDRICAL_SURFACE('1602',#8621,2.05E-1);
#8623=ORIENTED_EDGE('1622',*,*,#4437,.F.);
#8625=ORIENTED_EDGE('1674',*,*,#8624,.F.);
#8627=ORIENTED_EDGE('1672',*,*,#8626,.F.);
#8629=ORIENTED_EDGE('1675',*,*,#8628,.F.);
#8630=EDGE_LOOP('1602',(#8623,#8625,#8627,#8629));
#8631=FACE_OUTER_BOUND('1602',#8630,.F.);
#8633=CARTESIAN_POINT('',(5.190787223534E-3,-5.74E0,-5.55E-1));
#8634=DIRECTION('',(-1.E0,0.E0,0.E0));
#8635=DIRECTION('',(0.E0,-1.E0,0.E0));
#8636=AXIS2_PLACEMENT_3D('',#8633,#8634,#8635);
#8637=CYLINDRICAL_SURFACE('1603',#8636,2.05E-1);
#8638=ORIENTED_EDGE('1623',*,*,#4439,.F.);
#8639=ORIENTED_EDGE('1675',*,*,#8628,.T.);
#8641=ORIENTED_EDGE('1673',*,*,#8640,.F.);
#8642=ORIENTED_EDGE('1674',*,*,#8624,.T.);
#8643=EDGE_LOOP('1603',(#8638,#8639,#8641,#8642));
#8644=FACE_OUTER_BOUND('1603',#8643,.F.);
#8646=CARTESIAN_POINT('',(-2.E-1,-5.74E0,-5.55E-1));
#8647=DIRECTION('',(1.E0,0.E0,0.E0));
#8648=DIRECTION('',(0.E0,-1.E0,0.E0));
#8649=AXIS2_PLACEMENT_3D('',#8646,#8647,#8648);
#8650=PLANE('1601',#8649);
#8651=ORIENTED_EDGE('1672',*,*,#8626,.T.);
#8652=ORIENTED_EDGE('1673',*,*,#8640,.T.);
#8653=EDGE_LOOP('1601',(#8651,#8652));
#8654=FACE_OUTER_BOUND('1601',#8653,.F.);
#8656=CARTESIAN_POINT('',(5.190787223534E-3,-4.42E0,5.6E-1));
#8657=DIRECTION('',(-1.E0,0.E0,0.E0));
#8658=DIRECTION('',(0.E0,-1.E0,0.E0));
#8659=AXIS2_PLACEMENT_3D('',#8656,#8657,#8658);
#8660=CYLINDRICAL_SURFACE('1598',#8659,2.05E-1);
#8661=ORIENTED_EDGE('1620',*,*,#4443,.F.);
#8663=ORIENTED_EDGE('1668',*,*,#8662,.F.);
#8665=ORIENTED_EDGE('1670',*,*,#8664,.F.);
#8667=ORIENTED_EDGE('1669',*,*,#8666,.F.);
#8668=EDGE_LOOP('1598',(#8661,#8663,#8665,#8667));
#8669=FACE_OUTER_BOUND('1598',#8668,.F.);
#8671=CARTESIAN_POINT('',(5.190787223534E-3,-4.42E0,5.6E-1));
#8672=DIRECTION('',(-1.E0,0.E0,0.E0));
#8673=DIRECTION('',(0.E0,-1.E0,0.E0));
#8674=AXIS2_PLACEMENT_3D('',#8671,#8672,#8673);
#8675=CYLINDRICAL_SURFACE('1599',#8674,2.05E-1);
#8676=ORIENTED_EDGE('1621',*,*,#4445,.F.);
#8677=ORIENTED_EDGE('1669',*,*,#8666,.T.);
#8679=ORIENTED_EDGE('1671',*,*,#8678,.F.);
#8680=ORIENTED_EDGE('1668',*,*,#8662,.T.);
#8681=EDGE_LOOP('1599',(#8676,#8677,#8679,#8680));
#8682=FACE_OUTER_BOUND('1599',#8681,.F.);
#8684=CARTESIAN_POINT('',(-2.E-1,-4.42E0,5.6E-1));
#8685=DIRECTION('',(1.E0,0.E0,0.E0));
#8686=DIRECTION('',(0.E0,-1.E0,0.E0));
#8687=AXIS2_PLACEMENT_3D('',#8684,#8685,#8686);
#8688=PLANE('1600',#8687);
#8689=ORIENTED_EDGE('1670',*,*,#8664,.T.);
#8690=ORIENTED_EDGE('1671',*,*,#8678,.T.);
#8691=EDGE_LOOP('1600',(#8689,#8690));
#8692=FACE_OUTER_BOUND('1600',#8691,.F.);
#8694=CARTESIAN_POINT('',(5.190787223534E-3,-3.2E0,-5.55E-1));
#8695=DIRECTION('',(-1.E0,0.E0,0.E0));
#8696=DIRECTION('',(0.E0,-1.E0,0.E0));
#8697=AXIS2_PLACEMENT_3D('',#8694,#8695,#8696);
#8698=CYLINDRICAL_SURFACE('392',#8697,2.05E-1);
#8699=ORIENTED_EDGE('412',*,*,#4449,.F.);
#8701=ORIENTED_EDGE('464',*,*,#8700,.F.);
#8703=ORIENTED_EDGE('462',*,*,#8702,.F.);
#8705=ORIENTED_EDGE('465',*,*,#8704,.F.);
#8706=EDGE_LOOP('392',(#8699,#8701,#8703,#8705));
#8707=FACE_OUTER_BOUND('392',#8706,.F.);
#8709=CARTESIAN_POINT('',(5.190787223534E-3,-3.2E0,-5.55E-1));
#8710=DIRECTION('',(-1.E0,0.E0,0.E0));
#8711=DIRECTION('',(0.E0,-1.E0,0.E0));
#8712=AXIS2_PLACEMENT_3D('',#8709,#8710,#8711);
#8713=CYLINDRICAL_SURFACE('393',#8712,2.05E-1);
#8714=ORIENTED_EDGE('413',*,*,#4451,.F.);
#8715=ORIENTED_EDGE('465',*,*,#8704,.T.);
#8717=ORIENTED_EDGE('463',*,*,#8716,.F.);
#8718=ORIENTED_EDGE('464',*,*,#8700,.T.);
#8719=EDGE_LOOP('393',(#8714,#8715,#8717,#8718));
#8720=FACE_OUTER_BOUND('393',#8719,.F.);
#8722=CARTESIAN_POINT('',(-2.E-1,-3.2E0,-5.55E-1));
#8723=DIRECTION('',(1.E0,0.E0,0.E0));
#8724=DIRECTION('',(0.E0,-1.E0,0.E0));
#8725=AXIS2_PLACEMENT_3D('',#8722,#8723,#8724);
#8726=PLANE('391',#8725);
#8727=ORIENTED_EDGE('462',*,*,#8702,.T.);
#8728=ORIENTED_EDGE('463',*,*,#8716,.T.);
#8729=EDGE_LOOP('391',(#8727,#8728));
#8730=FACE_OUTER_BOUND('391',#8729,.F.);
#8732=CARTESIAN_POINT('',(5.190787223534E-3,-1.88E0,5.6E-1));
#8733=DIRECTION('',(-1.E0,0.E0,0.E0));
#8734=DIRECTION('',(0.E0,-1.E0,0.E0));
#8735=AXIS2_PLACEMENT_3D('',#8732,#8733,#8734);
#8736=CYLINDRICAL_SURFACE('388',#8735,2.05E-1);
#8737=ORIENTED_EDGE('410',*,*,#4455,.F.);
#8739=ORIENTED_EDGE('458',*,*,#8738,.F.);
#8741=ORIENTED_EDGE('460',*,*,#8740,.F.);
#8743=ORIENTED_EDGE('459',*,*,#8742,.F.);
#8744=EDGE_LOOP('388',(#8737,#8739,#8741,#8743));
#8745=FACE_OUTER_BOUND('388',#8744,.F.);
#8747=CARTESIAN_POINT('',(5.190787223534E-3,-1.88E0,5.6E-1));
#8748=DIRECTION('',(-1.E0,0.E0,0.E0));
#8749=DIRECTION('',(0.E0,-1.E0,0.E0));
#8750=AXIS2_PLACEMENT_3D('',#8747,#8748,#8749);
#8751=CYLINDRICAL_SURFACE('389',#8750,2.05E-1);
#8752=ORIENTED_EDGE('411',*,*,#4457,.F.);
#8753=ORIENTED_EDGE('459',*,*,#8742,.T.);
#8755=ORIENTED_EDGE('461',*,*,#8754,.F.);
#8756=ORIENTED_EDGE('458',*,*,#8738,.T.);
#8757=EDGE_LOOP('389',(#8752,#8753,#8755,#8756));
#8758=FACE_OUTER_BOUND('389',#8757,.F.);
#8760=CARTESIAN_POINT('',(-2.E-1,-1.88E0,5.6E-1));
#8761=DIRECTION('',(1.E0,0.E0,0.E0));
#8762=DIRECTION('',(0.E0,-1.E0,0.E0));
#8763=AXIS2_PLACEMENT_3D('',#8760,#8761,#8762);
#8764=PLANE('390',#8763);
#8765=ORIENTED_EDGE('460',*,*,#8740,.T.);
#8766=ORIENTED_EDGE('461',*,*,#8754,.T.);
#8767=EDGE_LOOP('390',(#8765,#8766));
#8768=FACE_OUTER_BOUND('390',#8767,.F.);
#8770=CARTESIAN_POINT('',(5.190787223534E-3,6.6E-1,5.6E-1));
#8771=DIRECTION('',(-1.E0,0.E0,0.E0));
#8772=DIRECTION('',(0.E0,-1.E0,0.E0));
#8773=AXIS2_PLACEMENT_3D('',#8770,#8771,#8772);
#8774=CYLINDRICAL_SURFACE('351',#8773,2.05E-1);
#8775=ORIENTED_EDGE('271',*,*,#4461,.F.);
#8777=ORIENTED_EDGE('319',*,*,#8776,.F.);
#8779=ORIENTED_EDGE('321',*,*,#8778,.F.);
#8781=ORIENTED_EDGE('320',*,*,#8780,.F.);
#8782=EDGE_LOOP('351',(#8775,#8777,#8779,#8781));
#8783=FACE_OUTER_BOUND('351',#8782,.F.);
#8785=CARTESIAN_POINT('',(5.190787223534E-3,6.6E-1,5.6E-1));
#8786=DIRECTION('',(-1.E0,0.E0,0.E0));
#8787=DIRECTION('',(0.E0,-1.E0,0.E0));
#8788=AXIS2_PLACEMENT_3D('',#8785,#8786,#8787);
#8789=CYLINDRICAL_SURFACE('352',#8788,2.05E-1);
#8790=ORIENTED_EDGE('272',*,*,#4463,.F.);
#8791=ORIENTED_EDGE('320',*,*,#8780,.T.);
#8793=ORIENTED_EDGE('322',*,*,#8792,.F.);
#8794=ORIENTED_EDGE('319',*,*,#8776,.T.);
#8795=EDGE_LOOP('352',(#8790,#8791,#8793,#8794));
#8796=FACE_OUTER_BOUND('352',#8795,.F.);
#8798=CARTESIAN_POINT('',(-2.E-1,6.6E-1,5.6E-1));
#8799=DIRECTION('',(1.E0,0.E0,0.E0));
#8800=DIRECTION('',(0.E0,-1.E0,0.E0));
#8801=AXIS2_PLACEMENT_3D('',#8798,#8799,#8800);
#8802=PLANE('353',#8801);
#8803=ORIENTED_EDGE('321',*,*,#8778,.T.);
#8804=ORIENTED_EDGE('322',*,*,#8792,.T.);
#8805=EDGE_LOOP('353',(#8803,#8804));
#8806=FACE_OUTER_BOUND('353',#8805,.F.);
#8808=CARTESIAN_POINT('',(5.190787223534E-3,-6.6E-1,-5.55E-1));
#8809=DIRECTION('',(-1.E0,0.E0,0.E0));
#8810=DIRECTION('',(0.E0,-1.E0,0.E0));
#8811=AXIS2_PLACEMENT_3D('',#8808,#8809,#8810);
#8812=CYLINDRICAL_SURFACE('355',#8811,2.05E-1);
#8813=ORIENTED_EDGE('273',*,*,#4467,.F.);
#8815=ORIENTED_EDGE('325',*,*,#8814,.F.);
#8817=ORIENTED_EDGE('323',*,*,#8816,.F.);
#8819=ORIENTED_EDGE('326',*,*,#8818,.F.);
#8820=EDGE_LOOP('355',(#8813,#8815,#8817,#8819));
#8821=FACE_OUTER_BOUND('355',#8820,.F.);
#8823=CARTESIAN_POINT('',(5.190787223534E-3,-6.6E-1,-5.55E-1));
#8824=DIRECTION('',(-1.E0,0.E0,0.E0));
#8825=DIRECTION('',(0.E0,-1.E0,0.E0));
#8826=AXIS2_PLACEMENT_3D('',#8823,#8824,#8825);
#8827=CYLINDRICAL_SURFACE('356',#8826,2.05E-1);
#8828=ORIENTED_EDGE('274',*,*,#4469,.F.);
#8829=ORIENTED_EDGE('326',*,*,#8818,.T.);
#8831=ORIENTED_EDGE('324',*,*,#8830,.F.);
#8832=ORIENTED_EDGE('325',*,*,#8814,.T.);
#8833=EDGE_LOOP('356',(#8828,#8829,#8831,#8832));
#8834=FACE_OUTER_BOUND('356',#8833,.F.);
#8836=CARTESIAN_POINT('',(-2.E-1,-6.6E-1,-5.55E-1));
#8837=DIRECTION('',(1.E0,0.E0,0.E0));
#8838=DIRECTION('',(0.E0,-1.E0,0.E0));
#8839=AXIS2_PLACEMENT_3D('',#8836,#8837,#8838);
#8840=PLANE('354',#8839);
#8841=ORIENTED_EDGE('323',*,*,#8816,.T.);
#8842=ORIENTED_EDGE('324',*,*,#8830,.T.);
#8843=EDGE_LOOP('354',(#8841,#8842));
#8844=FACE_OUTER_BOUND('354',#8843,.F.);
#8846=CLOSED_SHELL('',(#4137,#4152,#4167,#4183,#4502,#4516,#4531,#4544,#4558,
#4571,#4584,#4599,#4611,#4625,#4941,#4956,#4969,#4979,#4994,#5007,#5017,#5032,
#5045,#5055,#5070,#5083,#5093,#5108,#5123,#5137,#5151,#5165,#5179,#5192,#5205,
#5220,#5235,#5248,#5261,#5273,#5288,#5302,#5316,#5329,#5341,#5356,#5369,#5379,
#5394,#5407,#5417,#5432,#5447,#5461,#5475,#5489,#5503,#5516,#5529,#5544,#5559,
#5572,#5585,#5597,#5612,#5626,#5640,#5653,#5665,#5680,#5693,#5703,#5718,#5731,
#5741,#5756,#5771,#5785,#5799,#5813,#5827,#5840,#5853,#5868,#5883,#5896,#5909,
#5921,#5936,#5950,#5964,#5977,#5989,#6004,#6017,#6027,#6042,#6055,#6065,#6080,
#6095,#6109,#6123,#6137,#6151,#6164,#6177,#6192,#6207,#6220,#6233,#6245,#6260,
#6274,#6288,#6301,#6313,#6328,#6343,#6357,#6371,#6385,#6399,#6412,#6425,#6440,
#6455,#6468,#6481,#6493,#6508,#6522,#6536,#6549,#6561,#6576,#6589,#6599,#6614,
#6627,#6637,#6652,#6665,#6675,#6690,#6703,#6713,#6728,#6741,#6751,#6766,#6779,
#6789,#6804,#6819,#6833,#6847,#6861,#6875,#6888,#6901,#6916,#6931,#6944,#6957,
#6969,#6984,#6998,#7012,#7025,#7037,#7052,#7067,#7081,#7095,#7109,#7123,#7136,
#7149,#7164,#7179,#7192,#7205,#7217,#7232,#7246,#7260,#7273,#7285,#7299,#7312,
#7325,#7338,#7351,#7364,#7377,#7390,#7403,#7416,#7429,#7442,#7455,#7468,#7481,
#7494,#7507,#7520,#7533,#7546,#7559,#7572,#7585,#7598,#7611,#7624,#7637,#7650,
#7663,#7676,#7689,#7702,#7715,#7728,#7741,#7754,#7767,#7780,#7793,#7806,#7819,
#7832,#7845,#7858,#7871,#7884,#7897,#7910,#7923,#7936,#7949,#7962,#7975,#7988,
#8001,#8014,#8027,#8040,#8053,#8066,#8079,#8092,#8105,#8118,#8131,#8144,#8157,
#8169,#8184,#8198,#8212,#8225,#8237,#8252,#8265,#8275,#8290,#8303,#8313,#8328,
#8341,#8351,#8366,#8379,#8389,#8404,#8417,#8427,#8442,#8455,#8465,#8480,#8493,
#8503,#8518,#8531,#8541,#8556,#8569,#8579,#8594,#8607,#8617,#8632,#8645,#8655,
#8670,#8683,#8693,#8708,#8721,#8731,#8746,#8759,#8769,#8784,#8797,#8807,#8822,
#8835,#8845));
#8847=MANIFOLD_SOLID_BREP('',#8846);
#8848=PRESENTATION_LAYER_ASSIGNMENT('___SHELL','',(#8847));
#8849=PRESENTATION_LAYER_ASSIGNMENT('ASSY_MEMBER','',(#8847));
#8850=PRESENTATION_LAYER_ASSIGNMENT('93189-001','',(#8847));
#8853=PLANE_ANGLE_MEASURE_WITH_UNIT(PLANE_ANGLE_MEASURE(1.745329251994E-2),
#8852);
#8854=(CONVERSION_BASED_UNIT('DEGREE',#8853)NAMED_UNIT(*)PLANE_ANGLE_UNIT());
#8856=UNCERTAINTY_MEASURE_WITH_UNIT(LENGTH_MEASURE(2.307632544623E-3),#8851,
'distance_accuracy_value',
'Maximum model space distance between geometric entities at asserted connectivities');
#8859=APPLICATION_CONTEXT('automotive_design');
#8860=APPLICATION_PROTOCOL_DEFINITION('international standard',
'automotive_design',2001,#8859);
#8861=PRODUCT_DEFINITION_CONTEXT('part definition',#8859,'design');
#8862=PRODUCT_CONTEXT('',#8859,'mechanical');
#8863=PRODUCT('MSBR-1','MSBR-1','NOT SPECIFIED',(#8862));
#8864=PRODUCT_DEFINITION_FORMATION('1','LAST_VERSION',#8863);
#8872=DERIVED_UNIT_ELEMENT(#8871,2.E0);
#8873=DERIVED_UNIT((#8872));
#8874=MEASURE_REPRESENTATION_ITEM('surface area measure',AREA_MEASURE(
3.744099522014E2),#8873);
#8879=DERIVED_UNIT_ELEMENT(#8878,3.E0);
#8880=DERIVED_UNIT((#8879));
#8881=MEASURE_REPRESENTATION_ITEM('volume measure',VOLUME_MEASURE(
1.249185995368E2),#8880);
#8885=CARTESIAN_POINT('centre point',(1.547042586259E0,-8.889999999999E0,
8.455152537753E-6));
#8890=DERIVED_UNIT_ELEMENT(#8889,2.E0);
#8891=DERIVED_UNIT((#8890));
#8892=MEASURE_REPRESENTATION_ITEM('surface area measure',AREA_MEASURE(
3.744099522014E2),#8891);
#8897=DERIVED_UNIT_ELEMENT(#8896,3.E0);
#8898=DERIVED_UNIT((#8897));
#8899=MEASURE_REPRESENTATION_ITEM('volume measure',VOLUME_MEASURE(
1.249185995368E2),#8898);
#8903=CARTESIAN_POINT('centre point',(1.547042586259E0,-8.889999999999E0,
8.455152537753E-6));
#8908=PRODUCT_RELATED_PRODUCT_CATEGORY('part','',(#8863));
#1=DRAUGHTING_PRE_DEFINED_COLOUR('black');
#2=COLOUR_RGB('',0.E0,0.E0,2.E-1);
#3=COLOUR_RGB('',0.E0,0.E0,4.E-1);
#4=COLOUR_RGB('',0.E0,0.E0,6.E-1);
#5=COLOUR_RGB('',0.E0,0.E0,8.E-1);
#6=COLOUR_RGB('',0.E0,2.E-1,0.E0);
#7=COLOUR_RGB('',0.E0,2.E-1,2.E-1);
#8=COLOUR_RGB('',0.E0,2.E-1,4.E-1);
#9=COLOUR_RGB('',0.E0,2.E-1,6.E-1);
#10=COLOUR_RGB('',0.E0,2.E-1,8.E-1);
#11=COLOUR_RGB('',0.E0,4.E-1,0.E0);
#12=COLOUR_RGB('',0.E0,4.E-1,2.E-1);
#13=COLOUR_RGB('',0.E0,4.E-1,4.E-1);
#14=COLOUR_RGB('',0.E0,4.E-1,6.E-1);
#15=COLOUR_RGB('',0.E0,4.E-1,8.E-1);
#16=COLOUR_RGB('',0.E0,6.E-1,0.E0);
#17=COLOUR_RGB('',0.E0,6.E-1,2.E-1);
#18=COLOUR_RGB('',0.E0,6.E-1,4.E-1);
#19=COLOUR_RGB('',0.E0,6.E-1,6.E-1);
#20=COLOUR_RGB('',0.E0,6.E-1,8.E-1);
#21=COLOUR_RGB('',0.E0,8.E-1,0.E0);
#22=COLOUR_RGB('',0.E0,8.E-1,2.E-1);
#23=COLOUR_RGB('',0.E0,8.E-1,4.E-1);
#24=COLOUR_RGB('',0.E0,8.E-1,6.E-1);
#25=COLOUR_RGB('',0.E0,8.E-1,8.E-1);
#26=DRAUGHTING_PRE_DEFINED_COLOUR('green');
#27=COLOUR_RGB('',0.E0,1.E0,2.E-1);
#28=COLOUR_RGB('',0.E0,1.E0,4.E-1);
#29=COLOUR_RGB('',0.E0,1.E0,6.E-1);
#30=COLOUR_RGB('',0.E0,1.E0,8.E-1);
#31=COLOUR_RGB('',2.E-1,0.E0,0.E0);
#32=COLOUR_RGB('',2.E-1,0.E0,2.E-1);
#33=COLOUR_RGB('',2.E-1,0.E0,4.E-1);
#34=COLOUR_RGB('',2.E-1,0.E0,6.E-1);
#35=COLOUR_RGB('',2.E-1,0.E0,8.E-1);
#36=COLOUR_RGB('',2.E-1,2.E-1,0.E0);
#37=COLOUR_RGB('',2.E-1,2.E-1,2.E-1);
#38=COLOUR_RGB('',2.E-1,2.E-1,4.E-1);
#39=COLOUR_RGB('',2.E-1,2.E-1,6.E-1);
#40=COLOUR_RGB('',2.E-1,2.E-1,8.E-1);
#41=COLOUR_RGB('',2.E-1,4.E-1,0.E0);
#42=COLOUR_RGB('',2.E-1,4.E-1,2.E-1);
#43=COLOUR_RGB('',2.E-1,4.E-1,4.E-1);
#44=COLOUR_RGB('',2.E-1,4.E-1,6.E-1);
#45=COLOUR_RGB('',2.E-1,4.E-1,8.E-1);
#46=COLOUR_RGB('',2.E-1,6.E-1,0.E0);
#47=COLOUR_RGB('',2.E-1,6.E-1,2.E-1);
#48=COLOUR_RGB('',2.E-1,6.E-1,4.E-1);
#49=COLOUR_RGB('',2.E-1,6.E-1,6.E-1);
#50=COLOUR_RGB('',2.E-1,6.E-1,8.E-1);
#51=COLOUR_RGB('',2.E-1,8.E-1,0.E0);
#52=COLOUR_RGB('',2.E-1,8.E-1,2.E-1);
#53=COLOUR_RGB('',2.E-1,8.E-1,4.E-1);
#54=COLOUR_RGB('',2.E-1,8.E-1,6.E-1);
#55=COLOUR_RGB('',2.E-1,8.E-1,8.E-1);
#56=COLOUR_RGB('',2.E-1,1.E0,0.E0);
#57=COLOUR_RGB('',2.E-1,1.E0,2.E-1);
#58=COLOUR_RGB('',2.E-1,1.E0,4.E-1);
#59=COLOUR_RGB('',2.E-1,1.E0,6.E-1);
#60=COLOUR_RGB('',2.E-1,1.E0,8.E-1);
#61=COLOUR_RGB('',4.E-1,0.E0,0.E0);
#62=COLOUR_RGB('',4.E-1,0.E0,2.E-1);
#63=COLOUR_RGB('',4.E-1,0.E0,4.E-1);
#64=COLOUR_RGB('',4.E-1,0.E0,6.E-1);
#65=COLOUR_RGB('',4.E-1,0.E0,8.E-1);
#66=COLOUR_RGB('',4.E-1,2.E-1,0.E0);
#67=COLOUR_RGB('',4.E-1,2.E-1,2.E-1);
#68=COLOUR_RGB('',4.E-1,2.E-1,4.E-1);
#69=COLOUR_RGB('',4.E-1,2.E-1,6.E-1);
#70=COLOUR_RGB('',4.E-1,2.E-1,8.E-1);
#71=COLOUR_RGB('',4.E-1,4.E-1,0.E0);
#72=COLOUR_RGB('',4.E-1,4.E-1,2.E-1);
#73=COLOUR_RGB('',4.E-1,4.E-1,4.E-1);
#74=COLOUR_RGB('',4.E-1,4.E-1,6.E-1);
#75=COLOUR_RGB('',4.E-1,4.E-1,8.E-1);
#76=COLOUR_RGB('',4.E-1,6.E-1,0.E0);
#77=COLOUR_RGB('',4.E-1,6.E-1,2.E-1);
#78=COLOUR_RGB('',4.E-1,6.E-1,4.E-1);
#79=COLOUR_RGB('',4.E-1,6.E-1,6.E-1);
#80=COLOUR_RGB('',4.E-1,6.E-1,8.E-1);
#81=COLOUR_RGB('',4.E-1,8.E-1,0.E0);
#82=COLOUR_RGB('',4.E-1,8.E-1,2.E-1);
#83=COLOUR_RGB('',4.E-1,8.E-1,4.E-1);
#84=COLOUR_RGB('',4.E-1,8.E-1,6.E-1);
#85=COLOUR_RGB('',4.E-1,8.E-1,8.E-1);
#86=COLOUR_RGB('',4.E-1,1.E0,0.E0);
#87=COLOUR_RGB('',4.E-1,1.E0,2.E-1);
#88=COLOUR_RGB('',4.E-1,1.E0,4.E-1);
#89=COLOUR_RGB('',4.E-1,1.E0,6.E-1);
#90=COLOUR_RGB('',4.E-1,1.E0,8.E-1);
#91=COLOUR_RGB('',6.E-1,0.E0,0.E0);
#92=COLOUR_RGB('',6.E-1,0.E0,2.E-1);
#93=COLOUR_RGB('',6.E-1,0.E0,4.E-1);
#94=COLOUR_RGB('',6.E-1,0.E0,6.E-1);
#95=COLOUR_RGB('',6.E-1,0.E0,8.E-1);
#96=COLOUR_RGB('',6.E-1,2.E-1,0.E0);
#97=COLOUR_RGB('',6.E-1,2.E-1,2.E-1);
#98=COLOUR_RGB('',6.E-1,2.E-1,4.E-1);
#99=COLOUR_RGB('',6.E-1,2.E-1,6.E-1);
#100=COLOUR_RGB('',6.E-1,2.E-1,8.E-1);
#101=COLOUR_RGB('',6.E-1,4.E-1,0.E0);
#102=COLOUR_RGB('',6.E-1,4.E-1,2.E-1);
#103=COLOUR_RGB('',6.E-1,4.E-1,4.E-1);
#104=COLOUR_RGB('',6.E-1,4.E-1,6.E-1);
#105=COLOUR_RGB('',6.E-1,4.E-1,8.E-1);
#106=COLOUR_RGB('',6.E-1,6.E-1,0.E0);
#107=COLOUR_RGB('',6.E-1,6.E-1,2.E-1);
#108=COLOUR_RGB('',6.E-1,6.E-1,4.E-1);
#109=COLOUR_RGB('',6.E-1,6.E-1,6.E-1);
#110=COLOUR_RGB('',6.E-1,6.E-1,8.E-1);
#111=COLOUR_RGB('',6.E-1,8.E-1,0.E0);
#112=COLOUR_RGB('',6.E-1,8.E-1,2.E-1);
#113=COLOUR_RGB('',6.E-1,8.E-1,4.E-1);
#114=COLOUR_RGB('',6.E-1,8.E-1,6.E-1);
#115=COLOUR_RGB('',6.E-1,8.E-1,8.E-1);
#116=COLOUR_RGB('',6.E-1,1.E0,0.E0);
#117=COLOUR_RGB('',6.E-1,1.E0,2.E-1);
#118=COLOUR_RGB('',6.E-1,1.E0,4.E-1);
#119=COLOUR_RGB('',6.E-1,1.E0,6.E-1);
#120=COLOUR_RGB('',6.E-1,1.E0,8.E-1);
#121=COLOUR_RGB('',8.E-1,0.E0,0.E0);
#122=COLOUR_RGB('',8.E-1,0.E0,2.E-1);
#123=COLOUR_RGB('',8.E-1,0.E0,4.E-1);
#124=COLOUR_RGB('',8.E-1,0.E0,6.E-1);
#125=COLOUR_RGB('',8.E-1,0.E0,8.E-1);
#126=COLOUR_RGB('',8.E-1,2.E-1,0.E0);
#127=COLOUR_RGB('',8.E-1,2.E-1,2.E-1);
#128=COLOUR_RGB('',8.E-1,2.E-1,4.E-1);
#129=COLOUR_RGB('',8.E-1,2.E-1,6.E-1);
#130=COLOUR_RGB('',8.E-1,2.E-1,8.E-1);
#131=COLOUR_RGB('',8.E-1,4.E-1,0.E0);
#132=COLOUR_RGB('',8.E-1,4.E-1,2.E-1);
#133=COLOUR_RGB('',8.E-1,4.E-1,4.E-1);
#134=COLOUR_RGB('',8.E-1,4.E-1,6.E-1);
#135=COLOUR_RGB('',8.E-1,4.E-1,8.E-1);
#136=COLOUR_RGB('',8.E-1,6.E-1,0.E0);
#137=COLOUR_RGB('',8.E-1,6.E-1,2.E-1);
#138=COLOUR_RGB('',8.E-1,6.E-1,4.E-1);
#139=COLOUR_RGB('',8.E-1,6.E-1,6.E-1);
#140=COLOUR_RGB('',8.E-1,6.E-1,8.E-1);
#141=COLOUR_RGB('',8.E-1,8.E-1,0.E0);
#142=COLOUR_RGB('',8.E-1,8.E-1,2.E-1);
#143=COLOUR_RGB('',8.E-1,8.E-1,4.E-1);
#144=COLOUR_RGB('',8.E-1,8.E-1,6.E-1);
#145=COLOUR_RGB('',8.E-1,8.E-1,8.E-1);
#146=COLOUR_RGB('',8.E-1,1.E0,0.E0);
#147=COLOUR_RGB('',8.E-1,1.E0,2.E-1);
#148=COLOUR_RGB('',8.E-1,1.E0,4.E-1);
#149=COLOUR_RGB('',8.E-1,1.E0,6.E-1);
#150=COLOUR_RGB('',8.E-1,1.E0,8.E-1);
#151=COLOUR_RGB('',8.784E-1,9.49E-1,1.E0);
#152=DRAUGHTING_PRE_DEFINED_COLOUR('red');
#153=COLOUR_RGB('',1.E0,0.E0,2.E-1);
#154=COLOUR_RGB('',1.E0,0.E0,4.E-1);
#155=COLOUR_RGB('',1.E0,0.E0,6.E-1);
#156=COLOUR_RGB('',1.E0,0.E0,8.E-1);
#157=COLOUR_RGB('',1.E0,2.E-1,0.E0);
#158=COLOUR_RGB('',1.E0,2.E-1,2.E-1);
#159=COLOUR_RGB('',1.E0,2.E-1,4.E-1);
#160=COLOUR_RGB('',1.E0,2.E-1,6.E-1);
#161=COLOUR_RGB('',1.E0,2.E-1,8.E-1);
#162=COLOUR_RGB('',1.E0,4.E-1,0.E0);
#163=COLOUR_RGB('',1.E0,4.E-1,2.E-1);
#164=COLOUR_RGB('',1.E0,4.E-1,4.E-1);
#165=COLOUR_RGB('',1.E0,4.E-1,6.E-1);
#166=COLOUR_RGB('',1.E0,4.E-1,8.E-1);
#167=COLOUR_RGB('',1.E0,6.E-1,0.E0);
#168=COLOUR_RGB('',1.E0,6.E-1,2.E-1);
#169=COLOUR_RGB('',1.E0,6.E-1,4.E-1);
#170=COLOUR_RGB('',1.E0,6.E-1,6.E-1);
#171=COLOUR_RGB('',1.E0,6.E-1,8.E-1);
#172=COLOUR_RGB('',1.E0,8.E-1,0.E0);
#173=COLOUR_RGB('',1.E0,8.E-1,2.E-1);
#174=COLOUR_RGB('',1.E0,8.E-1,4.E-1);
#175=COLOUR_RGB('',1.E0,8.E-1,6.E-1);
#176=COLOUR_RGB('',1.E0,8.E-1,8.E-1);
#177=DRAUGHTING_PRE_DEFINED_COLOUR('yellow');
#178=COLOUR_RGB('',1.E0,1.E0,2.E-1);
#179=COLOUR_RGB('',1.E0,1.E0,4.E-1);
#180=COLOUR_RGB('',1.E0,1.E0,6.E-1);
#181=COLOUR_RGB('',1.E0,1.E0,8.E-1);
#202=CIRCLE('943',#201,2.05E-1);
#207=CIRCLE('944',#206,2.05E-1);
#212=CIRCLE('941',#211,2.05E-1);
#217=CIRCLE('942',#216,2.05E-1);
#222=CIRCLE('1064',#221,2.05E-1);
#227=CIRCLE('1065',#226,2.05E-1);
#232=CIRCLE('1066',#231,2.05E-1);
#237=CIRCLE('1067',#236,2.05E-1);
#242=CIRCLE('1203',#241,2.05E-1);
#247=CIRCLE('1204',#246,2.05E-1);
#252=CIRCLE('1205',#251,2.05E-1);
#257=CIRCLE('1206',#256,2.05E-1);
#262=CIRCLE('1342',#261,2.05E-1);
#267=CIRCLE('1343',#266,2.05E-1);
#272=CIRCLE('1344',#271,2.05E-1);
#277=CIRCLE('1345',#276,2.05E-1);
#282=CIRCLE('1481',#281,2.05E-1);
#287=CIRCLE('1482',#286,2.05E-1);
#292=CIRCLE('1483',#291,2.05E-1);
#297=CIRCLE('1484',#296,2.05E-1);
#302=CIRCLE('1622',#301,2.05E-1);
#307=CIRCLE('1623',#306,2.05E-1);
#312=CIRCLE('1620',#311,2.05E-1);
#317=CIRCLE('1621',#316,2.05E-1);
#322=CIRCLE('412',#321,2.05E-1);
#327=CIRCLE('413',#326,2.05E-1);
#332=CIRCLE('410',#331,2.05E-1);
#337=CIRCLE('411',#336,2.05E-1);
#342=CIRCLE('271',#341,2.05E-1);
#347=CIRCLE('272',#346,2.05E-1);
#352=CIRCLE('273',#351,2.05E-1);
#357=CIRCLE('274',#356,2.05E-1);
#434=CIRCLE('932',#433,2.5E-1);
#439=CIRCLE('934',#438,2.5E-1);
#508=CIRCLE('256',#507,2.5E-1);
#513=CIRCLE('258',#512,2.5E-1);
#642=CIRCLE('975',#641,2.05E-1);
#647=CIRCLE('976',#646,2.05E-1);
#652=CIRCLE('973',#651,2.05E-1);
#657=CIRCLE('974',#656,2.05E-1);
#662=CIRCLE('1096',#661,2.05E-1);
#667=CIRCLE('1097',#666,2.05E-1);
#672=CIRCLE('1098',#671,2.05E-1);
#677=CIRCLE('1099',#676,2.05E-1);
#682=CIRCLE('1235',#681,2.05E-1);
#687=CIRCLE('1236',#686,2.05E-1);
#692=CIRCLE('1237',#691,2.05E-1);
#697=CIRCLE('1238',#696,2.05E-1);
#702=CIRCLE('1374',#701,2.05E-1);
#707=CIRCLE('1375',#706,2.05E-1);
#712=CIRCLE('1376',#711,2.05E-1);
#717=CIRCLE('1377',#716,2.05E-1);
#722=CIRCLE('1513',#721,2.05E-1);
#727=CIRCLE('1514',#726,2.05E-1);
#732=CIRCLE('1515',#731,2.05E-1);
#737=CIRCLE('1516',#736,2.05E-1);
#742=CIRCLE('1654',#741,2.05E-1);
#747=CIRCLE('1655',#746,2.05E-1);
#752=CIRCLE('1652',#751,2.05E-1);
#757=CIRCLE('1653',#756,2.05E-1);
#762=CIRCLE('444',#761,2.05E-1);
#767=CIRCLE('445',#766,2.05E-1);
#772=CIRCLE('442',#771,2.05E-1);
#777=CIRCLE('443',#776,2.05E-1);
#782=CIRCLE('303',#781,2.05E-1);
#787=CIRCLE('304',#786,2.05E-1);
#792=CIRCLE('305',#791,2.05E-1);
#797=CIRCLE('306',#796,2.05E-1);
#834=CIRCLE('1725',#833,2.5E-1);
#851=CIRCLE('1571',#850,2.5E-1);
#868=CIRCLE('1432',#867,2.5E-1);
#885=CIRCLE('1293',#884,2.5E-1);
#902=CIRCLE('1154',#901,2.5E-1);
#919=CIRCLE('960',#918,2.5E-1);
#928=CIRCLE('962',#927,2.5E-1);
#945=CIRCLE('1153',#944,2.5E-1);
#962=CIRCLE('1292',#961,2.5E-1);
#979=CIRCLE('1431',#978,2.5E-1);
#996=CIRCLE('1570',#995,2.5E-1);
#1013=CIRCLE('1726',#1012,2.5E-1);
#1030=CIRCLE('1724',#1029,2.5E-1);
#1047=CIRCLE('484',#1046,2.5E-1);
#1064=CIRCLE('296',#1063,2.5E-1);
#1073=CIRCLE('298',#1072,2.5E-1);
#1090=CIRCLE('483',#1089,2.5E-1);
#1107=CIRCLE('1723',#1106,2.5E-1);
#1132=CIRCLE('985',#1131,2.05E-1);
#1137=CIRCLE('986',#1136,2.05E-1);
#1150=CIRCLE('983',#1149,2.05E-1);
#1155=CIRCLE('984',#1154,2.05E-1);
#1168=CIRCLE('1106',#1167,2.05E-1);
#1173=CIRCLE('1107',#1172,2.05E-1);
#1186=CIRCLE('1108',#1185,2.05E-1);
#1191=CIRCLE('1109',#1190,2.05E-1);
#1364=CIRCLE('1245',#1363,2.05E-1);
#1369=CIRCLE('1246',#1368,2.05E-1);
#1382=CIRCLE('1247',#1381,2.05E-1);
#1387=CIRCLE('1248',#1386,2.05E-1);
#1560=CIRCLE('1384',#1559,2.05E-1);
#1565=CIRCLE('1385',#1564,2.05E-1);
#1578=CIRCLE('1386',#1577,2.05E-1);
#1583=CIRCLE('1387',#1582,2.05E-1);
#1756=CIRCLE('1523',#1755,2.05E-1);
#1761=CIRCLE('1524',#1760,2.05E-1);
#1774=CIRCLE('1525',#1773,2.05E-1);
#1779=CIRCLE('1526',#1778,2.05E-1);
#2112=CIRCLE('1664',#2111,2.05E-1);
#2117=CIRCLE('1665',#2116,2.05E-1);
#2130=CIRCLE('1662',#2129,2.05E-1);
#2135=CIRCLE('1663',#2134,2.05E-1);
#2148=CIRCLE('454',#2147,2.05E-1);
#2153=CIRCLE('455',#2152,2.05E-1);
#2166=CIRCLE('452',#2165,2.05E-1);
#2171=CIRCLE('453',#2170,2.05E-1);
#2184=CIRCLE('313',#2183,2.05E-1);
#2189=CIRCLE('314',#2188,2.05E-1);
#2202=CIRCLE('315',#2201,2.05E-1);
#2207=CIRCLE('316',#2206,2.05E-1);
#2472=CIRCLE('1719',#2471,2.5E-1);
#2493=CIRCLE('1722',#2492,2.5E-1);
#2518=CIRCLE('482',#2517,2.5E-1);
#2583=CIRCLE('481',#2582,2.5E-1);
#2608=CIRCLE('1721',#2607,2.5E-1);
#2629=CIRCLE('1720',#2628,2.5E-1);
#2654=CIRCLE('1569',#2653,2.5E-1);
#2679=CIRCLE('1430',#2678,2.5E-1);
#2704=CIRCLE('1291',#2703,2.5E-1);
#2729=CIRCLE('1152',#2728,2.5E-1);
#2786=CIRCLE('1151',#2785,2.5E-1);
#2811=CIRCLE('1290',#2810,2.5E-1);
#2836=CIRCLE('1429',#2835,2.5E-1);
#2861=CIRCLE('1568',#2860,2.5E-1);
#2934=CIRCLE('993',#2933,2.05E-1);
#2939=CIRCLE('994',#2938,2.05E-1);
#2952=CIRCLE('991',#2951,2.05E-1);
#2957=CIRCLE('992',#2956,2.05E-1);
#2970=CIRCLE('1114',#2969,2.05E-1);
#2975=CIRCLE('1115',#2974,2.05E-1);
#2988=CIRCLE('1116',#2987,2.05E-1);
#2993=CIRCLE('1117',#2992,2.05E-1);
#3006=CIRCLE('1253',#3005,2.05E-1);
#3011=CIRCLE('1254',#3010,2.05E-1);
#3024=CIRCLE('1255',#3023,2.05E-1);
#3029=CIRCLE('1256',#3028,2.05E-1);
#3042=CIRCLE('1392',#3041,2.05E-1);
#3047=CIRCLE('1393',#3046,2.05E-1);
#3060=CIRCLE('1394',#3059,2.05E-1);
#3065=CIRCLE('1395',#3064,2.05E-1);
#3078=CIRCLE('1531',#3077,2.05E-1);
#3083=CIRCLE('1532',#3082,2.05E-1);
#3096=CIRCLE('1533',#3095,2.05E-1);
#3101=CIRCLE('1534',#3100,2.05E-1);
#3114=CIRCLE('1672',#3113,2.05E-1);
#3119=CIRCLE('1673',#3118,2.05E-1);
#3132=CIRCLE('1670',#3131,2.05E-1);
#3137=CIRCLE('1671',#3136,2.05E-1);
#3150=CIRCLE('462',#3149,2.05E-1);
#3155=CIRCLE('463',#3154,2.05E-1);
#3168=CIRCLE('460',#3167,2.05E-1);
#3173=CIRCLE('461',#3172,2.05E-1);
#3186=CIRCLE('321',#3185,2.05E-1);
#3191=CIRCLE('322',#3190,2.05E-1);
#3204=CIRCLE('323',#3203,2.05E-1);
#3209=CIRCLE('324',#3208,2.05E-1);
#4127=EDGE_CURVE('501',#3348,#3349,#185,.T.);
#4129=EDGE_CURVE('502',#3351,#3348,#593,.T.);
#4131=EDGE_CURVE('503',#3353,#3351,#577,.T.);
#4133=EDGE_CURVE('504',#3349,#3353,#565,.T.);
#4137=ADVANCED_FACE('487',(#4136),#4126,.F.);
#4143=EDGE_CURVE('507',#3361,#3355,#193,.T.);
#4145=EDGE_CURVE('524',#3348,#3361,#597,.T.);
#4148=EDGE_CURVE('505',#3355,#3349,#573,.T.);
#4152=ADVANCED_FACE('488',(#4151),#4142,.F.);
#4158=EDGE_CURVE('1000',#3708,#3709,#189,.T.);
#4160=EDGE_CURVE('1014',#3361,#3709,#613,.T.);
#4163=EDGE_CURVE('1009',#3708,#3355,#545,.T.);
#4167=ADVANCED_FACE('489',(#4166),#4157,.F.);
#4173=EDGE_CURVE('1001',#3712,#3713,#197,.T.);
#4175=EDGE_CURVE('1008',#3359,#3712,#561,.T.);
#4177=EDGE_CURVE('506',#3358,#3359,#2901,.T.);
#4179=EDGE_CURVE('1015',#3713,#3358,#621,.T.);
#4183=ADVANCED_FACE('489',(#4182),#4172,.F.);
#4189=EDGE_CURVE('1720',#3968,#4053,#2629,.T.);
#4191=EDGE_CURVE('1469',#3968,#3969,#393,.T.);
#4193=EDGE_CURVE('1470',#3971,#3969,#2641,.T.);
#4195=EDGE_CURVE('1471',#3971,#3973,#397,.T.);
#4197=EDGE_CURVE('1569',#3888,#3973,#2654,.T.);
#4199=EDGE_CURVE('1330',#3888,#3889,#401,.T.);
#4201=EDGE_CURVE('1331',#3891,#3889,#2666,.T.);
#4203=EDGE_CURVE('1332',#3891,#3893,#405,.T.);
#4205=EDGE_CURVE('1430',#3808,#3893,#2679,.T.);
#4207=EDGE_CURVE('1191',#3808,#3809,#409,.T.);
#4209=EDGE_CURVE('1192',#3811,#3809,#2691,.T.);
#4211=EDGE_CURVE('1193',#3811,#3813,#413,.T.);
#4213=EDGE_CURVE('1291',#3728,#3813,#2704,.T.);
#4215=EDGE_CURVE('1052',#3728,#3729,#417,.T.);
#4217=EDGE_CURVE('1053',#3731,#3729,#2716,.T.);
#4219=EDGE_CURVE('1054',#3731,#3733,#421,.T.);
#4221=EDGE_CURVE('1152',#3640,#3733,#2729,.T.);
#4223=EDGE_CURVE('929',#3640,#3641,#425,.T.);
#4225=EDGE_CURVE('930',#3643,#3641,#2741,.T.);
#4227=EDGE_CURVE('931',#3643,#3645,#429,.T.);
#4229=EDGE_CURVE('932',#3645,#3647,#434,.T.);
#4231=EDGE_CURVE('933',#3649,#3647,#2757,.T.);
#4233=EDGE_CURVE('934',#3649,#3651,#439,.T.);
#4235=EDGE_CURVE('935',#3651,#3653,#443,.T.);
#4237=EDGE_CURVE('936',#3636,#3653,#2773,.T.);
#4239=EDGE_CURVE('925',#3636,#3637,#447,.T.);
#4241=EDGE_CURVE('1151',#3736,#3637,#2786,.T.);
#4243=EDGE_CURVE('1058',#3736,#3737,#451,.T.);
#4245=EDGE_CURVE('1059',#3724,#3737,#2798,.T.);
#4247=EDGE_CURVE('1048',#3724,#3725,#455,.T.);
#4249=EDGE_CURVE('1290',#3816,#3725,#2811,.T.);
#4251=EDGE_CURVE('1197',#3816,#3817,#459,.T.);
#4253=EDGE_CURVE('1198',#3804,#3817,#2823,.T.);
#4255=EDGE_CURVE('1187',#3804,#3805,#463,.T.);
#4257=EDGE_CURVE('1429',#3896,#3805,#2836,.T.);
#4259=EDGE_CURVE('1336',#3896,#3897,#467,.T.);
#4261=EDGE_CURVE('1337',#3884,#3897,#2848,.T.);
#4263=EDGE_CURVE('1326',#3884,#3885,#471,.T.);
#4265=EDGE_CURVE('1568',#3976,#3885,#2861,.T.);
#4267=EDGE_CURVE('1475',#3976,#3977,#475,.T.);
#4269=EDGE_CURVE('1476',#3964,#3977,#2873,.T.);
#4271=EDGE_CURVE('1465',#3964,#3965,#479,.T.);
#4273=EDGE_CURVE('1719',#4056,#3965,#2472,.T.);
#4275=EDGE_CURVE('1614',#4056,#4057,#483,.T.);
#4277=EDGE_CURVE('1615',#4044,#4057,#2484,.T.);
#4279=EDGE_CURVE('1604',#4044,#4045,#487,.T.);
#4281=EDGE_CURVE('1722',#3296,#4045,#2493,.T.);
#4283=EDGE_CURVE('404',#3296,#3297,#491,.T.);
#4285=EDGE_CURVE('405',#3284,#3297,#2509,.T.);
#4287=EDGE_CURVE('394',#3284,#3285,#495,.T.);
#4289=EDGE_CURVE('482',#3228,#3285,#2518,.T.);
#4291=EDGE_CURVE('265',#3228,#3229,#499,.T.);
#4293=EDGE_CURVE('266',#3212,#3229,#2534,.T.);
#4295=EDGE_CURVE('255',#3212,#3213,#503,.T.);
#4297=EDGE_CURVE('256',#3213,#3215,#508,.T.);
#4299=EDGE_CURVE('257',#3217,#3215,#2550,.T.);
#4301=EDGE_CURVE('258',#3217,#3219,#513,.T.);
#4303=EDGE_CURVE('259',#3219,#3221,#517,.T.);
#4305=EDGE_CURVE('260',#3223,#3221,#2566,.T.);
#4307=EDGE_CURVE('261',#3223,#3225,#521,.T.);
#4309=EDGE_CURVE('481',#3288,#3225,#2583,.T.);
#4311=EDGE_CURVE('398',#3288,#3289,#525,.T.);
#4313=EDGE_CURVE('399',#3291,#3289,#2591,.T.);
#4315=EDGE_CURVE('400',#3291,#3293,#529,.T.);
#4317=EDGE_CURVE('1721',#4048,#3293,#2608,.T.);
#4319=EDGE_CURVE('1608',#4048,#4049,#533,.T.);
#4321=EDGE_CURVE('1609',#4051,#4049,#2616,.T.);
#4323=EDGE_CURVE('1610',#4051,#4053,#537,.T.);
#4327=EDGE_CURVE('943',#3660,#3661,#202,.T.);
#4329=EDGE_CURVE('944',#3661,#3660,#207,.T.);
#4333=EDGE_CURVE('941',#3656,#3657,#212,.T.);
#4335=EDGE_CURVE('942',#3657,#3656,#217,.T.);
#4339=EDGE_CURVE('1064',#3740,#3741,#222,.T.);
#4341=EDGE_CURVE('1065',#3741,#3740,#227,.T.);
#4345=EDGE_CURVE('1066',#3744,#3745,#232,.T.);
#4347=EDGE_CURVE('1067',#3745,#3744,#237,.T.);
#4351=EDGE_CURVE('1123',#3788,#3789,#1195,.T.);
#4353=EDGE_CURVE('1127',#3797,#3788,#1247,.T.);
#4355=EDGE_CURVE('1125',#3796,#3797,#1235,.T.);
#4357=EDGE_CURVE('1129',#3789,#3796,#1207,.T.);
#4361=EDGE_CURVE('1203',#3820,#3821,#242,.T.);
#4363=EDGE_CURVE('1204',#3821,#3820,#247,.T.);
#4367=EDGE_CURVE('1205',#3824,#3825,#252,.T.);
#4369=EDGE_CURVE('1206',#3825,#3824,#257,.T.);
#4373=EDGE_CURVE('1262',#3868,#3869,#1391,.T.);
#4375=EDGE_CURVE('1266',#3877,#3868,#1443,.T.);
#4377=EDGE_CURVE('1264',#3876,#3877,#1431,.T.);
#4379=EDGE_CURVE('1268',#3869,#3876,#1403,.T.);
#4383=EDGE_CURVE('1342',#3900,#3901,#262,.T.);
#4385=EDGE_CURVE('1343',#3901,#3900,#267,.T.);
#4389=EDGE_CURVE('1344',#3904,#3905,#272,.T.);
#4391=EDGE_CURVE('1345',#3905,#3904,#277,.T.);
#4395=EDGE_CURVE('1401',#3948,#3949,#1587,.T.);
#4397=EDGE_CURVE('1405',#3957,#3948,#1639,.T.);
#4399=EDGE_CURVE('1403',#3956,#3957,#1627,.T.);
#4401=EDGE_CURVE('1407',#3949,#3956,#1599,.T.);
#4405=EDGE_CURVE('1481',#3980,#3981,#282,.T.);
#4407=EDGE_CURVE('1482',#3981,#3980,#287,.T.);
#4411=EDGE_CURVE('1483',#3984,#3985,#292,.T.);
#4413=EDGE_CURVE('1484',#3985,#3984,#297,.T.);
#4417=EDGE_CURVE('1540',#4028,#4029,#1783,.T.);
#4419=EDGE_CURVE('1544',#4037,#4028,#1835,.T.);
#4421=EDGE_CURVE('1542',#4036,#4037,#1823,.T.);
#4423=EDGE_CURVE('1546',#4029,#4036,#1795,.T.);
#4427=EDGE_CURVE('1683',#4108,#4109,#1943,.T.);
#4429=EDGE_CURVE('1687',#4117,#4108,#1995,.T.);
#4431=EDGE_CURVE('1685',#4116,#4117,#1983,.T.);
#4433=EDGE_CURVE('1689',#4109,#4116,#1955,.T.);
#4437=EDGE_CURVE('1622',#4064,#4065,#302,.T.);
#4439=EDGE_CURVE('1623',#4065,#4064,#307,.T.);
#4443=EDGE_CURVE('1620',#4060,#4061,#312,.T.);
#4445=EDGE_CURVE('1621',#4061,#4060,#317,.T.);
#4449=EDGE_CURVE('412',#3304,#3305,#322,.T.);
#4451=EDGE_CURVE('413',#3305,#3304,#327,.T.);
#4455=EDGE_CURVE('410',#3300,#3301,#332,.T.);
#4457=EDGE_CURVE('411',#3301,#3300,#337,.T.);
#4461=EDGE_CURVE('271',#3232,#3233,#342,.T.);
#4463=EDGE_CURVE('272',#3233,#3232,#347,.T.);
#4467=EDGE_CURVE('273',#3236,#3237,#352,.T.);
#4469=EDGE_CURVE('274',#3237,#3236,#357,.T.);
#4473=EDGE_CURVE('814',#3572,#3573,#361,.T.);
#4475=EDGE_CURVE('816',#3577,#3572,#365,.T.);
#4477=EDGE_CURVE('815',#3576,#3577,#369,.T.);
#4479=EDGE_CURVE('817',#3573,#3576,#373,.T.);
#4483=EDGE_CURVE('877',#3620,#3621,#377,.T.);
#4485=EDGE_CURVE('879',#3625,#3620,#381,.T.);
#4487=EDGE_CURVE('878',#3624,#3625,#385,.T.);
#4489=EDGE_CURVE('880',#3621,#3624,#389,.T.);
#4494=EDGE_CURVE('1004',#3717,#3708,#541,.T.);
#4496=EDGE_CURVE('1002',#3716,#3717,#629,.T.);
#4498=EDGE_CURVE('1006',#3709,#3716,#601,.T.);
#4502=ADVANCED_FACE('327',(#4326,#4332,#4338,#4344,#4350,#4360,#4366,#4372,
#4382,#4388,#4394,#4404,#4410,#4416,#4426,#4436,#4442,#4448,#4454,#4460,#4466,
#4472,#4482,#4492,#4501),#4188,.F.);
#4510=EDGE_CURVE('519',#3377,#3355,#569,.T.);
#4512=EDGE_CURVE('1012',#3377,#3717,#549,.T.);
#4516=ADVANCED_FACE('494',(#4515),#4507,.F.);
#4522=EDGE_CURVE('1005',#3721,#3712,#553,.T.);
#4524=EDGE_CURVE('1013',#3721,#3371,#557,.T.);
#4526=EDGE_CURVE('518',#3359,#3371,#2909,.T.);
#4531=ADVANCED_FACE('494',(#4530),#4521,.F.);
#4538=EDGE_CURVE('522',#3377,#3353,#585,.T.);
#4544=ADVANCED_FACE('496',(#4543),#4536,.F.);
#4551=EDGE_CURVE('523',#3376,#3351,#589,.T.);
#4553=EDGE_CURVE('516',#3376,#3377,#581,.T.);
#4558=ADVANCED_FACE('497',(#4557),#4549,.T.);
#4564=EDGE_CURVE('526',#3376,#3361,#609,.T.);
#4571=ADVANCED_FACE('498',(#4570),#4563,.T.);
#4578=EDGE_CURVE('1011',#3716,#3376,#605,.T.);
#4584=ADVANCED_FACE('499',(#4583),#4576,.T.);
#4590=EDGE_CURVE('1007',#3713,#3720,#617,.T.);
#4593=EDGE_CURVE('525',#3373,#3358,#2885,.T.);
#4595=EDGE_CURVE('1010',#3373,#3720,#625,.T.);
#4599=ADVANCED_FACE('499',(#4598),#4589,.T.);
#4611=ADVANCED_FACE('493',(#4610),#4604,.T.);
#4617=EDGE_CURVE('1003',#3720,#3721,#633,.T.);
#4620=EDGE_CURVE('515',#3373,#3371,#637,.T.);
#4625=ADVANCED_FACE('493',(#4624),#4616,.T.);
#4631=EDGE_CURVE('1725',#4071,#4001,#834,.T.);
#4633=EDGE_CURVE('1497',#4001,#3987,#838,.T.);
#4635=EDGE_CURVE('1498',#3987,#3989,#842,.T.);
#4637=EDGE_CURVE('1499',#3989,#3991,#846,.T.);
#4639=EDGE_CURVE('1571',#3991,#3921,#851,.T.);
#4641=EDGE_CURVE('1358',#3921,#3907,#855,.T.);
#4643=EDGE_CURVE('1359',#3907,#3909,#859,.T.);
#4645=EDGE_CURVE('1360',#3909,#3911,#863,.T.);
#4647=EDGE_CURVE('1432',#3911,#3841,#868,.T.);
#4649=EDGE_CURVE('1219',#3841,#3827,#872,.T.);
#4651=EDGE_CURVE('1220',#3827,#3829,#876,.T.);
#4653=EDGE_CURVE('1221',#3829,#3831,#880,.T.);
#4655=EDGE_CURVE('1293',#3831,#3761,#885,.T.);
#4657=EDGE_CURVE('1080',#3761,#3747,#889,.T.);
#4659=EDGE_CURVE('1081',#3747,#3749,#893,.T.);
#4661=EDGE_CURVE('1082',#3749,#3751,#897,.T.);
#4663=EDGE_CURVE('1154',#3751,#3681,#902,.T.);
#4665=EDGE_CURVE('957',#3681,#3663,#906,.T.);
#4667=EDGE_CURVE('958',#3663,#3665,#910,.T.);
#4669=EDGE_CURVE('959',#3665,#3667,#914,.T.);
#4671=EDGE_CURVE('960',#3667,#3669,#919,.T.);
#4673=EDGE_CURVE('961',#3669,#3671,#923,.T.);
#4675=EDGE_CURVE('962',#3671,#3673,#928,.T.);
#4677=EDGE_CURVE('963',#3673,#3675,#932,.T.);
#4679=EDGE_CURVE('964',#3675,#3677,#936,.T.);
#4681=EDGE_CURVE('965',#3677,#3679,#940,.T.);
#4683=EDGE_CURVE('1153',#3679,#3753,#945,.T.);
#4685=EDGE_CURVE('1086',#3753,#3755,#949,.T.);
#4687=EDGE_CURVE('1087',#3755,#3757,#953,.T.);
#4689=EDGE_CURVE('1088',#3757,#3759,#957,.T.);
#4691=EDGE_CURVE('1292',#3759,#3833,#962,.T.);
#4693=EDGE_CURVE('1225',#3833,#3835,#966,.T.);
#4695=EDGE_CURVE('1226',#3835,#3837,#970,.T.);
#4697=EDGE_CURVE('1227',#3837,#3839,#974,.T.);
#4699=EDGE_CURVE('1431',#3839,#3913,#979,.T.);
#4701=EDGE_CURVE('1364',#3913,#3915,#983,.T.);
#4703=EDGE_CURVE('1365',#3915,#3917,#987,.T.);
#4705=EDGE_CURVE('1366',#3917,#3919,#991,.T.);
#4707=EDGE_CURVE('1570',#3919,#3993,#996,.T.);
#4709=EDGE_CURVE('1503',#3993,#3995,#1000,.T.);
#4711=EDGE_CURVE('1504',#3995,#3997,#1004,.T.);
#4713=EDGE_CURVE('1505',#3997,#3999,#1008,.T.);
#4715=EDGE_CURVE('1726',#3999,#4073,#1013,.T.);
#4717=EDGE_CURVE('1642',#4073,#4075,#1017,.T.);
#4719=EDGE_CURVE('1643',#4075,#4077,#1021,.T.);
#4721=EDGE_CURVE('1644',#4077,#4079,#1025,.T.);
#4723=EDGE_CURVE('1724',#4079,#3313,#1030,.T.);
#4725=EDGE_CURVE('432',#3313,#3315,#1034,.T.);
#4727=EDGE_CURVE('433',#3315,#3317,#1038,.T.);
#4729=EDGE_CURVE('434',#3317,#3319,#1042,.T.);
#4731=EDGE_CURVE('484',#3319,#3245,#1047,.T.);
#4733=EDGE_CURVE('293',#3245,#3247,#1051,.T.);
#4735=EDGE_CURVE('294',#3247,#3249,#1055,.T.);
#4737=EDGE_CURVE('295',#3249,#3251,#1059,.T.);
#4739=EDGE_CURVE('296',#3251,#3253,#1064,.T.);
#4741=EDGE_CURVE('297',#3253,#3255,#1068,.T.);
#4743=EDGE_CURVE('298',#3255,#3257,#1073,.T.);
#4745=EDGE_CURVE('287',#3257,#3239,#1077,.T.);
#4747=EDGE_CURVE('288',#3239,#3241,#1081,.T.);
#4749=EDGE_CURVE('289',#3241,#3243,#1085,.T.);
#4751=EDGE_CURVE('483',#3243,#3321,#1090,.T.);
#4753=EDGE_CURVE('426',#3321,#3307,#1094,.T.);
#4755=EDGE_CURVE('427',#3307,#3309,#1098,.T.);
#4757=EDGE_CURVE('428',#3309,#3311,#1102,.T.);
#4759=EDGE_CURVE('1723',#3311,#4081,#1107,.T.);
#4761=EDGE_CURVE('1636',#4081,#4067,#1111,.T.);
#4763=EDGE_CURVE('1637',#4067,#4069,#1115,.T.);
#4765=EDGE_CURVE('1638',#4069,#4071,#1119,.T.);
#4769=EDGE_CURVE('975',#3688,#3689,#642,.T.);
#4771=EDGE_CURVE('976',#3689,#3688,#647,.T.);
#4775=EDGE_CURVE('973',#3684,#3685,#652,.T.);
#4777=EDGE_CURVE('974',#3685,#3684,#657,.T.);
#4781=EDGE_CURVE('1096',#3764,#3765,#662,.T.);
#4783=EDGE_CURVE('1097',#3765,#3764,#667,.T.);
#4787=EDGE_CURVE('1098',#3768,#3769,#672,.T.);
#4789=EDGE_CURVE('1099',#3769,#3768,#677,.T.);
#4793=EDGE_CURVE('1124',#3792,#3793,#1203,.T.);
#4795=EDGE_CURVE('1130',#3793,#3800,#1223,.T.);
#4797=EDGE_CURVE('1126',#3800,#3801,#1239,.T.);
#4799=EDGE_CURVE('1128',#3801,#3792,#1259,.T.);
#4803=EDGE_CURVE('1235',#3844,#3845,#682,.T.);
#4805=EDGE_CURVE('1236',#3845,#3844,#687,.T.);
#4809=EDGE_CURVE('1237',#3848,#3849,#692,.T.);
#4811=EDGE_CURVE('1238',#3849,#3848,#697,.T.);
#4815=EDGE_CURVE('1263',#3872,#3873,#1399,.T.);
#4817=EDGE_CURVE('1269',#3873,#3880,#1419,.T.);
#4819=EDGE_CURVE('1265',#3880,#3881,#1435,.T.);
#4821=EDGE_CURVE('1267',#3881,#3872,#1455,.T.);
#4825=EDGE_CURVE('1374',#3924,#3925,#702,.T.);
#4827=EDGE_CURVE('1375',#3925,#3924,#707,.T.);
#4831=EDGE_CURVE('1376',#3928,#3929,#712,.T.);
#4833=EDGE_CURVE('1377',#3929,#3928,#717,.T.);
#4837=EDGE_CURVE('1402',#3952,#3953,#1595,.T.);
#4839=EDGE_CURVE('1408',#3953,#3960,#1615,.T.);
#4841=EDGE_CURVE('1404',#3960,#3961,#1631,.T.);
#4843=EDGE_CURVE('1406',#3961,#3952,#1651,.T.);
#4847=EDGE_CURVE('1513',#4004,#4005,#722,.T.);
#4849=EDGE_CURVE('1514',#4005,#4004,#727,.T.);
#4853=EDGE_CURVE('1515',#4008,#4009,#732,.T.);
#4855=EDGE_CURVE('1516',#4009,#4008,#737,.T.);
#4859=EDGE_CURVE('1541',#4032,#4033,#1791,.T.);
#4861=EDGE_CURVE('1547',#4033,#4040,#1811,.T.);
#4863=EDGE_CURVE('1543',#4040,#4041,#1827,.T.);
#4865=EDGE_CURVE('1545',#4041,#4032,#1847,.T.);
#4869=EDGE_CURVE('1684',#4112,#4113,#1951,.T.);
#4871=EDGE_CURVE('1690',#4113,#4120,#1971,.T.);
#4873=EDGE_CURVE('1686',#4120,#4121,#1987,.T.);
#4875=EDGE_CURVE('1688',#4121,#4112,#2007,.T.);
#4879=EDGE_CURVE('1654',#4088,#4089,#742,.T.);
#4881=EDGE_CURVE('1655',#4089,#4088,#747,.T.);
#4885=EDGE_CURVE('1652',#4084,#4085,#752,.T.);
#4887=EDGE_CURVE('1653',#4085,#4084,#757,.T.);
#4891=EDGE_CURVE('444',#3328,#3329,#762,.T.);
#4893=EDGE_CURVE('445',#3329,#3328,#767,.T.);
#4897=EDGE_CURVE('442',#3324,#3325,#772,.T.);
#4899=EDGE_CURVE('443',#3325,#3324,#777,.T.);
#4903=EDGE_CURVE('303',#3260,#3261,#782,.T.);
#4905=EDGE_CURVE('304',#3261,#3260,#787,.T.);
#4909=EDGE_CURVE('305',#3264,#3265,#792,.T.);
#4911=EDGE_CURVE('306',#3265,#3264,#797,.T.);
#4915=EDGE_CURVE('818',#3580,#3581,#801,.T.);
#4917=EDGE_CURVE('821',#3581,#3584,#805,.T.);
#4919=EDGE_CURVE('819',#3584,#3585,#809,.T.);
#4921=EDGE_CURVE('820',#3585,#3580,#813,.T.);
#4925=EDGE_CURVE('881',#3628,#3629,#817,.T.);
#4927=EDGE_CURVE('884',#3629,#3632,#821,.T.);
#4929=EDGE_CURVE('882',#3632,#3633,#825,.T.);
#4931=EDGE_CURVE('883',#3633,#3628,#829,.T.);
#4941=ADVANCED_FACE('340',(#4768,#4774,#4780,#4786,#4792,#4802,#4808,#4814,
#4824,#4830,#4836,#4846,#4852,#4858,#4868,#4878,#4884,#4890,#4896,#4902,#4908,
#4914,#4924,#4934,#4940),#4630,.T.);
#4948=EDGE_CURVE('987',#3697,#3688,#1127,.T.);
#4950=EDGE_CURVE('985',#3696,#3697,#1132,.T.);
#4952=EDGE_CURVE('988',#3689,#3696,#1123,.T.);
#4956=ADVANCED_FACE('917',(#4955),#4946,.T.);
#4964=EDGE_CURVE('986',#3697,#3696,#1137,.T.);
#4969=ADVANCED_FACE('918',(#4968),#4961,.T.);
#4979=ADVANCED_FACE('916',(#4978),#4974,.T.);
#4986=EDGE_CURVE('981',#3691,#3684,#1145,.T.);
#4988=EDGE_CURVE('983',#3693,#3691,#1150,.T.);
#4990=EDGE_CURVE('982',#3685,#3693,#1141,.T.);
#4994=ADVANCED_FACE('913',(#4993),#4984,.T.);
#5002=EDGE_CURVE('984',#3691,#3693,#1155,.T.);
#5007=ADVANCED_FACE('914',(#5006),#4999,.T.);
#5017=ADVANCED_FACE('915',(#5016),#5012,.T.);
#5024=EDGE_CURVE('1104',#3771,#3764,#1163,.T.);
#5026=EDGE_CURVE('1106',#3773,#3771,#1168,.T.);
#5028=EDGE_CURVE('1105',#3765,#3773,#1159,.T.);
#5032=ADVANCED_FACE('1036',(#5031),#5022,.T.);
#5040=EDGE_CURVE('1107',#3771,#3773,#1173,.T.);
#5045=ADVANCED_FACE('1037',(#5044),#5037,.T.);
#5055=ADVANCED_FACE('1038',(#5054),#5050,.T.);
#5062=EDGE_CURVE('1110',#3777,#3768,#1181,.T.);
#5064=EDGE_CURVE('1108',#3776,#3777,#1186,.T.);
#5066=EDGE_CURVE('1111',#3769,#3776,#1177,.T.);
#5070=ADVANCED_FACE('1040',(#5069),#5060,.T.);
#5078=EDGE_CURVE('1109',#3777,#3776,#1191,.T.);
#5083=ADVANCED_FACE('1041',(#5082),#5075,.T.);
#5093=ADVANCED_FACE('1039',(#5092),#5088,.T.);
#5100=EDGE_CURVE('1141',#3393,#3789,#1219,.T.);
#5102=EDGE_CURVE('554',#3393,#3387,#1199,.T.);
#5104=EDGE_CURVE('1136',#3788,#3387,#1251,.T.);
#5108=ADVANCED_FACE('536',(#5107),#5098,.F.);
#5115=EDGE_CURVE('1135',#3391,#3792,#1267,.T.);
#5117=EDGE_CURVE('553',#3390,#3391,#1347,.T.);
#5119=EDGE_CURVE('1142',#3793,#3390,#1227,.T.);
#5123=ADVANCED_FACE('536',(#5122),#5113,.F.);
#5130=EDGE_CURVE('1138',#3796,#3408,#1211,.T.);
#5132=EDGE_CURVE('573',#3408,#3393,#1215,.T.);
#5137=ADVANCED_FACE('546',(#5136),#5128,.T.);
#5145=EDGE_CURVE('572',#3405,#3390,#1331,.T.);
#5147=EDGE_CURVE('1137',#3405,#3800,#1231,.T.);
#5151=ADVANCED_FACE('546',(#5150),#5142,.T.);
#5158=EDGE_CURVE('1139',#3409,#3797,#1255,.T.);
#5160=EDGE_CURVE('563',#3408,#3409,#1303,.T.);
#5165=ADVANCED_FACE('540',(#5164),#5156,.T.);
#5173=EDGE_CURVE('562',#3405,#3403,#1243,.T.);
#5175=EDGE_CURVE('1140',#3801,#3403,#1263,.T.);
#5179=ADVANCED_FACE('540',(#5178),#5170,.T.);
#5187=EDGE_CURVE('566',#3409,#3387,#1275,.T.);
#5192=ADVANCED_FACE('541',(#5191),#5184,.F.);
#5200=EDGE_CURVE('565',#3391,#3403,#1311,.T.);
#5205=ADVANCED_FACE('541',(#5204),#5197,.F.);
#5211=EDGE_CURVE('551',#3381,#3385,#1271,.T.);
#5213=EDGE_CURVE('569',#3409,#3385,#1307,.T.);
#5216=EDGE_CURVE('552',#3387,#3381,#1279,.T.);
#5220=ADVANCED_FACE('543',(#5219),#5210,.F.);
#5226=EDGE_CURVE('548',#3380,#3381,#1283,.T.);
#5228=EDGE_CURVE('549',#3383,#3380,#1291,.T.);
#5230=EDGE_CURVE('550',#3385,#3383,#1299,.T.);
#5235=ADVANCED_FACE('534',(#5234),#5225,.F.);
#5242=EDGE_CURVE('571',#3380,#3393,#1295,.T.);
#5248=ADVANCED_FACE('535',(#5247),#5240,.F.);
#5255=EDGE_CURVE('570',#3408,#3383,#1287,.T.);
#5261=ADVANCED_FACE('545',(#5260),#5253,.T.);
#5273=ADVANCED_FACE('544',(#5272),#5266,.T.);
#5280=EDGE_CURVE('561',#3403,#3399,#1315,.T.);
#5282=EDGE_CURVE('560',#3399,#3401,#1319,.T.);
#5284=EDGE_CURVE('568',#3401,#3391,#1323,.T.);
#5288=ADVANCED_FACE('542',(#5287),#5278,.F.);
#5295=EDGE_CURVE('575',#3398,#3405,#1343,.T.);
#5297=EDGE_CURVE('557',#3398,#3399,#1327,.T.);
#5302=ADVANCED_FACE('539',(#5301),#5293,.T.);
#5309=EDGE_CURVE('556',#3390,#3395,#1335,.T.);
#5311=EDGE_CURVE('558',#3395,#3398,#1339,.T.);
#5316=ADVANCED_FACE('547',(#5315),#5307,.T.);
#5322=EDGE_CURVE('559',#3395,#3401,#1351,.T.);
#5329=ADVANCED_FACE('537',(#5328),#5321,.F.);
#5341=ADVANCED_FACE('538',(#5340),#5334,.T.);
#5348=EDGE_CURVE('1243',#3851,#3844,#1359,.T.);
#5350=EDGE_CURVE('1245',#3853,#3851,#1364,.T.);
#5352=EDGE_CURVE('1244',#3845,#3853,#1355,.T.);
#5356=ADVANCED_FACE('1175',(#5355),#5346,.T.);
#5364=EDGE_CURVE('1246',#3851,#3853,#1369,.T.);
#5369=ADVANCED_FACE('1176',(#5368),#5361,.T.);
#5379=ADVANCED_FACE('1177',(#5378),#5374,.T.);
#5386=EDGE_CURVE('1249',#3857,#3848,#1377,.T.);
#5388=EDGE_CURVE('1247',#3856,#3857,#1382,.T.);
#5390=EDGE_CURVE('1250',#3849,#3856,#1373,.T.);
#5394=ADVANCED_FACE('1179',(#5393),#5384,.T.);
#5402=EDGE_CURVE('1248',#3857,#3856,#1387,.T.);
#5407=ADVANCED_FACE('1180',(#5406),#5399,.T.);
#5417=ADVANCED_FACE('1178',(#5416),#5412,.T.);
#5424=EDGE_CURVE('1280',#3425,#3869,#1415,.T.);
#5426=EDGE_CURVE('601',#3425,#3419,#1395,.T.);
#5428=EDGE_CURVE('1275',#3868,#3419,#1447,.T.);
#5432=ADVANCED_FACE('583',(#5431),#5422,.F.);
#5439=EDGE_CURVE('1274',#3423,#3872,#1463,.T.);
#5441=EDGE_CURVE('600',#3422,#3423,#1543,.T.);
#5443=EDGE_CURVE('1281',#3873,#3422,#1423,.T.);
#5447=ADVANCED_FACE('583',(#5446),#5437,.F.);
#5454=EDGE_CURVE('1277',#3876,#3440,#1407,.T.);
#5456=EDGE_CURVE('620',#3440,#3425,#1411,.T.);
#5461=ADVANCED_FACE('593',(#5460),#5452,.T.);
#5469=EDGE_CURVE('619',#3437,#3422,#1527,.T.);
#5471=EDGE_CURVE('1276',#3437,#3880,#1427,.T.);
#5475=ADVANCED_FACE('593',(#5474),#5466,.T.);
#5482=EDGE_CURVE('1278',#3441,#3877,#1451,.T.);
#5484=EDGE_CURVE('610',#3440,#3441,#1499,.T.);
#5489=ADVANCED_FACE('587',(#5488),#5480,.T.);
#5497=EDGE_CURVE('609',#3437,#3435,#1439,.T.);
#5499=EDGE_CURVE('1279',#3881,#3435,#1459,.T.);
#5503=ADVANCED_FACE('587',(#5502),#5494,.T.);
#5511=EDGE_CURVE('613',#3441,#3419,#1471,.T.);
#5516=ADVANCED_FACE('588',(#5515),#5508,.F.);
#5524=EDGE_CURVE('612',#3423,#3435,#1507,.T.);
#5529=ADVANCED_FACE('588',(#5528),#5521,.F.);
#5535=EDGE_CURVE('598',#3413,#3417,#1467,.T.);
#5537=EDGE_CURVE('616',#3441,#3417,#1503,.T.);
#5540=EDGE_CURVE('599',#3419,#3413,#1475,.T.);
#5544=ADVANCED_FACE('590',(#5543),#5534,.F.);
#5550=EDGE_CURVE('595',#3412,#3413,#1479,.T.);
#5552=EDGE_CURVE('596',#3415,#3412,#1487,.T.);
#5554=EDGE_CURVE('597',#3417,#3415,#1495,.T.);
#5559=ADVANCED_FACE('581',(#5558),#5549,.F.);
#5566=EDGE_CURVE('618',#3412,#3425,#1491,.T.);
#5572=ADVANCED_FACE('582',(#5571),#5564,.F.);
#5579=EDGE_CURVE('617',#3440,#3415,#1483,.T.);
#5585=ADVANCED_FACE('592',(#5584),#5577,.T.);
#5597=ADVANCED_FACE('591',(#5596),#5590,.T.);
#5604=EDGE_CURVE('608',#3435,#3431,#1511,.T.);
#5606=EDGE_CURVE('607',#3431,#3433,#1515,.T.);
#5608=EDGE_CURVE('615',#3433,#3423,#1519,.T.);
#5612=ADVANCED_FACE('589',(#5611),#5602,.F.);
#5619=EDGE_CURVE('622',#3430,#3437,#1539,.T.);
#5621=EDGE_CURVE('604',#3430,#3431,#1523,.T.);
#5626=ADVANCED_FACE('586',(#5625),#5617,.T.);
#5633=EDGE_CURVE('603',#3422,#3427,#1531,.T.);
#5635=EDGE_CURVE('605',#3427,#3430,#1535,.T.);
#5640=ADVANCED_FACE('594',(#5639),#5631,.T.);
#5646=EDGE_CURVE('606',#3427,#3433,#1547,.T.);
#5653=ADVANCED_FACE('584',(#5652),#5645,.F.);
#5665=ADVANCED_FACE('585',(#5664),#5658,.T.);
#5672=EDGE_CURVE('1382',#3931,#3924,#1555,.T.);
#5674=EDGE_CURVE('1384',#3933,#3931,#1560,.T.);
#5676=EDGE_CURVE('1383',#3925,#3933,#1551,.T.);
#5680=ADVANCED_FACE('1314',(#5679),#5670,.T.);
#5688=EDGE_CURVE('1385',#3931,#3933,#1565,.T.);
#5693=ADVANCED_FACE('1315',(#5692),#5685,.T.);
#5703=ADVANCED_FACE('1316',(#5702),#5698,.T.);
#5710=EDGE_CURVE('1388',#3937,#3928,#1573,.T.);
#5712=EDGE_CURVE('1386',#3936,#3937,#1578,.T.);
#5714=EDGE_CURVE('1389',#3929,#3936,#1569,.T.);
#5718=ADVANCED_FACE('1318',(#5717),#5708,.T.);
#5726=EDGE_CURVE('1387',#3937,#3936,#1583,.T.);
#5731=ADVANCED_FACE('1319',(#5730),#5723,.T.);
#5741=ADVANCED_FACE('1317',(#5740),#5736,.T.);
#5748=EDGE_CURVE('1419',#3457,#3949,#1611,.T.);
#5750=EDGE_CURVE('648',#3457,#3451,#1591,.T.);
#5752=EDGE_CURVE('1414',#3948,#3451,#1643,.T.);
#5756=ADVANCED_FACE('630',(#5755),#5746,.F.);
#5763=EDGE_CURVE('1413',#3455,#3952,#1659,.T.);
#5765=EDGE_CURVE('647',#3454,#3455,#1739,.T.);
#5767=EDGE_CURVE('1420',#3953,#3454,#1619,.T.);
#5771=ADVANCED_FACE('630',(#5770),#5761,.F.);
#5778=EDGE_CURVE('1416',#3956,#3472,#1603,.T.);
#5780=EDGE_CURVE('667',#3472,#3457,#1607,.T.);
#5785=ADVANCED_FACE('640',(#5784),#5776,.T.);
#5793=EDGE_CURVE('666',#3469,#3454,#1723,.T.);
#5795=EDGE_CURVE('1415',#3469,#3960,#1623,.T.);
#5799=ADVANCED_FACE('640',(#5798),#5790,.T.);
#5806=EDGE_CURVE('1417',#3473,#3957,#1647,.T.);
#5808=EDGE_CURVE('657',#3472,#3473,#1695,.T.);
#5813=ADVANCED_FACE('634',(#5812),#5804,.T.);
#5821=EDGE_CURVE('656',#3469,#3467,#1635,.T.);
#5823=EDGE_CURVE('1418',#3961,#3467,#1655,.T.);
#5827=ADVANCED_FACE('634',(#5826),#5818,.T.);
#5835=EDGE_CURVE('660',#3473,#3451,#1667,.T.);
#5840=ADVANCED_FACE('635',(#5839),#5832,.F.);
#5848=EDGE_CURVE('659',#3455,#3467,#1703,.T.);
#5853=ADVANCED_FACE('635',(#5852),#5845,.F.);
#5859=EDGE_CURVE('645',#3445,#3449,#1663,.T.);
#5861=EDGE_CURVE('663',#3473,#3449,#1699,.T.);
#5864=EDGE_CURVE('646',#3451,#3445,#1671,.T.);
#5868=ADVANCED_FACE('637',(#5867),#5858,.F.);
#5874=EDGE_CURVE('642',#3444,#3445,#1675,.T.);
#5876=EDGE_CURVE('643',#3447,#3444,#1683,.T.);
#5878=EDGE_CURVE('644',#3449,#3447,#1691,.T.);
#5883=ADVANCED_FACE('628',(#5882),#5873,.F.);
#5890=EDGE_CURVE('665',#3444,#3457,#1687,.T.);
#5896=ADVANCED_FACE('629',(#5895),#5888,.F.);
#5903=EDGE_CURVE('664',#3472,#3447,#1679,.T.);
#5909=ADVANCED_FACE('639',(#5908),#5901,.T.);
#5921=ADVANCED_FACE('638',(#5920),#5914,.T.);
#5928=EDGE_CURVE('655',#3467,#3463,#1707,.T.);
#5930=EDGE_CURVE('654',#3463,#3465,#1711,.T.);
#5932=EDGE_CURVE('662',#3465,#3455,#1715,.T.);
#5936=ADVANCED_FACE('636',(#5935),#5926,.F.);
#5943=EDGE_CURVE('669',#3462,#3469,#1735,.T.);
#5945=EDGE_CURVE('651',#3462,#3463,#1719,.T.);
#5950=ADVANCED_FACE('633',(#5949),#5941,.T.);
#5957=EDGE_CURVE('650',#3454,#3459,#1727,.T.);
#5959=EDGE_CURVE('652',#3459,#3462,#1731,.T.);
#5964=ADVANCED_FACE('641',(#5963),#5955,.T.);
#5970=EDGE_CURVE('653',#3459,#3465,#1743,.T.);
#5977=ADVANCED_FACE('631',(#5976),#5969,.F.);
#5989=ADVANCED_FACE('632',(#5988),#5982,.T.);
#5996=EDGE_CURVE('1521',#4011,#4004,#1751,.T.);
#5998=EDGE_CURVE('1523',#4013,#4011,#1756,.T.);
#6000=EDGE_CURVE('1522',#4005,#4013,#1747,.T.);
#6004=ADVANCED_FACE('1453',(#6003),#5994,.T.);
#6012=EDGE_CURVE('1524',#4011,#4013,#1761,.T.);
#6017=ADVANCED_FACE('1454',(#6016),#6009,.T.);
#6027=ADVANCED_FACE('1455',(#6026),#6022,.T.);
#6034=EDGE_CURVE('1527',#4017,#4008,#1769,.T.);
#6036=EDGE_CURVE('1525',#4016,#4017,#1774,.T.);
#6038=EDGE_CURVE('1528',#4009,#4016,#1765,.T.);
#6042=ADVANCED_FACE('1457',(#6041),#6032,.T.);
#6050=EDGE_CURVE('1526',#4017,#4016,#1779,.T.);
#6055=ADVANCED_FACE('1458',(#6054),#6047,.T.);
#6065=ADVANCED_FACE('1456',(#6064),#6060,.T.);
#6072=EDGE_CURVE('1558',#3489,#4029,#1807,.T.);
#6074=EDGE_CURVE('695',#3489,#3483,#1787,.T.);
#6076=EDGE_CURVE('1553',#4028,#3483,#1839,.T.);
#6080=ADVANCED_FACE('677',(#6079),#6070,.F.);
#6087=EDGE_CURVE('1552',#3487,#4032,#1855,.T.);
#6089=EDGE_CURVE('694',#3486,#3487,#1935,.T.);
#6091=EDGE_CURVE('1559',#4033,#3486,#1815,.T.);
#6095=ADVANCED_FACE('677',(#6094),#6085,.F.);
#6102=EDGE_CURVE('1555',#4036,#3504,#1799,.T.);
#6104=EDGE_CURVE('714',#3504,#3489,#1803,.T.);
#6109=ADVANCED_FACE('687',(#6108),#6100,.T.);
#6117=EDGE_CURVE('713',#3501,#3486,#1919,.T.);
#6119=EDGE_CURVE('1554',#3501,#4040,#1819,.T.);
#6123=ADVANCED_FACE('687',(#6122),#6114,.T.);
#6130=EDGE_CURVE('1556',#3505,#4037,#1843,.T.);
#6132=EDGE_CURVE('704',#3504,#3505,#1891,.T.);
#6137=ADVANCED_FACE('681',(#6136),#6128,.T.);
#6145=EDGE_CURVE('703',#3501,#3499,#1831,.T.);
#6147=EDGE_CURVE('1557',#4041,#3499,#1851,.T.);
#6151=ADVANCED_FACE('681',(#6150),#6142,.T.);
#6159=EDGE_CURVE('707',#3505,#3483,#1863,.T.);
#6164=ADVANCED_FACE('682',(#6163),#6156,.F.);
#6172=EDGE_CURVE('706',#3487,#3499,#1899,.T.);
#6177=ADVANCED_FACE('682',(#6176),#6169,.F.);
#6183=EDGE_CURVE('692',#3477,#3481,#1859,.T.);
#6185=EDGE_CURVE('710',#3505,#3481,#1895,.T.);
#6188=EDGE_CURVE('693',#3483,#3477,#1867,.T.);
#6192=ADVANCED_FACE('684',(#6191),#6182,.F.);
#6198=EDGE_CURVE('689',#3476,#3477,#1871,.T.);
#6200=EDGE_CURVE('690',#3479,#3476,#1879,.T.);
#6202=EDGE_CURVE('691',#3481,#3479,#1887,.T.);
#6207=ADVANCED_FACE('675',(#6206),#6197,.F.);
#6214=EDGE_CURVE('712',#3476,#3489,#1883,.T.);
#6220=ADVANCED_FACE('676',(#6219),#6212,.F.);
#6227=EDGE_CURVE('711',#3504,#3479,#1875,.T.);
#6233=ADVANCED_FACE('686',(#6232),#6225,.T.);
#6245=ADVANCED_FACE('685',(#6244),#6238,.T.);
#6252=EDGE_CURVE('702',#3499,#3495,#1903,.T.);
#6254=EDGE_CURVE('701',#3495,#3497,#1907,.T.);
#6256=EDGE_CURVE('709',#3497,#3487,#1911,.T.);
#6260=ADVANCED_FACE('683',(#6259),#6250,.F.);
#6267=EDGE_CURVE('716',#3494,#3501,#1931,.T.);
#6269=EDGE_CURVE('698',#3494,#3495,#1915,.T.);
#6274=ADVANCED_FACE('680',(#6273),#6265,.T.);
#6281=EDGE_CURVE('697',#3486,#3491,#1923,.T.);
#6283=EDGE_CURVE('699',#3491,#3494,#1927,.T.);
#6288=ADVANCED_FACE('688',(#6287),#6279,.T.);
#6294=EDGE_CURVE('700',#3491,#3497,#1939,.T.);
#6301=ADVANCED_FACE('678',(#6300),#6293,.F.);
#6313=ADVANCED_FACE('679',(#6312),#6306,.T.);
#6320=EDGE_CURVE('1705',#3521,#4109,#1967,.T.);
#6322=EDGE_CURVE('742',#3521,#3515,#1947,.T.);
#6324=EDGE_CURVE('1700',#4108,#3515,#1999,.T.);
#6328=ADVANCED_FACE('724',(#6327),#6318,.F.);
#6335=EDGE_CURVE('1699',#3519,#4112,#2015,.T.);
#6337=EDGE_CURVE('741',#3518,#3519,#2095,.T.);
#6339=EDGE_CURVE('1706',#4113,#3518,#1975,.T.);
#6343=ADVANCED_FACE('724',(#6342),#6333,.F.);
#6350=EDGE_CURVE('1702',#4116,#3536,#1959,.T.);
#6352=EDGE_CURVE('761',#3536,#3521,#1963,.T.);
#6357=ADVANCED_FACE('734',(#6356),#6348,.T.);
#6365=EDGE_CURVE('760',#3533,#3518,#2079,.T.);
#6367=EDGE_CURVE('1701',#3533,#4120,#1979,.T.);
#6371=ADVANCED_FACE('734',(#6370),#6362,.T.);
#6378=EDGE_CURVE('1703',#3537,#4117,#2003,.T.);
#6380=EDGE_CURVE('751',#3536,#3537,#2051,.T.);
#6385=ADVANCED_FACE('728',(#6384),#6376,.T.);
#6393=EDGE_CURVE('750',#3533,#3531,#1991,.T.);
#6395=EDGE_CURVE('1704',#4121,#3531,#2011,.T.);
#6399=ADVANCED_FACE('728',(#6398),#6390,.T.);
#6407=EDGE_CURVE('754',#3537,#3515,#2023,.T.);
#6412=ADVANCED_FACE('729',(#6411),#6404,.F.);
#6420=EDGE_CURVE('753',#3519,#3531,#2059,.T.);
#6425=ADVANCED_FACE('729',(#6424),#6417,.F.);
#6431=EDGE_CURVE('739',#3509,#3513,#2019,.T.);
#6433=EDGE_CURVE('757',#3537,#3513,#2055,.T.);
#6436=EDGE_CURVE('740',#3515,#3509,#2027,.T.);
#6440=ADVANCED_FACE('731',(#6439),#6430,.F.);
#6446=EDGE_CURVE('736',#3508,#3509,#2031,.T.);
#6448=EDGE_CURVE('737',#3511,#3508,#2039,.T.);
#6450=EDGE_CURVE('738',#3513,#3511,#2047,.T.);
#6455=ADVANCED_FACE('722',(#6454),#6445,.F.);
#6462=EDGE_CURVE('759',#3508,#3521,#2043,.T.);
#6468=ADVANCED_FACE('723',(#6467),#6460,.F.);
#6475=EDGE_CURVE('758',#3536,#3511,#2035,.T.);
#6481=ADVANCED_FACE('733',(#6480),#6473,.T.);
#6493=ADVANCED_FACE('732',(#6492),#6486,.T.);
#6500=EDGE_CURVE('749',#3531,#3527,#2063,.T.);
#6502=EDGE_CURVE('748',#3527,#3529,#2067,.T.);
#6504=EDGE_CURVE('756',#3529,#3519,#2071,.T.);
#6508=ADVANCED_FACE('730',(#6507),#6498,.F.);
#6515=EDGE_CURVE('763',#3526,#3533,#2091,.T.);
#6517=EDGE_CURVE('745',#3526,#3527,#2075,.T.);
#6522=ADVANCED_FACE('727',(#6521),#6513,.T.);
#6529=EDGE_CURVE('744',#3518,#3523,#2083,.T.);
#6531=EDGE_CURVE('746',#3523,#3526,#2087,.T.);
#6536=ADVANCED_FACE('735',(#6535),#6527,.T.);
#6542=EDGE_CURVE('747',#3523,#3529,#2099,.T.);
#6549=ADVANCED_FACE('725',(#6548),#6541,.F.);
#6561=ADVANCED_FACE('726',(#6560),#6554,.T.);
#6568=EDGE_CURVE('1666',#4097,#4088,#2107,.T.);
#6570=EDGE_CURVE('1664',#4096,#4097,#2112,.T.);
#6572=EDGE_CURVE('1667',#4089,#4096,#2103,.T.);
#6576=ADVANCED_FACE('1596',(#6575),#6566,.T.);
#6584=EDGE_CURVE('1665',#4097,#4096,#2117,.T.);
#6589=ADVANCED_FACE('1597',(#6588),#6581,.T.);
#6599=ADVANCED_FACE('1595',(#6598),#6594,.T.);
#6606=EDGE_CURVE('1660',#4091,#4084,#2125,.T.);
#6608=EDGE_CURVE('1662',#4093,#4091,#2130,.T.);
#6610=EDGE_CURVE('1661',#4085,#4093,#2121,.T.);
#6614=ADVANCED_FACE('1592',(#6613),#6604,.T.);
#6622=EDGE_CURVE('1663',#4091,#4093,#2135,.T.);
#6627=ADVANCED_FACE('1593',(#6626),#6619,.T.);
#6637=ADVANCED_FACE('1594',(#6636),#6632,.T.);
#6644=EDGE_CURVE('456',#3337,#3328,#2143,.T.);
#6646=EDGE_CURVE('454',#3336,#3337,#2148,.T.);
#6648=EDGE_CURVE('457',#3329,#3336,#2139,.T.);
#6652=ADVANCED_FACE('386',(#6651),#6642,.T.);
#6660=EDGE_CURVE('455',#3337,#3336,#2153,.T.);
#6665=ADVANCED_FACE('387',(#6664),#6657,.T.);
#6675=ADVANCED_FACE('385',(#6674),#6670,.T.);
#6682=EDGE_CURVE('450',#3331,#3324,#2161,.T.);
#6684=EDGE_CURVE('452',#3333,#3331,#2166,.T.);
#6686=EDGE_CURVE('451',#3325,#3333,#2157,.T.);
#6690=ADVANCED_FACE('382',(#6689),#6680,.T.);
#6698=EDGE_CURVE('453',#3331,#3333,#2171,.T.);
#6703=ADVANCED_FACE('383',(#6702),#6695,.T.);
#6713=ADVANCED_FACE('384',(#6712),#6708,.T.);
#6720=EDGE_CURVE('311',#3267,#3260,#2179,.T.);
#6722=EDGE_CURVE('313',#3269,#3267,#2184,.T.);
#6724=EDGE_CURVE('312',#3261,#3269,#2175,.T.);
#6728=ADVANCED_FACE('345',(#6727),#6718,.T.);
#6736=EDGE_CURVE('314',#3267,#3269,#2189,.T.);
#6741=ADVANCED_FACE('346',(#6740),#6733,.T.);
#6751=ADVANCED_FACE('347',(#6750),#6746,.T.);
#6758=EDGE_CURVE('317',#3273,#3264,#2197,.T.);
#6760=EDGE_CURVE('315',#3272,#3273,#2202,.T.);
#6762=EDGE_CURVE('318',#3265,#3272,#2193,.T.);
#6766=ADVANCED_FACE('349',(#6765),#6756,.T.);
#6774=EDGE_CURVE('316',#3273,#3272,#2207,.T.);
#6779=ADVANCED_FACE('350',(#6778),#6771,.T.);
#6789=ADVANCED_FACE('348',(#6788),#6784,.T.);
#6796=EDGE_CURVE('828',#3553,#3573,#2223,.T.);
#6798=EDGE_CURVE('789',#3553,#3547,#2211,.T.);
#6800=EDGE_CURVE('823',#3572,#3547,#2239,.T.);
#6804=ADVANCED_FACE('771',(#6803),#6794,.F.);
#6811=EDGE_CURVE('822',#3551,#3580,#2251,.T.);
#6813=EDGE_CURVE('788',#3550,#3551,#2331,.T.);
#6815=EDGE_CURVE('829',#3581,#3550,#2227,.T.);
#6819=ADVANCED_FACE('771',(#6818),#6809,.F.);
#6826=EDGE_CURVE('825',#3576,#3568,#2215,.T.);
#6828=EDGE_CURVE('808',#3568,#3553,#2219,.T.);
#6833=ADVANCED_FACE('781',(#6832),#6824,.T.);
#6841=EDGE_CURVE('807',#3565,#3550,#2315,.T.);
#6843=EDGE_CURVE('824',#3565,#3584,#2231,.T.);
#6847=ADVANCED_FACE('781',(#6846),#6838,.T.);
#6854=EDGE_CURVE('826',#3569,#3577,#2243,.T.);
#6856=EDGE_CURVE('798',#3568,#3569,#2287,.T.);
#6861=ADVANCED_FACE('775',(#6860),#6852,.T.);
#6869=EDGE_CURVE('797',#3565,#3563,#2235,.T.);
#6871=EDGE_CURVE('827',#3585,#3563,#2247,.T.);
#6875=ADVANCED_FACE('775',(#6874),#6866,.T.);
#6883=EDGE_CURVE('801',#3569,#3547,#2259,.T.);
#6888=ADVANCED_FACE('776',(#6887),#6880,.F.);
#6896=EDGE_CURVE('800',#3551,#3563,#2295,.T.);
#6901=ADVANCED_FACE('776',(#6900),#6893,.F.);
#6907=EDGE_CURVE('786',#3541,#3545,#2255,.T.);
#6909=EDGE_CURVE('804',#3569,#3545,#2291,.T.);
#6912=EDGE_CURVE('787',#3547,#3541,#2263,.T.);
#6916=ADVANCED_FACE('778',(#6915),#6906,.F.);
#6922=EDGE_CURVE('783',#3540,#3541,#2267,.T.);
#6924=EDGE_CURVE('784',#3543,#3540,#2275,.T.);
#6926=EDGE_CURVE('785',#3545,#3543,#2283,.T.);
#6931=ADVANCED_FACE('769',(#6930),#6921,.F.);
#6938=EDGE_CURVE('806',#3540,#3553,#2279,.T.);
#6944=ADVANCED_FACE('770',(#6943),#6936,.F.);
#6951=EDGE_CURVE('805',#3568,#3543,#2271,.T.);
#6957=ADVANCED_FACE('780',(#6956),#6949,.T.);
#6969=ADVANCED_FACE('779',(#6968),#6962,.T.);
#6976=EDGE_CURVE('796',#3563,#3559,#2299,.T.);
#6978=EDGE_CURVE('795',#3559,#3561,#2303,.T.);
#6980=EDGE_CURVE('803',#3561,#3551,#2307,.T.);
#6984=ADVANCED_FACE('777',(#6983),#6974,.F.);
#6991=EDGE_CURVE('810',#3558,#3565,#2327,.T.);
#6993=EDGE_CURVE('792',#3558,#3559,#2311,.T.);
#6998=ADVANCED_FACE('774',(#6997),#6989,.T.);
#7005=EDGE_CURVE('791',#3550,#3555,#2319,.T.);
#7007=EDGE_CURVE('793',#3555,#3558,#2323,.T.);
#7012=ADVANCED_FACE('782',(#7011),#7003,.T.);
#7018=EDGE_CURVE('794',#3555,#3561,#2335,.T.);
#7025=ADVANCED_FACE('772',(#7024),#7017,.F.);
#7037=ADVANCED_FACE('773',(#7036),#7030,.T.);
#7044=EDGE_CURVE('891',#3601,#3621,#2351,.T.);
#7046=EDGE_CURVE('852',#3601,#3595,#2339,.T.);
#7048=EDGE_CURVE('886',#3620,#3595,#2367,.T.);
#7052=ADVANCED_FACE('834',(#7051),#7042,.F.);
#7059=EDGE_CURVE('885',#3599,#3628,#2379,.T.);
#7061=EDGE_CURVE('851',#3598,#3599,#2459,.T.);
#7063=EDGE_CURVE('892',#3629,#3598,#2355,.T.);
#7067=ADVANCED_FACE('834',(#7066),#7057,.F.);
#7074=EDGE_CURVE('888',#3624,#3616,#2343,.T.);
#7076=EDGE_CURVE('871',#3616,#3601,#2347,.T.);
#7081=ADVANCED_FACE('844',(#7080),#7072,.T.);
#7089=EDGE_CURVE('870',#3613,#3598,#2443,.T.);
#7091=EDGE_CURVE('887',#3613,#3632,#2359,.T.);
#7095=ADVANCED_FACE('844',(#7094),#7086,.T.);
#7102=EDGE_CURVE('889',#3617,#3625,#2371,.T.);
#7104=EDGE_CURVE('861',#3616,#3617,#2415,.T.);
#7109=ADVANCED_FACE('838',(#7108),#7100,.T.);
#7117=EDGE_CURVE('860',#3613,#3611,#2363,.T.);
#7119=EDGE_CURVE('890',#3633,#3611,#2375,.T.);
#7123=ADVANCED_FACE('838',(#7122),#7114,.T.);
#7131=EDGE_CURVE('864',#3617,#3595,#2387,.T.);
#7136=ADVANCED_FACE('839',(#7135),#7128,.F.);
#7144=EDGE_CURVE('863',#3599,#3611,#2423,.T.);
#7149=ADVANCED_FACE('839',(#7148),#7141,.F.);
#7155=EDGE_CURVE('849',#3589,#3593,#2383,.T.);
#7157=EDGE_CURVE('867',#3617,#3593,#2419,.T.);
#7160=EDGE_CURVE('850',#3595,#3589,#2391,.T.);
#7164=ADVANCED_FACE('841',(#7163),#7154,.F.);
#7170=EDGE_CURVE('846',#3588,#3589,#2395,.T.);
#7172=EDGE_CURVE('847',#3591,#3588,#2403,.T.);
#7174=EDGE_CURVE('848',#3593,#3591,#2411,.T.);
#7179=ADVANCED_FACE('832',(#7178),#7169,.F.);
#7186=EDGE_CURVE('869',#3588,#3601,#2407,.T.);
#7192=ADVANCED_FACE('833',(#7191),#7184,.F.);
#7199=EDGE_CURVE('868',#3616,#3591,#2399,.T.);
#7205=ADVANCED_FACE('843',(#7204),#7197,.T.);
#7217=ADVANCED_FACE('842',(#7216),#7210,.T.);
#7224=EDGE_CURVE('859',#3611,#3607,#2427,.T.);
#7226=EDGE_CURVE('858',#3607,#3609,#2431,.T.);
#7228=EDGE_CURVE('866',#3609,#3599,#2435,.T.);
#7232=ADVANCED_FACE('840',(#7231),#7222,.F.);
#7239=EDGE_CURVE('873',#3606,#3613,#2455,.T.);
#7241=EDGE_CURVE('855',#3606,#3607,#2439,.T.);
#7246=ADVANCED_FACE('837',(#7245),#7237,.T.);
#7253=EDGE_CURVE('854',#3598,#3603,#2447,.T.);
#7255=EDGE_CURVE('856',#3603,#3606,#2451,.T.);
#7260=ADVANCED_FACE('845',(#7259),#7251,.T.);
#7266=EDGE_CURVE('857',#3603,#3609,#2463,.T.);
#7273=ADVANCED_FACE('835',(#7272),#7265,.F.);
#7285=ADVANCED_FACE('836',(#7284),#7278,.T.);
#7292=EDGE_CURVE('1626',#4071,#4056,#2467,.T.);
#7295=EDGE_CURVE('1496',#3965,#4001,#2476,.T.);
#7299=ADVANCED_FACE('1447',(#7298),#7290,.F.);
#7308=EDGE_CURVE('1625',#4069,#4057,#2480,.T.);
#7312=ADVANCED_FACE('1577',(#7311),#7304,.F.);
#7321=EDGE_CURVE('1624',#4067,#4044,#2488,.T.);
#7325=ADVANCED_FACE('1576',(#7324),#7317,.F.);
#7334=EDGE_CURVE('1635',#4045,#4081,#2497,.T.);
#7338=ADVANCED_FACE('1575',(#7337),#7330,.T.);
#7347=EDGE_CURVE('416',#3311,#3296,#2501,.T.);
#7351=ADVANCED_FACE('368',(#7350),#7343,.F.);
#7360=EDGE_CURVE('415',#3309,#3297,#2505,.T.);
#7364=ADVANCED_FACE('367',(#7363),#7356,.F.);
#7373=EDGE_CURVE('414',#3307,#3284,#2513,.T.);
#7377=ADVANCED_FACE('366',(#7376),#7369,.F.);
#7386=EDGE_CURVE('425',#3285,#3321,#2522,.T.);
#7390=ADVANCED_FACE('365',(#7389),#7382,.T.);
#7399=EDGE_CURVE('277',#3243,#3228,#2526,.T.);
#7403=ADVANCED_FACE('331',(#7402),#7395,.F.);
#7412=EDGE_CURVE('276',#3241,#3229,#2530,.T.);
#7416=ADVANCED_FACE('330',(#7415),#7408,.F.);
#7425=EDGE_CURVE('275',#3239,#3212,#2538,.T.);
#7429=ADVANCED_FACE('329',(#7428),#7421,.F.);
#7438=EDGE_CURVE('286',#3213,#3257,#2542,.T.);
#7442=ADVANCED_FACE('328',(#7441),#7434,.T.);
#7451=EDGE_CURVE('285',#3255,#3215,#2546,.T.);
#7455=ADVANCED_FACE('339',(#7454),#7447,.F.);
#7464=EDGE_CURVE('284',#3253,#3217,#2554,.T.);
#7468=ADVANCED_FACE('338',(#7467),#7460,.T.);
#7477=EDGE_CURVE('283',#3251,#3219,#2558,.T.);
#7481=ADVANCED_FACE('337',(#7480),#7473,.F.);
#7490=EDGE_CURVE('282',#3249,#3221,#2562,.T.);
#7494=ADVANCED_FACE('336',(#7493),#7486,.T.);
#7503=EDGE_CURVE('281',#3247,#3223,#2570,.T.);
#7507=ADVANCED_FACE('335',(#7506),#7499,.T.);
#7516=EDGE_CURVE('280',#3245,#3225,#2574,.T.);
#7520=ADVANCED_FACE('334',(#7519),#7512,.F.);
#7527=EDGE_CURVE('422',#3319,#3288,#2578,.T.);
#7533=ADVANCED_FACE('333',(#7532),#7525,.F.);
#7542=EDGE_CURVE('421',#3317,#3289,#2587,.T.);
#7546=ADVANCED_FACE('373',(#7545),#7538,.T.);
#7555=EDGE_CURVE('420',#3315,#3291,#2595,.T.);
#7559=ADVANCED_FACE('372',(#7558),#7551,.T.);
#7568=EDGE_CURVE('419',#3313,#3293,#2599,.T.);
#7572=ADVANCED_FACE('371',(#7571),#7564,.F.);
#7579=EDGE_CURVE('1632',#4079,#4048,#2603,.T.);
#7585=ADVANCED_FACE('370',(#7584),#7577,.F.);
#7594=EDGE_CURVE('1631',#4077,#4049,#2612,.T.);
#7598=ADVANCED_FACE('1583',(#7597),#7590,.T.);
#7607=EDGE_CURVE('1630',#4075,#4051,#2620,.T.);
#7611=ADVANCED_FACE('1582',(#7610),#7603,.T.);
#7620=EDGE_CURVE('1629',#4073,#4053,#2624,.T.);
#7624=ADVANCED_FACE('1581',(#7623),#7616,.F.);
#7633=EDGE_CURVE('1493',#3999,#3968,#2633,.T.);
#7637=ADVANCED_FACE('1445',(#7636),#7629,.F.);
#7646=EDGE_CURVE('1492',#3997,#3969,#2637,.T.);
#7650=ADVANCED_FACE('1444',(#7649),#7642,.T.);
#7659=EDGE_CURVE('1491',#3995,#3971,#2645,.T.);
#7663=ADVANCED_FACE('1443',(#7662),#7655,.T.);
#7672=EDGE_CURVE('1490',#3993,#3973,#2649,.T.);
#7676=ADVANCED_FACE('1442',(#7675),#7668,.F.);
#7685=EDGE_CURVE('1354',#3919,#3888,#2658,.T.);
#7689=ADVANCED_FACE('1306',(#7688),#7681,.F.);
#7698=EDGE_CURVE('1353',#3917,#3889,#2662,.T.);
#7702=ADVANCED_FACE('1305',(#7701),#7694,.T.);
#7711=EDGE_CURVE('1352',#3915,#3891,#2670,.T.);
#7715=ADVANCED_FACE('1304',(#7714),#7707,.T.);
#7724=EDGE_CURVE('1351',#3913,#3893,#2674,.T.);
#7728=ADVANCED_FACE('1303',(#7727),#7720,.F.);
#7737=EDGE_CURVE('1215',#3839,#3808,#2683,.T.);
#7741=ADVANCED_FACE('1167',(#7740),#7733,.F.);
#7750=EDGE_CURVE('1214',#3837,#3809,#2687,.T.);
#7754=ADVANCED_FACE('1166',(#7753),#7746,.T.);
#7763=EDGE_CURVE('1213',#3835,#3811,#2695,.T.);
#7767=ADVANCED_FACE('1165',(#7766),#7759,.T.);
#7776=EDGE_CURVE('1212',#3833,#3813,#2699,.T.);
#7780=ADVANCED_FACE('1164',(#7779),#7772,.F.);
#7789=EDGE_CURVE('1076',#3759,#3728,#2708,.T.);
#7793=ADVANCED_FACE('1028',(#7792),#7785,.F.);
#7802=EDGE_CURVE('1075',#3757,#3729,#2712,.T.);
#7806=ADVANCED_FACE('1027',(#7805),#7798,.T.);
#7815=EDGE_CURVE('1074',#3755,#3731,#2720,.T.);
#7819=ADVANCED_FACE('1026',(#7818),#7811,.T.);
#7828=EDGE_CURVE('1073',#3753,#3733,#2724,.T.);
#7832=ADVANCED_FACE('1025',(#7831),#7824,.F.);
#7841=EDGE_CURVE('953',#3679,#3640,#2733,.T.);
#7845=ADVANCED_FACE('905',(#7844),#7837,.F.);
#7854=EDGE_CURVE('952',#3677,#3641,#2737,.T.);
#7858=ADVANCED_FACE('904',(#7857),#7850,.T.);
#7867=EDGE_CURVE('951',#3675,#3643,#2745,.T.);
#7871=ADVANCED_FACE('903',(#7870),#7863,.T.);
#7880=EDGE_CURVE('950',#3673,#3645,#2749,.T.);
#7884=ADVANCED_FACE('902',(#7883),#7876,.F.);
#7893=EDGE_CURVE('949',#3671,#3647,#2753,.T.);
#7897=ADVANCED_FACE('901',(#7896),#7889,.F.);
#7906=EDGE_CURVE('948',#3669,#3649,#2761,.T.);
#7910=ADVANCED_FACE('900',(#7909),#7902,.F.);
#7919=EDGE_CURVE('947',#3667,#3651,#2765,.T.);
#7923=ADVANCED_FACE('899',(#7922),#7915,.F.);
#7932=EDGE_CURVE('946',#3665,#3653,#2769,.T.);
#7936=ADVANCED_FACE('898',(#7935),#7928,.F.);
#7945=EDGE_CURVE('945',#3663,#3636,#2777,.T.);
#7949=ADVANCED_FACE('897',(#7948),#7941,.F.);
#7958=EDGE_CURVE('956',#3637,#3681,#2790,.T.);
#7962=ADVANCED_FACE('896',(#7961),#7954,.T.);
#7969=EDGE_CURVE('1070',#3751,#3736,#2781,.T.);
#7975=ADVANCED_FACE('907',(#7974),#7967,.F.);
#7984=EDGE_CURVE('1069',#3749,#3737,#2794,.T.);
#7988=ADVANCED_FACE('1021',(#7987),#7980,.F.);
#7997=EDGE_CURVE('1068',#3747,#3724,#2802,.T.);
#8001=ADVANCED_FACE('1020',(#8000),#7993,.F.);
#8010=EDGE_CURVE('1079',#3725,#3761,#2815,.T.);
#8014=ADVANCED_FACE('1019',(#8013),#8006,.T.);
#8021=EDGE_CURVE('1209',#3831,#3816,#2806,.T.);
#8027=ADVANCED_FACE('1030',(#8026),#8019,.F.);
#8036=EDGE_CURVE('1208',#3829,#3817,#2819,.T.);
#8040=ADVANCED_FACE('1160',(#8039),#8032,.F.);
#8049=EDGE_CURVE('1207',#3827,#3804,#2827,.T.);
#8053=ADVANCED_FACE('1159',(#8052),#8045,.F.);
#8062=EDGE_CURVE('1218',#3805,#3841,#2840,.T.);
#8066=ADVANCED_FACE('1158',(#8065),#8058,.T.);
#8073=EDGE_CURVE('1348',#3911,#3896,#2831,.T.);
#8079=ADVANCED_FACE('1169',(#8078),#8071,.F.);
#8088=EDGE_CURVE('1347',#3909,#3897,#2844,.T.);
#8092=ADVANCED_FACE('1299',(#8091),#8084,.F.);
#8101=EDGE_CURVE('1346',#3907,#3884,#2852,.T.);
#8105=ADVANCED_FACE('1298',(#8104),#8097,.F.);
#8114=EDGE_CURVE('1357',#3885,#3921,#2865,.T.);
#8118=ADVANCED_FACE('1297',(#8117),#8110,.T.);
#8125=EDGE_CURVE('1487',#3991,#3976,#2856,.T.);
#8131=ADVANCED_FACE('1308',(#8130),#8123,.F.);
#8140=EDGE_CURVE('1486',#3989,#3977,#2869,.T.);
#8144=ADVANCED_FACE('1438',(#8143),#8136,.F.);
#8153=EDGE_CURVE('1485',#3987,#3964,#2877,.T.);
#8157=ADVANCED_FACE('1437',(#8156),#8149,.F.);
#8169=ADVANCED_FACE('1436',(#8168),#8162,.T.);
#8176=EDGE_CURVE('528',#3366,#3373,#2897,.T.);
#8178=EDGE_CURVE('510',#3366,#3367,#2881,.T.);
#8180=EDGE_CURVE('514',#3371,#3367,#2913,.T.);
#8184=ADVANCED_FACE('492',(#8183),#8174,.T.);
#8191=EDGE_CURVE('509',#3358,#3363,#2889,.T.);
#8193=EDGE_CURVE('511',#3363,#3366,#2893,.T.);
#8198=ADVANCED_FACE('500',(#8197),#8189,.T.);
#8204=EDGE_CURVE('512',#3363,#3369,#2905,.T.);
#8208=EDGE_CURVE('521',#3369,#3359,#2921,.T.);
#8212=ADVANCED_FACE('490',(#8211),#8203,.F.);
#8221=EDGE_CURVE('513',#3367,#3369,#2917,.T.);
#8225=ADVANCED_FACE('491',(#8224),#8217,.T.);
#8237=ADVANCED_FACE('495',(#8236),#8230,.F.);
#8244=EDGE_CURVE('995',#3705,#3660,#2929,.T.);
#8246=EDGE_CURVE('993',#3704,#3705,#2934,.T.);
#8248=EDGE_CURVE('996',#3661,#3704,#2925,.T.);
#8252=ADVANCED_FACE('923',(#8251),#8242,.T.);
#8260=EDGE_CURVE('994',#3705,#3704,#2939,.T.);
#8265=ADVANCED_FACE('924',(#8264),#8257,.T.);
#8275=ADVANCED_FACE('922',(#8274),#8270,.F.);
#8282=EDGE_CURVE('989',#3699,#3656,#2947,.T.);
#8284=EDGE_CURVE('991',#3701,#3699,#2952,.T.);
#8286=EDGE_CURVE('990',#3657,#3701,#2943,.T.);
#8290=ADVANCED_FACE('919',(#8289),#8280,.T.);
#8298=EDGE_CURVE('992',#3699,#3701,#2957,.T.);
#8303=ADVANCED_FACE('920',(#8302),#8295,.T.);
#8313=ADVANCED_FACE('921',(#8312),#8308,.F.);
#8320=EDGE_CURVE('1112',#3779,#3740,#2965,.T.);
#8322=EDGE_CURVE('1114',#3781,#3779,#2970,.T.);
#8324=EDGE_CURVE('1113',#3741,#3781,#2961,.T.);
#8328=ADVANCED_FACE('1042',(#8327),#8318,.T.);
#8336=EDGE_CURVE('1115',#3779,#3781,#2975,.T.);
#8341=ADVANCED_FACE('1043',(#8340),#8333,.T.);
#8351=ADVANCED_FACE('1044',(#8350),#8346,.F.);
#8358=EDGE_CURVE('1118',#3785,#3744,#2983,.T.);
#8360=EDGE_CURVE('1116',#3784,#3785,#2988,.T.);
#8362=EDGE_CURVE('1119',#3745,#3784,#2979,.T.);
#8366=ADVANCED_FACE('1046',(#8365),#8356,.T.);
#8374=EDGE_CURVE('1117',#3785,#3784,#2993,.T.);
#8379=ADVANCED_FACE('1047',(#8378),#8371,.T.);
#8389=ADVANCED_FACE('1045',(#8388),#8384,.F.);
#8396=EDGE_CURVE('1251',#3859,#3820,#3001,.T.);
#8398=EDGE_CURVE('1253',#3861,#3859,#3006,.T.);
#8400=EDGE_CURVE('1252',#3821,#3861,#2997,.T.);
#8404=ADVANCED_FACE('1181',(#8403),#8394,.T.);
#8412=EDGE_CURVE('1254',#3859,#3861,#3011,.T.);
#8417=ADVANCED_FACE('1182',(#8416),#8409,.T.);
#8427=ADVANCED_FACE('1183',(#8426),#8422,.F.);
#8434=EDGE_CURVE('1257',#3865,#3824,#3019,.T.);
#8436=EDGE_CURVE('1255',#3864,#3865,#3024,.T.);
#8438=EDGE_CURVE('1258',#3825,#3864,#3015,.T.);
#8442=ADVANCED_FACE('1185',(#8441),#8432,.T.);
#8450=EDGE_CURVE('1256',#3865,#3864,#3029,.T.);
#8455=ADVANCED_FACE('1186',(#8454),#8447,.T.);
#8465=ADVANCED_FACE('1184',(#8464),#8460,.F.);
#8472=EDGE_CURVE('1390',#3939,#3900,#3037,.T.);
#8474=EDGE_CURVE('1392',#3941,#3939,#3042,.T.);
#8476=EDGE_CURVE('1391',#3901,#3941,#3033,.T.);
#8480=ADVANCED_FACE('1320',(#8479),#8470,.T.);
#8488=EDGE_CURVE('1393',#3939,#3941,#3047,.T.);
#8493=ADVANCED_FACE('1321',(#8492),#8485,.T.);
#8503=ADVANCED_FACE('1322',(#8502),#8498,.F.);
#8510=EDGE_CURVE('1396',#3945,#3904,#3055,.T.);
#8512=EDGE_CURVE('1394',#3944,#3945,#3060,.T.);
#8514=EDGE_CURVE('1397',#3905,#3944,#3051,.T.);
#8518=ADVANCED_FACE('1324',(#8517),#8508,.T.);
#8526=EDGE_CURVE('1395',#3945,#3944,#3065,.T.);
#8531=ADVANCED_FACE('1325',(#8530),#8523,.T.);
#8541=ADVANCED_FACE('1323',(#8540),#8536,.F.);
#8548=EDGE_CURVE('1529',#4019,#3980,#3073,.T.);
#8550=EDGE_CURVE('1531',#4021,#4019,#3078,.T.);
#8552=EDGE_CURVE('1530',#3981,#4021,#3069,.T.);
#8556=ADVANCED_FACE('1459',(#8555),#8546,.T.);
#8564=EDGE_CURVE('1532',#4019,#4021,#3083,.T.);
#8569=ADVANCED_FACE('1460',(#8568),#8561,.T.);
#8579=ADVANCED_FACE('1461',(#8578),#8574,.F.);
#8586=EDGE_CURVE('1535',#4025,#3984,#3091,.T.);
#8588=EDGE_CURVE('1533',#4024,#4025,#3096,.T.);
#8590=EDGE_CURVE('1536',#3985,#4024,#3087,.T.);
#8594=ADVANCED_FACE('1463',(#8593),#8584,.T.);
#8602=EDGE_CURVE('1534',#4025,#4024,#3101,.T.);
#8607=ADVANCED_FACE('1464',(#8606),#8599,.T.);
#8617=ADVANCED_FACE('1462',(#8616),#8612,.F.);
#8624=EDGE_CURVE('1674',#4105,#4064,#3109,.T.);
#8626=EDGE_CURVE('1672',#4104,#4105,#3114,.T.);
#8628=EDGE_CURVE('1675',#4065,#4104,#3105,.T.);
#8632=ADVANCED_FACE('1602',(#8631),#8622,.T.);
#8640=EDGE_CURVE('1673',#4105,#4104,#3119,.T.);
#8645=ADVANCED_FACE('1603',(#8644),#8637,.T.);
#8655=ADVANCED_FACE('1601',(#8654),#8650,.F.);
#8662=EDGE_CURVE('1668',#4099,#4060,#3127,.T.);
#8664=EDGE_CURVE('1670',#4101,#4099,#3132,.T.);
#8666=EDGE_CURVE('1669',#4061,#4101,#3123,.T.);
#8670=ADVANCED_FACE('1598',(#8669),#8660,.T.);
#8678=EDGE_CURVE('1671',#4099,#4101,#3137,.T.);
#8683=ADVANCED_FACE('1599',(#8682),#8675,.T.);
#8693=ADVANCED_FACE('1600',(#8692),#8688,.F.);
#8700=EDGE_CURVE('464',#3345,#3304,#3145,.T.);
#8702=EDGE_CURVE('462',#3344,#3345,#3150,.T.);
#8704=EDGE_CURVE('465',#3305,#3344,#3141,.T.);
#8708=ADVANCED_FACE('392',(#8707),#8698,.T.);
#8716=EDGE_CURVE('463',#3345,#3344,#3155,.T.);
#8721=ADVANCED_FACE('393',(#8720),#8713,.T.);
#8731=ADVANCED_FACE('391',(#8730),#8726,.F.);
#8738=EDGE_CURVE('458',#3339,#3300,#3163,.T.);
#8740=EDGE_CURVE('460',#3341,#3339,#3168,.T.);
#8742=EDGE_CURVE('459',#3301,#3341,#3159,.T.);
#8746=ADVANCED_FACE('388',(#8745),#8736,.T.);
#8754=EDGE_CURVE('461',#3339,#3341,#3173,.T.);
#8759=ADVANCED_FACE('389',(#8758),#8751,.T.);
#8769=ADVANCED_FACE('390',(#8768),#8764,.F.);
#8776=EDGE_CURVE('319',#3275,#3232,#3181,.T.);
#8778=EDGE_CURVE('321',#3277,#3275,#3186,.T.);
#8780=EDGE_CURVE('320',#3233,#3277,#3177,.T.);
#8784=ADVANCED_FACE('351',(#8783),#8774,.T.);
#8792=EDGE_CURVE('322',#3275,#3277,#3191,.T.);
#8797=ADVANCED_FACE('352',(#8796),#8789,.T.);
#8807=ADVANCED_FACE('353',(#8806),#8802,.F.);
#8814=EDGE_CURVE('325',#3281,#3236,#3199,.T.);
#8816=EDGE_CURVE('323',#3280,#3281,#3204,.T.);
#8818=EDGE_CURVE('326',#3237,#3280,#3195,.T.);
#8822=ADVANCED_FACE('355',(#8821),#8812,.T.);
#8830=EDGE_CURVE('324',#3281,#3280,#3209,.T.);
#8835=ADVANCED_FACE('356',(#8834),#8827,.T.);
#8845=ADVANCED_FACE('354',(#8844),#8840,.F.);
#8851=(LENGTH_UNIT()NAMED_UNIT(*)SI_UNIT(.MILLI.,.METRE.));
#8852=(NAMED_UNIT(*)PLANE_ANGLE_UNIT()SI_UNIT($,.RADIAN.));
#8855=(NAMED_UNIT(*)SI_UNIT($,.STERADIAN.)SOLID_ANGLE_UNIT());
#8857=(GEOMETRIC_REPRESENTATION_CONTEXT(3)GLOBAL_UNCERTAINTY_ASSIGNED_CONTEXT((
#8856))GLOBAL_UNIT_ASSIGNED_CONTEXT((#8851,#8854,#8855))REPRESENTATION_CONTEXT(
'ID1','3'));
#8858=ADVANCED_BREP_SHAPE_REPRESENTATION('',(#8847),#8857);
#8865=PRODUCT_DEFINITION('part definition','',#8864,#8861);
#8866=PRODUCT_DEFINITION_SHAPE('','SHAPE FOR MSBR-1.',#8865);
#8867=SHAPE_ASPECT('','solid data associated with MSBR-1',#8866,.F.);
#8868=PROPERTY_DEFINITION('',
'shape for solid data with which properties are associated',#8867);
#8869=SHAPE_REPRESENTATION('',(#8847),#8857);
#8870=SHAPE_DEFINITION_REPRESENTATION(#8868,#8869);
#8871=(LENGTH_UNIT()NAMED_UNIT(*)SI_UNIT(.MILLI.,.METRE.));
#8875=PROPERTY_DEFINITION('geometric validation property','area of MSBR-1',
#8867);
#8876=REPRESENTATION('surface area',(#8874),#8857);
#8877=PROPERTY_DEFINITION_REPRESENTATION(#8875,#8876);
#8878=(LENGTH_UNIT()NAMED_UNIT(*)SI_UNIT(.MILLI.,.METRE.));
#8882=PROPERTY_DEFINITION('geometric validation property','volume of MSBR-1',
#8867);
#8883=REPRESENTATION('volume',(#8881),#8857);
#8884=PROPERTY_DEFINITION_REPRESENTATION(#8882,#8883);
#8886=PROPERTY_DEFINITION('geometric validation property','centroid of MSBR-1',
#8867);
#8887=REPRESENTATION('centroid',(#8885),#8857);
#8888=PROPERTY_DEFINITION_REPRESENTATION(#8886,#8887);
#8889=(LENGTH_UNIT()NAMED_UNIT(*)SI_UNIT(.MILLI.,.METRE.));
#8893=PROPERTY_DEFINITION('geometric validation property','area of MSBR-1',
#8866);
#8894=REPRESENTATION('surface area',(#8892),#8857);
#8895=PROPERTY_DEFINITION_REPRESENTATION(#8893,#8894);
#8896=(LENGTH_UNIT()NAMED_UNIT(*)SI_UNIT(.MILLI.,.METRE.));
#8900=PROPERTY_DEFINITION('geometric validation property','volume of MSBR-1',
#8866);
#8901=REPRESENTATION('volume',(#8899),#8857);
#8902=PROPERTY_DEFINITION_REPRESENTATION(#8900,#8901);
#8904=PROPERTY_DEFINITION('geometric validation property','centroid of MSBR-1',
#8866);
#8905=REPRESENTATION('centroid',(#8903),#8857);
#8906=PROPERTY_DEFINITION_REPRESENTATION(#8904,#8905);
#8907=SHAPE_DEFINITION_REPRESENTATION(#8866,#8858);
ENDSEC;
END-ISO-10303-21;

