ISO-10303-21;
HEADER;
FILE_DESCRIPTION(('FreeCAD Model'),'2;1');
FILE_NAME('Open CASCADE Shape Model','2025-02-13T11:31:46',(''),(''),
  'Open CASCADE STEP processor 7.8','FreeCAD','Unknown');
FILE_SCHEMA(('AUTOMOTIVE_DESIGN { 1 0 10303 214 1 1 1 1 }'));
ENDSEC;
DATA;
#1 = APPLICATION_PROTOCOL_DEFINITION('international standard',
  'automotive_design',2000,#2);
#2 = APPLICATION_CONTEXT(
  'core data for automotive mechanical design processes');
#3 = SHAPE_DEFINITION_REPRESENTATION(#4,#10);
#4 = PRODUCT_DEFINITION_SHAPE('','',#5);
#5 = PRODUCT_DEFINITION('design','',#6,#9);
#6 = PRODUCT_DEFINITION_FORMATION('','',#7);
#7 = PRODUCT('C_640457','C_640457','',(#8));
#8 = PRODUCT_CONTEXT('',#2,'mechanical');
#9 = PRODUCT_DEFINITION_CONTEXT('part definition',#2,'design');
#10 = SHAPE_REPRESENTATION('',(#11,#15,#19),#23);
#11 = AXIS2_PLACEMENT_3D('',#12,#13,#14);
#12 = CARTESIAN_POINT('',(0.,0.,0.));
#13 = DIRECTION('',(0.,0.,1.));
#14 = DIRECTION('',(1.,0.,-0.));
#15 = AXIS2_PLACEMENT_3D('',#16,#17,#18);
#16 = CARTESIAN_POINT('',(0.,0.,0.));
#17 = DIRECTION('',(0.,0.,1.));
#18 = DIRECTION('',(1.,0.,0.));
#19 = AXIS2_PLACEMENT_3D('',#20,#21,#22);
#20 = CARTESIAN_POINT('',(3.81,0.,0.));
#21 = DIRECTION('',(0.,0.,1.));
#22 = DIRECTION('',(1.,0.,0.));
#23 = ( GEOMETRIC_REPRESENTATION_CONTEXT(3) 
GLOBAL_UNCERTAINTY_ASSIGNED_CONTEXT((#27)) GLOBAL_UNIT_ASSIGNED_CONTEXT(
(#24,#25,#26)) REPRESENTATION_CONTEXT('Context #1',
  '3D Context with UNIT and UNCERTAINTY') );
#24 = ( LENGTH_UNIT() NAMED_UNIT(*) SI_UNIT(.MILLI.,.METRE.) );
#25 = ( NAMED_UNIT(*) PLANE_ANGLE_UNIT() SI_UNIT($,.RADIAN.) );
#26 = ( NAMED_UNIT(*) SI_UNIT($,.STERADIAN.) SOLID_ANGLE_UNIT() );
#27 = UNCERTAINTY_MEASURE_WITH_UNIT(LENGTH_MEASURE(2.E-06),#24,
  'distance_accuracy_value','confusion accuracy');
#28 = PRODUCT_RELATED_PRODUCT_CATEGORY('part',$,(#7));
#29 = SHAPE_DEFINITION_REPRESENTATION(#30,#36);
#30 = PRODUCT_DEFINITION_SHAPE('','',#31);
#31 = PRODUCT_DEFINITION('design','',#32,#35);
#32 = PRODUCT_DEFINITION_FORMATION('','',#33);
#33 = PRODUCT('Array','Array','',(#34));
#34 = PRODUCT_CONTEXT('',#2,'mechanical');
#35 = PRODUCT_DEFINITION_CONTEXT('part definition',#2,'design');
#36 = SHAPE_REPRESENTATION('',(#11,#37,#41,#45,#49),#53);
#37 = AXIS2_PLACEMENT_3D('',#38,#39,#40);
#38 = CARTESIAN_POINT('',(0.,0.,0.));
#39 = DIRECTION('',(0.,0.,1.));
#40 = DIRECTION('',(1.,0.,0.));
#41 = AXIS2_PLACEMENT_3D('',#42,#43,#44);
#42 = CARTESIAN_POINT('',(2.54,0.,0.));
#43 = DIRECTION('',(0.,0.,1.));
#44 = DIRECTION('',(1.,0.,0.));
#45 = AXIS2_PLACEMENT_3D('',#46,#47,#48);
#46 = CARTESIAN_POINT('',(5.08,0.,0.));
#47 = DIRECTION('',(0.,0.,1.));
#48 = DIRECTION('',(1.,0.,0.));
#49 = AXIS2_PLACEMENT_3D('',#50,#51,#52);
#50 = CARTESIAN_POINT('',(7.62,0.,0.));
#51 = DIRECTION('',(0.,0.,1.));
#52 = DIRECTION('',(1.,0.,0.));
#53 = ( GEOMETRIC_REPRESENTATION_CONTEXT(3) 
GLOBAL_UNCERTAINTY_ASSIGNED_CONTEXT((#57)) GLOBAL_UNIT_ASSIGNED_CONTEXT(
(#54,#55,#56)) REPRESENTATION_CONTEXT('Context #1',
  '3D Context with UNIT and UNCERTAINTY') );
#54 = ( LENGTH_UNIT() NAMED_UNIT(*) SI_UNIT(.MILLI.,.METRE.) );
#55 = ( NAMED_UNIT(*) PLANE_ANGLE_UNIT() SI_UNIT($,.RADIAN.) );
#56 = ( NAMED_UNIT(*) SI_UNIT($,.STERADIAN.) SOLID_ANGLE_UNIT() );
#57 = UNCERTAINTY_MEASURE_WITH_UNIT(LENGTH_MEASURE(1.E-07),#54,
  'distance_accuracy_value','confusion accuracy');
#58 = CONTEXT_DEPENDENT_SHAPE_REPRESENTATION(#59,#61);
#59 = ( REPRESENTATION_RELATIONSHIP('','',#36,#10) 
REPRESENTATION_RELATIONSHIP_WITH_TRANSFORMATION(#60) 
SHAPE_REPRESENTATION_RELATIONSHIP() );
#60 = ITEM_DEFINED_TRANSFORMATION('','',#11,#15);
#61 = PRODUCT_DEFINITION_SHAPE('Placement','Placement of an item',#62);
#62 = NEXT_ASSEMBLY_USAGE_OCCURRENCE('942','Array','',#5,#31,$);
#63 = PRODUCT_RELATED_PRODUCT_CATEGORY('part',$,(#33));
#64 = SHAPE_DEFINITION_REPRESENTATION(#65,#71);
#65 = PRODUCT_DEFINITION_SHAPE('','',#66);
#66 = PRODUCT_DEFINITION('design','',#67,#70);
#67 = PRODUCT_DEFINITION_FORMATION('','',#68);
#68 = PRODUCT('Body001','Body001','',(#69));
#69 = PRODUCT_CONTEXT('',#2,'mechanical');
#70 = PRODUCT_DEFINITION_CONTEXT('part definition',#2,'design');
#71 = ADVANCED_BREP_SHAPE_REPRESENTATION('',(#11,#72),#610);
#72 = MANIFOLD_SOLID_BREP('',#73);
#73 = CLOSED_SHELL('',(#74,#114,#145,#169,#193,#210,#241,#265,#289,#306,
    #339,#364,#389,#406,#437,#461,#485,#502,#533,#557,#581,#598));
#74 = ADVANCED_FACE('',(#75),#109,.T.);
#75 = FACE_BOUND('',#76,.T.);
#76 = EDGE_LOOP('',(#77,#87,#95,#103));
#77 = ORIENTED_EDGE('',*,*,#78,.T.);
#78 = EDGE_CURVE('',#79,#81,#83,.T.);
#79 = VERTEX_POINT('',#80);
#80 = CARTESIAN_POINT('',(0.127,-3.937,-0.127000000003));
#81 = VERTEX_POINT('',#82);
#82 = CARTESIAN_POINT('',(0.127,-3.937,0.126999999997));
#83 = LINE('',#84,#85);
#84 = CARTESIAN_POINT('',(0.127,-3.937,-0.317500000003));
#85 = VECTOR('',#86,1.);
#86 = DIRECTION('',(0.,2.2E-16,1.));
#87 = ORIENTED_EDGE('',*,*,#88,.T.);
#88 = EDGE_CURVE('',#81,#89,#91,.T.);
#89 = VERTEX_POINT('',#90);
#90 = CARTESIAN_POINT('',(-0.127,-3.937,0.126999999997));
#91 = LINE('',#92,#93);
#92 = CARTESIAN_POINT('',(0.3175,-3.937,0.126999999997));
#93 = VECTOR('',#94,1.);
#94 = DIRECTION('',(-1.,-0.,0.));
#95 = ORIENTED_EDGE('',*,*,#96,.T.);
#96 = EDGE_CURVE('',#89,#97,#99,.T.);
#97 = VERTEX_POINT('',#98);
#98 = CARTESIAN_POINT('',(-0.127,-3.937,-0.127000000003));
#99 = LINE('',#100,#101);
#100 = CARTESIAN_POINT('',(-0.127,-3.937,0.317499999997));
#101 = VECTOR('',#102,1.);
#102 = DIRECTION('',(0.,-2.2E-16,-1.));
#103 = ORIENTED_EDGE('',*,*,#104,.T.);
#104 = EDGE_CURVE('',#97,#79,#105,.T.);
#105 = LINE('',#106,#107);
#106 = CARTESIAN_POINT('',(-0.3175,-3.937,-0.127000000003));
#107 = VECTOR('',#108,1.);
#108 = DIRECTION('',(1.,0.,0.));
#109 = PLANE('',#110);
#110 = AXIS2_PLACEMENT_3D('',#111,#112,#113);
#111 = CARTESIAN_POINT('',(1.E-17,-3.937,-2.8714E-12));
#112 = DIRECTION('',(3.5E-16,-1.,1.3E-16));
#113 = DIRECTION('',(1.,3.5E-16,0.));
#114 = ADVANCED_FACE('',(#115),#140,.F.);
#115 = FACE_BOUND('',#116,.F.);
#116 = EDGE_LOOP('',(#117,#125,#126,#134));
#117 = ORIENTED_EDGE('',*,*,#118,.F.);
#118 = EDGE_CURVE('',#79,#119,#121,.T.);
#119 = VERTEX_POINT('',#120);
#120 = CARTESIAN_POINT('',(0.3175,-3.7465,-0.317500000003));
#121 = LINE('',#122,#123);
#122 = CARTESIAN_POINT('',(0.148166666667,-3.915833333333,
    -0.148166666669));
#123 = VECTOR('',#124,1.);
#124 = DIRECTION('',(0.57735026919,0.57735026919,-0.577350269189));
#125 = ORIENTED_EDGE('',*,*,#78,.T.);
#126 = ORIENTED_EDGE('',*,*,#127,.T.);
#127 = EDGE_CURVE('',#81,#128,#130,.T.);
#128 = VERTEX_POINT('',#129);
#129 = CARTESIAN_POINT('',(0.3175,-3.7465,0.317499999997));
#130 = LINE('',#131,#132);
#131 = CARTESIAN_POINT('',(0.148166666667,-3.915833333333,0.148166666664
    ));
#132 = VECTOR('',#133,1.);
#133 = DIRECTION('',(0.577350269189,0.577350269189,0.57735026919));
#134 = ORIENTED_EDGE('',*,*,#135,.F.);
#135 = EDGE_CURVE('',#119,#128,#136,.T.);
#136 = LINE('',#137,#138);
#137 = CARTESIAN_POINT('',(0.3175,-3.7465,-0.317500000003));
#138 = VECTOR('',#139,1.);
#139 = DIRECTION('',(0.,2.2E-16,1.));
#140 = PLANE('',#141);
#141 = AXIS2_PLACEMENT_3D('',#142,#143,#144);
#142 = CARTESIAN_POINT('',(0.22225,-3.84175,-0.317500000003));
#143 = DIRECTION('',(-0.707106781187,0.707106781187,-1.E-16));
#144 = DIRECTION('',(3.928932188135E-17,1.807106781187E-16,1.));
#145 = ADVANCED_FACE('',(#146),#164,.F.);
#146 = FACE_BOUND('',#147,.F.);
#147 = EDGE_LOOP('',(#148,#156,#157,#158));
#148 = ORIENTED_EDGE('',*,*,#149,.F.);
#149 = EDGE_CURVE('',#97,#150,#152,.T.);
#150 = VERTEX_POINT('',#151);
#151 = CARTESIAN_POINT('',(-0.3175,-3.7465,-0.317500000003));
#152 = LINE('',#153,#154);
#153 = CARTESIAN_POINT('',(-0.148166666667,-3.915833333333,
    -0.14816666667));
#154 = VECTOR('',#155,1.);
#155 = DIRECTION('',(-0.57735026919,0.57735026919,-0.577350269189));
#156 = ORIENTED_EDGE('',*,*,#104,.T.);
#157 = ORIENTED_EDGE('',*,*,#118,.T.);
#158 = ORIENTED_EDGE('',*,*,#159,.F.);
#159 = EDGE_CURVE('',#150,#119,#160,.T.);
#160 = LINE('',#161,#162);
#161 = CARTESIAN_POINT('',(-0.3175,-3.7465,-0.317500000003));
#162 = VECTOR('',#163,1.);
#163 = DIRECTION('',(1.,0.,0.));
#164 = PLANE('',#165);
#165 = AXIS2_PLACEMENT_3D('',#166,#167,#168);
#166 = CARTESIAN_POINT('',(-0.3175,-3.84175,-0.222250000003));
#167 = DIRECTION('',(-2.5E-16,0.707106781186,0.707106781187));
#168 = DIRECTION('',(1.,1.767766952966E-16,1.767766952966E-16));
#169 = ADVANCED_FACE('',(#170),#188,.F.);
#170 = FACE_BOUND('',#171,.F.);
#171 = EDGE_LOOP('',(#172,#173,#174,#182));
#172 = ORIENTED_EDGE('',*,*,#127,.F.);
#173 = ORIENTED_EDGE('',*,*,#88,.T.);
#174 = ORIENTED_EDGE('',*,*,#175,.T.);
#175 = EDGE_CURVE('',#89,#176,#178,.T.);
#176 = VERTEX_POINT('',#177);
#177 = CARTESIAN_POINT('',(-0.3175,-3.7465,0.317499999997));
#178 = LINE('',#179,#180);
#179 = CARTESIAN_POINT('',(-0.148166666667,-3.915833333333,
    0.148166666664));
#180 = VECTOR('',#181,1.);
#181 = DIRECTION('',(-0.577350269189,0.577350269189,0.57735026919));
#182 = ORIENTED_EDGE('',*,*,#183,.F.);
#183 = EDGE_CURVE('',#128,#176,#184,.T.);
#184 = LINE('',#185,#186);
#185 = CARTESIAN_POINT('',(0.3175,-3.7465,0.317499999997));
#186 = VECTOR('',#187,1.);
#187 = DIRECTION('',(-1.,-0.,0.));
#188 = PLANE('',#189);
#189 = AXIS2_PLACEMENT_3D('',#190,#191,#192);
#190 = CARTESIAN_POINT('',(0.3175,-3.84175,0.222249999997));
#191 = DIRECTION('',(-2.5E-16,0.707106781187,-0.707106781186));
#192 = DIRECTION('',(-1.,-1.767766952966E-16,1.767766952966E-16));
#193 = ADVANCED_FACE('',(#194),#205,.F.);
#194 = FACE_BOUND('',#195,.F.);
#195 = EDGE_LOOP('',(#196,#197,#198,#199));
#196 = ORIENTED_EDGE('',*,*,#175,.F.);
#197 = ORIENTED_EDGE('',*,*,#96,.T.);
#198 = ORIENTED_EDGE('',*,*,#149,.T.);
#199 = ORIENTED_EDGE('',*,*,#200,.F.);
#200 = EDGE_CURVE('',#176,#150,#201,.T.);
#201 = LINE('',#202,#203);
#202 = CARTESIAN_POINT('',(-0.3175,-3.7465,0.317499999997));
#203 = VECTOR('',#204,1.);
#204 = DIRECTION('',(0.,-2.2E-16,-1.));
#205 = PLANE('',#206);
#206 = AXIS2_PLACEMENT_3D('',#207,#208,#209);
#207 = CARTESIAN_POINT('',(-0.22225,-3.84175,0.317499999997));
#208 = DIRECTION('',(0.707106781187,0.707106781187,-9.E-17));
#209 = DIRECTION('',(5.136038969321E-17,-1.786396103068E-16,-1.));
#210 = ADVANCED_FACE('',(#211),#236,.F.);
#211 = FACE_BOUND('',#212,.F.);
#212 = EDGE_LOOP('',(#213,#221,#222,#230));
#213 = ORIENTED_EDGE('',*,*,#214,.F.);
#214 = EDGE_CURVE('',#119,#215,#217,.T.);
#215 = VERTEX_POINT('',#216);
#216 = CARTESIAN_POINT('',(0.3175,1.778,-0.317499999999));
#217 = LINE('',#218,#219);
#218 = CARTESIAN_POINT('',(0.3175,-3.937,-0.317500000003));
#219 = VECTOR('',#220,1.);
#220 = DIRECTION('',(0.,1.,-2.2E-16));
#221 = ORIENTED_EDGE('',*,*,#135,.T.);
#222 = ORIENTED_EDGE('',*,*,#223,.T.);
#223 = EDGE_CURVE('',#128,#224,#226,.T.);
#224 = VERTEX_POINT('',#225);
#225 = CARTESIAN_POINT('',(0.3175,1.778,0.317500000001));
#226 = LINE('',#227,#228);
#227 = CARTESIAN_POINT('',(0.3175,-3.937,0.317499999997));
#228 = VECTOR('',#229,1.);
#229 = DIRECTION('',(0.,1.,-2.2E-16));
#230 = ORIENTED_EDGE('',*,*,#231,.F.);
#231 = EDGE_CURVE('',#215,#224,#232,.T.);
#232 = LINE('',#233,#234);
#233 = CARTESIAN_POINT('',(0.3175,1.778,-0.317500000003));
#234 = VECTOR('',#235,1.);
#235 = DIRECTION('',(0.,2.2E-16,1.));
#236 = PLANE('',#237);
#237 = AXIS2_PLACEMENT_3D('',#238,#239,#240);
#238 = CARTESIAN_POINT('',(0.3175,-3.937,-0.317500000003));
#239 = DIRECTION('',(-1.,0.,0.));
#240 = DIRECTION('',(0.,2.2E-16,1.));
#241 = ADVANCED_FACE('',(#242),#260,.F.);
#242 = FACE_BOUND('',#243,.F.);
#243 = EDGE_LOOP('',(#244,#252,#253,#254));
#244 = ORIENTED_EDGE('',*,*,#245,.F.);
#245 = EDGE_CURVE('',#150,#246,#248,.T.);
#246 = VERTEX_POINT('',#247);
#247 = CARTESIAN_POINT('',(-0.3175,1.778,-0.317499999999));
#248 = LINE('',#249,#250);
#249 = CARTESIAN_POINT('',(-0.3175,-3.937,-0.317500000003));
#250 = VECTOR('',#251,1.);
#251 = DIRECTION('',(0.,1.,-2.2E-16));
#252 = ORIENTED_EDGE('',*,*,#159,.T.);
#253 = ORIENTED_EDGE('',*,*,#214,.T.);
#254 = ORIENTED_EDGE('',*,*,#255,.F.);
#255 = EDGE_CURVE('',#246,#215,#256,.T.);
#256 = LINE('',#257,#258);
#257 = CARTESIAN_POINT('',(-0.3175,1.778,-0.317499999999));
#258 = VECTOR('',#259,1.);
#259 = DIRECTION('',(1.,0.,0.));
#260 = PLANE('',#261);
#261 = AXIS2_PLACEMENT_3D('',#262,#263,#264);
#262 = CARTESIAN_POINT('',(-0.3175,-3.937,-0.317500000003));
#263 = DIRECTION('',(0.,-7.2935E-13,1.));
#264 = DIRECTION('',(1.,0.,0.));
#265 = ADVANCED_FACE('',(#266),#284,.F.);
#266 = FACE_BOUND('',#267,.F.);
#267 = EDGE_LOOP('',(#268,#269,#270,#278));
#268 = ORIENTED_EDGE('',*,*,#223,.F.);
#269 = ORIENTED_EDGE('',*,*,#183,.T.);
#270 = ORIENTED_EDGE('',*,*,#271,.T.);
#271 = EDGE_CURVE('',#176,#272,#274,.T.);
#272 = VERTEX_POINT('',#273);
#273 = CARTESIAN_POINT('',(-0.3175,1.778,0.317500000001));
#274 = LINE('',#275,#276);
#275 = CARTESIAN_POINT('',(-0.3175,-3.937,0.317499999997));
#276 = VECTOR('',#277,1.);
#277 = DIRECTION('',(0.,1.,7.2935E-13));
#278 = ORIENTED_EDGE('',*,*,#279,.F.);
#279 = EDGE_CURVE('',#224,#272,#280,.T.);
#280 = LINE('',#281,#282);
#281 = CARTESIAN_POINT('',(0.3175,1.778,0.317500000001));
#282 = VECTOR('',#283,1.);
#283 = DIRECTION('',(-1.,0.,0.));
#284 = PLANE('',#285);
#285 = AXIS2_PLACEMENT_3D('',#286,#287,#288);
#286 = CARTESIAN_POINT('',(0.3175,-3.937,0.317499999997));
#287 = DIRECTION('',(0.,7.2935E-13,-1.));
#288 = DIRECTION('',(-1.,0.,0.));
#289 = ADVANCED_FACE('',(#290),#301,.F.);
#290 = FACE_BOUND('',#291,.F.);
#291 = EDGE_LOOP('',(#292,#293,#294,#295));
#292 = ORIENTED_EDGE('',*,*,#271,.F.);
#293 = ORIENTED_EDGE('',*,*,#200,.T.);
#294 = ORIENTED_EDGE('',*,*,#245,.T.);
#295 = ORIENTED_EDGE('',*,*,#296,.F.);
#296 = EDGE_CURVE('',#272,#246,#297,.T.);
#297 = LINE('',#298,#299);
#298 = CARTESIAN_POINT('',(-0.3175,1.778,0.317499999997));
#299 = VECTOR('',#300,1.);
#300 = DIRECTION('',(0.,-2.2E-16,-1.));
#301 = PLANE('',#302);
#302 = AXIS2_PLACEMENT_3D('',#303,#304,#305);
#303 = CARTESIAN_POINT('',(-0.3175,-3.937,0.317499999997));
#304 = DIRECTION('',(1.,0.,0.));
#305 = DIRECTION('',(0.,-2.2E-16,-1.));
#306 = ADVANCED_FACE('',(#307),#334,.T.);
#307 = FACE_BOUND('',#308,.T.);
#308 = EDGE_LOOP('',(#309,#318,#326,#333));
#309 = ORIENTED_EDGE('',*,*,#310,.T.);
#310 = EDGE_CURVE('',#215,#311,#313,.T.);
#311 = VERTEX_POINT('',#312);
#312 = CARTESIAN_POINT('',(0.3175,2.603499999997,-1.142999999996));
#313 = CIRCLE('',#314,0.825499999997);
#314 = AXIS2_PLACEMENT_3D('',#315,#316,#317);
#315 = CARTESIAN_POINT('',(0.3175,1.778,-1.142999999996));
#316 = DIRECTION('',(-1.,0.,0.));
#317 = DIRECTION('',(0.,1.,1.905E-14));
#318 = ORIENTED_EDGE('',*,*,#319,.T.);
#319 = EDGE_CURVE('',#311,#320,#322,.T.);
#320 = VERTEX_POINT('',#321);
#321 = CARTESIAN_POINT('',(0.3175,3.238499999997,-1.142999999996));
#322 = LINE('',#323,#324);
#323 = CARTESIAN_POINT('',(0.3175,2.603499999997,-1.142999999996));
#324 = VECTOR('',#325,1.);
#325 = DIRECTION('',(0.,1.,-9.786E-14));
#326 = ORIENTED_EDGE('',*,*,#327,.F.);
#327 = EDGE_CURVE('',#224,#320,#328,.T.);
#328 = CIRCLE('',#329,1.460499999997);
#329 = AXIS2_PLACEMENT_3D('',#330,#331,#332);
#330 = CARTESIAN_POINT('',(0.3175,1.778,-1.142999999996));
#331 = DIRECTION('',(-1.,0.,-0.));
#332 = DIRECTION('',(0.,1.,-1.057E-14));
#333 = ORIENTED_EDGE('',*,*,#231,.F.);
#334 = PLANE('',#335);
#335 = AXIS2_PLACEMENT_3D('',#336,#337,#338);
#336 = CARTESIAN_POINT('',(0.3175,2.586223050894,-0.334776949102));
#337 = DIRECTION('',(1.,0.,0.));
#338 = DIRECTION('',(0.,0.707106781187,-0.707106781187));
#339 = ADVANCED_FACE('',(#340),#359,.F.);
#340 = FACE_BOUND('',#341,.T.);
#341 = EDGE_LOOP('',(#342,#351,#357,#358));
#342 = ORIENTED_EDGE('',*,*,#343,.T.);
#343 = EDGE_CURVE('',#246,#344,#346,.T.);
#344 = VERTEX_POINT('',#345);
#345 = CARTESIAN_POINT('',(-0.3175,2.603499999997,-1.142999999996));
#346 = CIRCLE('',#347,0.825499999997);
#347 = AXIS2_PLACEMENT_3D('',#348,#349,#350);
#348 = CARTESIAN_POINT('',(-0.3175,1.778,-1.142999999996));
#349 = DIRECTION('',(-1.,0.,0.));
#350 = DIRECTION('',(0.,1.,1.878E-14));
#351 = ORIENTED_EDGE('',*,*,#352,.T.);
#352 = EDGE_CURVE('',#344,#311,#353,.T.);
#353 = LINE('',#354,#355);
#354 = CARTESIAN_POINT('',(-0.3175,2.603499999997,-1.142999999996));
#355 = VECTOR('',#356,1.);
#356 = DIRECTION('',(1.,0.,0.));
#357 = ORIENTED_EDGE('',*,*,#310,.F.);
#358 = ORIENTED_EDGE('',*,*,#255,.F.);
#359 = CYLINDRICAL_SURFACE('',#360,0.825499999997);
#360 = AXIS2_PLACEMENT_3D('',#361,#362,#363);
#361 = CARTESIAN_POINT('',(-0.3175,1.778,-1.142999999996));
#362 = DIRECTION('',(1.,0.,0.));
#363 = DIRECTION('',(0.,1.,1.905E-14));
#364 = ADVANCED_FACE('',(#365),#384,.T.);
#365 = FACE_BOUND('',#366,.T.);
#366 = EDGE_LOOP('',(#367,#368,#376,#383));
#367 = ORIENTED_EDGE('',*,*,#327,.T.);
#368 = ORIENTED_EDGE('',*,*,#369,.T.);
#369 = EDGE_CURVE('',#320,#370,#372,.T.);
#370 = VERTEX_POINT('',#371);
#371 = CARTESIAN_POINT('',(-0.3175,3.238499999997,-1.142999999996));
#372 = LINE('',#373,#374);
#373 = CARTESIAN_POINT('',(0.3175,3.238499999997,-1.142999999996));
#374 = VECTOR('',#375,1.);
#375 = DIRECTION('',(-1.,0.,0.));
#376 = ORIENTED_EDGE('',*,*,#377,.F.);
#377 = EDGE_CURVE('',#272,#370,#378,.T.);
#378 = CIRCLE('',#379,1.460499999997);
#379 = AXIS2_PLACEMENT_3D('',#380,#381,#382);
#380 = CARTESIAN_POINT('',(-0.3175,1.778,-1.142999999996));
#381 = DIRECTION('',(-1.,0.,-0.));
#382 = DIRECTION('',(0.,1.,-1.072E-14));
#383 = ORIENTED_EDGE('',*,*,#279,.F.);
#384 = CYLINDRICAL_SURFACE('',#385,1.460499999997);
#385 = AXIS2_PLACEMENT_3D('',#386,#387,#388);
#386 = CARTESIAN_POINT('',(0.3175,1.778,-1.142999999996));
#387 = DIRECTION('',(-1.,0.,0.));
#388 = DIRECTION('',(0.,1.,-1.072E-14));
#389 = ADVANCED_FACE('',(#390),#401,.T.);
#390 = FACE_BOUND('',#391,.T.);
#391 = EDGE_LOOP('',(#392,#393,#399,#400));
#392 = ORIENTED_EDGE('',*,*,#377,.T.);
#393 = ORIENTED_EDGE('',*,*,#394,.T.);
#394 = EDGE_CURVE('',#370,#344,#395,.T.);
#395 = LINE('',#396,#397);
#396 = CARTESIAN_POINT('',(-0.3175,3.238499999997,-1.142999999996));
#397 = VECTOR('',#398,1.);
#398 = DIRECTION('',(0.,-1.,9.786E-14));
#399 = ORIENTED_EDGE('',*,*,#343,.F.);
#400 = ORIENTED_EDGE('',*,*,#296,.F.);
#401 = PLANE('',#402);
#402 = AXIS2_PLACEMENT_3D('',#403,#404,#405);
#403 = CARTESIAN_POINT('',(-0.3175,2.586223050894,-0.334776949102));
#404 = DIRECTION('',(-1.,0.,0.));
#405 = DIRECTION('',(0.,0.707106781187,-0.707106781187));
#406 = ADVANCED_FACE('',(#407),#432,.F.);
#407 = FACE_BOUND('',#408,.F.);
#408 = EDGE_LOOP('',(#409,#417,#418,#426));
#409 = ORIENTED_EDGE('',*,*,#410,.F.);
#410 = EDGE_CURVE('',#311,#411,#413,.T.);
#411 = VERTEX_POINT('',#412);
#412 = CARTESIAN_POINT('',(0.3175,2.603499999996,-10.2997));
#413 = LINE('',#414,#415);
#414 = CARTESIAN_POINT('',(0.3175,2.603499999997,-1.142999999996));
#415 = VECTOR('',#416,1.);
#416 = DIRECTION('',(0.,-9.786E-14,-1.));
#417 = ORIENTED_EDGE('',*,*,#319,.T.);
#418 = ORIENTED_EDGE('',*,*,#419,.T.);
#419 = EDGE_CURVE('',#320,#420,#422,.T.);
#420 = VERTEX_POINT('',#421);
#421 = CARTESIAN_POINT('',(0.3175,3.238499999996,-10.2997));
#422 = LINE('',#423,#424);
#423 = CARTESIAN_POINT('',(0.3175,3.238499999997,-1.142999999996));
#424 = VECTOR('',#425,1.);
#425 = DIRECTION('',(0.,-9.786E-14,-1.));
#426 = ORIENTED_EDGE('',*,*,#427,.F.);
#427 = EDGE_CURVE('',#411,#420,#428,.T.);
#428 = LINE('',#429,#430);
#429 = CARTESIAN_POINT('',(0.3175,2.603499999997,-10.2997));
#430 = VECTOR('',#431,1.);
#431 = DIRECTION('',(0.,1.,-9.786E-14));
#432 = PLANE('',#433);
#433 = AXIS2_PLACEMENT_3D('',#434,#435,#436);
#434 = CARTESIAN_POINT('',(0.3175,2.603499999997,-1.142999999996));
#435 = DIRECTION('',(-1.,0.,0.));
#436 = DIRECTION('',(0.,1.,-9.786E-14));
#437 = ADVANCED_FACE('',(#438),#456,.F.);
#438 = FACE_BOUND('',#439,.F.);
#439 = EDGE_LOOP('',(#440,#448,#449,#450));
#440 = ORIENTED_EDGE('',*,*,#441,.F.);
#441 = EDGE_CURVE('',#344,#442,#444,.T.);
#442 = VERTEX_POINT('',#443);
#443 = CARTESIAN_POINT('',(-0.3175,2.603499999996,-10.2997));
#444 = LINE('',#445,#446);
#445 = CARTESIAN_POINT('',(-0.3175,2.603499999997,-1.142999999996));
#446 = VECTOR('',#447,1.);
#447 = DIRECTION('',(0.,-9.786E-14,-1.));
#448 = ORIENTED_EDGE('',*,*,#352,.T.);
#449 = ORIENTED_EDGE('',*,*,#410,.T.);
#450 = ORIENTED_EDGE('',*,*,#451,.F.);
#451 = EDGE_CURVE('',#442,#411,#452,.T.);
#452 = LINE('',#453,#454);
#453 = CARTESIAN_POINT('',(-0.3175,2.603499999997,-10.2997));
#454 = VECTOR('',#455,1.);
#455 = DIRECTION('',(1.,0.,0.));
#456 = PLANE('',#457);
#457 = AXIS2_PLACEMENT_3D('',#458,#459,#460);
#458 = CARTESIAN_POINT('',(-0.3175,2.603499999997,-1.142999999996));
#459 = DIRECTION('',(0.,1.,-2.2E-16));
#460 = DIRECTION('',(1.,0.,0.));
#461 = ADVANCED_FACE('',(#462),#480,.F.);
#462 = FACE_BOUND('',#463,.F.);
#463 = EDGE_LOOP('',(#464,#465,#466,#474));
#464 = ORIENTED_EDGE('',*,*,#419,.F.);
#465 = ORIENTED_EDGE('',*,*,#369,.T.);
#466 = ORIENTED_EDGE('',*,*,#467,.T.);
#467 = EDGE_CURVE('',#370,#468,#470,.T.);
#468 = VERTEX_POINT('',#469);
#469 = CARTESIAN_POINT('',(-0.3175,3.238499999997,-10.2997));
#470 = LINE('',#471,#472);
#471 = CARTESIAN_POINT('',(-0.3175,3.238499999997,-1.142999999996));
#472 = VECTOR('',#473,1.);
#473 = DIRECTION('',(0.,-2.2E-16,-1.));
#474 = ORIENTED_EDGE('',*,*,#475,.F.);
#475 = EDGE_CURVE('',#420,#468,#476,.T.);
#476 = LINE('',#477,#478);
#477 = CARTESIAN_POINT('',(0.3175,3.238499999997,-10.2997));
#478 = VECTOR('',#479,1.);
#479 = DIRECTION('',(-1.,-0.,0.));
#480 = PLANE('',#481);
#481 = AXIS2_PLACEMENT_3D('',#482,#483,#484);
#482 = CARTESIAN_POINT('',(0.3175,3.238499999997,-1.142999999996));
#483 = DIRECTION('',(0.,-1.,2.2E-16));
#484 = DIRECTION('',(-1.,0.,0.));
#485 = ADVANCED_FACE('',(#486),#497,.F.);
#486 = FACE_BOUND('',#487,.F.);
#487 = EDGE_LOOP('',(#488,#489,#490,#491));
#488 = ORIENTED_EDGE('',*,*,#467,.F.);
#489 = ORIENTED_EDGE('',*,*,#394,.T.);
#490 = ORIENTED_EDGE('',*,*,#441,.T.);
#491 = ORIENTED_EDGE('',*,*,#492,.F.);
#492 = EDGE_CURVE('',#468,#442,#493,.T.);
#493 = LINE('',#494,#495);
#494 = CARTESIAN_POINT('',(-0.3175,3.238499999997,-10.2997));
#495 = VECTOR('',#496,1.);
#496 = DIRECTION('',(0.,-1.,9.786E-14));
#497 = PLANE('',#498);
#498 = AXIS2_PLACEMENT_3D('',#499,#500,#501);
#499 = CARTESIAN_POINT('',(-0.3175,3.238499999997,-1.142999999996));
#500 = DIRECTION('',(1.,0.,0.));
#501 = DIRECTION('',(0.,-1.,9.786E-14));
#502 = ADVANCED_FACE('',(#503),#528,.T.);
#503 = FACE_BOUND('',#504,.F.);
#504 = EDGE_LOOP('',(#505,#513,#514,#522));
#505 = ORIENTED_EDGE('',*,*,#506,.F.);
#506 = EDGE_CURVE('',#411,#507,#509,.T.);
#507 = VERTEX_POINT('',#508);
#508 = CARTESIAN_POINT('',(0.127,2.793999999997,-10.4902));
#509 = LINE('',#510,#511);
#510 = CARTESIAN_POINT('',(0.148166666667,2.77283333333,-10.46903333333)
  );
#511 = VECTOR('',#512,1.);
#512 = DIRECTION('',(-0.57735026919,0.57735026919,-0.57735026919));
#513 = ORIENTED_EDGE('',*,*,#427,.T.);
#514 = ORIENTED_EDGE('',*,*,#515,.T.);
#515 = EDGE_CURVE('',#420,#516,#518,.T.);
#516 = VERTEX_POINT('',#517);
#517 = CARTESIAN_POINT('',(0.127,3.047999999997,-10.4902));
#518 = LINE('',#519,#520);
#519 = CARTESIAN_POINT('',(0.148166666667,3.069166666664,-10.46903333333
    ));
#520 = VECTOR('',#521,1.);
#521 = DIRECTION('',(-0.57735026919,-0.57735026919,-0.57735026919));
#522 = ORIENTED_EDGE('',*,*,#523,.F.);
#523 = EDGE_CURVE('',#507,#516,#524,.T.);
#524 = LINE('',#525,#526);
#525 = CARTESIAN_POINT('',(0.127,2.603499999997,-10.4902));
#526 = VECTOR('',#527,1.);
#527 = DIRECTION('',(0.,1.,-9.786E-14));
#528 = PLANE('',#529);
#529 = AXIS2_PLACEMENT_3D('',#530,#531,#532);
#530 = CARTESIAN_POINT('',(0.22225,2.603499999997,-10.39495));
#531 = DIRECTION('',(0.707106781187,-7.006E-14,-0.707106781187));
#532 = DIRECTION('',(-6.099010899295E-16,-1.,9.846990108993E-14));
#533 = ADVANCED_FACE('',(#534),#552,.T.);
#534 = FACE_BOUND('',#535,.T.);
#535 = EDGE_LOOP('',(#536,#544,#550,#551));
#536 = ORIENTED_EDGE('',*,*,#537,.F.);
#537 = EDGE_CURVE('',#538,#442,#540,.T.);
#538 = VERTEX_POINT('',#539);
#539 = CARTESIAN_POINT('',(-0.127,2.793999999997,-10.4902));
#540 = LINE('',#541,#542);
#541 = CARTESIAN_POINT('',(-0.148166666667,2.77283333333,-10.46903333333
    ));
#542 = VECTOR('',#543,1.);
#543 = DIRECTION('',(-0.57735026919,-0.57735026919,0.57735026919));
#544 = ORIENTED_EDGE('',*,*,#545,.T.);
#545 = EDGE_CURVE('',#538,#507,#546,.T.);
#546 = LINE('',#547,#548);
#547 = CARTESIAN_POINT('',(-0.3175,2.793999999997,-10.4902));
#548 = VECTOR('',#549,1.);
#549 = DIRECTION('',(1.,0.,0.));
#550 = ORIENTED_EDGE('',*,*,#506,.F.);
#551 = ORIENTED_EDGE('',*,*,#451,.F.);
#552 = PLANE('',#553);
#553 = AXIS2_PLACEMENT_3D('',#554,#555,#556);
#554 = CARTESIAN_POINT('',(-0.3175,2.698749999997,-10.39495));
#555 = DIRECTION('',(1.01E-15,-0.707106781187,-0.707106781187));
#556 = DIRECTION('',(1.,7.141778489984E-16,7.141778489984E-16));
#557 = ADVANCED_FACE('',(#558),#576,.T.);
#558 = FACE_BOUND('',#559,.T.);
#559 = EDGE_LOOP('',(#560,#561,#569,#575));
#560 = ORIENTED_EDGE('',*,*,#515,.T.);
#561 = ORIENTED_EDGE('',*,*,#562,.T.);
#562 = EDGE_CURVE('',#516,#563,#565,.T.);
#563 = VERTEX_POINT('',#564);
#564 = CARTESIAN_POINT('',(-0.127,3.047999999997,-10.4902));
#565 = LINE('',#566,#567);
#566 = CARTESIAN_POINT('',(0.3175,3.047999999997,-10.4902));
#567 = VECTOR('',#568,1.);
#568 = DIRECTION('',(-1.,-0.,0.));
#569 = ORIENTED_EDGE('',*,*,#570,.T.);
#570 = EDGE_CURVE('',#563,#468,#571,.T.);
#571 = LINE('',#572,#573);
#572 = CARTESIAN_POINT('',(-0.148166666667,3.069166666664,
    -10.46903333333));
#573 = VECTOR('',#574,1.);
#574 = DIRECTION('',(-0.57735026919,0.57735026919,0.57735026919));
#575 = ORIENTED_EDGE('',*,*,#475,.F.);
#576 = PLANE('',#577);
#577 = AXIS2_PLACEMENT_3D('',#578,#579,#580);
#578 = CARTESIAN_POINT('',(0.3175,3.143249999997,-10.39495));
#579 = DIRECTION('',(1.E-15,0.707106781187,-0.707106781187));
#580 = DIRECTION('',(-1.,7.071067811865E-16,-7.071067811865E-16));
#581 = ADVANCED_FACE('',(#582),#593,.T.);
#582 = FACE_BOUND('',#583,.T.);
#583 = EDGE_LOOP('',(#584,#585,#591,#592));
#584 = ORIENTED_EDGE('',*,*,#570,.F.);
#585 = ORIENTED_EDGE('',*,*,#586,.T.);
#586 = EDGE_CURVE('',#563,#538,#587,.T.);
#587 = LINE('',#588,#589);
#588 = CARTESIAN_POINT('',(-0.127,3.238499999997,-10.4902));
#589 = VECTOR('',#590,1.);
#590 = DIRECTION('',(0.,-1.,9.786E-14));
#591 = ORIENTED_EDGE('',*,*,#537,.T.);
#592 = ORIENTED_EDGE('',*,*,#492,.F.);
#593 = PLANE('',#594);
#594 = AXIS2_PLACEMENT_3D('',#595,#596,#597);
#595 = CARTESIAN_POINT('',(-0.22225,3.238499999997,-10.39495));
#596 = DIRECTION('',(-0.707106781187,-7.006E-14,-0.707106781187));
#597 = DIRECTION('',(6.099010899295E-16,-1.,9.846990108993E-14));
#598 = ADVANCED_FACE('',(#599),#605,.F.);
#599 = FACE_BOUND('',#600,.F.);
#600 = EDGE_LOOP('',(#601,#602,#603,#604));
#601 = ORIENTED_EDGE('',*,*,#523,.T.);
#602 = ORIENTED_EDGE('',*,*,#562,.T.);
#603 = ORIENTED_EDGE('',*,*,#586,.T.);
#604 = ORIENTED_EDGE('',*,*,#545,.T.);
#605 = PLANE('',#606);
#606 = AXIS2_PLACEMENT_3D('',#607,#608,#609);
#607 = CARTESIAN_POINT('',(1.E-17,2.920999999997,-10.4902));
#608 = DIRECTION('',(-1.4E-15,9.909E-14,1.));
#609 = DIRECTION('',(0.,-1.,9.909E-14));
#610 = ( GEOMETRIC_REPRESENTATION_CONTEXT(3) 
GLOBAL_UNCERTAINTY_ASSIGNED_CONTEXT((#614)) GLOBAL_UNIT_ASSIGNED_CONTEXT
((#611,#612,#613)) REPRESENTATION_CONTEXT('Context #1',
  '3D Context with UNIT and UNCERTAINTY') );
#611 = ( LENGTH_UNIT() NAMED_UNIT(*) SI_UNIT(.MILLI.,.METRE.) );
#612 = ( NAMED_UNIT(*) PLANE_ANGLE_UNIT() SI_UNIT($,.RADIAN.) );
#613 = ( NAMED_UNIT(*) SI_UNIT($,.STERADIAN.) SOLID_ANGLE_UNIT() );
#614 = UNCERTAINTY_MEASURE_WITH_UNIT(LENGTH_MEASURE(1.E-07),#611,
  'distance_accuracy_value','confusion accuracy');
#615 = CONTEXT_DEPENDENT_SHAPE_REPRESENTATION(#616,#618);
#616 = ( REPRESENTATION_RELATIONSHIP('','',#71,#36) 
REPRESENTATION_RELATIONSHIP_WITH_TRANSFORMATION(#617) 
SHAPE_REPRESENTATION_RELATIONSHIP() );
#617 = ITEM_DEFINED_TRANSFORMATION('','',#11,#37);
#618 = PRODUCT_DEFINITION_SHAPE('Placement','Placement of an item',#619
  );
#619 = NEXT_ASSEMBLY_USAGE_OCCURRENCE('938','0','',#31,#66,$);
#620 = PRODUCT_RELATED_PRODUCT_CATEGORY('part',$,(#68));
#621 = CONTEXT_DEPENDENT_SHAPE_REPRESENTATION(#622,#624);
#622 = ( REPRESENTATION_RELATIONSHIP('','',#71,#36) 
REPRESENTATION_RELATIONSHIP_WITH_TRANSFORMATION(#623) 
SHAPE_REPRESENTATION_RELATIONSHIP() );
#623 = ITEM_DEFINED_TRANSFORMATION('','',#11,#41);
#624 = PRODUCT_DEFINITION_SHAPE('Placement','Placement of an item',#625
  );
#625 = NEXT_ASSEMBLY_USAGE_OCCURRENCE('939','1','',#31,#66,$);
#626 = CONTEXT_DEPENDENT_SHAPE_REPRESENTATION(#627,#629);
#627 = ( REPRESENTATION_RELATIONSHIP('','',#71,#36) 
REPRESENTATION_RELATIONSHIP_WITH_TRANSFORMATION(#628) 
SHAPE_REPRESENTATION_RELATIONSHIP() );
#628 = ITEM_DEFINED_TRANSFORMATION('','',#11,#45);
#629 = PRODUCT_DEFINITION_SHAPE('Placement','Placement of an item',#630
  );
#630 = NEXT_ASSEMBLY_USAGE_OCCURRENCE('940','2','',#31,#66,$);
#631 = CONTEXT_DEPENDENT_SHAPE_REPRESENTATION(#632,#634);
#632 = ( REPRESENTATION_RELATIONSHIP('','',#71,#36) 
REPRESENTATION_RELATIONSHIP_WITH_TRANSFORMATION(#633) 
SHAPE_REPRESENTATION_RELATIONSHIP() );
#633 = ITEM_DEFINED_TRANSFORMATION('','',#11,#49);
#634 = PRODUCT_DEFINITION_SHAPE('Placement','Placement of an item',#635
  );
#635 = NEXT_ASSEMBLY_USAGE_OCCURRENCE('941','3','',#31,#66,$);
#636 = SHAPE_DEFINITION_REPRESENTATION(#637,#643);
#637 = PRODUCT_DEFINITION_SHAPE('','',#638);
#638 = PRODUCT_DEFINITION('design','',#639,#642);
#639 = PRODUCT_DEFINITION_FORMATION('','',#640);
#640 = PRODUCT('Body','Body','',(#641));
#641 = PRODUCT_CONTEXT('',#2,'mechanical');
#642 = PRODUCT_DEFINITION_CONTEXT('part definition',#2,'design');
#643 = ADVANCED_BREP_SHAPE_REPRESENTATION('',(#11,#644),#2497);
#644 = MANIFOLD_SOLID_BREP('',#645);
#645 = CLOSED_SHELL('',(#646,#686,#1019,#1052,#1085,#1118,#1142,#1166,
    #1190,#1214,#1238,#1304,#1328,#1352,#1411,#1442,#1466,#1490,#1507,
    #1538,#1562,#1586,#1603,#1634,#1658,#1682,#1699,#1730,#1754,#1778,
    #1795,#1826,#1850,#1874,#1891,#1922,#1946,#1970,#1987,#2018,#2042,
    #2066,#2083,#2100,#2167,#2184,#2201,#2250,#2274,#2300,#2317,#2367,
    #2392,#2434,#2451,#2468,#2485));
#646 = ADVANCED_FACE('',(#647),#681,.T.);
#647 = FACE_BOUND('',#648,.T.);
#648 = EDGE_LOOP('',(#649,#659,#667,#675));
#649 = ORIENTED_EDGE('',*,*,#650,.T.);
#650 = EDGE_CURVE('',#651,#653,#655,.T.);
#651 = VERTEX_POINT('',#652);
#652 = CARTESIAN_POINT('',(-5.08,3.982925100843E-15,-2.985));
#653 = VERTEX_POINT('',#654);
#654 = CARTESIAN_POINT('',(5.08,-7.296940829349E-15,-2.985));
#655 = LINE('',#656,#657);
#656 = CARTESIAN_POINT('',(-5.08,1.114608405572E-14,-2.985));
#657 = VECTOR('',#658,1.);
#658 = DIRECTION('',(1.,-1.998401444325E-15,-3.330669073875E-16));
#659 = ORIENTED_EDGE('',*,*,#660,.T.);
#660 = EDGE_CURVE('',#653,#661,#663,.T.);
#661 = VERTEX_POINT('',#662);
#662 = CARTESIAN_POINT('',(5.08,-6.098455074266E-15,-0.826));
#663 = LINE('',#664,#665);
#664 = CARTESIAN_POINT('',(5.08,-3.982925100843E-15,-2.985));
#665 = VECTOR('',#666,1.);
#666 = DIRECTION('',(-2.775557561563E-15,-5.551115123126E-16,1.));
#667 = ORIENTED_EDGE('',*,*,#668,.F.);
#668 = EDGE_CURVE('',#669,#661,#671,.T.);
#669 = VERTEX_POINT('',#670);
#670 = CARTESIAN_POINT('',(-5.08,5.181410855926E-15,-0.826));
#671 = LINE('',#672,#673);
#672 = CARTESIAN_POINT('',(-5.08,1.042699260267E-14,-0.826));
#673 = VECTOR('',#674,1.);
#674 = DIRECTION('',(1.,-1.998401444325E-15,-3.330669073875E-16));
#675 = ORIENTED_EDGE('',*,*,#676,.F.);
#676 = EDGE_CURVE('',#651,#669,#677,.T.);
#677 = LINE('',#678,#679);
#678 = CARTESIAN_POINT('',(-5.08,7.296940829349E-15,-2.985));
#679 = VECTOR('',#680,1.);
#680 = DIRECTION('',(-2.775557561563E-15,-5.551115123126E-16,1.));
#681 = PLANE('',#682);
#682 = AXIS2_PLACEMENT_3D('',#683,#684,#685);
#683 = CARTESIAN_POINT('',(-5.08,1.114608405572E-14,-2.985));
#684 = DIRECTION('',(6.661338147751E-16,-1.,2.331468351713E-15));
#685 = DIRECTION('',(-2.553512956638E-15,-3.330669073875E-16,1.));
#686 = ADVANCED_FACE('',(#687,#776,#810,#844,#878,#912,#946,#980),#1014,
  .F.);
#687 = FACE_BOUND('',#688,.F.);
#688 = EDGE_LOOP('',(#689,#697,#698,#706,#714,#722,#730,#738,#746,#754,
    #762,#770));
#689 = ORIENTED_EDGE('',*,*,#690,.F.);
#690 = EDGE_CURVE('',#651,#691,#693,.T.);
#691 = VERTEX_POINT('',#692);
#692 = CARTESIAN_POINT('',(-5.08,1.905,-2.985));
#693 = LINE('',#694,#695);
#694 = CARTESIAN_POINT('',(-5.08,7.296940829349E-15,-2.985));
#695 = VECTOR('',#696,1.);
#696 = DIRECTION('',(-1.110223024625E-15,1.,-2.775557561563E-15));
#697 = ORIENTED_EDGE('',*,*,#650,.T.);
#698 = ORIENTED_EDGE('',*,*,#699,.T.);
#699 = EDGE_CURVE('',#653,#700,#702,.T.);
#700 = VERTEX_POINT('',#701);
#701 = CARTESIAN_POINT('',(5.08,1.905,-2.985));
#702 = LINE('',#703,#704);
#703 = CARTESIAN_POINT('',(5.08,-3.982925100843E-15,-2.985));
#704 = VECTOR('',#705,1.);
#705 = DIRECTION('',(-1.110223024625E-15,1.,-2.775557561563E-15));
#706 = ORIENTED_EDGE('',*,*,#707,.F.);
#707 = EDGE_CURVE('',#708,#700,#710,.T.);
#708 = VERTEX_POINT('',#709);
#709 = CARTESIAN_POINT('',(4.826,1.905,-2.985));
#710 = LINE('',#711,#712);
#711 = CARTESIAN_POINT('',(4.826,1.905,-2.985));
#712 = VECTOR('',#713,1.);
#713 = DIRECTION('',(1.,-1.110223024625E-15,-2.22044604925E-16));
#714 = ORIENTED_EDGE('',*,*,#715,.F.);
#715 = EDGE_CURVE('',#716,#708,#718,.T.);
#716 = VERTEX_POINT('',#717);
#717 = CARTESIAN_POINT('',(4.826,3.937,-2.985));
#718 = LINE('',#719,#720);
#719 = CARTESIAN_POINT('',(4.826,3.937,-2.985));
#720 = VECTOR('',#721,1.);
#721 = DIRECTION('',(2.22044604925E-16,-1.,1.110223024625E-15));
#722 = ORIENTED_EDGE('',*,*,#723,.F.);
#723 = EDGE_CURVE('',#724,#716,#726,.T.);
#724 = VERTEX_POINT('',#725);
#725 = CARTESIAN_POINT('',(5.08,3.937,-2.985));
#726 = LINE('',#727,#728);
#727 = CARTESIAN_POINT('',(5.334,3.937,-2.985));
#728 = VECTOR('',#729,1.);
#729 = DIRECTION('',(-1.,1.110223024625E-15,2.22044604925E-16));
#730 = ORIENTED_EDGE('',*,*,#731,.T.);
#731 = EDGE_CURVE('',#724,#732,#734,.T.);
#732 = VERTEX_POINT('',#733);
#733 = CARTESIAN_POINT('',(5.08,4.191,-2.985));
#734 = LINE('',#735,#736);
#735 = CARTESIAN_POINT('',(5.08,-3.982925100843E-15,-2.985));
#736 = VECTOR('',#737,1.);
#737 = DIRECTION('',(-1.110223024625E-15,1.,-2.775557561563E-15));
#738 = ORIENTED_EDGE('',*,*,#739,.F.);
#739 = EDGE_CURVE('',#740,#732,#742,.T.);
#740 = VERTEX_POINT('',#741);
#741 = CARTESIAN_POINT('',(-5.08,4.191,-2.985));
#742 = LINE('',#743,#744);
#743 = CARTESIAN_POINT('',(-5.08,4.191,-2.985));
#744 = VECTOR('',#745,1.);
#745 = DIRECTION('',(1.,-1.998401444325E-15,-3.330669073875E-16));
#746 = ORIENTED_EDGE('',*,*,#747,.F.);
#747 = EDGE_CURVE('',#748,#740,#750,.T.);
#748 = VERTEX_POINT('',#749);
#749 = CARTESIAN_POINT('',(-5.08,3.937,-2.985));
#750 = LINE('',#751,#752);
#751 = CARTESIAN_POINT('',(-5.08,7.296940829349E-15,-2.985));
#752 = VECTOR('',#753,1.);
#753 = DIRECTION('',(-1.110223024625E-15,1.,-2.775557561563E-15));
#754 = ORIENTED_EDGE('',*,*,#755,.F.);
#755 = EDGE_CURVE('',#756,#748,#758,.T.);
#756 = VERTEX_POINT('',#757);
#757 = CARTESIAN_POINT('',(-4.826,3.937,-2.985));
#758 = LINE('',#759,#760);
#759 = CARTESIAN_POINT('',(-4.826,3.937,-2.985));
#760 = VECTOR('',#761,1.);
#761 = DIRECTION('',(-1.,1.221245327088E-15,7.771561172376E-16));
#762 = ORIENTED_EDGE('',*,*,#763,.F.);
#763 = EDGE_CURVE('',#764,#756,#766,.T.);
#764 = VERTEX_POINT('',#765);
#765 = CARTESIAN_POINT('',(-4.826,1.905,-2.985));
#766 = LINE('',#767,#768);
#767 = CARTESIAN_POINT('',(-4.826,1.905,-2.985));
#768 = VECTOR('',#769,1.);
#769 = DIRECTION('',(-7.771561172376E-16,1.,-1.33226762955E-15));
#770 = ORIENTED_EDGE('',*,*,#771,.F.);
#771 = EDGE_CURVE('',#691,#764,#772,.T.);
#772 = LINE('',#773,#774);
#773 = CARTESIAN_POINT('',(-5.334,1.905,-2.985));
#774 = VECTOR('',#775,1.);
#775 = DIRECTION('',(1.,-1.221245327088E-15,-7.771561172376E-16));
#776 = FACE_BOUND('',#777,.F.);
#777 = EDGE_LOOP('',(#778,#788,#796,#804));
#778 = ORIENTED_EDGE('',*,*,#779,.F.);
#779 = EDGE_CURVE('',#780,#782,#784,.T.);
#780 = VERTEX_POINT('',#781);
#781 = CARTESIAN_POINT('',(2.286,3.937,-2.985));
#782 = VERTEX_POINT('',#783);
#783 = CARTESIAN_POINT('',(2.286,1.905,-2.985));
#784 = LINE('',#785,#786);
#785 = CARTESIAN_POINT('',(2.286,3.937,-2.985));
#786 = VECTOR('',#787,1.);
#787 = DIRECTION('',(7.771561172376E-16,-1.,1.33226762955E-15));
#788 = ORIENTED_EDGE('',*,*,#789,.F.);
#789 = EDGE_CURVE('',#790,#780,#792,.T.);
#790 = VERTEX_POINT('',#791);
#791 = CARTESIAN_POINT('',(2.794,3.937,-2.985));
#792 = LINE('',#793,#794);
#793 = CARTESIAN_POINT('',(2.794,3.937,-2.985));
#794 = VECTOR('',#795,1.);
#795 = DIRECTION('',(-1.,1.221245327088E-15,7.771561172376E-16));
#796 = ORIENTED_EDGE('',*,*,#797,.F.);
#797 = EDGE_CURVE('',#798,#790,#800,.T.);
#798 = VERTEX_POINT('',#799);
#799 = CARTESIAN_POINT('',(2.794,1.905,-2.985));
#800 = LINE('',#801,#802);
#801 = CARTESIAN_POINT('',(2.794,1.905,-2.985));
#802 = VECTOR('',#803,1.);
#803 = DIRECTION('',(-7.771561172376E-16,1.,-1.33226762955E-15));
#804 = ORIENTED_EDGE('',*,*,#805,.F.);
#805 = EDGE_CURVE('',#782,#798,#806,.T.);
#806 = LINE('',#807,#808);
#807 = CARTESIAN_POINT('',(2.286,1.905,-2.985));
#808 = VECTOR('',#809,1.);
#809 = DIRECTION('',(1.,-1.221245327088E-15,-7.771561172376E-16));
#810 = FACE_BOUND('',#811,.F.);
#811 = EDGE_LOOP('',(#812,#822,#830,#838));
#812 = ORIENTED_EDGE('',*,*,#813,.T.);
#813 = EDGE_CURVE('',#814,#816,#818,.T.);
#814 = VERTEX_POINT('',#815);
#815 = CARTESIAN_POINT('',(4.1275,2.6035,-2.985));
#816 = VERTEX_POINT('',#817);
#817 = CARTESIAN_POINT('',(3.4925,2.6035,-2.985));
#818 = LINE('',#819,#820);
#819 = CARTESIAN_POINT('',(4.1275,2.6035,-2.985));
#820 = VECTOR('',#821,1.);
#821 = DIRECTION('',(-1.,7.771561172376E-16,-4.440892098501E-16));
#822 = ORIENTED_EDGE('',*,*,#823,.T.);
#823 = EDGE_CURVE('',#816,#824,#826,.T.);
#824 = VERTEX_POINT('',#825);
#825 = CARTESIAN_POINT('',(3.4925,3.2385,-2.985));
#826 = LINE('',#827,#828);
#827 = CARTESIAN_POINT('',(3.4925,2.6035,-2.985));
#828 = VECTOR('',#829,1.);
#829 = DIRECTION('',(-5.551115123126E-16,1.,-7.771561172376E-16));
#830 = ORIENTED_EDGE('',*,*,#831,.T.);
#831 = EDGE_CURVE('',#824,#832,#834,.T.);
#832 = VERTEX_POINT('',#833);
#833 = CARTESIAN_POINT('',(4.1275,3.2385,-2.985));
#834 = LINE('',#835,#836);
#835 = CARTESIAN_POINT('',(3.4925,3.2385,-2.985));
#836 = VECTOR('',#837,1.);
#837 = DIRECTION('',(1.,-7.771561172376E-16,4.440892098501E-16));
#838 = ORIENTED_EDGE('',*,*,#839,.T.);
#839 = EDGE_CURVE('',#832,#814,#840,.T.);
#840 = LINE('',#841,#842);
#841 = CARTESIAN_POINT('',(4.1275,3.2385,-2.985));
#842 = VECTOR('',#843,1.);
#843 = DIRECTION('',(5.551115123126E-16,-1.,7.771561172376E-16));
#844 = FACE_BOUND('',#845,.F.);
#845 = EDGE_LOOP('',(#846,#856,#864,#872));
#846 = ORIENTED_EDGE('',*,*,#847,.T.);
#847 = EDGE_CURVE('',#848,#850,#852,.T.);
#848 = VERTEX_POINT('',#849);
#849 = CARTESIAN_POINT('',(1.5875,2.6035,-2.985));
#850 = VERTEX_POINT('',#851);
#851 = CARTESIAN_POINT('',(0.9525,2.6035,-2.985));
#852 = LINE('',#853,#854);
#853 = CARTESIAN_POINT('',(1.5875,2.6035,-2.985));
#854 = VECTOR('',#855,1.);
#855 = DIRECTION('',(-1.,7.771561172376E-16,-4.440892098501E-16));
#856 = ORIENTED_EDGE('',*,*,#857,.T.);
#857 = EDGE_CURVE('',#850,#858,#860,.T.);
#858 = VERTEX_POINT('',#859);
#859 = CARTESIAN_POINT('',(0.9525,3.2385,-2.985));
#860 = LINE('',#861,#862);
#861 = CARTESIAN_POINT('',(0.9525,2.6035,-2.985));
#862 = VECTOR('',#863,1.);
#863 = DIRECTION('',(-5.551115123126E-16,1.,-7.771561172376E-16));
#864 = ORIENTED_EDGE('',*,*,#865,.T.);
#865 = EDGE_CURVE('',#858,#866,#868,.T.);
#866 = VERTEX_POINT('',#867);
#867 = CARTESIAN_POINT('',(1.5875,3.2385,-2.985));
#868 = LINE('',#869,#870);
#869 = CARTESIAN_POINT('',(0.9525,3.2385,-2.985));
#870 = VECTOR('',#871,1.);
#871 = DIRECTION('',(1.,-7.771561172376E-16,4.440892098501E-16));
#872 = ORIENTED_EDGE('',*,*,#873,.T.);
#873 = EDGE_CURVE('',#866,#848,#874,.T.);
#874 = LINE('',#875,#876);
#875 = CARTESIAN_POINT('',(1.5875,3.2385,-2.985));
#876 = VECTOR('',#877,1.);
#877 = DIRECTION('',(5.551115123126E-16,-1.,7.771561172376E-16));
#878 = FACE_BOUND('',#879,.F.);
#879 = EDGE_LOOP('',(#880,#890,#898,#906));
#880 = ORIENTED_EDGE('',*,*,#881,.F.);
#881 = EDGE_CURVE('',#882,#884,#886,.T.);
#882 = VERTEX_POINT('',#883);
#883 = CARTESIAN_POINT('',(-0.254,3.937,-2.985));
#884 = VERTEX_POINT('',#885);
#885 = CARTESIAN_POINT('',(-0.254,1.905,-2.985));
#886 = LINE('',#887,#888);
#887 = CARTESIAN_POINT('',(-0.254,3.937,-2.985));
#888 = VECTOR('',#889,1.);
#889 = DIRECTION('',(7.771561172376E-16,-1.,1.33226762955E-15));
#890 = ORIENTED_EDGE('',*,*,#891,.F.);
#891 = EDGE_CURVE('',#892,#882,#894,.T.);
#892 = VERTEX_POINT('',#893);
#893 = CARTESIAN_POINT('',(0.254,3.937,-2.985));
#894 = LINE('',#895,#896);
#895 = CARTESIAN_POINT('',(0.254,3.937,-2.985));
#896 = VECTOR('',#897,1.);
#897 = DIRECTION('',(-1.,1.221245327088E-15,7.771561172376E-16));
#898 = ORIENTED_EDGE('',*,*,#899,.F.);
#899 = EDGE_CURVE('',#900,#892,#902,.T.);
#900 = VERTEX_POINT('',#901);
#901 = CARTESIAN_POINT('',(0.254,1.905,-2.985));
#902 = LINE('',#903,#904);
#903 = CARTESIAN_POINT('',(0.254,1.905,-2.985));
#904 = VECTOR('',#905,1.);
#905 = DIRECTION('',(-7.771561172376E-16,1.,-1.33226762955E-15));
#906 = ORIENTED_EDGE('',*,*,#907,.F.);
#907 = EDGE_CURVE('',#884,#900,#908,.T.);
#908 = LINE('',#909,#910);
#909 = CARTESIAN_POINT('',(-0.254,1.905,-2.985));
#910 = VECTOR('',#911,1.);
#911 = DIRECTION('',(1.,-1.221245327088E-15,-7.771561172376E-16));
#912 = FACE_BOUND('',#913,.F.);
#913 = EDGE_LOOP('',(#914,#924,#932,#940));
#914 = ORIENTED_EDGE('',*,*,#915,.T.);
#915 = EDGE_CURVE('',#916,#918,#920,.T.);
#916 = VERTEX_POINT('',#917);
#917 = CARTESIAN_POINT('',(-0.9525,2.6035,-2.985));
#918 = VERTEX_POINT('',#919);
#919 = CARTESIAN_POINT('',(-1.5875,2.6035,-2.985));
#920 = LINE('',#921,#922);
#921 = CARTESIAN_POINT('',(-0.9525,2.6035,-2.985));
#922 = VECTOR('',#923,1.);
#923 = DIRECTION('',(-1.,7.771561172376E-16,-4.440892098501E-16));
#924 = ORIENTED_EDGE('',*,*,#925,.T.);
#925 = EDGE_CURVE('',#918,#926,#928,.T.);
#926 = VERTEX_POINT('',#927);
#927 = CARTESIAN_POINT('',(-1.5875,3.2385,-2.985));
#928 = LINE('',#929,#930);
#929 = CARTESIAN_POINT('',(-1.5875,2.6035,-2.985));
#930 = VECTOR('',#931,1.);
#931 = DIRECTION('',(-5.551115123126E-16,1.,-7.771561172376E-16));
#932 = ORIENTED_EDGE('',*,*,#933,.T.);
#933 = EDGE_CURVE('',#926,#934,#936,.T.);
#934 = VERTEX_POINT('',#935);
#935 = CARTESIAN_POINT('',(-0.9525,3.2385,-2.985));
#936 = LINE('',#937,#938);
#937 = CARTESIAN_POINT('',(-1.5875,3.2385,-2.985));
#938 = VECTOR('',#939,1.);
#939 = DIRECTION('',(1.,-7.771561172376E-16,4.440892098501E-16));
#940 = ORIENTED_EDGE('',*,*,#941,.T.);
#941 = EDGE_CURVE('',#934,#916,#942,.T.);
#942 = LINE('',#943,#944);
#943 = CARTESIAN_POINT('',(-0.9525,3.2385,-2.985));
#944 = VECTOR('',#945,1.);
#945 = DIRECTION('',(5.551115123126E-16,-1.,7.771561172376E-16));
#946 = FACE_BOUND('',#947,.F.);
#947 = EDGE_LOOP('',(#948,#958,#966,#974));
#948 = ORIENTED_EDGE('',*,*,#949,.F.);
#949 = EDGE_CURVE('',#950,#952,#954,.T.);
#950 = VERTEX_POINT('',#951);
#951 = CARTESIAN_POINT('',(-2.794,3.937,-2.985));
#952 = VERTEX_POINT('',#953);
#953 = CARTESIAN_POINT('',(-2.794,1.905,-2.985));
#954 = LINE('',#955,#956);
#955 = CARTESIAN_POINT('',(-2.794,3.937,-2.985));
#956 = VECTOR('',#957,1.);
#957 = DIRECTION('',(7.771561172376E-16,-1.,1.33226762955E-15));
#958 = ORIENTED_EDGE('',*,*,#959,.F.);
#959 = EDGE_CURVE('',#960,#950,#962,.T.);
#960 = VERTEX_POINT('',#961);
#961 = CARTESIAN_POINT('',(-2.286,3.937,-2.985));
#962 = LINE('',#963,#964);
#963 = CARTESIAN_POINT('',(-2.286,3.937,-2.985));
#964 = VECTOR('',#965,1.);
#965 = DIRECTION('',(-1.,1.221245327088E-15,7.771561172376E-16));
#966 = ORIENTED_EDGE('',*,*,#967,.F.);
#967 = EDGE_CURVE('',#968,#960,#970,.T.);
#968 = VERTEX_POINT('',#969);
#969 = CARTESIAN_POINT('',(-2.286,1.905,-2.985));
#970 = LINE('',#971,#972);
#971 = CARTESIAN_POINT('',(-2.286,1.905,-2.985));
#972 = VECTOR('',#973,1.);
#973 = DIRECTION('',(-7.771561172376E-16,1.,-1.33226762955E-15));
#974 = ORIENTED_EDGE('',*,*,#975,.F.);
#975 = EDGE_CURVE('',#952,#968,#976,.T.);
#976 = LINE('',#977,#978);
#977 = CARTESIAN_POINT('',(-2.794,1.905,-2.985));
#978 = VECTOR('',#979,1.);
#979 = DIRECTION('',(1.,-1.221245327088E-15,-7.771561172376E-16));
#980 = FACE_BOUND('',#981,.F.);
#981 = EDGE_LOOP('',(#982,#992,#1000,#1008));
#982 = ORIENTED_EDGE('',*,*,#983,.T.);
#983 = EDGE_CURVE('',#984,#986,#988,.T.);
#984 = VERTEX_POINT('',#985);
#985 = CARTESIAN_POINT('',(-3.4925,2.6035,-2.985));
#986 = VERTEX_POINT('',#987);
#987 = CARTESIAN_POINT('',(-4.1275,2.6035,-2.985));
#988 = LINE('',#989,#990);
#989 = CARTESIAN_POINT('',(-3.4925,2.6035,-2.985));
#990 = VECTOR('',#991,1.);
#991 = DIRECTION('',(-1.,6.661338147751E-16,-9.992007221626E-16));
#992 = ORIENTED_EDGE('',*,*,#993,.T.);
#993 = EDGE_CURVE('',#986,#994,#996,.T.);
#994 = VERTEX_POINT('',#995);
#995 = CARTESIAN_POINT('',(-4.1275,3.2385,-2.985));
#996 = LINE('',#997,#998);
#997 = CARTESIAN_POINT('',(-4.1275,2.6035,-2.985));
#998 = VECTOR('',#999,1.);
#999 = DIRECTION('',(2.218671295934E-31,1.,-5.551115123126E-16));
#1000 = ORIENTED_EDGE('',*,*,#1001,.T.);
#1001 = EDGE_CURVE('',#994,#1002,#1004,.T.);
#1002 = VERTEX_POINT('',#1003);
#1003 = CARTESIAN_POINT('',(-3.4925,3.2385,-2.985));
#1004 = LINE('',#1005,#1006);
#1005 = CARTESIAN_POINT('',(-4.1275,3.2385,-2.985));
#1006 = VECTOR('',#1007,1.);
#1007 = DIRECTION('',(1.,-6.661338147751E-16,9.992007221626E-16));
#1008 = ORIENTED_EDGE('',*,*,#1009,.T.);
#1009 = EDGE_CURVE('',#1002,#984,#1010,.T.);
#1010 = LINE('',#1011,#1012);
#1011 = CARTESIAN_POINT('',(-3.4925,3.2385,-2.985));
#1012 = VECTOR('',#1013,1.);
#1013 = DIRECTION('',(-2.218671295934E-31,-1.,5.551115123126E-16));
#1014 = PLANE('',#1015);
#1015 = AXIS2_PLACEMENT_3D('',#1016,#1017,#1018);
#1016 = CARTESIAN_POINT('',(-5.08,1.114608405572E-14,-2.985));
#1017 = DIRECTION('',(-2.331468351713E-15,-1.110223024625E-16,1.));
#1018 = DIRECTION('',(-8.881784197001E-16,1.,-2.553512956638E-15));
#1019 = ADVANCED_FACE('',(#1020),#1047,.T.);
#1020 = FACE_BOUND('',#1021,.F.);
#1021 = EDGE_LOOP('',(#1022,#1032,#1039,#1040));
#1022 = ORIENTED_EDGE('',*,*,#1023,.T.);
#1023 = EDGE_CURVE('',#1024,#1026,#1028,.T.);
#1024 = VERTEX_POINT('',#1025);
#1025 = CARTESIAN_POINT('',(-5.08,0.762,-0.826));
#1026 = VERTEX_POINT('',#1027);
#1027 = CARTESIAN_POINT('',(5.08,0.762,-0.826));
#1028 = LINE('',#1029,#1030);
#1029 = CARTESIAN_POINT('',(-5.08,0.762,-0.826));
#1030 = VECTOR('',#1031,1.);
#1031 = DIRECTION('',(1.,-1.998401444325E-15,-3.330669073875E-16));
#1032 = ORIENTED_EDGE('',*,*,#1033,.T.);
#1033 = EDGE_CURVE('',#1026,#661,#1034,.T.);
#1034 = CIRCLE('',#1035,0.381);
#1035 = AXIS2_PLACEMENT_3D('',#1036,#1037,#1038);
#1036 = CARTESIAN_POINT('',(5.08,0.381,-0.826));
#1037 = DIRECTION('',(1.,1.110223024625E-15,2.775557561563E-15));
#1038 = DIRECTION('',(-1.110223024625E-15,1.,-2.775557561563E-15));
#1039 = ORIENTED_EDGE('',*,*,#668,.F.);
#1040 = ORIENTED_EDGE('',*,*,#1041,.F.);
#1041 = EDGE_CURVE('',#1024,#669,#1042,.T.);
#1042 = CIRCLE('',#1043,0.381);
#1043 = AXIS2_PLACEMENT_3D('',#1044,#1045,#1046);
#1044 = CARTESIAN_POINT('',(-5.08,0.381,-0.826));
#1045 = DIRECTION('',(1.,1.110223024625E-15,2.775557561563E-15));
#1046 = DIRECTION('',(-1.110223024625E-15,1.,-2.775557561563E-15));
#1047 = CYLINDRICAL_SURFACE('',#1048,0.381);
#1048 = AXIS2_PLACEMENT_3D('',#1049,#1050,#1051);
#1049 = CARTESIAN_POINT('',(-5.08,0.381,-0.826));
#1050 = DIRECTION('',(-1.,1.7763568394E-15,1.110223024625E-16));
#1051 = DIRECTION('',(-8.881784197001E-16,1.,-2.553512956638E-15));
#1052 = ADVANCED_FACE('',(#1053),#1080,.F.);
#1053 = FACE_BOUND('',#1054,.F.);
#1054 = EDGE_LOOP('',(#1055,#1056,#1057,#1065,#1073,#1079));
#1055 = ORIENTED_EDGE('',*,*,#676,.F.);
#1056 = ORIENTED_EDGE('',*,*,#690,.T.);
#1057 = ORIENTED_EDGE('',*,*,#1058,.T.);
#1058 = EDGE_CURVE('',#691,#1059,#1061,.T.);
#1059 = VERTEX_POINT('',#1060);
#1060 = CARTESIAN_POINT('',(-5.08,1.905,-1.207));
#1061 = LINE('',#1062,#1063);
#1062 = CARTESIAN_POINT('',(-5.08,1.905,-3.16869347977));
#1063 = VECTOR('',#1064,1.);
#1064 = DIRECTION('',(-9.992007221626E-16,4.067564042546E-31,1.));
#1065 = ORIENTED_EDGE('',*,*,#1066,.F.);
#1066 = EDGE_CURVE('',#1067,#1059,#1069,.T.);
#1067 = VERTEX_POINT('',#1068);
#1068 = CARTESIAN_POINT('',(-5.08,0.762,-1.207));
#1069 = LINE('',#1070,#1071);
#1070 = CARTESIAN_POINT('',(-5.08,0.762,-1.207));
#1071 = VECTOR('',#1072,1.);
#1072 = DIRECTION('',(-1.110223024625E-15,1.,-2.775557561563E-15));
#1073 = ORIENTED_EDGE('',*,*,#1074,.F.);
#1074 = EDGE_CURVE('',#1024,#1067,#1075,.T.);
#1075 = LINE('',#1076,#1077);
#1076 = CARTESIAN_POINT('',(-5.08,0.762,-0.826));
#1077 = VECTOR('',#1078,1.);
#1078 = DIRECTION('',(2.775557561563E-15,5.551115123126E-16,-1.));
#1079 = ORIENTED_EDGE('',*,*,#1041,.T.);
#1080 = PLANE('',#1081);
#1081 = AXIS2_PLACEMENT_3D('',#1082,#1083,#1084);
#1082 = CARTESIAN_POINT('',(-5.08,3.943549779385,-3.35238695954));
#1083 = DIRECTION('',(1.,-2.22044604925E-15,-5.551115123126E-16));
#1084 = DIRECTION('',(-2.775557561563E-15,-5.551115123126E-16,1.));
#1085 = ADVANCED_FACE('',(#1086),#1113,.T.);
#1086 = FACE_BOUND('',#1087,.T.);
#1087 = EDGE_LOOP('',(#1088,#1089,#1090,#1098,#1106,#1112));
#1088 = ORIENTED_EDGE('',*,*,#660,.F.);
#1089 = ORIENTED_EDGE('',*,*,#699,.T.);
#1090 = ORIENTED_EDGE('',*,*,#1091,.T.);
#1091 = EDGE_CURVE('',#700,#1092,#1094,.T.);
#1092 = VERTEX_POINT('',#1093);
#1093 = CARTESIAN_POINT('',(5.08,1.905,-1.207));
#1094 = LINE('',#1095,#1096);
#1095 = CARTESIAN_POINT('',(5.08,1.905,-3.16869347977));
#1096 = VECTOR('',#1097,1.);
#1097 = DIRECTION('',(-9.992007221626E-16,3.944304526105E-31,1.));
#1098 = ORIENTED_EDGE('',*,*,#1099,.F.);
#1099 = EDGE_CURVE('',#1100,#1092,#1102,.T.);
#1100 = VERTEX_POINT('',#1101);
#1101 = CARTESIAN_POINT('',(5.08,0.762,-1.207));
#1102 = LINE('',#1103,#1104);
#1103 = CARTESIAN_POINT('',(5.08,0.762,-1.207));
#1104 = VECTOR('',#1105,1.);
#1105 = DIRECTION('',(-1.110223024625E-15,1.,-2.775557561563E-15));
#1106 = ORIENTED_EDGE('',*,*,#1107,.F.);
#1107 = EDGE_CURVE('',#1026,#1100,#1108,.T.);
#1108 = LINE('',#1109,#1110);
#1109 = CARTESIAN_POINT('',(5.08,0.762,-0.826));
#1110 = VECTOR('',#1111,1.);
#1111 = DIRECTION('',(2.775557561563E-15,5.551115123126E-16,-1.));
#1112 = ORIENTED_EDGE('',*,*,#1033,.T.);
#1113 = PLANE('',#1114);
#1114 = AXIS2_PLACEMENT_3D('',#1115,#1116,#1117);
#1115 = CARTESIAN_POINT('',(5.08,3.943549779385,-3.35238695954));
#1116 = DIRECTION('',(1.,-2.22044604925E-15,-5.551115123126E-16));
#1117 = DIRECTION('',(-2.775557561563E-15,-5.551115123126E-16,1.));
#1118 = ADVANCED_FACE('',(#1119),#1137,.T.);
#1119 = FACE_BOUND('',#1120,.T.);
#1120 = EDGE_LOOP('',(#1121,#1122,#1123,#1131));
#1121 = ORIENTED_EDGE('',*,*,#771,.F.);
#1122 = ORIENTED_EDGE('',*,*,#1058,.T.);
#1123 = ORIENTED_EDGE('',*,*,#1124,.F.);
#1124 = EDGE_CURVE('',#1125,#1059,#1127,.T.);
#1125 = VERTEX_POINT('',#1126);
#1126 = CARTESIAN_POINT('',(-4.826,1.905,-1.207));
#1127 = LINE('',#1128,#1129);
#1128 = CARTESIAN_POINT('',(-5.207,1.905,-1.207));
#1129 = VECTOR('',#1130,1.);
#1130 = DIRECTION('',(-1.,5.551115123126E-16,-9.992007221626E-16));
#1131 = ORIENTED_EDGE('',*,*,#1132,.F.);
#1132 = EDGE_CURVE('',#764,#1125,#1133,.T.);
#1133 = LINE('',#1134,#1135);
#1134 = CARTESIAN_POINT('',(-4.826,1.905,-2.985));
#1135 = VECTOR('',#1136,1.);
#1136 = DIRECTION('',(-9.992007221626E-16,-4.440892098501E-16,1.));
#1137 = PLANE('',#1138);
#1138 = AXIS2_PLACEMENT_3D('',#1139,#1140,#1141);
#1139 = CARTESIAN_POINT('',(-5.334,1.905,-2.985));
#1140 = DIRECTION('',(-3.330669073875E-16,1.,-8.881784197001E-16));
#1141 = DIRECTION('',(1.,-9.992007221626E-16,-5.551115123126E-16));
#1142 = ADVANCED_FACE('',(#1143),#1161,.T.);
#1143 = FACE_BOUND('',#1144,.T.);
#1144 = EDGE_LOOP('',(#1145,#1146,#1147,#1155));
#1145 = ORIENTED_EDGE('',*,*,#763,.F.);
#1146 = ORIENTED_EDGE('',*,*,#1132,.T.);
#1147 = ORIENTED_EDGE('',*,*,#1148,.F.);
#1148 = EDGE_CURVE('',#1149,#1125,#1151,.T.);
#1149 = VERTEX_POINT('',#1150);
#1150 = CARTESIAN_POINT('',(-4.826,3.937,-1.207));
#1151 = LINE('',#1152,#1153);
#1152 = CARTESIAN_POINT('',(-4.826,1.3335,-1.207));
#1153 = VECTOR('',#1154,1.);
#1154 = DIRECTION('',(1.110223024625E-16,-1.,1.221245327088E-15));
#1155 = ORIENTED_EDGE('',*,*,#1156,.F.);
#1156 = EDGE_CURVE('',#756,#1149,#1157,.T.);
#1157 = LINE('',#1158,#1159);
#1158 = CARTESIAN_POINT('',(-4.826,3.937,-2.985));
#1159 = VECTOR('',#1160,1.);
#1160 = DIRECTION('',(-9.992007221626E-16,-4.440892098501E-16,1.));
#1161 = PLANE('',#1162);
#1162 = AXIS2_PLACEMENT_3D('',#1163,#1164,#1165);
#1163 = CARTESIAN_POINT('',(-4.826,1.905,-2.985));
#1164 = DIRECTION('',(-1.,7.771561172376E-16,3.330669073875E-16));
#1165 = DIRECTION('',(-5.551115123126E-16,1.,-1.110223024625E-15));
#1166 = ADVANCED_FACE('',(#1167),#1185,.T.);
#1167 = FACE_BOUND('',#1168,.T.);
#1168 = EDGE_LOOP('',(#1169,#1170,#1178,#1184));
#1169 = ORIENTED_EDGE('',*,*,#707,.F.);
#1170 = ORIENTED_EDGE('',*,*,#1171,.T.);
#1171 = EDGE_CURVE('',#708,#1172,#1174,.T.);
#1172 = VERTEX_POINT('',#1173);
#1173 = CARTESIAN_POINT('',(4.826,1.905,-1.207));
#1174 = LINE('',#1175,#1176);
#1175 = CARTESIAN_POINT('',(4.826,1.905,-2.985));
#1176 = VECTOR('',#1177,1.);
#1177 = DIRECTION('',(-8.881784197001E-16,2.958228394579E-31,1.));
#1178 = ORIENTED_EDGE('',*,*,#1179,.F.);
#1179 = EDGE_CURVE('',#1092,#1172,#1180,.T.);
#1180 = LINE('',#1181,#1182);
#1181 = CARTESIAN_POINT('',(-0.127,1.905,-1.207));
#1182 = VECTOR('',#1183,1.);
#1183 = DIRECTION('',(-1.,8.881784197001E-16,-9.992007221626E-16));
#1184 = ORIENTED_EDGE('',*,*,#1091,.F.);
#1185 = PLANE('',#1186);
#1186 = AXIS2_PLACEMENT_3D('',#1187,#1188,#1189);
#1187 = CARTESIAN_POINT('',(4.826,1.905,-2.985));
#1188 = DIRECTION('',(2.22044604925E-16,1.,-6.661338147751E-16));
#1189 = DIRECTION('',(1.,-8.881784197001E-16,5.546678239835E-31));
#1190 = ADVANCED_FACE('',(#1191),#1209,.T.);
#1191 = FACE_BOUND('',#1192,.T.);
#1192 = EDGE_LOOP('',(#1193,#1194,#1195,#1203));
#1193 = ORIENTED_EDGE('',*,*,#755,.F.);
#1194 = ORIENTED_EDGE('',*,*,#1156,.T.);
#1195 = ORIENTED_EDGE('',*,*,#1196,.F.);
#1196 = EDGE_CURVE('',#1197,#1149,#1199,.T.);
#1197 = VERTEX_POINT('',#1198);
#1198 = CARTESIAN_POINT('',(-5.08,3.937,-1.207));
#1199 = LINE('',#1200,#1201);
#1200 = CARTESIAN_POINT('',(-4.953,3.937,-1.207));
#1201 = VECTOR('',#1202,1.);
#1202 = DIRECTION('',(1.,-5.551115123126E-16,9.992007221626E-16));
#1203 = ORIENTED_EDGE('',*,*,#1204,.T.);
#1204 = EDGE_CURVE('',#1197,#748,#1205,.T.);
#1205 = LINE('',#1206,#1207);
#1206 = CARTESIAN_POINT('',(-5.08,3.937,-3.16869347977));
#1207 = VECTOR('',#1208,1.);
#1208 = DIRECTION('',(9.992007221626E-16,-4.067564042546E-31,-1.));
#1209 = PLANE('',#1210);
#1210 = AXIS2_PLACEMENT_3D('',#1211,#1212,#1213);
#1211 = CARTESIAN_POINT('',(-4.826,3.937,-2.985));
#1212 = DIRECTION('',(3.330669073875E-16,-1.,8.881784197001E-16));
#1213 = DIRECTION('',(-1.,9.992007221626E-16,5.551115123126E-16));
#1214 = ADVANCED_FACE('',(#1215),#1233,.T.);
#1215 = FACE_BOUND('',#1216,.T.);
#1216 = EDGE_LOOP('',(#1217,#1218,#1226,#1232));
#1217 = ORIENTED_EDGE('',*,*,#715,.F.);
#1218 = ORIENTED_EDGE('',*,*,#1219,.T.);
#1219 = EDGE_CURVE('',#716,#1220,#1222,.T.);
#1220 = VERTEX_POINT('',#1221);
#1221 = CARTESIAN_POINT('',(4.826,3.937,-1.207));
#1222 = LINE('',#1223,#1224);
#1223 = CARTESIAN_POINT('',(4.826,3.937,-2.985));
#1224 = VECTOR('',#1225,1.);
#1225 = DIRECTION('',(-8.881784197001E-16,2.958228394579E-31,1.));
#1226 = ORIENTED_EDGE('',*,*,#1227,.F.);
#1227 = EDGE_CURVE('',#1172,#1220,#1228,.T.);
#1228 = LINE('',#1229,#1230);
#1229 = CARTESIAN_POINT('',(4.826,2.3495,-1.207));
#1230 = VECTOR('',#1231,1.);
#1231 = DIRECTION('',(6.656013887802E-31,1.,-1.221245327088E-15));
#1232 = ORIENTED_EDGE('',*,*,#1171,.F.);
#1233 = PLANE('',#1234);
#1234 = AXIS2_PLACEMENT_3D('',#1235,#1236,#1237);
#1235 = CARTESIAN_POINT('',(4.826,3.937,-2.985));
#1236 = DIRECTION('',(1.,-6.661338147751E-16,2.22044604925E-16));
#1237 = DIRECTION('',(-3.451266460342E-31,-1.,8.881784197001E-16));
#1238 = ADVANCED_FACE('',(#1239),#1299,.F.);
#1239 = FACE_BOUND('',#1240,.F.);
#1240 = EDGE_LOOP('',(#1241,#1242,#1243,#1251,#1260,#1268,#1276,#1285,
    #1293));
#1241 = ORIENTED_EDGE('',*,*,#1204,.T.);
#1242 = ORIENTED_EDGE('',*,*,#747,.T.);
#1243 = ORIENTED_EDGE('',*,*,#1244,.F.);
#1244 = EDGE_CURVE('',#1245,#740,#1247,.T.);
#1245 = VERTEX_POINT('',#1246);
#1246 = CARTESIAN_POINT('',(-5.08,4.191,-2.604));
#1247 = LINE('',#1248,#1249);
#1248 = CARTESIAN_POINT('',(-5.08,4.191,-2.604));
#1249 = VECTOR('',#1250,1.);
#1250 = DIRECTION('',(2.775557561563E-15,5.551115123126E-16,-1.));
#1251 = ORIENTED_EDGE('',*,*,#1252,.F.);
#1252 = EDGE_CURVE('',#1253,#1245,#1255,.T.);
#1253 = VERTEX_POINT('',#1254);
#1254 = CARTESIAN_POINT('',(-5.08,5.202653989578,-2.670307305648));
#1255 = CIRCLE('',#1256,0.508);
#1256 = AXIS2_PLACEMENT_3D('',#1257,#1258,#1259);
#1257 = CARTESIAN_POINT('',(-5.08,4.699,-2.604));
#1258 = DIRECTION('',(1.,1.110223024625E-15,2.775557561563E-15));
#1259 = DIRECTION('',(-1.110223024625E-15,1.,-2.775557561563E-15));
#1260 = ORIENTED_EDGE('',*,*,#1261,.F.);
#1261 = EDGE_CURVE('',#1262,#1253,#1264,.T.);
#1262 = VERTEX_POINT('',#1263);
#1263 = CARTESIAN_POINT('',(-5.08,6.096,-2.670307305648));
#1264 = LINE('',#1265,#1266);
#1265 = CARTESIAN_POINT('',(-5.08,6.096,-2.670307305648));
#1266 = VECTOR('',#1267,1.);
#1267 = DIRECTION('',(8.881784197001E-16,-1.,2.22044604925E-15));
#1268 = ORIENTED_EDGE('',*,*,#1269,.F.);
#1269 = EDGE_CURVE('',#1270,#1262,#1272,.T.);
#1270 = VERTEX_POINT('',#1271);
#1271 = CARTESIAN_POINT('',(-5.08,6.096,-0.826));
#1272 = LINE('',#1273,#1274);
#1273 = CARTESIAN_POINT('',(-5.08,6.096,-0.826));
#1274 = VECTOR('',#1275,1.);
#1275 = DIRECTION('',(2.775557561563E-15,5.551115123126E-16,-1.));
#1276 = ORIENTED_EDGE('',*,*,#1277,.T.);
#1277 = EDGE_CURVE('',#1270,#1278,#1280,.T.);
#1278 = VERTEX_POINT('',#1279);
#1279 = CARTESIAN_POINT('',(-5.08,5.334,-0.826));
#1280 = CIRCLE('',#1281,0.381);
#1281 = AXIS2_PLACEMENT_3D('',#1282,#1283,#1284);
#1282 = CARTESIAN_POINT('',(-5.08,5.715,-0.826));
#1283 = DIRECTION('',(1.,1.110223024625E-15,2.775557561563E-15));
#1284 = DIRECTION('',(-1.110223024625E-15,1.,-2.775557561563E-15));
#1285 = ORIENTED_EDGE('',*,*,#1286,.F.);
#1286 = EDGE_CURVE('',#1287,#1278,#1289,.T.);
#1287 = VERTEX_POINT('',#1288);
#1288 = CARTESIAN_POINT('',(-5.08,5.334,-1.207));
#1289 = LINE('',#1290,#1291);
#1290 = CARTESIAN_POINT('',(-5.08,5.334,-1.207));
#1291 = VECTOR('',#1292,1.);
#1292 = DIRECTION('',(-2.775557561563E-15,-5.551115123126E-16,1.));
#1293 = ORIENTED_EDGE('',*,*,#1294,.F.);
#1294 = EDGE_CURVE('',#1197,#1287,#1295,.T.);
#1295 = LINE('',#1296,#1297);
#1296 = CARTESIAN_POINT('',(-5.08,0.762,-1.207));
#1297 = VECTOR('',#1298,1.);
#1298 = DIRECTION('',(-1.110223024625E-15,1.,-2.775557561563E-15));
#1299 = PLANE('',#1300);
#1300 = AXIS2_PLACEMENT_3D('',#1301,#1302,#1303);
#1301 = CARTESIAN_POINT('',(-5.08,3.943549779385,-3.35238695954));
#1302 = DIRECTION('',(1.,-2.22044604925E-15,-5.551115123126E-16));
#1303 = DIRECTION('',(-2.775557561563E-15,-5.551115123126E-16,1.));
#1304 = ADVANCED_FACE('',(#1305),#1323,.T.);
#1305 = FACE_BOUND('',#1306,.T.);
#1306 = EDGE_LOOP('',(#1307,#1308,#1316,#1322));
#1307 = ORIENTED_EDGE('',*,*,#723,.F.);
#1308 = ORIENTED_EDGE('',*,*,#1309,.F.);
#1309 = EDGE_CURVE('',#1310,#724,#1312,.T.);
#1310 = VERTEX_POINT('',#1311);
#1311 = CARTESIAN_POINT('',(5.08,3.937,-1.207));
#1312 = LINE('',#1313,#1314);
#1313 = CARTESIAN_POINT('',(5.08,3.937,-3.16869347977));
#1314 = VECTOR('',#1315,1.);
#1315 = DIRECTION('',(9.992007221626E-16,-3.944304526105E-31,-1.));
#1316 = ORIENTED_EDGE('',*,*,#1317,.F.);
#1317 = EDGE_CURVE('',#1220,#1310,#1318,.T.);
#1318 = LINE('',#1319,#1320);
#1319 = CARTESIAN_POINT('',(0.127,3.937,-1.207));
#1320 = VECTOR('',#1321,1.);
#1321 = DIRECTION('',(1.,-8.881784197001E-16,9.992007221626E-16));
#1322 = ORIENTED_EDGE('',*,*,#1219,.F.);
#1323 = PLANE('',#1324);
#1324 = AXIS2_PLACEMENT_3D('',#1325,#1326,#1327);
#1325 = CARTESIAN_POINT('',(5.334,3.937,-2.985));
#1326 = DIRECTION('',(-2.22044604925E-16,-1.,6.661338147751E-16));
#1327 = DIRECTION('',(-1.,8.881784197001E-16,-5.546678239835E-31));
#1328 = ADVANCED_FACE('',(#1329),#1347,.T.);
#1329 = FACE_BOUND('',#1330,.T.);
#1330 = EDGE_LOOP('',(#1331,#1339,#1345,#1346));
#1331 = ORIENTED_EDGE('',*,*,#1332,.T.);
#1332 = EDGE_CURVE('',#1245,#1333,#1335,.T.);
#1333 = VERTEX_POINT('',#1334);
#1334 = CARTESIAN_POINT('',(5.08,4.191,-2.604));
#1335 = LINE('',#1336,#1337);
#1336 = CARTESIAN_POINT('',(-5.08,4.191,-2.604));
#1337 = VECTOR('',#1338,1.);
#1338 = DIRECTION('',(1.,-1.998401444325E-15,-3.330669073875E-16));
#1339 = ORIENTED_EDGE('',*,*,#1340,.T.);
#1340 = EDGE_CURVE('',#1333,#732,#1341,.T.);
#1341 = LINE('',#1342,#1343);
#1342 = CARTESIAN_POINT('',(5.08,4.191,-2.604));
#1343 = VECTOR('',#1344,1.);
#1344 = DIRECTION('',(2.775557561563E-15,5.551115123126E-16,-1.));
#1345 = ORIENTED_EDGE('',*,*,#739,.F.);
#1346 = ORIENTED_EDGE('',*,*,#1244,.F.);
#1347 = PLANE('',#1348);
#1348 = AXIS2_PLACEMENT_3D('',#1349,#1350,#1351);
#1349 = CARTESIAN_POINT('',(-5.08,4.191,-2.604));
#1350 = DIRECTION('',(-6.661338147751E-16,1.,-2.331468351713E-15));
#1351 = DIRECTION('',(2.553512956638E-15,3.330669073875E-16,-1.));
#1352 = ADVANCED_FACE('',(#1353),#1406,.T.);
#1353 = FACE_BOUND('',#1354,.T.);
#1354 = EDGE_LOOP('',(#1355,#1356,#1357,#1358,#1367,#1375,#1383,#1392,
    #1400));
#1355 = ORIENTED_EDGE('',*,*,#1309,.T.);
#1356 = ORIENTED_EDGE('',*,*,#731,.T.);
#1357 = ORIENTED_EDGE('',*,*,#1340,.F.);
#1358 = ORIENTED_EDGE('',*,*,#1359,.F.);
#1359 = EDGE_CURVE('',#1360,#1333,#1362,.T.);
#1360 = VERTEX_POINT('',#1361);
#1361 = CARTESIAN_POINT('',(5.08,5.202653989578,-2.670307305648));
#1362 = CIRCLE('',#1363,0.508);
#1363 = AXIS2_PLACEMENT_3D('',#1364,#1365,#1366);
#1364 = CARTESIAN_POINT('',(5.08,4.699,-2.604));
#1365 = DIRECTION('',(1.,1.110223024625E-15,2.775557561563E-15));
#1366 = DIRECTION('',(-1.110223024625E-15,1.,-2.775557561563E-15));
#1367 = ORIENTED_EDGE('',*,*,#1368,.F.);
#1368 = EDGE_CURVE('',#1369,#1360,#1371,.T.);
#1369 = VERTEX_POINT('',#1370);
#1370 = CARTESIAN_POINT('',(5.08,6.096,-2.670307305648));
#1371 = LINE('',#1372,#1373);
#1372 = CARTESIAN_POINT('',(5.08,6.096,-2.670307305648));
#1373 = VECTOR('',#1374,1.);
#1374 = DIRECTION('',(6.661338147751E-16,-1.,1.665334536938E-15));
#1375 = ORIENTED_EDGE('',*,*,#1376,.F.);
#1376 = EDGE_CURVE('',#1377,#1369,#1379,.T.);
#1377 = VERTEX_POINT('',#1378);
#1378 = CARTESIAN_POINT('',(5.08,6.096,-0.826));
#1379 = LINE('',#1380,#1381);
#1380 = CARTESIAN_POINT('',(5.08,6.096,-0.826));
#1381 = VECTOR('',#1382,1.);
#1382 = DIRECTION('',(2.775557561563E-15,5.551115123126E-16,-1.));
#1383 = ORIENTED_EDGE('',*,*,#1384,.T.);
#1384 = EDGE_CURVE('',#1377,#1385,#1387,.T.);
#1385 = VERTEX_POINT('',#1386);
#1386 = CARTESIAN_POINT('',(5.08,5.334,-0.826));
#1387 = CIRCLE('',#1388,0.381);
#1388 = AXIS2_PLACEMENT_3D('',#1389,#1390,#1391);
#1389 = CARTESIAN_POINT('',(5.08,5.715,-0.826));
#1390 = DIRECTION('',(1.,1.110223024625E-15,2.775557561563E-15));
#1391 = DIRECTION('',(-1.110223024625E-15,1.,-2.775557561563E-15));
#1392 = ORIENTED_EDGE('',*,*,#1393,.F.);
#1393 = EDGE_CURVE('',#1394,#1385,#1396,.T.);
#1394 = VERTEX_POINT('',#1395);
#1395 = CARTESIAN_POINT('',(5.08,5.334,-1.207));
#1396 = LINE('',#1397,#1398);
#1397 = CARTESIAN_POINT('',(5.08,5.334,-1.207));
#1398 = VECTOR('',#1399,1.);
#1399 = DIRECTION('',(-2.775557561563E-15,-5.551115123126E-16,1.));
#1400 = ORIENTED_EDGE('',*,*,#1401,.F.);
#1401 = EDGE_CURVE('',#1310,#1394,#1402,.T.);
#1402 = LINE('',#1403,#1404);
#1403 = CARTESIAN_POINT('',(5.08,0.762,-1.207));
#1404 = VECTOR('',#1405,1.);
#1405 = DIRECTION('',(-1.110223024625E-15,1.,-2.775557561563E-15));
#1406 = PLANE('',#1407);
#1407 = AXIS2_PLACEMENT_3D('',#1408,#1409,#1410);
#1408 = CARTESIAN_POINT('',(5.08,3.943549779385,-3.35238695954));
#1409 = DIRECTION('',(1.,-2.22044604925E-15,-5.551115123126E-16));
#1410 = DIRECTION('',(-2.775557561563E-15,-5.551115123126E-16,1.));
#1411 = ADVANCED_FACE('',(#1412),#1437,.T.);
#1412 = FACE_BOUND('',#1413,.T.);
#1413 = EDGE_LOOP('',(#1414,#1415,#1423,#1431));
#1414 = ORIENTED_EDGE('',*,*,#779,.F.);
#1415 = ORIENTED_EDGE('',*,*,#1416,.T.);
#1416 = EDGE_CURVE('',#780,#1417,#1419,.T.);
#1417 = VERTEX_POINT('',#1418);
#1418 = CARTESIAN_POINT('',(2.286,3.937,-1.207));
#1419 = LINE('',#1420,#1421);
#1420 = CARTESIAN_POINT('',(2.286,3.937,-2.985));
#1421 = VECTOR('',#1422,1.);
#1422 = DIRECTION('',(-9.992007221626E-16,-4.440892098501E-16,1.));
#1423 = ORIENTED_EDGE('',*,*,#1424,.F.);
#1424 = EDGE_CURVE('',#1425,#1417,#1427,.T.);
#1425 = VERTEX_POINT('',#1426);
#1426 = CARTESIAN_POINT('',(2.286,1.905,-1.207));
#1427 = LINE('',#1428,#1429);
#1428 = CARTESIAN_POINT('',(2.286,2.3495,-1.207));
#1429 = VECTOR('',#1430,1.);
#1430 = DIRECTION('',(-1.110223024625E-16,1.,-1.221245327088E-15));
#1431 = ORIENTED_EDGE('',*,*,#1432,.F.);
#1432 = EDGE_CURVE('',#782,#1425,#1433,.T.);
#1433 = LINE('',#1434,#1435);
#1434 = CARTESIAN_POINT('',(2.286,1.905,-2.985));
#1435 = VECTOR('',#1436,1.);
#1436 = DIRECTION('',(-9.992007221626E-16,-4.440892098501E-16,1.));
#1437 = PLANE('',#1438);
#1438 = AXIS2_PLACEMENT_3D('',#1439,#1440,#1441);
#1439 = CARTESIAN_POINT('',(2.286,3.937,-2.985));
#1440 = DIRECTION('',(1.,-7.771561172376E-16,-3.330669073875E-16));
#1441 = DIRECTION('',(5.551115123126E-16,-1.,1.110223024625E-15));
#1442 = ADVANCED_FACE('',(#1443),#1461,.T.);
#1443 = FACE_BOUND('',#1444,.T.);
#1444 = EDGE_LOOP('',(#1445,#1446,#1454,#1460));
#1445 = ORIENTED_EDGE('',*,*,#789,.F.);
#1446 = ORIENTED_EDGE('',*,*,#1447,.T.);
#1447 = EDGE_CURVE('',#790,#1448,#1450,.T.);
#1448 = VERTEX_POINT('',#1449);
#1449 = CARTESIAN_POINT('',(2.794,3.937,-1.207));
#1450 = LINE('',#1451,#1452);
#1451 = CARTESIAN_POINT('',(2.794,3.937,-2.985));
#1452 = VECTOR('',#1453,1.);
#1453 = DIRECTION('',(-9.992007221626E-16,-4.440892098501E-16,1.));
#1454 = ORIENTED_EDGE('',*,*,#1455,.F.);
#1455 = EDGE_CURVE('',#1417,#1448,#1456,.T.);
#1456 = LINE('',#1457,#1458);
#1457 = CARTESIAN_POINT('',(-1.143,3.937,-1.207));
#1458 = VECTOR('',#1459,1.);
#1459 = DIRECTION('',(1.,-5.551115123126E-16,9.992007221626E-16));
#1460 = ORIENTED_EDGE('',*,*,#1416,.F.);
#1461 = PLANE('',#1462);
#1462 = AXIS2_PLACEMENT_3D('',#1463,#1464,#1465);
#1463 = CARTESIAN_POINT('',(2.794,3.937,-2.985));
#1464 = DIRECTION('',(3.330669073875E-16,-1.,8.881784197001E-16));
#1465 = DIRECTION('',(-1.,9.992007221626E-16,5.551115123126E-16));
#1466 = ADVANCED_FACE('',(#1467),#1485,.T.);
#1467 = FACE_BOUND('',#1468,.T.);
#1468 = EDGE_LOOP('',(#1469,#1470,#1471,#1479));
#1469 = ORIENTED_EDGE('',*,*,#805,.F.);
#1470 = ORIENTED_EDGE('',*,*,#1432,.T.);
#1471 = ORIENTED_EDGE('',*,*,#1472,.F.);
#1472 = EDGE_CURVE('',#1473,#1425,#1475,.T.);
#1473 = VERTEX_POINT('',#1474);
#1474 = CARTESIAN_POINT('',(2.794,1.905,-1.207));
#1475 = LINE('',#1476,#1477);
#1476 = CARTESIAN_POINT('',(-1.397,1.905,-1.207));
#1477 = VECTOR('',#1478,1.);
#1478 = DIRECTION('',(-1.,5.551115123126E-16,-9.992007221626E-16));
#1479 = ORIENTED_EDGE('',*,*,#1480,.F.);
#1480 = EDGE_CURVE('',#798,#1473,#1481,.T.);
#1481 = LINE('',#1482,#1483);
#1482 = CARTESIAN_POINT('',(2.794,1.905,-2.985));
#1483 = VECTOR('',#1484,1.);
#1484 = DIRECTION('',(-9.992007221626E-16,-4.440892098501E-16,1.));
#1485 = PLANE('',#1486);
#1486 = AXIS2_PLACEMENT_3D('',#1487,#1488,#1489);
#1487 = CARTESIAN_POINT('',(2.286,1.905,-2.985));
#1488 = DIRECTION('',(-3.330669073875E-16,1.,-8.881784197001E-16));
#1489 = DIRECTION('',(1.,-9.992007221626E-16,-5.551115123126E-16));
#1490 = ADVANCED_FACE('',(#1491),#1502,.T.);
#1491 = FACE_BOUND('',#1492,.T.);
#1492 = EDGE_LOOP('',(#1493,#1494,#1495,#1501));
#1493 = ORIENTED_EDGE('',*,*,#797,.F.);
#1494 = ORIENTED_EDGE('',*,*,#1480,.T.);
#1495 = ORIENTED_EDGE('',*,*,#1496,.F.);
#1496 = EDGE_CURVE('',#1448,#1473,#1497,.T.);
#1497 = LINE('',#1498,#1499);
#1498 = CARTESIAN_POINT('',(2.794,1.3335,-1.207));
#1499 = VECTOR('',#1500,1.);
#1500 = DIRECTION('',(1.110223024625E-16,-1.,1.221245327088E-15));
#1501 = ORIENTED_EDGE('',*,*,#1447,.F.);
#1502 = PLANE('',#1503);
#1503 = AXIS2_PLACEMENT_3D('',#1504,#1505,#1506);
#1504 = CARTESIAN_POINT('',(2.794,1.905,-2.985));
#1505 = DIRECTION('',(-1.,7.771561172376E-16,3.330669073875E-16));
#1506 = DIRECTION('',(-5.551115123126E-16,1.,-1.110223024625E-15));
#1507 = ADVANCED_FACE('',(#1508),#1533,.F.);
#1508 = FACE_BOUND('',#1509,.F.);
#1509 = EDGE_LOOP('',(#1510,#1511,#1519,#1527));
#1510 = ORIENTED_EDGE('',*,*,#813,.F.);
#1511 = ORIENTED_EDGE('',*,*,#1512,.T.);
#1512 = EDGE_CURVE('',#814,#1513,#1515,.T.);
#1513 = VERTEX_POINT('',#1514);
#1514 = CARTESIAN_POINT('',(4.1275,2.6035,-1.207));
#1515 = LINE('',#1516,#1517);
#1516 = CARTESIAN_POINT('',(4.1275,2.6035,-2.985));
#1517 = VECTOR('',#1518,1.);
#1518 = DIRECTION('',(-1.554312234475E-15,-3.330669073875E-16,1.));
#1519 = ORIENTED_EDGE('',*,*,#1520,.F.);
#1520 = EDGE_CURVE('',#1521,#1513,#1523,.T.);
#1521 = VERTEX_POINT('',#1522);
#1522 = CARTESIAN_POINT('',(3.4925,2.6035,-1.207));
#1523 = LINE('',#1524,#1525);
#1524 = CARTESIAN_POINT('',(-0.47625,2.6035,-1.207));
#1525 = VECTOR('',#1526,1.);
#1526 = DIRECTION('',(1.,-1.110223024625E-16,1.443289932013E-15));
#1527 = ORIENTED_EDGE('',*,*,#1528,.F.);
#1528 = EDGE_CURVE('',#816,#1521,#1529,.T.);
#1529 = LINE('',#1530,#1531);
#1530 = CARTESIAN_POINT('',(3.4925,2.6035,-2.985));
#1531 = VECTOR('',#1532,1.);
#1532 = DIRECTION('',(-1.554312234475E-15,-3.330669073875E-16,1.));
#1533 = PLANE('',#1534);
#1534 = AXIS2_PLACEMENT_3D('',#1535,#1536,#1537);
#1535 = CARTESIAN_POINT('',(4.1275,2.6035,-2.985));
#1536 = DIRECTION('',(1.110223024625E-16,-1.,3.330669073875E-16));
#1537 = DIRECTION('',(-1.,5.551115123126E-16,-6.661338147751E-16));
#1538 = ADVANCED_FACE('',(#1539),#1557,.F.);
#1539 = FACE_BOUND('',#1540,.F.);
#1540 = EDGE_LOOP('',(#1541,#1542,#1550,#1556));
#1541 = ORIENTED_EDGE('',*,*,#839,.F.);
#1542 = ORIENTED_EDGE('',*,*,#1543,.T.);
#1543 = EDGE_CURVE('',#832,#1544,#1546,.T.);
#1544 = VERTEX_POINT('',#1545);
#1545 = CARTESIAN_POINT('',(4.1275,3.2385,-1.207));
#1546 = LINE('',#1547,#1548);
#1547 = CARTESIAN_POINT('',(4.1275,3.2385,-2.985));
#1548 = VECTOR('',#1549,1.);
#1549 = DIRECTION('',(-1.554312234475E-15,-3.330669073875E-16,1.));
#1550 = ORIENTED_EDGE('',*,*,#1551,.F.);
#1551 = EDGE_CURVE('',#1513,#1544,#1552,.T.);
#1552 = LINE('',#1553,#1554);
#1553 = CARTESIAN_POINT('',(4.1275,2.00025,-1.207));
#1554 = VECTOR('',#1555,1.);
#1555 = DIRECTION('',(1.110223024625E-16,1.,-7.771561172376E-16));
#1556 = ORIENTED_EDGE('',*,*,#1512,.F.);
#1557 = PLANE('',#1558);
#1558 = AXIS2_PLACEMENT_3D('',#1559,#1560,#1561);
#1559 = CARTESIAN_POINT('',(4.1275,3.2385,-2.985));
#1560 = DIRECTION('',(1.,-3.330669073875E-16,8.881784197001E-16));
#1561 = DIRECTION('',(3.330669073875E-16,-1.,5.551115123126E-16));
#1562 = ADVANCED_FACE('',(#1563),#1581,.F.);
#1563 = FACE_BOUND('',#1564,.F.);
#1564 = EDGE_LOOP('',(#1565,#1566,#1574,#1580));
#1565 = ORIENTED_EDGE('',*,*,#831,.F.);
#1566 = ORIENTED_EDGE('',*,*,#1567,.T.);
#1567 = EDGE_CURVE('',#824,#1568,#1570,.T.);
#1568 = VERTEX_POINT('',#1569);
#1569 = CARTESIAN_POINT('',(3.4925,3.2385,-1.207));
#1570 = LINE('',#1571,#1572);
#1571 = CARTESIAN_POINT('',(3.4925,3.2385,-2.985));
#1572 = VECTOR('',#1573,1.);
#1573 = DIRECTION('',(-1.554312234475E-15,-3.330669073875E-16,1.));
#1574 = ORIENTED_EDGE('',*,*,#1575,.F.);
#1575 = EDGE_CURVE('',#1544,#1568,#1576,.T.);
#1576 = LINE('',#1577,#1578);
#1577 = CARTESIAN_POINT('',(-0.79375,3.2385,-1.207));
#1578 = VECTOR('',#1579,1.);
#1579 = DIRECTION('',(-1.,1.110223024625E-16,-1.443289932013E-15));
#1580 = ORIENTED_EDGE('',*,*,#1543,.F.);
#1581 = PLANE('',#1582);
#1582 = AXIS2_PLACEMENT_3D('',#1583,#1584,#1585);
#1583 = CARTESIAN_POINT('',(3.4925,3.2385,-2.985));
#1584 = DIRECTION('',(-1.110223024625E-16,1.,-3.330669073875E-16));
#1585 = DIRECTION('',(1.,-5.551115123126E-16,6.661338147751E-16));
#1586 = ADVANCED_FACE('',(#1587),#1598,.F.);
#1587 = FACE_BOUND('',#1588,.F.);
#1588 = EDGE_LOOP('',(#1589,#1590,#1591,#1597));
#1589 = ORIENTED_EDGE('',*,*,#823,.F.);
#1590 = ORIENTED_EDGE('',*,*,#1528,.T.);
#1591 = ORIENTED_EDGE('',*,*,#1592,.F.);
#1592 = EDGE_CURVE('',#1568,#1521,#1593,.T.);
#1593 = LINE('',#1594,#1595);
#1594 = CARTESIAN_POINT('',(3.4925,1.68275,-1.207));
#1595 = VECTOR('',#1596,1.);
#1596 = DIRECTION('',(-1.110223024625E-16,-1.,7.771561172376E-16));
#1597 = ORIENTED_EDGE('',*,*,#1567,.F.);
#1598 = PLANE('',#1599);
#1599 = AXIS2_PLACEMENT_3D('',#1600,#1601,#1602);
#1600 = CARTESIAN_POINT('',(3.4925,2.6035,-2.985));
#1601 = DIRECTION('',(-1.,3.330669073875E-16,-8.881784197001E-16));
#1602 = DIRECTION('',(-3.330669073875E-16,1.,-5.551115123126E-16));
#1603 = ADVANCED_FACE('',(#1604),#1629,.F.);
#1604 = FACE_BOUND('',#1605,.F.);
#1605 = EDGE_LOOP('',(#1606,#1607,#1615,#1623));
#1606 = ORIENTED_EDGE('',*,*,#847,.F.);
#1607 = ORIENTED_EDGE('',*,*,#1608,.T.);
#1608 = EDGE_CURVE('',#848,#1609,#1611,.T.);
#1609 = VERTEX_POINT('',#1610);
#1610 = CARTESIAN_POINT('',(1.5875,2.6035,-1.207));
#1611 = LINE('',#1612,#1613);
#1612 = CARTESIAN_POINT('',(1.5875,2.6035,-2.985));
#1613 = VECTOR('',#1614,1.);
#1614 = DIRECTION('',(-1.554312234475E-15,-3.330669073875E-16,1.));
#1615 = ORIENTED_EDGE('',*,*,#1616,.F.);
#1616 = EDGE_CURVE('',#1617,#1609,#1619,.T.);
#1617 = VERTEX_POINT('',#1618);
#1618 = CARTESIAN_POINT('',(0.9525,2.6035,-1.207));
#1619 = LINE('',#1620,#1621);
#1620 = CARTESIAN_POINT('',(-1.74625,2.6035,-1.207));
#1621 = VECTOR('',#1622,1.);
#1622 = DIRECTION('',(1.,-1.110223024625E-16,1.443289932013E-15));
#1623 = ORIENTED_EDGE('',*,*,#1624,.F.);
#1624 = EDGE_CURVE('',#850,#1617,#1625,.T.);
#1625 = LINE('',#1626,#1627);
#1626 = CARTESIAN_POINT('',(0.9525,2.6035,-2.985));
#1627 = VECTOR('',#1628,1.);
#1628 = DIRECTION('',(-1.554312234475E-15,-3.330669073875E-16,1.));
#1629 = PLANE('',#1630);
#1630 = AXIS2_PLACEMENT_3D('',#1631,#1632,#1633);
#1631 = CARTESIAN_POINT('',(1.5875,2.6035,-2.985));
#1632 = DIRECTION('',(1.110223024625E-16,-1.,3.330669073875E-16));
#1633 = DIRECTION('',(-1.,5.551115123126E-16,-6.661338147751E-16));
#1634 = ADVANCED_FACE('',(#1635),#1653,.F.);
#1635 = FACE_BOUND('',#1636,.F.);
#1636 = EDGE_LOOP('',(#1637,#1638,#1646,#1652));
#1637 = ORIENTED_EDGE('',*,*,#873,.F.);
#1638 = ORIENTED_EDGE('',*,*,#1639,.T.);
#1639 = EDGE_CURVE('',#866,#1640,#1642,.T.);
#1640 = VERTEX_POINT('',#1641);
#1641 = CARTESIAN_POINT('',(1.5875,3.2385,-1.207));
#1642 = LINE('',#1643,#1644);
#1643 = CARTESIAN_POINT('',(1.5875,3.2385,-2.985));
#1644 = VECTOR('',#1645,1.);
#1645 = DIRECTION('',(-1.554312234475E-15,-3.330669073875E-16,1.));
#1646 = ORIENTED_EDGE('',*,*,#1647,.F.);
#1647 = EDGE_CURVE('',#1609,#1640,#1648,.T.);
#1648 = LINE('',#1649,#1650);
#1649 = CARTESIAN_POINT('',(1.5875,2.00025,-1.207));
#1650 = VECTOR('',#1651,1.);
#1651 = DIRECTION('',(1.110223024625E-16,1.,-7.771561172376E-16));
#1652 = ORIENTED_EDGE('',*,*,#1608,.F.);
#1653 = PLANE('',#1654);
#1654 = AXIS2_PLACEMENT_3D('',#1655,#1656,#1657);
#1655 = CARTESIAN_POINT('',(1.5875,3.2385,-2.985));
#1656 = DIRECTION('',(1.,-3.330669073875E-16,8.881784197001E-16));
#1657 = DIRECTION('',(3.330669073875E-16,-1.,5.551115123126E-16));
#1658 = ADVANCED_FACE('',(#1659),#1677,.F.);
#1659 = FACE_BOUND('',#1660,.F.);
#1660 = EDGE_LOOP('',(#1661,#1662,#1670,#1676));
#1661 = ORIENTED_EDGE('',*,*,#865,.F.);
#1662 = ORIENTED_EDGE('',*,*,#1663,.T.);
#1663 = EDGE_CURVE('',#858,#1664,#1666,.T.);
#1664 = VERTEX_POINT('',#1665);
#1665 = CARTESIAN_POINT('',(0.9525,3.2385,-1.207));
#1666 = LINE('',#1667,#1668);
#1667 = CARTESIAN_POINT('',(0.9525,3.2385,-2.985));
#1668 = VECTOR('',#1669,1.);
#1669 = DIRECTION('',(-1.554312234475E-15,-3.330669073875E-16,1.));
#1670 = ORIENTED_EDGE('',*,*,#1671,.F.);
#1671 = EDGE_CURVE('',#1640,#1664,#1672,.T.);
#1672 = LINE('',#1673,#1674);
#1673 = CARTESIAN_POINT('',(-2.06375,3.2385,-1.207));
#1674 = VECTOR('',#1675,1.);
#1675 = DIRECTION('',(-1.,1.110223024625E-16,-1.443289932013E-15));
#1676 = ORIENTED_EDGE('',*,*,#1639,.F.);
#1677 = PLANE('',#1678);
#1678 = AXIS2_PLACEMENT_3D('',#1679,#1680,#1681);
#1679 = CARTESIAN_POINT('',(0.9525,3.2385,-2.985));
#1680 = DIRECTION('',(-1.110223024625E-16,1.,-3.330669073875E-16));
#1681 = DIRECTION('',(1.,-5.551115123126E-16,6.661338147751E-16));
#1682 = ADVANCED_FACE('',(#1683),#1694,.F.);
#1683 = FACE_BOUND('',#1684,.F.);
#1684 = EDGE_LOOP('',(#1685,#1686,#1687,#1693));
#1685 = ORIENTED_EDGE('',*,*,#857,.F.);
#1686 = ORIENTED_EDGE('',*,*,#1624,.T.);
#1687 = ORIENTED_EDGE('',*,*,#1688,.F.);
#1688 = EDGE_CURVE('',#1664,#1617,#1689,.T.);
#1689 = LINE('',#1690,#1691);
#1690 = CARTESIAN_POINT('',(0.9525,1.68275,-1.207));
#1691 = VECTOR('',#1692,1.);
#1692 = DIRECTION('',(-1.110223024625E-16,-1.,7.771561172376E-16));
#1693 = ORIENTED_EDGE('',*,*,#1663,.F.);
#1694 = PLANE('',#1695);
#1695 = AXIS2_PLACEMENT_3D('',#1696,#1697,#1698);
#1696 = CARTESIAN_POINT('',(0.9525,2.6035,-2.985));
#1697 = DIRECTION('',(-1.,3.330669073875E-16,-8.881784197001E-16));
#1698 = DIRECTION('',(-3.330669073875E-16,1.,-5.551115123126E-16));
#1699 = ADVANCED_FACE('',(#1700),#1725,.T.);
#1700 = FACE_BOUND('',#1701,.T.);
#1701 = EDGE_LOOP('',(#1702,#1703,#1711,#1719));
#1702 = ORIENTED_EDGE('',*,*,#881,.F.);
#1703 = ORIENTED_EDGE('',*,*,#1704,.T.);
#1704 = EDGE_CURVE('',#882,#1705,#1707,.T.);
#1705 = VERTEX_POINT('',#1706);
#1706 = CARTESIAN_POINT('',(-0.254,3.937,-1.207));
#1707 = LINE('',#1708,#1709);
#1708 = CARTESIAN_POINT('',(-0.254,3.937,-2.985));
#1709 = VECTOR('',#1710,1.);
#1710 = DIRECTION('',(-9.992007221626E-16,-4.440892098501E-16,1.));
#1711 = ORIENTED_EDGE('',*,*,#1712,.F.);
#1712 = EDGE_CURVE('',#1713,#1705,#1715,.T.);
#1713 = VERTEX_POINT('',#1714);
#1714 = CARTESIAN_POINT('',(-0.254,1.905,-1.207));
#1715 = LINE('',#1716,#1717);
#1716 = CARTESIAN_POINT('',(-0.254,2.3495,-1.207));
#1717 = VECTOR('',#1718,1.);
#1718 = DIRECTION('',(-1.110223024625E-16,1.,-1.221245327088E-15));
#1719 = ORIENTED_EDGE('',*,*,#1720,.F.);
#1720 = EDGE_CURVE('',#884,#1713,#1721,.T.);
#1721 = LINE('',#1722,#1723);
#1722 = CARTESIAN_POINT('',(-0.254,1.905,-2.985));
#1723 = VECTOR('',#1724,1.);
#1724 = DIRECTION('',(-9.992007221626E-16,-4.440892098501E-16,1.));
#1725 = PLANE('',#1726);
#1726 = AXIS2_PLACEMENT_3D('',#1727,#1728,#1729);
#1727 = CARTESIAN_POINT('',(-0.254,3.937,-2.985));
#1728 = DIRECTION('',(1.,-7.771561172376E-16,-3.330669073875E-16));
#1729 = DIRECTION('',(5.551115123126E-16,-1.,1.110223024625E-15));
#1730 = ADVANCED_FACE('',(#1731),#1749,.T.);
#1731 = FACE_BOUND('',#1732,.T.);
#1732 = EDGE_LOOP('',(#1733,#1734,#1742,#1748));
#1733 = ORIENTED_EDGE('',*,*,#891,.F.);
#1734 = ORIENTED_EDGE('',*,*,#1735,.T.);
#1735 = EDGE_CURVE('',#892,#1736,#1738,.T.);
#1736 = VERTEX_POINT('',#1737);
#1737 = CARTESIAN_POINT('',(0.254,3.937,-1.207));
#1738 = LINE('',#1739,#1740);
#1739 = CARTESIAN_POINT('',(0.254,3.937,-2.985));
#1740 = VECTOR('',#1741,1.);
#1741 = DIRECTION('',(-9.992007221626E-16,-4.440892098501E-16,1.));
#1742 = ORIENTED_EDGE('',*,*,#1743,.F.);
#1743 = EDGE_CURVE('',#1705,#1736,#1744,.T.);
#1744 = LINE('',#1745,#1746);
#1745 = CARTESIAN_POINT('',(-2.413,3.937,-1.207));
#1746 = VECTOR('',#1747,1.);
#1747 = DIRECTION('',(1.,-5.551115123126E-16,9.992007221626E-16));
#1748 = ORIENTED_EDGE('',*,*,#1704,.F.);
#1749 = PLANE('',#1750);
#1750 = AXIS2_PLACEMENT_3D('',#1751,#1752,#1753);
#1751 = CARTESIAN_POINT('',(0.254,3.937,-2.985));
#1752 = DIRECTION('',(3.330669073875E-16,-1.,8.881784197001E-16));
#1753 = DIRECTION('',(-1.,9.992007221626E-16,5.551115123126E-16));
#1754 = ADVANCED_FACE('',(#1755),#1773,.T.);
#1755 = FACE_BOUND('',#1756,.T.);
#1756 = EDGE_LOOP('',(#1757,#1758,#1759,#1767));
#1757 = ORIENTED_EDGE('',*,*,#907,.F.);
#1758 = ORIENTED_EDGE('',*,*,#1720,.T.);
#1759 = ORIENTED_EDGE('',*,*,#1760,.F.);
#1760 = EDGE_CURVE('',#1761,#1713,#1763,.T.);
#1761 = VERTEX_POINT('',#1762);
#1762 = CARTESIAN_POINT('',(0.254,1.905,-1.207));
#1763 = LINE('',#1764,#1765);
#1764 = CARTESIAN_POINT('',(-2.667,1.905,-1.207));
#1765 = VECTOR('',#1766,1.);
#1766 = DIRECTION('',(-1.,5.551115123126E-16,-9.992007221626E-16));
#1767 = ORIENTED_EDGE('',*,*,#1768,.F.);
#1768 = EDGE_CURVE('',#900,#1761,#1769,.T.);
#1769 = LINE('',#1770,#1771);
#1770 = CARTESIAN_POINT('',(0.254,1.905,-2.985));
#1771 = VECTOR('',#1772,1.);
#1772 = DIRECTION('',(-9.992007221626E-16,-4.440892098501E-16,1.));
#1773 = PLANE('',#1774);
#1774 = AXIS2_PLACEMENT_3D('',#1775,#1776,#1777);
#1775 = CARTESIAN_POINT('',(-0.254,1.905,-2.985));
#1776 = DIRECTION('',(-3.330669073875E-16,1.,-8.881784197001E-16));
#1777 = DIRECTION('',(1.,-9.992007221626E-16,-5.551115123126E-16));
#1778 = ADVANCED_FACE('',(#1779),#1790,.T.);
#1779 = FACE_BOUND('',#1780,.T.);
#1780 = EDGE_LOOP('',(#1781,#1782,#1783,#1789));
#1781 = ORIENTED_EDGE('',*,*,#899,.F.);
#1782 = ORIENTED_EDGE('',*,*,#1768,.T.);
#1783 = ORIENTED_EDGE('',*,*,#1784,.F.);
#1784 = EDGE_CURVE('',#1736,#1761,#1785,.T.);
#1785 = LINE('',#1786,#1787);
#1786 = CARTESIAN_POINT('',(0.254,1.3335,-1.207));
#1787 = VECTOR('',#1788,1.);
#1788 = DIRECTION('',(1.110223024625E-16,-1.,1.221245327088E-15));
#1789 = ORIENTED_EDGE('',*,*,#1735,.F.);
#1790 = PLANE('',#1791);
#1791 = AXIS2_PLACEMENT_3D('',#1792,#1793,#1794);
#1792 = CARTESIAN_POINT('',(0.254,1.905,-2.985));
#1793 = DIRECTION('',(-1.,7.771561172376E-16,3.330669073875E-16));
#1794 = DIRECTION('',(-5.551115123126E-16,1.,-1.110223024625E-15));
#1795 = ADVANCED_FACE('',(#1796),#1821,.F.);
#1796 = FACE_BOUND('',#1797,.F.);
#1797 = EDGE_LOOP('',(#1798,#1799,#1807,#1815));
#1798 = ORIENTED_EDGE('',*,*,#915,.F.);
#1799 = ORIENTED_EDGE('',*,*,#1800,.T.);
#1800 = EDGE_CURVE('',#916,#1801,#1803,.T.);
#1801 = VERTEX_POINT('',#1802);
#1802 = CARTESIAN_POINT('',(-0.9525,2.6035,-1.207));
#1803 = LINE('',#1804,#1805);
#1804 = CARTESIAN_POINT('',(-0.9525,2.6035,-2.985));
#1805 = VECTOR('',#1806,1.);
#1806 = DIRECTION('',(-1.554312234475E-15,-3.330669073875E-16,1.));
#1807 = ORIENTED_EDGE('',*,*,#1808,.F.);
#1808 = EDGE_CURVE('',#1809,#1801,#1811,.T.);
#1809 = VERTEX_POINT('',#1810);
#1810 = CARTESIAN_POINT('',(-1.5875,2.6035,-1.207));
#1811 = LINE('',#1812,#1813);
#1812 = CARTESIAN_POINT('',(-3.01625,2.6035,-1.207));
#1813 = VECTOR('',#1814,1.);
#1814 = DIRECTION('',(1.,-1.110223024625E-16,1.443289932013E-15));
#1815 = ORIENTED_EDGE('',*,*,#1816,.F.);
#1816 = EDGE_CURVE('',#918,#1809,#1817,.T.);
#1817 = LINE('',#1818,#1819);
#1818 = CARTESIAN_POINT('',(-1.5875,2.6035,-2.985));
#1819 = VECTOR('',#1820,1.);
#1820 = DIRECTION('',(-1.554312234475E-15,-3.330669073875E-16,1.));
#1821 = PLANE('',#1822);
#1822 = AXIS2_PLACEMENT_3D('',#1823,#1824,#1825);
#1823 = CARTESIAN_POINT('',(-0.9525,2.6035,-2.985));
#1824 = DIRECTION('',(1.110223024625E-16,-1.,3.330669073875E-16));
#1825 = DIRECTION('',(-1.,5.551115123126E-16,-6.661338147751E-16));
#1826 = ADVANCED_FACE('',(#1827),#1845,.F.);
#1827 = FACE_BOUND('',#1828,.F.);
#1828 = EDGE_LOOP('',(#1829,#1830,#1838,#1844));
#1829 = ORIENTED_EDGE('',*,*,#941,.F.);
#1830 = ORIENTED_EDGE('',*,*,#1831,.T.);
#1831 = EDGE_CURVE('',#934,#1832,#1834,.T.);
#1832 = VERTEX_POINT('',#1833);
#1833 = CARTESIAN_POINT('',(-0.9525,3.2385,-1.207));
#1834 = LINE('',#1835,#1836);
#1835 = CARTESIAN_POINT('',(-0.9525,3.2385,-2.985));
#1836 = VECTOR('',#1837,1.);
#1837 = DIRECTION('',(-1.554312234475E-15,-3.330669073875E-16,1.));
#1838 = ORIENTED_EDGE('',*,*,#1839,.F.);
#1839 = EDGE_CURVE('',#1801,#1832,#1840,.T.);
#1840 = LINE('',#1841,#1842);
#1841 = CARTESIAN_POINT('',(-0.9525,2.00025,-1.207));
#1842 = VECTOR('',#1843,1.);
#1843 = DIRECTION('',(1.110223024625E-16,1.,-7.771561172376E-16));
#1844 = ORIENTED_EDGE('',*,*,#1800,.F.);
#1845 = PLANE('',#1846);
#1846 = AXIS2_PLACEMENT_3D('',#1847,#1848,#1849);
#1847 = CARTESIAN_POINT('',(-0.9525,3.2385,-2.985));
#1848 = DIRECTION('',(1.,-3.330669073875E-16,8.881784197001E-16));
#1849 = DIRECTION('',(3.330669073875E-16,-1.,5.551115123126E-16));
#1850 = ADVANCED_FACE('',(#1851),#1869,.F.);
#1851 = FACE_BOUND('',#1852,.F.);
#1852 = EDGE_LOOP('',(#1853,#1854,#1862,#1868));
#1853 = ORIENTED_EDGE('',*,*,#933,.F.);
#1854 = ORIENTED_EDGE('',*,*,#1855,.T.);
#1855 = EDGE_CURVE('',#926,#1856,#1858,.T.);
#1856 = VERTEX_POINT('',#1857);
#1857 = CARTESIAN_POINT('',(-1.5875,3.2385,-1.207));
#1858 = LINE('',#1859,#1860);
#1859 = CARTESIAN_POINT('',(-1.5875,3.2385,-2.985));
#1860 = VECTOR('',#1861,1.);
#1861 = DIRECTION('',(-1.554312234475E-15,-3.330669073875E-16,1.));
#1862 = ORIENTED_EDGE('',*,*,#1863,.F.);
#1863 = EDGE_CURVE('',#1832,#1856,#1864,.T.);
#1864 = LINE('',#1865,#1866);
#1865 = CARTESIAN_POINT('',(-3.33375,3.2385,-1.207));
#1866 = VECTOR('',#1867,1.);
#1867 = DIRECTION('',(-1.,1.110223024625E-16,-1.443289932013E-15));
#1868 = ORIENTED_EDGE('',*,*,#1831,.F.);
#1869 = PLANE('',#1870);
#1870 = AXIS2_PLACEMENT_3D('',#1871,#1872,#1873);
#1871 = CARTESIAN_POINT('',(-1.5875,3.2385,-2.985));
#1872 = DIRECTION('',(-1.110223024625E-16,1.,-3.330669073875E-16));
#1873 = DIRECTION('',(1.,-5.551115123126E-16,6.661338147751E-16));
#1874 = ADVANCED_FACE('',(#1875),#1886,.F.);
#1875 = FACE_BOUND('',#1876,.F.);
#1876 = EDGE_LOOP('',(#1877,#1878,#1879,#1885));
#1877 = ORIENTED_EDGE('',*,*,#925,.F.);
#1878 = ORIENTED_EDGE('',*,*,#1816,.T.);
#1879 = ORIENTED_EDGE('',*,*,#1880,.F.);
#1880 = EDGE_CURVE('',#1856,#1809,#1881,.T.);
#1881 = LINE('',#1882,#1883);
#1882 = CARTESIAN_POINT('',(-1.5875,1.68275,-1.207));
#1883 = VECTOR('',#1884,1.);
#1884 = DIRECTION('',(-1.110223024625E-16,-1.,7.771561172376E-16));
#1885 = ORIENTED_EDGE('',*,*,#1855,.F.);
#1886 = PLANE('',#1887);
#1887 = AXIS2_PLACEMENT_3D('',#1888,#1889,#1890);
#1888 = CARTESIAN_POINT('',(-1.5875,2.6035,-2.985));
#1889 = DIRECTION('',(-1.,3.330669073875E-16,-8.881784197001E-16));
#1890 = DIRECTION('',(-3.330669073875E-16,1.,-5.551115123126E-16));
#1891 = ADVANCED_FACE('',(#1892),#1917,.T.);
#1892 = FACE_BOUND('',#1893,.T.);
#1893 = EDGE_LOOP('',(#1894,#1895,#1903,#1911));
#1894 = ORIENTED_EDGE('',*,*,#949,.F.);
#1895 = ORIENTED_EDGE('',*,*,#1896,.T.);
#1896 = EDGE_CURVE('',#950,#1897,#1899,.T.);
#1897 = VERTEX_POINT('',#1898);
#1898 = CARTESIAN_POINT('',(-2.794,3.937,-1.207));
#1899 = LINE('',#1900,#1901);
#1900 = CARTESIAN_POINT('',(-2.794,3.937,-2.985));
#1901 = VECTOR('',#1902,1.);
#1902 = DIRECTION('',(-9.992007221626E-16,-4.440892098501E-16,1.));
#1903 = ORIENTED_EDGE('',*,*,#1904,.F.);
#1904 = EDGE_CURVE('',#1905,#1897,#1907,.T.);
#1905 = VERTEX_POINT('',#1906);
#1906 = CARTESIAN_POINT('',(-2.794,1.905,-1.207));
#1907 = LINE('',#1908,#1909);
#1908 = CARTESIAN_POINT('',(-2.794,2.3495,-1.207));
#1909 = VECTOR('',#1910,1.);
#1910 = DIRECTION('',(-1.110223024625E-16,1.,-1.221245327088E-15));
#1911 = ORIENTED_EDGE('',*,*,#1912,.F.);
#1912 = EDGE_CURVE('',#952,#1905,#1913,.T.);
#1913 = LINE('',#1914,#1915);
#1914 = CARTESIAN_POINT('',(-2.794,1.905,-2.985));
#1915 = VECTOR('',#1916,1.);
#1916 = DIRECTION('',(-9.992007221626E-16,-4.440892098501E-16,1.));
#1917 = PLANE('',#1918);
#1918 = AXIS2_PLACEMENT_3D('',#1919,#1920,#1921);
#1919 = CARTESIAN_POINT('',(-2.794,3.937,-2.985));
#1920 = DIRECTION('',(1.,-7.771561172376E-16,-3.330669073875E-16));
#1921 = DIRECTION('',(5.551115123126E-16,-1.,1.110223024625E-15));
#1922 = ADVANCED_FACE('',(#1923),#1941,.T.);
#1923 = FACE_BOUND('',#1924,.T.);
#1924 = EDGE_LOOP('',(#1925,#1926,#1934,#1940));
#1925 = ORIENTED_EDGE('',*,*,#959,.F.);
#1926 = ORIENTED_EDGE('',*,*,#1927,.T.);
#1927 = EDGE_CURVE('',#960,#1928,#1930,.T.);
#1928 = VERTEX_POINT('',#1929);
#1929 = CARTESIAN_POINT('',(-2.286,3.937,-1.207));
#1930 = LINE('',#1931,#1932);
#1931 = CARTESIAN_POINT('',(-2.286,3.937,-2.985));
#1932 = VECTOR('',#1933,1.);
#1933 = DIRECTION('',(-9.992007221626E-16,-4.440892098501E-16,1.));
#1934 = ORIENTED_EDGE('',*,*,#1935,.F.);
#1935 = EDGE_CURVE('',#1897,#1928,#1936,.T.);
#1936 = LINE('',#1937,#1938);
#1937 = CARTESIAN_POINT('',(-3.683,3.937,-1.207));
#1938 = VECTOR('',#1939,1.);
#1939 = DIRECTION('',(1.,-5.551115123126E-16,9.992007221626E-16));
#1940 = ORIENTED_EDGE('',*,*,#1896,.F.);
#1941 = PLANE('',#1942);
#1942 = AXIS2_PLACEMENT_3D('',#1943,#1944,#1945);
#1943 = CARTESIAN_POINT('',(-2.286,3.937,-2.985));
#1944 = DIRECTION('',(3.330669073875E-16,-1.,8.881784197001E-16));
#1945 = DIRECTION('',(-1.,9.992007221626E-16,5.551115123126E-16));
#1946 = ADVANCED_FACE('',(#1947),#1965,.T.);
#1947 = FACE_BOUND('',#1948,.T.);
#1948 = EDGE_LOOP('',(#1949,#1950,#1951,#1959));
#1949 = ORIENTED_EDGE('',*,*,#975,.F.);
#1950 = ORIENTED_EDGE('',*,*,#1912,.T.);
#1951 = ORIENTED_EDGE('',*,*,#1952,.F.);
#1952 = EDGE_CURVE('',#1953,#1905,#1955,.T.);
#1953 = VERTEX_POINT('',#1954);
#1954 = CARTESIAN_POINT('',(-2.286,1.905,-1.207));
#1955 = LINE('',#1956,#1957);
#1956 = CARTESIAN_POINT('',(-3.937,1.905,-1.207));
#1957 = VECTOR('',#1958,1.);
#1958 = DIRECTION('',(-1.,5.551115123126E-16,-9.992007221626E-16));
#1959 = ORIENTED_EDGE('',*,*,#1960,.F.);
#1960 = EDGE_CURVE('',#968,#1953,#1961,.T.);
#1961 = LINE('',#1962,#1963);
#1962 = CARTESIAN_POINT('',(-2.286,1.905,-2.985));
#1963 = VECTOR('',#1964,1.);
#1964 = DIRECTION('',(-9.992007221626E-16,-4.440892098501E-16,1.));
#1965 = PLANE('',#1966);
#1966 = AXIS2_PLACEMENT_3D('',#1967,#1968,#1969);
#1967 = CARTESIAN_POINT('',(-2.794,1.905,-2.985));
#1968 = DIRECTION('',(-3.330669073875E-16,1.,-8.881784197001E-16));
#1969 = DIRECTION('',(1.,-9.992007221626E-16,-5.551115123126E-16));
#1970 = ADVANCED_FACE('',(#1971),#1982,.T.);
#1971 = FACE_BOUND('',#1972,.T.);
#1972 = EDGE_LOOP('',(#1973,#1974,#1975,#1981));
#1973 = ORIENTED_EDGE('',*,*,#967,.F.);
#1974 = ORIENTED_EDGE('',*,*,#1960,.T.);
#1975 = ORIENTED_EDGE('',*,*,#1976,.F.);
#1976 = EDGE_CURVE('',#1928,#1953,#1977,.T.);
#1977 = LINE('',#1978,#1979);
#1978 = CARTESIAN_POINT('',(-2.286,1.3335,-1.207));
#1979 = VECTOR('',#1980,1.);
#1980 = DIRECTION('',(1.110223024625E-16,-1.,1.221245327088E-15));
#1981 = ORIENTED_EDGE('',*,*,#1927,.F.);
#1982 = PLANE('',#1983);
#1983 = AXIS2_PLACEMENT_3D('',#1984,#1985,#1986);
#1984 = CARTESIAN_POINT('',(-2.286,1.905,-2.985));
#1985 = DIRECTION('',(-1.,7.771561172376E-16,3.330669073875E-16));
#1986 = DIRECTION('',(-5.551115123126E-16,1.,-1.110223024625E-15));
#1987 = ADVANCED_FACE('',(#1988),#2013,.F.);
#1988 = FACE_BOUND('',#1989,.F.);
#1989 = EDGE_LOOP('',(#1990,#1991,#1999,#2007));
#1990 = ORIENTED_EDGE('',*,*,#983,.F.);
#1991 = ORIENTED_EDGE('',*,*,#1992,.T.);
#1992 = EDGE_CURVE('',#984,#1993,#1995,.T.);
#1993 = VERTEX_POINT('',#1994);
#1994 = CARTESIAN_POINT('',(-3.4925,2.6035,-1.207));
#1995 = LINE('',#1996,#1997);
#1996 = CARTESIAN_POINT('',(-3.4925,2.6035,-2.985));
#1997 = VECTOR('',#1998,1.);
#1998 = DIRECTION('',(-1.443289932013E-15,1.110223024625E-16,1.));
#1999 = ORIENTED_EDGE('',*,*,#2000,.F.);
#2000 = EDGE_CURVE('',#2001,#1993,#2003,.T.);
#2001 = VERTEX_POINT('',#2002);
#2002 = CARTESIAN_POINT('',(-4.1275,2.6035,-1.207));
#2003 = LINE('',#2004,#2005);
#2004 = CARTESIAN_POINT('',(-4.28625,2.6035,-1.207));
#2005 = VECTOR('',#2006,1.);
#2006 = DIRECTION('',(1.,-4.440892098501E-16,1.443289932013E-15));
#2007 = ORIENTED_EDGE('',*,*,#2008,.F.);
#2008 = EDGE_CURVE('',#986,#2001,#2009,.T.);
#2009 = LINE('',#2010,#2011);
#2010 = CARTESIAN_POINT('',(-4.1275,2.6035,-2.985));
#2011 = VECTOR('',#2012,1.);
#2012 = DIRECTION('',(-1.443289932013E-15,1.110223024625E-16,1.));
#2013 = PLANE('',#2014);
#2014 = AXIS2_PLACEMENT_3D('',#2015,#2016,#2017);
#2015 = CARTESIAN_POINT('',(-3.4925,2.6035,-2.985));
#2016 = DIRECTION('',(-4.440892098501E-16,-1.,1.110223024625E-16));
#2017 = DIRECTION('',(-1.,4.440892098501E-16,-1.221245327088E-15));
#2018 = ADVANCED_FACE('',(#2019),#2037,.F.);
#2019 = FACE_BOUND('',#2020,.F.);
#2020 = EDGE_LOOP('',(#2021,#2022,#2030,#2036));
#2021 = ORIENTED_EDGE('',*,*,#1009,.F.);
#2022 = ORIENTED_EDGE('',*,*,#2023,.T.);
#2023 = EDGE_CURVE('',#1002,#2024,#2026,.T.);
#2024 = VERTEX_POINT('',#2025);
#2025 = CARTESIAN_POINT('',(-3.4925,3.2385,-1.207));
#2026 = LINE('',#2027,#2028);
#2027 = CARTESIAN_POINT('',(-3.4925,3.2385,-2.985));
#2028 = VECTOR('',#2029,1.);
#2029 = DIRECTION('',(-1.443289932013E-15,1.110223024625E-16,1.));
#2030 = ORIENTED_EDGE('',*,*,#2031,.F.);
#2031 = EDGE_CURVE('',#1993,#2024,#2032,.T.);
#2032 = LINE('',#2033,#2034);
#2033 = CARTESIAN_POINT('',(-3.4925,2.00025,-1.207));
#2034 = VECTOR('',#2035,1.);
#2035 = DIRECTION('',(2.22044604925E-16,1.,-7.771561172376E-16));
#2036 = ORIENTED_EDGE('',*,*,#1992,.F.);
#2037 = PLANE('',#2038);
#2038 = AXIS2_PLACEMENT_3D('',#2039,#2040,#2041);
#2039 = CARTESIAN_POINT('',(-3.4925,3.2385,-2.985));
#2040 = DIRECTION('',(1.,-2.22044604925E-16,1.443289932013E-15));
#2041 = DIRECTION('',(-2.22044604925E-16,-1.,3.330669073875E-16));
#2042 = ADVANCED_FACE('',(#2043),#2061,.F.);
#2043 = FACE_BOUND('',#2044,.F.);
#2044 = EDGE_LOOP('',(#2045,#2046,#2047,#2055));
#2045 = ORIENTED_EDGE('',*,*,#993,.F.);
#2046 = ORIENTED_EDGE('',*,*,#2008,.T.);
#2047 = ORIENTED_EDGE('',*,*,#2048,.F.);
#2048 = EDGE_CURVE('',#2049,#2001,#2051,.T.);
#2049 = VERTEX_POINT('',#2050);
#2050 = CARTESIAN_POINT('',(-4.1275,3.2385,-1.207));
#2051 = LINE('',#2052,#2053);
#2052 = CARTESIAN_POINT('',(-4.1275,1.68275,-1.207));
#2053 = VECTOR('',#2054,1.);
#2054 = DIRECTION('',(-2.22044604925E-16,-1.,7.771561172376E-16));
#2055 = ORIENTED_EDGE('',*,*,#2056,.F.);
#2056 = EDGE_CURVE('',#994,#2049,#2057,.T.);
#2057 = LINE('',#2058,#2059);
#2058 = CARTESIAN_POINT('',(-4.1275,3.2385,-2.985));
#2059 = VECTOR('',#2060,1.);
#2060 = DIRECTION('',(-1.443289932013E-15,1.110223024625E-16,1.));
#2061 = PLANE('',#2062);
#2062 = AXIS2_PLACEMENT_3D('',#2063,#2064,#2065);
#2063 = CARTESIAN_POINT('',(-4.1275,2.6035,-2.985));
#2064 = DIRECTION('',(-1.,2.22044604925E-16,-1.443289932013E-15));
#2065 = DIRECTION('',(2.22044604925E-16,1.,-3.330669073875E-16));
#2066 = ADVANCED_FACE('',(#2067),#2078,.F.);
#2067 = FACE_BOUND('',#2068,.F.);
#2068 = EDGE_LOOP('',(#2069,#2070,#2071,#2077));
#2069 = ORIENTED_EDGE('',*,*,#1001,.F.);
#2070 = ORIENTED_EDGE('',*,*,#2056,.T.);
#2071 = ORIENTED_EDGE('',*,*,#2072,.F.);
#2072 = EDGE_CURVE('',#2024,#2049,#2073,.T.);
#2073 = LINE('',#2074,#2075);
#2074 = CARTESIAN_POINT('',(-4.60375,3.2385,-1.207));
#2075 = VECTOR('',#2076,1.);
#2076 = DIRECTION('',(-1.,4.440892098501E-16,-1.443289932013E-15));
#2077 = ORIENTED_EDGE('',*,*,#2023,.F.);
#2078 = PLANE('',#2079);
#2079 = AXIS2_PLACEMENT_3D('',#2080,#2081,#2082);
#2080 = CARTESIAN_POINT('',(-4.1275,3.2385,-2.985));
#2081 = DIRECTION('',(4.440892098501E-16,1.,-1.110223024625E-16));
#2082 = DIRECTION('',(1.,-4.440892098501E-16,1.221245327088E-15));
#2083 = ADVANCED_FACE('',(#2084),#2095,.T.);
#2084 = FACE_BOUND('',#2085,.T.);
#2085 = EDGE_LOOP('',(#2086,#2087,#2088,#2094));
#2086 = ORIENTED_EDGE('',*,*,#1023,.T.);
#2087 = ORIENTED_EDGE('',*,*,#1107,.T.);
#2088 = ORIENTED_EDGE('',*,*,#2089,.F.);
#2089 = EDGE_CURVE('',#1067,#1100,#2090,.T.);
#2090 = LINE('',#2091,#2092);
#2091 = CARTESIAN_POINT('',(-5.08,0.762,-1.207));
#2092 = VECTOR('',#2093,1.);
#2093 = DIRECTION('',(1.,-1.998401444325E-15,-3.330669073875E-16));
#2094 = ORIENTED_EDGE('',*,*,#1074,.F.);
#2095 = PLANE('',#2096);
#2096 = AXIS2_PLACEMENT_3D('',#2097,#2098,#2099);
#2097 = CARTESIAN_POINT('',(-5.08,0.762,-0.826));
#2098 = DIRECTION('',(-6.661338147751E-16,1.,-2.331468351713E-15));
#2099 = DIRECTION('',(2.553512956638E-15,3.330669073875E-16,-1.));
#2100 = ADVANCED_FACE('',(#2101,#2120,#2126,#2132,#2138,#2144,#2150,
    #2156),#2162,.T.);
#2101 = FACE_BOUND('',#2102,.T.);
#2102 = EDGE_LOOP('',(#2103,#2104,#2105,#2106,#2107,#2108,#2109,#2110,
    #2116,#2117,#2118,#2119));
#2103 = ORIENTED_EDGE('',*,*,#1066,.F.);
#2104 = ORIENTED_EDGE('',*,*,#2089,.T.);
#2105 = ORIENTED_EDGE('',*,*,#1099,.T.);
#2106 = ORIENTED_EDGE('',*,*,#1179,.T.);
#2107 = ORIENTED_EDGE('',*,*,#1227,.T.);
#2108 = ORIENTED_EDGE('',*,*,#1317,.T.);
#2109 = ORIENTED_EDGE('',*,*,#1401,.T.);
#2110 = ORIENTED_EDGE('',*,*,#2111,.F.);
#2111 = EDGE_CURVE('',#1287,#1394,#2112,.T.);
#2112 = LINE('',#2113,#2114);
#2113 = CARTESIAN_POINT('',(-5.08,5.334,-1.207));
#2114 = VECTOR('',#2115,1.);
#2115 = DIRECTION('',(1.,-1.998401444325E-15,-3.330669073875E-16));
#2116 = ORIENTED_EDGE('',*,*,#1294,.F.);
#2117 = ORIENTED_EDGE('',*,*,#1196,.T.);
#2118 = ORIENTED_EDGE('',*,*,#1148,.T.);
#2119 = ORIENTED_EDGE('',*,*,#1124,.T.);
#2120 = FACE_BOUND('',#2121,.T.);
#2121 = EDGE_LOOP('',(#2122,#2123,#2124,#2125));
#2122 = ORIENTED_EDGE('',*,*,#1472,.T.);
#2123 = ORIENTED_EDGE('',*,*,#1424,.T.);
#2124 = ORIENTED_EDGE('',*,*,#1455,.T.);
#2125 = ORIENTED_EDGE('',*,*,#1496,.T.);
#2126 = FACE_BOUND('',#2127,.T.);
#2127 = EDGE_LOOP('',(#2128,#2129,#2130,#2131));
#2128 = ORIENTED_EDGE('',*,*,#1760,.T.);
#2129 = ORIENTED_EDGE('',*,*,#1712,.T.);
#2130 = ORIENTED_EDGE('',*,*,#1743,.T.);
#2131 = ORIENTED_EDGE('',*,*,#1784,.T.);
#2132 = FACE_BOUND('',#2133,.T.);
#2133 = EDGE_LOOP('',(#2134,#2135,#2136,#2137));
#2134 = ORIENTED_EDGE('',*,*,#1592,.F.);
#2135 = ORIENTED_EDGE('',*,*,#1575,.F.);
#2136 = ORIENTED_EDGE('',*,*,#1551,.F.);
#2137 = ORIENTED_EDGE('',*,*,#1520,.F.);
#2138 = FACE_BOUND('',#2139,.T.);
#2139 = EDGE_LOOP('',(#2140,#2141,#2142,#2143));
#2140 = ORIENTED_EDGE('',*,*,#1688,.F.);
#2141 = ORIENTED_EDGE('',*,*,#1671,.F.);
#2142 = ORIENTED_EDGE('',*,*,#1647,.F.);
#2143 = ORIENTED_EDGE('',*,*,#1616,.F.);
#2144 = FACE_BOUND('',#2145,.T.);
#2145 = EDGE_LOOP('',(#2146,#2147,#2148,#2149));
#2146 = ORIENTED_EDGE('',*,*,#1880,.F.);
#2147 = ORIENTED_EDGE('',*,*,#1863,.F.);
#2148 = ORIENTED_EDGE('',*,*,#1839,.F.);
#2149 = ORIENTED_EDGE('',*,*,#1808,.F.);
#2150 = FACE_BOUND('',#2151,.T.);
#2151 = EDGE_LOOP('',(#2152,#2153,#2154,#2155));
#2152 = ORIENTED_EDGE('',*,*,#1952,.T.);
#2153 = ORIENTED_EDGE('',*,*,#1904,.T.);
#2154 = ORIENTED_EDGE('',*,*,#1935,.T.);
#2155 = ORIENTED_EDGE('',*,*,#1976,.T.);
#2156 = FACE_BOUND('',#2157,.T.);
#2157 = EDGE_LOOP('',(#2158,#2159,#2160,#2161));
#2158 = ORIENTED_EDGE('',*,*,#2048,.F.);
#2159 = ORIENTED_EDGE('',*,*,#2072,.F.);
#2160 = ORIENTED_EDGE('',*,*,#2031,.F.);
#2161 = ORIENTED_EDGE('',*,*,#2000,.F.);
#2162 = PLANE('',#2163);
#2163 = AXIS2_PLACEMENT_3D('',#2164,#2165,#2166);
#2164 = CARTESIAN_POINT('',(-5.08,0.762,-1.207));
#2165 = DIRECTION('',(-2.331468351713E-15,-1.110223024625E-16,1.));
#2166 = DIRECTION('',(-8.881784197001E-16,1.,-2.553512956638E-15));
#2167 = ADVANCED_FACE('',(#2168),#2179,.T.);
#2168 = FACE_BOUND('',#2169,.T.);
#2169 = EDGE_LOOP('',(#2170,#2171,#2172,#2178));
#2170 = ORIENTED_EDGE('',*,*,#2111,.T.);
#2171 = ORIENTED_EDGE('',*,*,#1393,.T.);
#2172 = ORIENTED_EDGE('',*,*,#2173,.F.);
#2173 = EDGE_CURVE('',#1278,#1385,#2174,.T.);
#2174 = LINE('',#2175,#2176);
#2175 = CARTESIAN_POINT('',(-5.08,5.334,-0.826));
#2176 = VECTOR('',#2177,1.);
#2177 = DIRECTION('',(1.,-1.998401444325E-15,-3.330669073875E-16));
#2178 = ORIENTED_EDGE('',*,*,#1286,.F.);
#2179 = PLANE('',#2180);
#2180 = AXIS2_PLACEMENT_3D('',#2181,#2182,#2183);
#2181 = CARTESIAN_POINT('',(-5.08,5.334,-1.207));
#2182 = DIRECTION('',(6.661338147751E-16,-1.,2.331468351713E-15));
#2183 = DIRECTION('',(-2.553512956638E-15,-3.330669073875E-16,1.));
#2184 = ADVANCED_FACE('',(#2185),#2196,.T.);
#2185 = FACE_BOUND('',#2186,.F.);
#2186 = EDGE_LOOP('',(#2187,#2193,#2194,#2195));
#2187 = ORIENTED_EDGE('',*,*,#2188,.T.);
#2188 = EDGE_CURVE('',#1270,#1377,#2189,.T.);
#2189 = LINE('',#2190,#2191);
#2190 = CARTESIAN_POINT('',(-5.08,6.096,-0.826));
#2191 = VECTOR('',#2192,1.);
#2192 = DIRECTION('',(1.,-1.998401444325E-15,-3.330669073875E-16));
#2193 = ORIENTED_EDGE('',*,*,#1384,.T.);
#2194 = ORIENTED_EDGE('',*,*,#2173,.F.);
#2195 = ORIENTED_EDGE('',*,*,#1277,.F.);
#2196 = CYLINDRICAL_SURFACE('',#2197,0.381);
#2197 = AXIS2_PLACEMENT_3D('',#2198,#2199,#2200);
#2198 = CARTESIAN_POINT('',(-5.08,5.715,-0.826));
#2199 = DIRECTION('',(-1.,1.7763568394E-15,1.110223024625E-16));
#2200 = DIRECTION('',(-8.881784197001E-16,1.,-2.553512956638E-15));
#2201 = ADVANCED_FACE('',(#2202),#2245,.T.);
#2202 = FACE_BOUND('',#2203,.T.);
#2203 = EDGE_LOOP('',(#2204,#2205,#2206,#2207,#2215,#2223,#2231,#2239));
#2204 = ORIENTED_EDGE('',*,*,#1269,.F.);
#2205 = ORIENTED_EDGE('',*,*,#2188,.T.);
#2206 = ORIENTED_EDGE('',*,*,#1376,.T.);
#2207 = ORIENTED_EDGE('',*,*,#2208,.T.);
#2208 = EDGE_CURVE('',#1369,#2209,#2211,.T.);
#2209 = VERTEX_POINT('',#2210);
#2210 = CARTESIAN_POINT('',(3.81,6.096,-2.670307305648));
#2211 = LINE('',#2212,#2213);
#2212 = CARTESIAN_POINT('',(5.08,6.096,-2.670307305648));
#2213 = VECTOR('',#2214,1.);
#2214 = DIRECTION('',(-1.,1.110223024625E-15,1.110223024625E-16));
#2215 = ORIENTED_EDGE('',*,*,#2216,.F.);
#2216 = EDGE_CURVE('',#2217,#2209,#2219,.T.);
#2217 = VERTEX_POINT('',#2218);
#2218 = CARTESIAN_POINT('',(3.81,6.096,-7.557));
#2219 = LINE('',#2220,#2221);
#2220 = CARTESIAN_POINT('',(3.81,6.096,-7.557));
#2221 = VECTOR('',#2222,1.);
#2222 = DIRECTION('',(-1.665334536938E-15,-3.330669073875E-16,1.));
#2223 = ORIENTED_EDGE('',*,*,#2224,.F.);
#2224 = EDGE_CURVE('',#2225,#2217,#2227,.T.);
#2225 = VERTEX_POINT('',#2226);
#2226 = CARTESIAN_POINT('',(-3.81,6.096,-7.557));
#2227 = LINE('',#2228,#2229);
#2228 = CARTESIAN_POINT('',(-5.08,6.096,-7.557));
#2229 = VECTOR('',#2230,1.);
#2230 = DIRECTION('',(1.,-1.998401444325E-15,-3.330669073875E-16));
#2231 = ORIENTED_EDGE('',*,*,#2232,.T.);
#2232 = EDGE_CURVE('',#2225,#2233,#2235,.T.);
#2233 = VERTEX_POINT('',#2234);
#2234 = CARTESIAN_POINT('',(-3.81,6.096,-2.670307305648));
#2235 = LINE('',#2236,#2237);
#2236 = CARTESIAN_POINT('',(-3.81,6.096,-7.557));
#2237 = VECTOR('',#2238,1.);
#2238 = DIRECTION('',(-2.22044604925E-15,-4.440892098501E-16,1.));
#2239 = ORIENTED_EDGE('',*,*,#2240,.F.);
#2240 = EDGE_CURVE('',#1262,#2233,#2241,.T.);
#2241 = LINE('',#2242,#2243);
#2242 = CARTESIAN_POINT('',(-5.08,6.096,-2.670307305648));
#2243 = VECTOR('',#2244,1.);
#2244 = DIRECTION('',(1.,-1.554312234475E-15,-2.22044604925E-16));
#2245 = PLANE('',#2246);
#2246 = AXIS2_PLACEMENT_3D('',#2247,#2248,#2249);
#2247 = CARTESIAN_POINT('',(-5.08,6.096,-0.826));
#2248 = DIRECTION('',(-6.661338147751E-16,1.,-2.331468351713E-15));
#2249 = DIRECTION('',(2.553512956638E-15,3.330669073875E-16,-1.));
#2250 = ADVANCED_FACE('',(#2251),#2269,.T.);
#2251 = FACE_BOUND('',#2252,.T.);
#2252 = EDGE_LOOP('',(#2253,#2254,#2262,#2268));
#2253 = ORIENTED_EDGE('',*,*,#2240,.T.);
#2254 = ORIENTED_EDGE('',*,*,#2255,.T.);
#2255 = EDGE_CURVE('',#2233,#2256,#2258,.T.);
#2256 = VERTEX_POINT('',#2257);
#2257 = CARTESIAN_POINT('',(-3.81,5.202653989578,-2.670307305648));
#2258 = LINE('',#2259,#2260);
#2259 = CARTESIAN_POINT('',(-3.81,6.096,-2.670307305648));
#2260 = VECTOR('',#2261,1.);
#2261 = DIRECTION('',(8.881784197001E-16,-1.,2.22044604925E-15));
#2262 = ORIENTED_EDGE('',*,*,#2263,.F.);
#2263 = EDGE_CURVE('',#1253,#2256,#2264,.T.);
#2264 = LINE('',#2265,#2266);
#2265 = CARTESIAN_POINT('',(-5.08,5.202653989578,-2.670307305648));
#2266 = VECTOR('',#2267,1.);
#2267 = DIRECTION('',(1.,-1.998401444325E-15,-3.330669073875E-16));
#2268 = ORIENTED_EDGE('',*,*,#1261,.F.);
#2269 = PLANE('',#2270);
#2270 = AXIS2_PLACEMENT_3D('',#2271,#2272,#2273);
#2271 = CARTESIAN_POINT('',(-5.08,6.096,-2.670307305648));
#2272 = DIRECTION('',(1.7763568394E-15,-1.627025617018E-30,-1.));
#2273 = DIRECTION('',(6.661338147751E-16,-1.,1.998401444325E-15));
#2274 = ADVANCED_FACE('',(#2275),#2295,.F.);
#2275 = FACE_BOUND('',#2276,.T.);
#2276 = EDGE_LOOP('',(#2277,#2278,#2286,#2292,#2293,#2294));
#2277 = ORIENTED_EDGE('',*,*,#2263,.T.);
#2278 = ORIENTED_EDGE('',*,*,#2279,.T.);
#2279 = EDGE_CURVE('',#2256,#2280,#2282,.T.);
#2280 = VERTEX_POINT('',#2281);
#2281 = CARTESIAN_POINT('',(3.81,5.202653989578,-2.670307305648));
#2282 = LINE('',#2283,#2284);
#2283 = CARTESIAN_POINT('',(-5.08,5.202653989578,-2.670307305648));
#2284 = VECTOR('',#2285,1.);
#2285 = DIRECTION('',(1.,-1.998401444325E-15,-3.330669073875E-16));
#2286 = ORIENTED_EDGE('',*,*,#2287,.T.);
#2287 = EDGE_CURVE('',#2280,#1360,#2288,.T.);
#2288 = LINE('',#2289,#2290);
#2289 = CARTESIAN_POINT('',(-5.08,5.202653989578,-2.670307305648));
#2290 = VECTOR('',#2291,1.);
#2291 = DIRECTION('',(1.,-1.998401444325E-15,-3.330669073875E-16));
#2292 = ORIENTED_EDGE('',*,*,#1359,.T.);
#2293 = ORIENTED_EDGE('',*,*,#1332,.F.);
#2294 = ORIENTED_EDGE('',*,*,#1252,.F.);
#2295 = CYLINDRICAL_SURFACE('',#2296,0.508);
#2296 = AXIS2_PLACEMENT_3D('',#2297,#2298,#2299);
#2297 = CARTESIAN_POINT('',(-5.08,4.699,-2.604));
#2298 = DIRECTION('',(-1.,1.7763568394E-15,1.110223024625E-16));
#2299 = DIRECTION('',(-8.881784197001E-16,1.,-2.553512956638E-15));
#2300 = ADVANCED_FACE('',(#2301),#2312,.F.);
#2301 = FACE_BOUND('',#2302,.F.);
#2302 = EDGE_LOOP('',(#2303,#2304,#2310,#2311));
#2303 = ORIENTED_EDGE('',*,*,#2208,.T.);
#2304 = ORIENTED_EDGE('',*,*,#2305,.T.);
#2305 = EDGE_CURVE('',#2209,#2280,#2306,.T.);
#2306 = LINE('',#2307,#2308);
#2307 = CARTESIAN_POINT('',(3.81,6.096,-2.670307305648));
#2308 = VECTOR('',#2309,1.);
#2309 = DIRECTION('',(6.661338147751E-16,-1.,1.665334536938E-15));
#2310 = ORIENTED_EDGE('',*,*,#2287,.T.);
#2311 = ORIENTED_EDGE('',*,*,#1368,.F.);
#2312 = PLANE('',#2313);
#2313 = AXIS2_PLACEMENT_3D('',#2314,#2315,#2316);
#2314 = CARTESIAN_POINT('',(5.08,6.096,-2.670307305648));
#2315 = DIRECTION('',(-1.221245327088E-15,1.110223024625E-16,1.));
#2316 = DIRECTION('',(4.440892098501E-16,-1.,1.443289932013E-15));
#2317 = ADVANCED_FACE('',(#2318),#2362,.F.);
#2318 = FACE_BOUND('',#2319,.F.);
#2319 = EDGE_LOOP('',(#2320,#2328,#2336,#2345,#2353,#2360,#2361));
#2320 = ORIENTED_EDGE('',*,*,#2321,.T.);
#2321 = EDGE_CURVE('',#2256,#2322,#2324,.T.);
#2322 = VERTEX_POINT('',#2323);
#2323 = CARTESIAN_POINT('',(-3.81,4.81853487275,-5.587981667069));
#2324 = LINE('',#2325,#2326);
#2325 = CARTESIAN_POINT('',(-3.81,5.202653989578,-2.670307305648));
#2326 = VECTOR('',#2327,1.);
#2327 = DIRECTION('',(2.317380372622E-15,-0.13052619222,-0.991444861374)
  );
#2328 = ORIENTED_EDGE('',*,*,#2329,.T.);
#2329 = EDGE_CURVE('',#2322,#2330,#2332,.T.);
#2330 = VERTEX_POINT('',#2331);
#2331 = CARTESIAN_POINT('',(-3.81,4.356588642316,-6.388096008546));
#2332 = LINE('',#2333,#2334);
#2333 = CARTESIAN_POINT('',(-3.81,4.81853487275,-5.587981667069));
#2334 = VECTOR('',#2335,1.);
#2335 = DIRECTION('',(2.367051896234E-15,-0.5,-0.866025403784));
#2336 = ORIENTED_EDGE('',*,*,#2337,.F.);
#2337 = EDGE_CURVE('',#2338,#2330,#2340,.T.);
#2338 = VERTEX_POINT('',#2339);
#2339 = CARTESIAN_POINT('',(-3.81,4.411964754698,-7.23297221745));
#2340 = CIRCLE('',#2341,0.762);
#2341 = AXIS2_PLACEMENT_3D('',#2342,#2343,#2344);
#2342 = CARTESIAN_POINT('',(-3.81,5.0165,-6.769096008546));
#2343 = DIRECTION('',(-1.,-8.881784197001E-16,-2.22044604925E-15));
#2344 = DIRECTION('',(-8.881784197001E-16,1.,-2.22044604925E-15));
#2345 = ORIENTED_EDGE('',*,*,#2346,.T.);
#2346 = EDGE_CURVE('',#2338,#2347,#2349,.T.);
#2347 = VERTEX_POINT('',#2348);
#2348 = CARTESIAN_POINT('',(-3.81,4.957220628915,-7.943563507421));
#2349 = LINE('',#2350,#2351);
#2350 = CARTESIAN_POINT('',(-3.81,4.411964754698,-7.23297221745));
#2351 = VECTOR('',#2352,1.);
#2352 = DIRECTION('',(1.220909526118E-15,0.608761429009,-0.793353340291)
  );
#2353 = ORIENTED_EDGE('',*,*,#2354,.F.);
#2354 = EDGE_CURVE('',#2225,#2347,#2355,.T.);
#2355 = CIRCLE('',#2356,0.635);
#2356 = AXIS2_PLACEMENT_3D('',#2357,#2358,#2359);
#2357 = CARTESIAN_POINT('',(-3.81,5.461,-7.557));
#2358 = DIRECTION('',(-1.,-8.881784197001E-16,-2.22044604925E-15));
#2359 = DIRECTION('',(-8.881784197001E-16,1.,-2.22044604925E-15));
#2360 = ORIENTED_EDGE('',*,*,#2232,.T.);
#2361 = ORIENTED_EDGE('',*,*,#2255,.T.);
#2362 = PLANE('',#2363);
#2363 = AXIS2_PLACEMENT_3D('',#2364,#2365,#2366);
#2364 = CARTESIAN_POINT('',(-3.81,5.43325818139,-5.412319442254));
#2365 = DIRECTION('',(1.,-1.7763568394E-15,-4.440892098501E-16));
#2366 = DIRECTION('',(-2.22044604925E-15,-4.440892098501E-16,1.));
#2367 = ADVANCED_FACE('',(#2368),#2387,.T.);
#2368 = FACE_BOUND('',#2369,.F.);
#2369 = EDGE_LOOP('',(#2370,#2371,#2372,#2380));
#2370 = ORIENTED_EDGE('',*,*,#2224,.F.);
#2371 = ORIENTED_EDGE('',*,*,#2354,.T.);
#2372 = ORIENTED_EDGE('',*,*,#2373,.T.);
#2373 = EDGE_CURVE('',#2347,#2374,#2376,.T.);
#2374 = VERTEX_POINT('',#2375);
#2375 = CARTESIAN_POINT('',(3.81,4.957220628915,-7.943563507421));
#2376 = LINE('',#2377,#2378);
#2377 = CARTESIAN_POINT('',(-5.08,4.957220628915,-7.943563507421));
#2378 = VECTOR('',#2379,1.);
#2379 = DIRECTION('',(1.,-1.998401444325E-15,-3.330669073875E-16));
#2380 = ORIENTED_EDGE('',*,*,#2381,.T.);
#2381 = EDGE_CURVE('',#2374,#2217,#2382,.T.);
#2382 = CIRCLE('',#2383,0.635);
#2383 = AXIS2_PLACEMENT_3D('',#2384,#2385,#2386);
#2384 = CARTESIAN_POINT('',(3.81,5.461,-7.557));
#2385 = DIRECTION('',(1.,6.661338147751E-16,1.665334536938E-15));
#2386 = DIRECTION('',(-6.661338147751E-16,1.,-1.665334536938E-15));
#2387 = CYLINDRICAL_SURFACE('',#2388,0.635);
#2388 = AXIS2_PLACEMENT_3D('',#2389,#2390,#2391);
#2389 = CARTESIAN_POINT('',(-5.08,5.461,-7.557));
#2390 = DIRECTION('',(-1.,1.7763568394E-15,1.110223024625E-16));
#2391 = DIRECTION('',(-8.881784197001E-16,1.,-2.553512956638E-15));
#2392 = ADVANCED_FACE('',(#2393),#2429,.T.);
#2393 = FACE_BOUND('',#2394,.T.);
#2394 = EDGE_LOOP('',(#2395,#2403,#2411,#2420,#2426,#2427,#2428));
#2395 = ORIENTED_EDGE('',*,*,#2396,.T.);
#2396 = EDGE_CURVE('',#2280,#2397,#2399,.T.);
#2397 = VERTEX_POINT('',#2398);
#2398 = CARTESIAN_POINT('',(3.81,4.81853487275,-5.587981667069));
#2399 = LINE('',#2400,#2401);
#2400 = CARTESIAN_POINT('',(3.81,5.202653989578,-2.670307305648));
#2401 = VECTOR('',#2402,1.);
#2402 = DIRECTION('',(1.738035279467E-15,-0.13052619222,-0.991444861374)
  );
#2403 = ORIENTED_EDGE('',*,*,#2404,.T.);
#2404 = EDGE_CURVE('',#2397,#2405,#2407,.T.);
#2405 = VERTEX_POINT('',#2406);
#2406 = CARTESIAN_POINT('',(3.81,4.356588642316,-6.388096008546));
#2407 = LINE('',#2408,#2409);
#2408 = CARTESIAN_POINT('',(3.81,4.81853487275,-5.587981667069));
#2409 = VECTOR('',#2410,1.);
#2410 = DIRECTION('',(1.775288922175E-15,-0.5,-0.866025403784));
#2411 = ORIENTED_EDGE('',*,*,#2412,.T.);
#2412 = EDGE_CURVE('',#2405,#2413,#2415,.T.);
#2413 = VERTEX_POINT('',#2414);
#2414 = CARTESIAN_POINT('',(3.81,4.411964754698,-7.23297221745));
#2415 = CIRCLE('',#2416,0.762);
#2416 = AXIS2_PLACEMENT_3D('',#2417,#2418,#2419);
#2417 = CARTESIAN_POINT('',(3.81,5.0165,-6.769096008546));
#2418 = DIRECTION('',(1.,6.661338147751E-16,1.665334536938E-15));
#2419 = DIRECTION('',(-6.661338147751E-16,1.,-1.665334536938E-15));
#2420 = ORIENTED_EDGE('',*,*,#2421,.T.);
#2421 = EDGE_CURVE('',#2413,#2374,#2422,.T.);
#2422 = LINE('',#2423,#2424);
#2423 = CARTESIAN_POINT('',(3.81,4.411964754698,-7.23297221745));
#2424 = VECTOR('',#2425,1.);
#2425 = DIRECTION('',(9.156821445884E-16,0.608761429009,-0.793353340291)
  );
#2426 = ORIENTED_EDGE('',*,*,#2381,.T.);
#2427 = ORIENTED_EDGE('',*,*,#2216,.T.);
#2428 = ORIENTED_EDGE('',*,*,#2305,.T.);
#2429 = PLANE('',#2430);
#2430 = AXIS2_PLACEMENT_3D('',#2431,#2432,#2433);
#2431 = CARTESIAN_POINT('',(3.81,5.43325818139,-5.412319442254));
#2432 = DIRECTION('',(1.,-1.33226762955E-15,-3.330669073875E-16));
#2433 = DIRECTION('',(-1.665334536938E-15,-3.330669073875E-16,1.));
#2434 = ADVANCED_FACE('',(#2435),#2446,.T.);
#2435 = FACE_BOUND('',#2436,.T.);
#2436 = EDGE_LOOP('',(#2437,#2438,#2439,#2445));
#2437 = ORIENTED_EDGE('',*,*,#2279,.F.);
#2438 = ORIENTED_EDGE('',*,*,#2321,.T.);
#2439 = ORIENTED_EDGE('',*,*,#2440,.T.);
#2440 = EDGE_CURVE('',#2322,#2397,#2441,.T.);
#2441 = LINE('',#2442,#2443);
#2442 = CARTESIAN_POINT('',(-5.08,4.81853487275,-5.587981667069));
#2443 = VECTOR('',#2444,1.);
#2444 = DIRECTION('',(1.,-1.998401444325E-15,-3.330669073875E-16));
#2445 = ORIENTED_EDGE('',*,*,#2396,.F.);
#2446 = PLANE('',#2447);
#2447 = AXIS2_PLACEMENT_3D('',#2448,#2449,#2450);
#2448 = CARTESIAN_POINT('',(-5.08,4.81853487275,-5.587981667069));
#2449 = DIRECTION('',(3.561172614155E-16,-0.991444861374,0.13052619222)
  );
#2450 = DIRECTION('',(-2.647597846446E-15,0.13052619222,0.991444861374)
  );
#2451 = ADVANCED_FACE('',(#2452),#2463,.T.);
#2452 = FACE_BOUND('',#2453,.T.);
#2453 = EDGE_LOOP('',(#2454,#2455,#2456,#2462));
#2454 = ORIENTED_EDGE('',*,*,#2440,.F.);
#2455 = ORIENTED_EDGE('',*,*,#2329,.T.);
#2456 = ORIENTED_EDGE('',*,*,#2457,.T.);
#2457 = EDGE_CURVE('',#2330,#2405,#2458,.T.);
#2458 = LINE('',#2459,#2460);
#2459 = CARTESIAN_POINT('',(-5.08,4.356588642316,-6.388096008546));
#2460 = VECTOR('',#2461,1.);
#2461 = DIRECTION('',(1.,-1.998401444325E-15,-3.330669073875E-16));
#2462 = ORIENTED_EDGE('',*,*,#2404,.F.);
#2463 = PLANE('',#2464);
#2464 = AXIS2_PLACEMENT_3D('',#2465,#2466,#2467);
#2465 = CARTESIAN_POINT('',(-5.08,4.356588642316,-6.388096008546));
#2466 = DIRECTION('',(-5.888453699413E-16,-0.866025403784,0.5));
#2467 = DIRECTION('',(-2.655496299191E-15,0.5,0.866025403784));
#2468 = ADVANCED_FACE('',(#2469),#2480,.T.);
#2469 = FACE_BOUND('',#2470,.F.);
#2470 = EDGE_LOOP('',(#2471,#2477,#2478,#2479));
#2471 = ORIENTED_EDGE('',*,*,#2472,.F.);
#2472 = EDGE_CURVE('',#2338,#2413,#2473,.T.);
#2473 = LINE('',#2474,#2475);
#2474 = CARTESIAN_POINT('',(-5.08,4.411964754698,-7.23297221745));
#2475 = VECTOR('',#2476,1.);
#2476 = DIRECTION('',(1.,-1.998401444325E-15,-3.330669073875E-16));
#2477 = ORIENTED_EDGE('',*,*,#2337,.T.);
#2478 = ORIENTED_EDGE('',*,*,#2457,.T.);
#2479 = ORIENTED_EDGE('',*,*,#2412,.T.);
#2480 = CYLINDRICAL_SURFACE('',#2481,0.762);
#2481 = AXIS2_PLACEMENT_3D('',#2482,#2483,#2484);
#2482 = CARTESIAN_POINT('',(-5.08,5.0165,-6.769096008546));
#2483 = DIRECTION('',(-1.,1.7763568394E-15,1.110223024625E-16));
#2484 = DIRECTION('',(-8.881784197001E-16,1.,-2.553512956638E-15));
#2485 = ADVANCED_FACE('',(#2486),#2492,.T.);
#2486 = FACE_BOUND('',#2487,.T.);
#2487 = EDGE_LOOP('',(#2488,#2489,#2490,#2491));
#2488 = ORIENTED_EDGE('',*,*,#2472,.F.);
#2489 = ORIENTED_EDGE('',*,*,#2346,.T.);
#2490 = ORIENTED_EDGE('',*,*,#2373,.T.);
#2491 = ORIENTED_EDGE('',*,*,#2421,.F.);
#2492 = PLANE('',#2493);
#2493 = AXIS2_PLACEMENT_3D('',#2494,#2495,#2496);
#2494 = CARTESIAN_POINT('',(-5.08,4.957220628915,-7.943563507421));
#2495 = DIRECTION('',(1.94778749251E-15,-0.793353340291,-0.608761429009)
  );
#2496 = DIRECTION('',(-1.485149269634E-15,-0.608761429009,0.793353340291
    ));
#2497 = ( GEOMETRIC_REPRESENTATION_CONTEXT(3) 
GLOBAL_UNCERTAINTY_ASSIGNED_CONTEXT((#2501)) 
GLOBAL_UNIT_ASSIGNED_CONTEXT((#2498,#2499,#2500)) REPRESENTATION_CONTEXT
('Context #1','3D Context with UNIT and UNCERTAINTY') );
#2498 = ( LENGTH_UNIT() NAMED_UNIT(*) SI_UNIT(.MILLI.,.METRE.) );
#2499 = ( NAMED_UNIT(*) PLANE_ANGLE_UNIT() SI_UNIT($,.RADIAN.) );
#2500 = ( NAMED_UNIT(*) SI_UNIT($,.STERADIAN.) SOLID_ANGLE_UNIT() );
#2501 = UNCERTAINTY_MEASURE_WITH_UNIT(LENGTH_MEASURE(5.E-06),#2498,
  'distance_accuracy_value','confusion accuracy');
#2502 = CONTEXT_DEPENDENT_SHAPE_REPRESENTATION(#2503,#2505);
#2503 = ( REPRESENTATION_RELATIONSHIP('','',#643,#10) 
REPRESENTATION_RELATIONSHIP_WITH_TRANSFORMATION(#2504) 
SHAPE_REPRESENTATION_RELATIONSHIP() );
#2504 = ITEM_DEFINED_TRANSFORMATION('','',#11,#19);
#2505 = PRODUCT_DEFINITION_SHAPE('Placement','Placement of an item',
  #2506);
#2506 = NEXT_ASSEMBLY_USAGE_OCCURRENCE('943','Body','',#5,#638,$);
#2507 = PRODUCT_RELATED_PRODUCT_CATEGORY('part',$,(#640));
#2508 = MECHANICAL_DESIGN_GEOMETRIC_PRESENTATION_REPRESENTATION('',(
    #2509),#2497);
#2509 = STYLED_ITEM('color',(#2510),#644);
#2510 = PRESENTATION_STYLE_ASSIGNMENT((#2511,#2517));
#2511 = SURFACE_STYLE_USAGE(.BOTH.,#2512);
#2512 = SURFACE_SIDE_STYLE('',(#2513));
#2513 = SURFACE_STYLE_FILL_AREA(#2514);
#2514 = FILL_AREA_STYLE('',(#2515));
#2515 = FILL_AREA_STYLE_COLOUR('',#2516);
#2516 = DRAUGHTING_PRE_DEFINED_COLOUR('white');
#2517 = CURVE_STYLE('',#2518,POSITIVE_LENGTH_MEASURE(0.1),#2519);
#2518 = DRAUGHTING_PRE_DEFINED_CURVE_FONT('continuous');
#2519 = COLOUR_RGB('',9.803921802644E-02,9.803921802644E-02,
  9.803921802644E-02);
#2520 = MECHANICAL_DESIGN_GEOMETRIC_PRESENTATION_REPRESENTATION('',(
    #2521),#610);
#2521 = STYLED_ITEM('color',(#2522),#72);
#2522 = PRESENTATION_STYLE_ASSIGNMENT((#2523,#2529));
#2523 = SURFACE_STYLE_USAGE(.BOTH.,#2524);
#2524 = SURFACE_SIDE_STYLE('',(#2525));
#2525 = SURFACE_STYLE_FILL_AREA(#2526);
#2526 = FILL_AREA_STYLE('',(#2527));
#2527 = FILL_AREA_STYLE_COLOUR('',#2528);
#2528 = COLOUR_RGB('',0.796078452645,0.823529417451,0.937254901616);
#2529 = CURVE_STYLE('',#2530,POSITIVE_LENGTH_MEASURE(0.1),#2519);
#2530 = DRAUGHTING_PRE_DEFINED_CURVE_FONT('continuous');
ENDSEC;
END-ISO-10303-21;
